{"test": {"ids": ["58", "11", "5", "36", "39", "53", "41", "22", "38", "52", "24", "18"], "labels": [0, 0, 0, 0, 1, 0, 0, 1, 1, 0, 0, 1], "predicted_labels": [1, 1, 1, 1, 1, 0, 1, 1, 1, 1, 1, 1], "confidence_scores": [[0.4387131908301987, 0.5612868091698016], [0.30770713163647956, 0.6922928683635203], [0.39580011107313723, 0.6041998889268626], [0.35648704073704074, 0.6435129592629594], [0.33232772689948953, 0.66767227310051], [0.5297421883671881, 0.4702578116328119], [0.3441050341566647, 0.6558949658433355], [0.33216074897324893, 0.667839251026751], [0.2914411461599676, 0.7085588538400321], [0.3728848235098235, 0.6271151764901765], [0.4985659201909202, 0.5014340798090798], [0.45555352975590396, 0.544446470244096]]}, "rewritten": {"ids": ["5", "11", "18", "22", "24", "36", "38", "41", "52", "53", "58"], "labels": [0, 0, 1, 1, 0, 0, 1, 0, 0, 0, 0], "predicted_labels": [1, 1, 1, 1, 1, 1, 1, 1, 1, 0, 1], "confidence_scores": [[0.4120559458181026, 0.5879440541818974], [0.27212128028975857, 0.7278787197102413], [0.35017592907234857, 0.6498240709276515], [0.3750772420957842, 0.6249227579042158], [0.43397842435342426, 0.5660215756465757], [0.2908764484784221, 0.7091235515215777], [0.35288559341900994, 0.6471144065809904], [0.33062078772676595, 0.6693792122732338], [0.4026532440512704, 0.5973467559487297], [0.5054990356865356, 0.49450096431346435], [0.37373817279268046, 0.6262618272073195]]}}