{"test": {"ids": ["20", "47", "5", "40", "22", "29", "36", "37", "9", "10", "3", "14"], "labels": [0, 1, 1, 1, 1, 1, 1, 0, 0, 0, 1, 0], "predicted_labels": [0, 0, 0, 0, 0, 0, 0, 0, 0, 1, 0, 0], "confidence_scores": [[0.49054862675235444, 0.5094513732476457], [0.7382903742059772, 0.2617096257940227], [0.5818703401092115, 0.4181296598907886], [0.5512195354571476, 0.44878046454285236], [0.6236360538338098, 0.3763639461661903], [0.6339795585951817, 0.36602044140481826], [0.6633789440983308, 0.3366210559016692], [0.8264088052006879, 0.17359119479931198], [0.7042042384823112, 0.2957957615176888], [0.3895530504651831, 0.6104469495348169], [0.6882355006410534, 0.3117644993589466], [0.7195472620989876, 0.28045273790101255]]}}