{"test": {"ids": ["42", "7", "27", "3", "9", "29", "38", "41", "12", "46", "55", "33"], "labels": [0, 1, 1, 0, 1, 1, 0, 1, 1, 1, 1, 0], "predicted_labels": [1, 0, 1, 1, 1, 0, 1, 1, 1, 1, 1, 0], "confidence_scores": [[0.43787702768507725, 0.5621229723149228], [0.5811609739160054, 0.41883902608399487], [0.4728643232928061, 0.5271356767071939], [0.39895986902674196, 0.6010401309732578], [0.4252818128809614, 0.5747181871190388], [0.5289341188567196, 0.4710658811432804], [0.4351462551895988, 0.5648537448104012], [0.4302524551471918, 0.5697475448528079], [0.4935893398826835, 0.5064106601173165], [0.47327959697681066, 0.526720403023189], [0.498882236820627, 0.5011177631793731], [0.5454792588130826, 0.4545207411869178]]}, "rewritten": {"ids": ["3", "7", "9", "12", "27", "29", "33", "38", "41", "42", "46", "55"], "labels": [0, 1, 1, 1, 1, 1, 0, 0, 1, 0, 1, 1], "predicted_labels": [1, 0, 1, 0, 1, 1, 0, 1, 1, 1, 0, 1], "confidence_scores": [[0.45339200127358054, 0.5466079987264199], [0.6077264912933641, 0.3922735087066355], [0.42260956034849223, 0.5773904396515079], [0.5085083109443015, 0.4914916890556985], [0.428587802153127, 0.5714121978468731], [0.4904668439145992, 0.5095331560854007], [0.5930805370326268, 0.40691946296737314], [0.44073531547571815, 0.5592646845242818], [0.45717761631213627, 0.5428223836878636], [0.4996951059604312, 0.5003048940395688], [0.5197485053388304, 0.48025149466116945], [0.4923238633141886, 0.5076761366858114]]}}