{"test": {"ids": ["34", "7", "19", "47", "51", "41", "33", "12", "29", "56", "58", "38"], "labels": [0, 1, 0, 1, 1, 1, 0, 1, 1, 0, 0, 0], "predicted_labels": [1, 1, 1, 1, 1, 1, 1, 1, 1, 1, 1, 1], "confidence_scores": [[0.5810002756325705, 0.41899972436742955], [0.572872074121258, 0.42712792587874215], [0.5792970254571239, 0.42070297454287614], [0.5802684585991976, 0.4197315414008023], [0.5806464160544325, 0.41935358394556765], [0.5811577223658789, 0.4188422776341212], [0.5804212759041147, 0.4195787240958852], [0.5800513047932847, 0.41994869520671535], [0.5751103681501033, 0.42488963184989675], [0.5793908849449825, 0.4206091150550175], [0.5789202173538238, 0.4210797826461761], [0.5824620406847998, 0.4175379593152004]]}, "rewritten": {"ids": ["7", "12", "19", "29", "33", "34", "38", "41", "47", "51", "56", "58"], "labels": [1, 1, 0, 1, 0, 0, 0, 1, 1, 1, 0, 0], "predicted_labels": [1, 1, 1, 1, 1, 1, 1, 1, 1, 1, 1, 1], "confidence_scores": [[0.5857156500503854, 0.4142843499496147], [0.584055507168906, 0.41594449283109397], [0.5776984653303263, 0.42230153466967363], [0.5837288289337692, 0.41627117106623085], [0.5814527514821309, 0.4185472485178692], [0.5797502425264085, 0.4202497574735913], [0.5824609833230215, 0.4175390166769784], [0.5840788835756511, 0.415921116424349], [0.5834235583843748, 0.4165764416156252], [0.5850437182621175, 0.4149562817378823], [0.5840444044247117, 0.4159555955752883], [0.5816141418953229, 0.418385858104677]]}}