{"test": {"ids": ["15", "5", "7", "45", "36", "32", "8", "18", "25", "55", "3", "28"], "labels": [1, 0, 1, 1, 0, 0, 0, 1, 0, 1, 0, 0], "predicted_labels": [1, 1, 1, 1, 1, 1, 1, 1, 1, 1, 1, 1], "confidence_scores": [[0.4046320689444797, 0.5953679310555202], [0.3921994224823098, 0.6078005775176902], [0.43865392185227053, 0.5613460781477293], [0.41810339783834227, 0.5818966021616577], [0.49013062442582295, 0.509869375574177], [0.3847138174726918, 0.6152861825273082], [0.4567725977591583, 0.5432274022408417], [0.35525637704413215, 0.6447436229558678], [0.47943859240215325, 0.5205614075978467], [0.36571149260988367, 0.6342885073901162], [0.42869843852783696, 0.5713015614721629], [0.3684594601656878, 0.6315405398343121]]}, "rewritten": {"ids": ["5", "7", "8", "15", "18", "25", "28", "32", "36", "45", "55"], "labels": [0, 1, 0, 1, 1, 0, 0, 0, 0, 1, 1], "predicted_labels": [1, 1, 1, 1, 1, 1, 1, 1, 1, 1, 1], "confidence_scores": [[0.37105309659930397, 0.6289469034006958], [0.4591452459102563, 0.5408547540897437], [0.48494231892563044, 0.5150576810743696], [0.4066298993471226, 0.5933701006528774], [0.2870536071871801, 0.7129463928128199], [0.4680965567458523, 0.5319034432541476], [0.3758714930563944, 0.6241285069436057], [0.36524329986271475, 0.6347567001372851], [0.4913706860589868, 0.5086293139410133], [0.4167026115308539, 0.5832973884691461], [0.3838858745625095, 0.6161141254374904]]}}