{"test": {"ids": ["37", "34", "58", "22", "55", "21", "23", "32", "1", "6", "54", "12"], "labels": [0, 1, 0, 1, 1, 1, 0, 0, 0, 1, 1, 0], "predicted_labels": [0, 0, 0, 1, 0, 0, 1, 1, 0, 0, 0, 1], "confidence_scores": [[0.9494800468143717, 0.050519953185628345], [0.8403181114769491, 0.1596818885230509], [0.9941788427276597, 0.005821157272340375], [0.044960122716134254, 0.9550398772838657], [0.9969620017171839, 0.003037998282816152], [0.9775261434270673, 0.022473856572932664], [0.08045852791105801, 0.919541472088942], [0.23019320059824988, 0.7698067994017501], [0.5422852675331045, 0.4577147324668955], [0.9241210811237671, 0.0758789188762329], [0.6990404015250177, 0.3009595984749823], [0.002766610716544049, 0.997233389283456]]}, "rewritten": {"ids": ["1", "6", "12", "21", "22", "23", "32", "34", "37", "54", "55", "58"], "labels": [0, 1, 0, 1, 1, 0, 0, 1, 0, 1, 1, 0], "predicted_labels": [0, 0, 1, 0, 1, 1, 1, 0, 0, 0, 0, 0], "confidence_scores": [[0.7575800361467013, 0.24241996385329864], [0.5897329124475852, 0.4102670875524148], [0.01645691548953454, 0.9835430845104655], [0.8704371157368034, 0.12956288426319656], [0.004912348158724544, 0.9950876518412755], [0.006431903832161301, 0.9935680961678387], [0.19894262438080546, 0.8010573756191945], [0.756356233980958, 0.243643766019042], [0.6926251278768543, 0.3073748721231457], [0.5747306774969068, 0.4252693225030932], [0.9570193537620575, 0.04298064623794253], [0.9590175907133984, 0.040982409286601615]]}}