{"test": {"ids": ["23", "50", "27", "8", "22", "6", "46", "54", "56", "13", "53", "35"], "labels": [0, 1, 1, 0, 1, 1, 0, 0, 0, 1, 1, 0], "predicted_labels": [0, 1, 1, 1, 0, 1, 0, 1, 1, 1, 0, 1], "confidence_scores": [[0.680302249021717, 0.31969775097828307], [0.38114717660084296, 0.618852823399157], [0.22327790395541758, 0.7767220960445824], [0.2979741691904284, 0.7020258308095716], [0.7235751917771585, 0.2764248082228415], [0.18334785653914232, 0.8166521434608577], [0.9006566155125367, 0.09934338448746326], [0.24602730488317381, 0.7539726951168262], [0.24825433653534779, 0.7517456634646522], [0.2868309330407117, 0.7131690669592883], [0.6442294010879015, 0.3557705989120985], [0.4806626596856468, 0.5193373403143532]]}, "rewritten": {"ids": ["6", "8", "13", "22", "23", "27", "35", "46", "50", "53", "54", "56"], "labels": [1, 0, 1, 1, 0, 1, 0, 0, 1, 1, 0, 0], "predicted_labels": [1, 1, 1, 0, 0, 1, 1, 0, 0, 0, 1, 1], "confidence_scores": [[0.1835817045215905, 0.8164182954784095], [0.2927163353871617, 0.7072836646128383], [0.38193455099084017, 0.6180654490091598], [0.6318837982701323, 0.3681162017298677], [0.6685253562632286, 0.3314746437367714], [0.13828039488879207, 0.8617196051112079], [0.4369547998394674, 0.5630452001605326], [0.6809956348872349, 0.3190043651127651], [0.5313336750351189, 0.46866632496488114], [0.571554892032945, 0.4284451079670551], [0.2274404611699511, 0.7725595388300489], [0.26591707013132426, 0.7340829298686757]]}}