{"test": {"ids": ["46", "15", "6", "36", "54", "28", "24", "20", "11", "0", "9", "48"], "labels": [1, 1, 1, 0, 0, 0, 0, 0, 0, 0, 1, 0], "predicted_labels": [1, 1, 0, 1, 1, 0, 1, 1, 1, 1, 1, 0], "confidence_scores": [[0.02587582483951112, 0.9741241751604889], [0.08198353043473483, 0.9180164695652652], [0.5306258417725347, 0.46937415822746525], [0.0003893151255727201, 0.9996106848744273], [0.008090549093101251, 0.9919094509068987], [0.9679680983411583, 0.03203190165884174], [0.006377053851968295, 0.9936229461480317], [0.02005482393772917, 0.9799451760622708], [0.057749639774356654, 0.9422503602256433], [0.30421944042424687, 0.6957805595757531], [0.02107741608906699, 0.978922583910933], [0.9203769866670709, 0.07962301333292914]]}, "rewritten": {"ids": ["0", "6", "9", "11", "15", "20", "24", "28", "36", "46", "48", "54"], "labels": [0, 1, 1, 0, 1, 0, 0, 0, 0, 1, 0, 0], "predicted_labels": [1, 1, 1, 1, 1, 1, 1, 0, 1, 1, 0, 1], "confidence_scores": [[0.019406173738821808, 0.9805938262611782], [0.3964030823299668, 0.6035969176700332], [0.042340006799406193, 0.9576599932005938], [0.04090378367790437, 0.9590962163220956], [0.08922327295606114, 0.9107767270439389], [0.005742090627002483, 0.9942579093729975], [0.14412364208849981, 0.8558763579115002], [0.9281257998267612, 0.07187420017323877], [4.633027051348382e-05, 0.9999536697294865], [0.11829192342929118, 0.8817080765707088], [0.8549998343320973, 0.1450001656679028], [0.0003634379889552175, 0.9996365620110448]]}}