{"test": {"ids": ["15", "23", "3", "35", "11", "44", "5", "19", "46", "28", "47", "17"], "labels": [1, 0, 1, 0, 0, 0, 1, 1, 0, 1, 1, 0], "predicted_labels": [0, 0, 0, 0, 0, 0, 0, 0, 0, 0, 0, 0], "confidence_scores": [[0.718308297756595, 0.2816917022434052], [0.5253587495493841, 0.4746412504506159], [0.6548283672725622, 0.34517163272743784], [0.5611429307620481, 0.4388570692379517], [0.6450049916543732, 0.35499500834562775], [0.5097338084258363, 0.49026619157416385], [0.6316653112109769, 0.3683346887890233], [0.5546171235627115, 0.44538287643728824], [0.5878026975174807, 0.41219730248251935], [0.6106268369315581, 0.3893731630684417], [0.6872166626373283, 0.3127833373626717], [0.5049170265493023, 0.49508297345069774]]}, "rewritten": {"ids": ["3", "5", "11", "15", "17", "19", "23", "28", "35", "44", "46", "47"], "labels": [1, 1, 0, 1, 0, 1, 0, 1, 0, 0, 0, 1], "predicted_labels": [0, 0, 0, 0, 0, 0, 0, 0, 0, 0, 0, 0], "confidence_scores": [[0.6343353461038447, 0.3656646538961558], [0.6283647138035681, 0.3716352861964316], [0.5854888933477944, 0.4145111066522058], [0.751757889736683, 0.24824211026331774], [0.5651184973523207, 0.4348815026476794], [0.5807988898356543, 0.4192011101643455], [0.5756501778493263, 0.42434982215067385], [0.6227376581622712, 0.37726234183772916], [0.6551725929729024, 0.3448274070270976], [0.6029664194594532, 0.3970335805405467], [0.6211370685386163, 0.3788629314613836], [0.7245049869377275, 0.27549501306227325]]}}