{"test": {"ids": ["55", "19", "48", "15", "25", "22", "9", "3", "34", "2", "6", "24"], "labels": [1, 0, 0, 0, 1, 1, 1, 1, 0, 0, 0, 0], "predicted_labels": [1, 1, 1, 0, 1, 0, 1, 1, 0, 0, 1, 1], "confidence_scores": [[0.0642036430851406, 0.9357963569148594], [0.4040105828688221, 0.5959894171311779], [0.2684674326025024, 0.7315325673974976], [0.6972981884391121, 0.302701811560888], [0.050112567017248866, 0.9498874329827511], [0.6950771675177235, 0.3049228324822765], [0.20481361920357366, 0.7951863807964263], [0.026767208291758493, 0.9732327917082415], [0.5746908324676542, 0.4253091675323458], [0.5130439601430774, 0.4869560398569226], [0.08750667615291818, 0.9124933238470818], [0.12717623642935916, 0.8728237635706408]]}, "rewritten": {"ids": ["2", "3", "6", "9", "15", "19", "22", "24", "25", "34", "48", "55"], "labels": [0, 1, 0, 1, 0, 0, 1, 0, 1, 0, 0, 1], "predicted_labels": [0, 1, 1, 1, 0, 1, 0, 1, 1, 0, 1, 1], "confidence_scores": [[0.507569234223182, 0.492430765776818], [0.006097837927583782, 0.9939021620724162], [0.022680227191397728, 0.9773197728086023], [0.1622474576562205, 0.8377525423437795], [0.6078589047222334, 0.3921410952777667], [0.23409135536049852, 0.7659086446395015], [0.6797252133510185, 0.32027478664898146], [0.02549519596821148, 0.9745048040317885], [0.020199959491363884, 0.9798000405086361], [0.594420386078589, 0.4055796139214109], [0.49299074061914583, 0.5070092593808542], [0.07236016824789104, 0.927639831752109]]}}