{"test": {"ids": ["33", "27", "50", "25", "20", "1", "32", "39", "52", "45", "11", "10"], "labels": [0, 1, 1, 0, 0, 0, 0, 1, 1, 1, 0, 0], "predicted_labels": [1, 0, 1, 1, 1, 1, 1, 1, 1, 0, 0, 1], "confidence_scores": [[0.35960828464664996, 0.64039171535335], [0.508108416925261, 0.49189158307473907], [0.35960828464664996, 0.64039171535335], [0.43548385277869295, 0.564516147221307], [0.35960828464664996, 0.64039171535335], [0.49559666842330696, 0.504403331576693], [0.49559666842330696, 0.504403331576693], [0.49559666842330696, 0.504403331576693], [0.35960828464664996, 0.64039171535335], [0.508108416925261, 0.49189158307473907], [0.508108416925261, 0.49189158307473907], [0.49559666842330696, 0.504403331576693]]}, "rewritten": {"ids": ["1", "10", "11", "20", "25", "27", "32", "33", "39", "45", "50", "52"], "labels": [0, 0, 0, 0, 0, 1, 0, 0, 1, 1, 1, 1], "predicted_labels": [1, 1, 0, 1, 1, 0, 1, 1, 1, 0, 1, 1], "confidence_scores": [[0.35960828464664996, 0.64039171535335], [0.49559666842330696, 0.504403331576693], [0.508108416925261, 0.49189158307473907], [0.43548396867660677, 0.5645160313233932], [0.49559666842330696, 0.504403331576693], [0.508108416925261, 0.49189158307473907], [0.43548385277869295, 0.564516147221307], [0.35960828464664996, 0.64039171535335], [0.49559666842330696, 0.504403331576693], [0.508108416925261, 0.49189158307473907], [0.49559666842330696, 0.504403331576693], [0.35960828464664996, 0.64039171535335]]}}