{"test": {"ids": ["14", "25", "7", "55", "49", "11", "18", "15", "37", "3", "34"], "labels": [0, 0, 1, 1, 0, 0, 0, 1, 0, 1, 1], "predicted_labels": [1, 0, 0, 1, 1, 0, 0, 0, 0, 0, 0], "confidence_scores": [[0.12122689598106495, 0.878773104018935], [0.9820247770458682, 0.017975222954131828], [0.976495457627946, 0.02350454237205397], [0.18964220283132827, 0.8103577971686717], [0.05031438736821059, 0.9496856126317894], [0.9778609859806076, 0.02213901401939242], [0.9690968990394306, 0.030903100960569415], [0.9544469244868409, 0.04555307551315912], [0.9820247770458682, 0.017975222954131828], [0.9464501507392411, 0.05354984926075893], [0.9723310305394851, 0.027668969460514937]]}, "rewritten": {"ids": ["3", "7", "11", "14", "15", "18", "25", "34", "37", "49", "55"], "labels": [1, 1, 0, 0, 1, 0, 0, 1, 0, 0, 1], "predicted_labels": [1, 0, 0, 1, 0, 0, 0, 1, 0, 0, 1], "confidence_scores": [[0.3119737903816081, 0.6880262096183919], [0.9700321942513845, 0.029967805748615427], [0.9820247770458682, 0.017975222954131828], [0.06936316944299281, 0.9306368305570072], [0.962897889126227, 0.03710211087377299], [0.9820247770458682, 0.017975222954131828], [0.9820247770458682, 0.017975222954131828], [0.06576840560815223, 0.9342315943918478], [0.9820247770458682, 0.017975222954131828], [0.9820247770458682, 0.017975222954131828], [0.13749014179445418, 0.8625098582055458]]}}