{"test": {"ids": ["2", "48", "53", "21", "5", "8", "4", "42", "33", "16", "9", "15"], "labels": [0, 0, 0, 1, 0, 1, 1, 0, 0, 1, 1, 0], "predicted_labels": [0, 0, 1, 1, 1, 1, 1, 1, 0, 1, 1, 1], "confidence_scores": [[0.5225653239995474, 0.4774346760004525], [0.5255970973470973, 0.47440290265290275], [0.48267041477041484, 0.5173295852295852], [0.4384411511670256, 0.5615588488329746], [0.4278468147191596, 0.57215318528084], [0.39105576275576254, 0.6089442372442369], [0.38220662603451, 0.6177933739654892], [0.42251998688762316, 0.5774800131123771], [0.5102608397158398, 0.4897391602841601], [0.35917298603529263, 0.6408270139647072], [0.3530859574014574, 0.6469140425985419], [0.3549668672174757, 0.6450331327825239]]}, "rewritten": {"ids": ["2", "4", "5", "8", "9", "15", "16", "21", "33", "42", "48", "53"], "labels": [0, 1, 0, 1, 1, 0, 1, 1, 0, 0, 0, 0], "predicted_labels": [1, 1, 1, 1, 1, 1, 1, 1, 1, 1, 1, 1], "confidence_scores": [[0.47643633110412253, 0.5235636688958775], [0.46477866141742774, 0.5352213385825723], [0.4406748655827603, 0.5593251344172396], [0.4092693731601053, 0.5907306268398947], [0.42875654295625354, 0.5712434570437461], [0.4080382463887, 0.5919617536112998], [0.37938861983183153, 0.620611380168168], [0.4547730726219784, 0.5452269273780217], [0.48230225345869054, 0.5176977465413096], [0.4004221561236161, 0.5995778438763839], [0.4528047698597701, 0.5471952301402301], [0.4259629376708555, 0.5740370623291448]]}}