{"test": {"ids": ["44", "18", "32", "17", "40", "2", "51", "10", "53", "0", "56", "29"], "labels": [1, 1, 0, 1, 0, 1, 1, 0, 1, 0, 0, 1], "predicted_labels": [0, 0, 0, 0, 0, 0, 1, 1, 0, 0, 1, 1], "confidence_scores": [[0.8232712120168245, 0.17672878798317546], [0.7320141944750396, 0.2679858055249604], [0.7641130688422166, 0.2358869311577834], [0.6798166931298972, 0.32018330687010277], [0.6399251508680754, 0.3600748491319246], [0.887467911650849, 0.1125320883491509], [0.13960599791571082, 0.8603940020842892], [0.011962227853603347, 0.9880377721463967], [0.9436551324090207, 0.056344867590979376], [0.5235007371130505, 0.4764992628869496], [0.03025764980794976, 0.9697423501920502], [0.07281059009653956, 0.9271894099034604]]}, "rewritten": {"ids": ["0", "2", "10", "17", "18", "29", "32", "40", "44", "51", "56"], "labels": [0, 1, 0, 1, 1, 1, 0, 0, 1, 1, 0], "predicted_labels": [0, 0, 1, 0, 0, 1, 0, 0, 0, 1, 1], "confidence_scores": [[0.5211331075615313, 0.47886689243846864], [0.9515736006069723, 0.048426399393027744], [0.09592531180906194, 0.9040746881909381], [0.8852074850973444, 0.1147925149026556], [0.9178708308036578, 0.0821291691963422], [0.0285521552709751, 0.9714478447290249], [0.9386059290309012, 0.06139407096909882], [0.9157973513615616, 0.08420264863843838], [0.943750714658642, 0.056249285341357966], [0.2651724931172451, 0.7348275068827549], [0.03436964795666253, 0.9656303520433375]]}}