{"test": {"ids": ["19", "8", "33", "10", "25", "13", "12", "46", "52", "35", "41", "7"], "labels": [1, 1, 1, 0, 0, 0, 0, 0, 1, 0, 0, 1], "predicted_labels": [0, 0, 1, 1, 0, 0, 0, 1, 1, 1, 1, 1], "confidence_scores": [[0.617233750299895, 0.382766249700105], [0.6173806079850732, 0.38261939201492684], [0.472626239725109, 0.527373760274891], [0.49212284667295836, 0.5078771533270416], [0.617233750299895, 0.382766249700105], [0.617233750299895, 0.382766249700105], [0.5747817294131179, 0.4252182705868821], [0.472626239725109, 0.527373760274891], [0.472626239725109, 0.527373760274891], [0.48033391806281633, 0.5196660819371837], [0.472626239725109, 0.527373760274891], [0.49212284667295836, 0.5078771533270416]]}, "rewritten": {"ids": ["7", "8", "10", "12", "13", "19", "25", "33", "35", "46", "52"], "labels": [1, 1, 0, 0, 0, 1, 0, 1, 0, 0, 1], "predicted_labels": [0, 0, 1, 0, 1, 0, 0, 1, 0, 1, 1], "confidence_scores": [[0.617233750299895, 0.382766249700105], [0.617233750299895, 0.382766249700105], [0.4821306137686935, 0.5178693862313065], [0.5747817294131179, 0.4252182705868821], [0.472626239725109, 0.527373760274891], [0.617233750299895, 0.382766249700105], [0.617233750299895, 0.382766249700105], [0.48822088123697693, 0.5117791187630231], [0.617233750299895, 0.382766249700105], [0.4817876277318559, 0.5182123722681441], [0.472626239725109, 0.527373760274891]]}}