{"test": {"ids": ["9", "47", "12", "22", "46", "53", "38", "36", "5", "29", "25", "13"], "labels": [1, 1, 1, 1, 0, 0, 1, 0, 0, 1, 1, 0], "predicted_labels": [0, 0, 1, 0, 1, 1, 1, 1, 1, 0, 1, 1], "confidence_scores": [[0.5238926129426129, 0.476107387057387], [0.58478484015984, 0.4152151598401598], [0.47282610722610713, 0.5271738927738929], [0.5765700077700074, 0.42342999222999217], [0.49321021756021766, 0.5067897824397823], [0.47335692640692634, 0.5266430735930737], [0.39327751692751683, 0.606722483072483], [0.40750309412809427, 0.5924969058719058], [0.3820281385281385, 0.6179718614718614], [0.5825216499187086, 0.4174783500812913], [0.3993111832611832, 0.6006888167388166], [0.4717580808080809, 0.5282419191919191]]}, "rewritten": {"ids": ["5", "9", "13", "22", "25", "29", "36", "38", "46", "47", "53"], "labels": [0, 1, 0, 1, 1, 1, 0, 1, 0, 1, 0], "predicted_labels": [1, 0, 1, 0, 1, 0, 0, 1, 0, 0, 0], "confidence_scores": [[0.37772950937950933, 0.6222704906204906], [0.5210572649572649, 0.47894273504273505], [0.49973097458097454, 0.5002690254190255], [0.6038956487956489, 0.39610435120435133], [0.3969015873015872, 0.6030984126984129], [0.5612914911885499, 0.43870850881145007], [0.5111393245643248, 0.48886067543567524], [0.48655994560994553, 0.5134400543900545], [0.5177788988788988, 0.4822211011211011], [0.6267234126984127, 0.37327658730158736], [0.5383362692862692, 0.46166373071373074]]}}