{"test": {"ids": ["49", "18", "48", "22", "21", "58", "17", "36", "55", "1", "52", "33"], "labels": [0, 0, 1, 1, 1, 0, 0, 1, 1, 0, 1, 1], "predicted_labels": [0, 0, 0, 0, 0, 0, 1, 0, 0, 0, 0, 0], "confidence_scores": [[0.990315264171678, 0.009684735828322013], [0.6667401721189556, 0.3332598278810443], [0.8985245633495893, 0.10147543665041069], [0.8289224760232659, 0.17107752397673417], [0.7966215301279896, 0.2033784698720104], [0.6448592241173494, 0.3551407758826506], [0.39234804691233627, 0.6076519530876637], [0.7344003307275558, 0.26559966927244416], [0.7675551965720523, 0.23244480342794774], [0.7800262290052576, 0.21997377099474233], [0.6646712105692292, 0.33532878943077077], [0.9949065977749892, 0.005093402225010744]]}}