{"test": {"ids": ["36", "18", "35", "47", "58", "48", "10", "30", "11", "34", "49", "52"], "labels": [0, 1, 0, 1, 1, 0, 1, 1, 0, 0, 0, 0], "predicted_labels": [1, 1, 1, 1, 1, 1, 0, 1, 1, 1, 1, 1], "confidence_scores": [[0.39345342157842156, 0.6065465784215784], [0.47779728604728616, 0.5222027139527139], [0.4599468586968587, 0.5400531413031415], [0.48277367077367084, 0.5172263292263293], [0.4241848013098013, 0.5758151986901986], [0.31946825396825396, 0.6805317460317458], [0.5276411782661783, 0.4723588217338217], [0.4100039682539682, 0.5899960317460315], [0.43389069264069263, 0.5661093073593073], [0.4869801309801309, 0.5130198690198691], [0.457474358974359, 0.542525641025641], [0.42816926129426114, 0.5718307387057388]]}, "rewritten": {"ids": ["10", "11", "18", "30", "34", "35", "36", "47", "48", "49", "52", "58"], "labels": [1, 0, 1, 1, 0, 0, 0, 1, 0, 0, 0, 1], "predicted_labels": [1, 1, 1, 1, 1, 1, 1, 1, 1, 1, 1, 1], "confidence_scores": [[0.4857358474858476, 0.5142641525141524], [0.45665681540681546, 0.5433431845931845], [0.3798892912642912, 0.6201107087357086], [0.35193856143856145, 0.6480614385614382], [0.443428724053724, 0.5565712759462759], [0.44081254856254853, 0.5591874514374514], [0.35689732489732484, 0.6431026751026748], [0.4418157953157953, 0.5581842046842047], [0.28334813797313796, 0.7166518620268618], [0.38476927239427233, 0.6152307276057276], [0.4254394078144078, 0.5745605921855919], [0.4034729298479298, 0.5965270701520702]]}}