{"test": {"ids": ["0", "10", "33", "5", "18", "13", "6", "4", "20", "44", "53", "3"], "labels": [0, 0, 1, 1, 0, 0, 1, 0, 0, 0, 0, 1], "predicted_labels": [0, 1, 0, 1, 0, 0, 0, 0, 1, 1, 1, 0], "confidence_scores": [[0.5027619355307624, 0.49723806446923763], [0.1365668362044251, 0.8634331637955749], [0.5591475973414483, 0.44085240265855175], [0.3069403320325442, 0.6930596679674558], [0.6896841251229859, 0.31031587487701406], [0.7328722540525829, 0.2671277459474171], [0.8691316704573793, 0.13086832954262073], [0.655868266033871, 0.34413173396612895], [0.254665141256753, 0.745334858743247], [0.30813946428579964, 0.6918605357142004], [0.258385393706957, 0.741614606293043], [0.7191710859219183, 0.28082891407808175]]}, "rewritten": {"ids": ["0", "3", "4", "5", "6", "10", "13", "18", "20", "33", "44", "53"], "labels": [0, 1, 0, 1, 1, 0, 0, 0, 0, 1, 0, 0], "predicted_labels": [1, 1, 0, 1, 0, 1, 1, 1, 0, 1, 1, 1], "confidence_scores": [[0.3908096100033496, 0.6091903899966504], [0.44497965721547184, 0.5550203427845282], [0.8031027623034048, 0.19689723769659512], [0.3777176909113469, 0.6222823090886531], [0.6365922100010584, 0.3634077899989417], [0.035422712052276206, 0.9645772879477238], [0.48472092785530096, 0.515279072144699], [0.15022109893529745, 0.8497789010647026], [0.6928112158486445, 0.30718878415135553], [0.21882973285955287, 0.7811702671404471], [0.11758020441183492, 0.8824197955881651], [0.3210347424305492, 0.6789652575694508]]}}