{"test": {"ids": ["42", "33", "43", "40", "16", "37", "32", "29", "10", "7", "38", "21"], "labels": [0, 0, 1, 0, 1, 1, 0, 1, 1, 0, 1, 0], "predicted_labels": [1, 1, 1, 1, 0, 0, 1, 1, 1, 0, 1, 1], "confidence_scores": [[0.48148371396988787, 0.5185162860301121], [0.471373939295716, 0.528626060704284], [0.3383528528241819, 0.6616471471758181], [0.3383528528241819, 0.6616471471758181], [0.5061058856692435, 0.4938941143307564], [0.5236083031130627, 0.47639169688693733], [0.4783206679330413, 0.5216793320669587], [0.39845454674522107, 0.6015454532547789], [0.46966621580730616, 0.5303337841926938], [0.5211878789807165, 0.47881212101928355], [0.36996783938852384, 0.6300321606114762], [0.3398007971459831, 0.6601992028540169]]}, "rewritten": {"ids": ["7", "10", "16", "21", "29", "32", "33", "37", "38", "40", "42", "43"], "labels": [0, 1, 1, 0, 1, 0, 0, 1, 1, 0, 0, 1], "predicted_labels": [0, 1, 1, 1, 0, 1, 1, 1, 0, 0, 1, 1], "confidence_scores": [[0.6133439282728159, 0.386656071727184], [0.35482635755890346, 0.6451736424410965], [0.48953216847111947, 0.5104678315288805], [0.3398007971459831, 0.6601992028540169], [0.6137162147492801, 0.38628378525071994], [0.35482635755890346, 0.6451736424410965], [0.48993105653091573, 0.5100689434690843], [0.3546638509331679, 0.6453361490668321], [0.6157755054426762, 0.38422449455732377], [0.6134058960438711, 0.38659410395612887], [0.4901104195719238, 0.5098895804280762], [0.35482635755890346, 0.6451736424410965]]}}