{"test": {"ids": ["58", "19", "42", "16", "12", "34", "23", "13", "53", "36", "27", "24"], "labels": [0, 0, 0, 1, 1, 0, 0, 1, 1, 0, 1, 0], "predicted_labels": [1, 0, 1, 1, 1, 0, 1, 0, 1, 1, 1, 1], "confidence_scores": [[0.1782651906871472, 0.8217348093128528], [0.6629079133434161, 0.33709208665658386], [0.007528282403250985, 0.992471717596749], [0.2162834917111197, 0.7837165082888803], [0.07417824714726462, 0.9258217528527354], [0.9818813857987863, 0.018118614201213787], [0.09195638319804356, 0.9080436168019564], [0.5525424235195253, 0.44745757648047474], [0.2941347754678727, 0.7058652245321273], [0.0005079829331229302, 0.9994920170668771], [0.34428844838572936, 0.6557115516142706], [0.06374615899193936, 0.9362538410080606]]}, "rewritten": {"ids": ["12", "13", "16", "23", "24", "27", "34", "36", "42", "53", "58"], "labels": [1, 1, 1, 0, 0, 1, 0, 0, 0, 1, 0], "predicted_labels": [1, 1, 1, 1, 0, 1, 0, 1, 1, 1, 1], "confidence_scores": [[0.007571084073663137, 0.9924289159263369], [0.15698296650345123, 0.8430170334965488], [0.04891791424064984, 0.9510820857593502], [0.20696597196251432, 0.7930340280374857], [0.5488799787757549, 0.4511200212242451], [0.19210656692690498, 0.807893433073095], [0.7285992386310267, 0.27140076136897334], [0.0011574788411374826, 0.9988425211588625], [0.003376403642149639, 0.9966235963578504], [0.21130637362793925, 0.7886936263720608], [0.09250160243428907, 0.9074983975657109]]}}