{"test": {"ids": ["23", "21", "20", "6", "22", "48", "43", "12", "18", "25", "3", "35"], "labels": [0, 1, 0, 1, 1, 1, 0, 0, 0, 0, 1, 0], "predicted_labels": [0, 0, 0, 0, 1, 1, 1, 0, 0, 0, 1, 1], "confidence_scores": [[0.659666164768344, 0.34033383523165595], [0.9701081005881655, 0.029891899411834483], [0.9163978326652401, 0.08360216733475986], [0.8219936242226237, 0.17800637577737635], [0.04006675264006654, 0.9599332473599335], [0.04843032904610145, 0.9515696709538985], [0.23493013390810757, 0.7650698660918924], [0.8921974468380347, 0.10780255316196535], [0.9181496193895291, 0.08185038061047094], [0.7868863495019562, 0.21311365049804376], [0.07463588711673974, 0.9253641128832603], [0.06207838423868095, 0.937921615761319]]}, "rewritten": {"ids": ["3", "6", "12", "18", "20", "21", "22", "23", "25", "35", "43", "48"], "labels": [1, 1, 0, 0, 0, 1, 1, 0, 0, 0, 0, 1], "predicted_labels": [0, 0, 0, 0, 1, 0, 0, 1, 0, 1, 0, 1], "confidence_scores": [[0.9722462854555808, 0.027753714544419255], [0.9481282215584093, 0.0518717784415907], [0.9595045691227276, 0.04049543087727234], [0.9818016222821482, 0.01819837771785184], [0.052011003911733855, 0.9479889960882661], [0.9488452792242207, 0.05115472077577927], [0.9478765840650131, 0.05212341593498689], [0.22970842600736519, 0.7702915739926348], [0.817434010852873, 0.18256598914712696], [0.14334647854797855, 0.8566535214520214], [0.58035924291207, 0.41964075708793], [0.07077427104181189, 0.9292257289581881]]}}