{"test": {"ids": ["32", "49", "8", "39", "42", "53", "36", "43", "27", "45", "23", "16"], "labels": [0, 0, 1, 0, 0, 0, 1, 0, 1, 1, 0, 1], "predicted_labels": [1, 1, 1, 0, 0, 1, 0, 0, 0, 0, 0, 0], "confidence_scores": [[0.10643306765966065, 0.8935669323403393], [0.491498378469589, 0.508501621530411], [0.2633856392708508, 0.7366143607291492], [0.9534813175497963, 0.0465186824502037], [0.8088086935725595, 0.19119130642744053], [0.33176282978831306, 0.6682371702116869], [0.5921981411036181, 0.4078018588963818], [0.6346397790929796, 0.36536022090702036], [0.7748333852817753, 0.2251666147182248], [0.6929500435168983, 0.3070499564831017], [0.5811166746809218, 0.4188833253190783], [0.8324461419873828, 0.1675538580126173]]}, "rewritten": {"ids": ["8", "16", "23", "27", "32", "36", "42", "43", "45", "49", "53"], "labels": [1, 1, 0, 1, 0, 1, 0, 0, 1, 0, 0], "predicted_labels": [0, 1, 0, 0, 1, 0, 0, 0, 0, 1, 1], "confidence_scores": [[0.7233920176414335, 0.27660798235856654], [0.39932573592635745, 0.6006742640736425], [0.5719537646970776, 0.4280462353029224], [0.6047561976929954, 0.3952438023070047], [0.0464060579436093, 0.9535939420563907], [0.7417341965200797, 0.2582658034799203], [0.7073184662825156, 0.29268153371748445], [0.7763799958206012, 0.22362000417939878], [0.711144718193689, 0.288855281806311], [0.3720926027852248, 0.6279073972147752], [0.2718815575007303, 0.7281184424992697]]}}