{"test": {"ids": ["11", "7", "12", "40", "41", "4", "30", "0", "13", "23", "18"], "labels": [0, 1, 0, 1, 0, 0, 0, 0, 0, 0, 0], "predicted_labels": [1, 0, 0, 0, 1, 1, 1, 1, 0, 0, 0], "confidence_scores": [[0.10233485118970054, 0.8976651488102995], [0.8300944433296658, 0.1699055566703343], [0.8175296119146089, 0.182470388085391], [0.9065465215497268, 0.09345347845027313], [0.1594550709519178, 0.8405449290480822], [0.15927907123557483, 0.8407209287644252], [0.12643417621153785, 0.8735658237884621], [0.10233485118970054, 0.8976651488102995], [0.8445331250957558, 0.15546687490424418], [0.8857345182132995, 0.11426548178670044], [0.8106428593895146, 0.18935714061048534]]}, "rewritten": {"ids": ["0", "4", "7", "11", "12", "13", "18", "23", "30", "40", "41"], "labels": [0, 0, 1, 0, 0, 0, 0, 0, 0, 1, 0], "predicted_labels": [1, 0, 0, 0, 0, 0, 1, 0, 1, 0, 0], "confidence_scores": [[0.1535946401099908, 0.8464053598900092], [0.8239995667670108, 0.17600043323298914], [0.8472936740060331, 0.1527063259939669], [0.9065465215497268, 0.09345347845027313], [0.7700349046672228, 0.22996509533277726], [0.8842690660316942, 0.11573093396830585], [0.10233485118970054, 0.8976651488102995], [0.8857345182132995, 0.11426548178670044], [0.1535946401099908, 0.8464053598900092], [0.9065465215497268, 0.09345347845027313], [0.8602488862130683, 0.13975111378693175]]}}