{"test": {"ids": ["46", "20", "9", "3", "39", "48", "35", "45", "51", "10", "7", "33"], "labels": [1, 0, 1, 0, 1, 0, 0, 1, 1, 0, 1, 0], "predicted_labels": [1, 0, 1, 1, 1, 0, 0, 1, 1, 1, 0, 1], "confidence_scores": [[0.27956180621673643, 0.7204381937832636], [0.6857763078233228, 0.3142236921766772], [0.14598340777615526, 0.8540165922238447], [0.4126028745724676, 0.5873971254275324], [0.12417866576659065, 0.8758213342334094], [0.6489543972886707, 0.35104560271132934], [0.6432757364710799, 0.35672426352892006], [0.2551084492210758, 0.7448915507789242], [0.3508065475904302, 0.6491934524095698], [0.0009846080516504596, 0.9990153919483495], [0.9404267365497602, 0.059573263450239805], [0.4115024817570655, 0.5884975182429345]]}, "rewritten": {"ids": ["3", "7", "9", "10", "20", "33", "35", "39", "45", "46", "48", "51"], "labels": [0, 1, 1, 0, 0, 0, 0, 1, 1, 1, 0, 1], "predicted_labels": [1, 0, 1, 1, 0, 1, 0, 1, 1, 1, 1, 1], "confidence_scores": [[0.018625969094341777, 0.9813740309056582], [0.8601926679388989, 0.1398073320611011], [0.14011967613063336, 0.8598803238693666], [0.007745028202324589, 0.9922549717976754], [0.8115247288291868, 0.18847527117081322], [0.4793924490004322, 0.5206075509995678], [0.874530975257776, 0.125469024742224], [0.05259043629638904, 0.947409563703611], [0.16308324208436575, 0.8369167579156342], [0.03254589061024804, 0.967454109389752], [0.4932350511389204, 0.5067649488610796], [0.4650141774484625, 0.5349858225515375]]}}