{"test": {"ids": ["16", "21", "41", "50", "23", "2", "8", "30", "20", "4", "58", "49"], "labels": [1, 1, 0, 1, 0, 0, 1, 0, 0, 0, 0, 0], "predicted_labels": [0, 0, 0, 1, 1, 1, 0, 0, 1, 0, 0, 1], "confidence_scores": [[0.8480030086225957, 0.15199699137740427], [0.7815228199721846, 0.2184771800278153], [0.5691541953317687, 0.43084580466823125], [0.37478334709378036, 0.6252166529062196], [0.2270553706477615, 0.7729446293522385], [0.3234131071077184, 0.6765868928922816], [0.7276413128274491, 0.27235868717255085], [0.732635091746222, 0.267364908253778], [0.2770656774781055, 0.7229343225218945], [0.6382954824678043, 0.3617045175321957], [0.7467646674874457, 0.2532353325125543], [0.08143506150058955, 0.9185649384994105]]}, "rewritten": {"ids": ["2", "4", "8", "16", "20", "21", "23", "30", "41", "49", "50", "58"], "labels": [0, 0, 1, 1, 0, 1, 0, 0, 0, 0, 1, 0], "predicted_labels": [0, 0, 0, 0, 0, 0, 0, 0, 0, 0, 0, 0], "confidence_scores": [[0.7777929017696945, 0.22220709823030552], [0.8975053483904917, 0.10249465160950832], [0.9794253620888038, 0.020574637911196226], [0.899267215528073, 0.10073278447192698], [0.6468822140349566, 0.35311778596504334], [0.7688981549781408, 0.23110184502185915], [0.9412440311284829, 0.05875596887151712], [0.9833185154050357, 0.016681484594964286], [0.558476371586031, 0.4415236284139689], [0.7957845269451869, 0.2042154730548131], [0.8439731115298283, 0.1560268884701717], [0.9371647362239881, 0.06283526377601187]]}}