{"test": {"ids": ["0", "49", "2", "57", "5", "42", "11", "25", "46", "27", "4", "14"], "labels": [1, 0, 1, 1, 0, 0, 0, 1, 0, 1, 1, 1], "predicted_labels": [1, 1, 1, 1, 1, 1, 1, 1, 1, 1, 1, 1], "confidence_scores": [[0.5819858162833333, 0.4180141837166666], [0.5843589071843038, 0.41564109281569633], [0.5785597491437198, 0.4214402508562801], [0.5875643716832185, 0.4124356283167816], [0.5761597125763361, 0.4238402874236638], [0.5798103973879299, 0.4201896026120701], [0.5813113207424309, 0.4186886792575692], [0.5806718032954178, 0.4193281967045823], [0.5872849389477659, 0.4127150610522342], [0.5817921281612192, 0.41820787183878066], [0.5802349830792977, 0.41976501692070245], [0.5798077407041733, 0.42019225929582665]]}, "rewritten": {"ids": ["0", "2", "4", "5", "11", "14", "25", "27", "42", "46", "49", "57"], "labels": [1, 1, 1, 0, 0, 1, 1, 1, 0, 0, 0, 1], "predicted_labels": [1, 1, 1, 1, 1, 1, 1, 1, 1, 1, 1, 1], "confidence_scores": [[0.5831646039955517, 0.4168353960044484], [0.5784131426038623, 0.42158685739613755], [0.58005280291291, 0.4199471970870901], [0.5767969260024028, 0.42320307399759716], [0.5803552699114425, 0.4196447300885575], [0.5803425014868826, 0.4196574985131175], [0.5804821463202953, 0.41951785367970473], [0.5845637290454815, 0.4154362709545185], [0.5804016533149966, 0.4195983466850033], [0.5845461056172323, 0.4154538943827676], [0.5817902242534915, 0.4182097757465084], [0.5853084587521341, 0.4146915412478657]]}}