{"test": {"ids": ["35", "50", "44", "10", "28", "30", "0", "3", "45", "21", "23", "41"], "labels": [0, 1, 1, 0, 0, 1, 0, 0, 1, 1, 0, 1], "predicted_labels": [1, 0, 0, 1, 1, 0, 0, 1, 1, 0, 1, 1], "confidence_scores": [[0.32241142116898536, 0.6775885788310146], [0.5800899216625144, 0.4199100783374856], [0.5885848801285076, 0.41141511987149243], [0.32241142116898536, 0.6775885788310146], [0.32241142116898536, 0.6775885788310146], [0.5971821636127922, 0.4028178363872078], [0.5891371156590244, 0.4108628843409756], [0.4991622264822353, 0.5008377735177647], [0.4142800732083507, 0.5857199267916493], [0.5879692736571813, 0.4120307263428186], [0.32241142116898536, 0.6775885788310146], [0.4920087430126847, 0.5079912569873153]]}, "rewritten": {"ids": ["0", "3", "10", "21", "23", "28", "30", "35", "41", "44", "45", "50"], "labels": [0, 0, 0, 1, 0, 0, 1, 0, 1, 1, 1, 1], "predicted_labels": [0, 1, 1, 0, 1, 1, 1, 1, 1, 1, 1, 1], "confidence_scores": [[0.5813519753743859, 0.4186480246256141], [0.32241142116898536, 0.6775885788310146], [0.32241142116898536, 0.6775885788310146], [0.5802250954344761, 0.4197749045655239], [0.32241142116898536, 0.6775885788310146], [0.32241142116898536, 0.6775885788310146], [0.32241142116898536, 0.6775885788310146], [0.32241142116898536, 0.6775885788310146], [0.4930408202797255, 0.5069591797202745], [0.32241142116898536, 0.6775885788310146], [0.4142800732083507, 0.5857199267916493], [0.32241142116898536, 0.6775885788310146]]}}