{"test": {"ids": ["46", "48", "38", "21", "0", "28", "9", "53", "14", "43", "37", "24"], "labels": [0, 1, 0, 1, 0, 1, 0, 0, 0, 0, 0, 1], "predicted_labels": [0, 0, 0, 0, 0, 1, 1, 0, 1, 0, 1, 0], "confidence_scores": [[0.7598466379465916, 0.24015336205340848], [0.9587680495403452, 0.04123195045965478], [0.9360952929513019, 0.0639047070486981], [0.7688639077755052, 0.23113609222449485], [0.9717748920518509, 0.02822510794814915], [0.32558705314003344, 0.6744129468599666], [0.2600966029195433, 0.7399033970804567], [0.8195960752973479, 0.18040392470265215], [0.16922932695253334, 0.8307706730474667], [0.7696794776924772, 0.23032052230752276], [0.29699519697375065, 0.7030048030262493], [0.8160022623988499, 0.18399773760115007]]}}