{"test": {"ids": ["30", "34", "38", "56", "0", "45", "18", "50", "4", "44", "13"], "labels": [1, 0, 1, 0, 1, 1, 1, 1, 1, 1, 0], "predicted_labels": [1, 0, 1, 1, 0, 1, 0, 1, 0, 1, 0], "confidence_scores": [[0.46266889819361756, 0.5373311018063824], [0.576168153667585, 0.423831846332415], [0.40222106489188736, 0.5977789351081126], [0.34539853148704136, 0.6546014685129586], [0.5257838100944133, 0.47421618990558667], [0.3963617494229593, 0.6036382505770407], [0.5961699646838841, 0.4038300353161159], [0.34539853148704136, 0.6546014685129586], [0.5710921690903443, 0.4289078309096557], [0.34539853148704136, 0.6546014685129586], [0.6201404773634808, 0.37985952263651923]]}, "rewritten": {"ids": ["0", "4", "13", "18", "30", "34", "38", "44", "45", "50", "56"], "labels": [1, 1, 0, 1, 1, 0, 1, 1, 1, 1, 0], "predicted_labels": [0, 0, 0, 0, 1, 0, 1, 0, 0, 1, 0], "confidence_scores": [[0.5710921690903443, 0.4289078309096557], [0.5257838100944133, 0.47421618990558667], [0.6201404773634808, 0.37985952263651923], [0.6201404773634808, 0.37985952263651923], [0.4708763601863776, 0.5291236398136224], [0.6201404773634808, 0.37985952263651923], [0.40320798126345225, 0.5967920187365477], [0.5526673145562105, 0.44733268544378946], [0.5961699646838841, 0.4038300353161159], [0.46300521510241344, 0.5369947848975866], [0.6201404773634808, 0.37985952263651923]]}}