{"test": {"ids": ["27", "8", "14", "45", "6", "53", "7", "12", "16", "34", "28", "9"], "labels": [1, 1, 1, 1, 0, 0, 0, 1, 1, 0, 1, 1], "predicted_labels": [1, 1, 1, 1, 1, 0, 1, 1, 1, 1, 0, 1], "confidence_scores": [[0.0298100434894355, 0.9701899565105645], [0.20645899138515922, 0.7935410086148408], [0.043170631332379195, 0.9568293686676208], [0.09639151724359785, 0.9036084827564022], [0.07052462243277291, 0.9294753775672271], [0.8982093483357964, 0.10179065166420366], [0.2671273279854246, 0.7328726720145754], [0.05918908832556802, 0.940810911674432], [0.03289184072151308, 0.9671081592784869], [0.12476065882221454, 0.8752393411777855], [0.8806630766154396, 0.11933692338456037], [0.27364124439730997, 0.72635875560269]]}, "rewritten": {"ids": ["6", "7", "8", "9", "12", "14", "16", "27", "28", "34", "45", "53"], "labels": [0, 0, 1, 1, 1, 1, 1, 1, 1, 0, 1, 0], "predicted_labels": [0, 0, 0, 0, 0, 1, 1, 1, 0, 0, 0, 0], "confidence_scores": [[0.903587910112135, 0.09641208988786497], [0.910662049251183, 0.089337950748817], [0.7055343343142526, 0.2944656656857474], [0.7155324190479997, 0.28446758095200037], [0.9268149075432506, 0.07318509245674938], [0.18946090735272503, 0.810539092647275], [0.08204649177652812, 0.9179535082234719], [0.21309458912759005, 0.78690541087241], [0.8645353478495893, 0.1354646521504107], [0.8583506724189043, 0.1416493275810957], [0.631966035288885, 0.36803396471111505], [0.9115572927967953, 0.08844270720320464]]}}