{"test": {"ids": ["20", "50", "36", "6", "41", "40", "13", "1", "34", "29", "11", "18"], "labels": [1, 1, 0, 0, 0, 0, 0, 0, 0, 1, 0, 1], "predicted_labels": [1, 1, 1, 1, 1, 0, 1, 1, 1, 1, 1, 0], "confidence_scores": [[0.4911232840098215, 0.5088767159901785], [0.2772613669807855, 0.7227386330192145], [0.25639783598692534, 0.7436021640130747], [0.18146370775314635, 0.8185362922468536], [0.28947297338931477, 0.7105270266106852], [0.8882669812932473, 0.11173301870675272], [0.4361853511285064, 0.5638146488714936], [0.43115143829416913, 0.5688485617058309], [0.2826897596657002, 0.7173102403342998], [0.2391538291240013, 0.7608461708759987], [0.25480395216666685, 0.7451960478333332], [0.5650327416889582, 0.4349672583110417]]}, "rewritten": {"ids": ["1", "6", "11", "13", "18", "20", "29", "34", "36", "40", "41", "50"], "labels": [0, 0, 0, 0, 1, 1, 1, 0, 0, 0, 0, 1], "predicted_labels": [0, 1, 1, 0, 0, 1, 1, 1, 1, 0, 0, 1], "confidence_scores": [[0.5477917025001399, 0.45220829749986013], [0.3829452074354198, 0.6170547925645802], [0.13251213677721962, 0.8674878632227804], [0.5749734255902352, 0.42502657440976477], [0.8428526686232768, 0.15714733137672318], [0.47525454927904764, 0.5247454507209524], [0.3349713654779505, 0.6650286345220495], [0.29226508017689, 0.70773491982311], [0.2732648276442978, 0.7267351723557022], [0.857898954776487, 0.14210104522351297], [0.799132071610279, 0.20086792838972095], [0.4455727712226627, 0.5544272287773373]]}}