{"test": {"ids": ["0", "32", "55", "47", "2", "46", "58", "8", "43", "48", "3", "36"], "labels": [0, 0, 1, 1, 0, 0, 0, 1, 0, 1, 1, 1], "predicted_labels": [0, 1, 0, 0, 0, 0, 0, 1, 1, 0, 0, 0], "confidence_scores": [[0.9735029304024094, 0.02649706959759053], [0.21569965284142, 0.78430034715858], [0.9686460608829263, 0.03135393911707372], [0.9732496858214659, 0.026750314178534136], [0.7439016973950408, 0.2560983026049592], [0.9967803276912476, 0.0032196723087524024], [0.9709231380282042, 0.02907686197179582], [0.4737917321962273, 0.5262082678037727], [0.07246731725454181, 0.9275326827454582], [0.5402837985232055, 0.4597162014767945], [0.9507610525976365, 0.049238947402363495], [0.7997234151092973, 0.2002765848907027]]}, "rewritten": {"ids": ["0", "2", "3", "8", "32", "36", "43", "46", "47", "48", "55", "58"], "labels": [0, 0, 1, 1, 0, 1, 0, 0, 1, 1, 1, 0], "predicted_labels": [0, 1, 0, 1, 1, 0, 1, 0, 0, 1, 0, 0], "confidence_scores": [[0.9972334565190494, 0.0027665434809506523], [0.25867078687199674, 0.7413292131280033], [0.8446129463276232, 0.15538705367237685], [0.02630111955155312, 0.9736988804484469], [0.11123491349966386, 0.8887650865003361], [0.7721750811453076, 0.22782491885469236], [0.016799697074571296, 0.9832003029254287], [0.8132793240234171, 0.18672067597658298], [0.9591612172725705, 0.0408387827274295], [0.18305683404902617, 0.8169431659509738], [0.9010168726144634, 0.09898312738553659], [0.9587577276644736, 0.04124227233552634]]}}