{"test": {"ids": ["23", "6", "57", "52", "34", "38", "28", "50", "18", "17", "11"], "labels": [0, 1, 0, 1, 1, 0, 1, 1, 0, 0, 0], "predicted_labels": [1, 1, 0, 0, 0, 0, 1, 1, 0, 0, 1], "confidence_scores": [[0.3173839833703166, 0.6826160166296834], [0.4228350611737238, 0.5771649388262762], [0.5835460836986386, 0.41645391630136147], [0.987265083401106, 0.012734916598894018], [0.9486062529266889, 0.051393747073311076], [0.732509258605587, 0.267490741394413], [0.4348433742851868, 0.5651566257148132], [0.4822841850881563, 0.5177158149118437], [0.8785357589526956, 0.1214642410473043], [0.6158329509412248, 0.3841670490587752], [0.4240544586032188, 0.5759455413967812]]}, "rewritten": {"ids": ["6", "11", "17", "18", "23", "28", "34", "38", "50", "52", "57"], "labels": [1, 0, 0, 0, 0, 1, 1, 0, 1, 1, 0], "predicted_labels": [0, 0, 0, 0, 0, 0, 0, 0, 0, 0, 0], "confidence_scores": [[0.995244541668954, 0.00475545833104596], [0.9478581233192077, 0.05214187668079232], [0.999290202679864, 0.0007097973201360266], [0.9994774644317145, 0.0005225355682855292], [0.9871306877524906, 0.01286931224750939], [0.7477193387849509, 0.2522806612150491], [0.9894098854556534, 0.010590114544346496], [0.9975267312443116, 0.002473268755688403], [0.9917235480876091, 0.008276451912390875], [0.9996941989045072, 0.00030580109549287806], [0.9986625123977987, 0.0013374876022013535]]}}