{"test": {"ids": ["14", "3", "36", "11", "0", "44", "9", "27", "51", "19", "28", "52"], "labels": [1, 1, 0, 0, 1, 0, 1, 1, 0, 0, 1, 0], "predicted_labels": [1, 1, 1, 1, 0, 1, 1, 1, 0, 1, 0, 1], "confidence_scores": [[0.3974234336125887, 0.6025765663874113], [0.3974234336125887, 0.6025765663874113], [0.3974234336125887, 0.6025765663874113], [0.3974234336125887, 0.6025765663874113], [0.545881226110002, 0.454118773889998], [0.3974234336125887, 0.6025765663874113], [0.3974234336125887, 0.6025765663874113], [0.3974234336125887, 0.6025765663874113], [0.5368643013744561, 0.463135698625544], [0.3974234336125887, 0.6025765663874113], [0.5180727007002951, 0.4819272992997049], [0.3974234336125887, 0.6025765663874113]]}, "rewritten": {"ids": ["0", "3", "9", "11", "14", "19", "27", "28", "36", "44", "51", "52"], "labels": [1, 1, 1, 0, 1, 0, 1, 1, 0, 0, 0, 0], "predicted_labels": [1, 1, 1, 1, 1, 1, 1, 0, 1, 1, 1, 1], "confidence_scores": [[0.3974234336125887, 0.6025765663874113], [0.3974234336125887, 0.6025765663874113], [0.3974234336125887, 0.6025765663874113], [0.3974234336125887, 0.6025765663874113], [0.40594392827157133, 0.5940560717284287], [0.3974234336125887, 0.6025765663874113], [0.40594392827157133, 0.5940560717284287], [0.5180727007002951, 0.4819272992997049], [0.4058780607713307, 0.5941219392286693], [0.3974234336125887, 0.6025765663874113], [0.3974234336125887, 0.6025765663874113], [0.3974234336125887, 0.6025765663874113]]}}