{"test": {"ids": ["27", "43", "10", "23", "21", "41", "5", "36", "11", "44", "40", "52"], "labels": [1, 1, 1, 1, 1, 0, 0, 0, 0, 1, 0, 0], "predicted_labels": [1, 1, 1, 1, 1, 1, 1, 1, 1, 0, 0, 1], "confidence_scores": [[0.34049294864578183, 0.659507051354219], [0.3846760300982129, 0.615323969901788], [0.3579970037753783, 0.6420029962246221], [0.4527620163170164, 0.5472379836829836], [0.36224331598756787, 0.6377566840124332], [0.35335384614368626, 0.6466461538563151], [0.45617433802867263, 0.5438256619713279], [0.33885987528826006, 0.6611401247117401], [0.38039604423627127, 0.6196039557637295], [0.5275795558433428, 0.4724204441566569], [0.5271870581052931, 0.47281294189470685], [0.4567693274150805, 0.5432306725849193]]}, "rewritten": {"ids": ["5", "10", "11", "21", "23", "27", "36", "40", "41", "43", "44", "52"], "labels": [0, 1, 0, 1, 1, 1, 0, 0, 0, 1, 1, 0], "predicted_labels": [1, 1, 1, 1, 1, 1, 1, 1, 1, 1, 1, 1], "confidence_scores": [[0.457506806188308, 0.5424931938116921], [0.3856013516825233, 0.6143986483174773], [0.39940941425978066, 0.6005905857402202], [0.45373110777094766, 0.5462688922290525], [0.48389029028762803, 0.516109709712372], [0.30973655878521233, 0.6902634412147884], [0.32974253473407755, 0.6702574652659234], [0.4843188485027181, 0.5156811514972817], [0.4024868340622003, 0.5975131659378008], [0.38192446848473177, 0.6180755315152687], [0.4394196053621077, 0.5605803946378924], [0.42527642323120146, 0.574723576768799]]}}