{"test": {"ids": ["9", "41", "40", "6", "29", "5", "49", "7", "16", "37", "55", "4"], "labels": [0, 0, 1, 1, 1, 1, 0, 1, 1, 0, 1, 0], "predicted_labels": [0, 0, 0, 0, 0, 0, 0, 0, 0, 0, 0, 0], "confidence_scores": [[0.45369029257894267, 0.5463097074210573], [0.7409373036672723, 0.2590626963327277], [0.627438178246683, 0.37256182175331704], [0.29931401267860896, 0.7006859873213914], [0.5943833248759158, 0.4056166751240842], [0.34233332064521627, 0.657666679354784], [0.6636134799659578, 0.33638652003404224], [0.1686057600296407, 0.8313942399703594], [0.5238968575210833, 0.47610314247891666], [0.5483586644786707, 0.45164133552132935], [0.5939859659081341, 0.4060140340918658], [0.5336758067756096, 0.46632419322439067]]}, "rewritten": {"ids": ["4", "5", "6", "7", "9", "16", "29", "37", "40", "41", "49", "55"], "labels": [0, 1, 1, 1, 0, 1, 1, 0, 1, 0, 0, 1], "predicted_labels": [0, 0, 0, 0, 0, 0, 0, 0, 0, 0, 0, 0], "confidence_scores": [[0.6453164177563238, 0.35468358224367624], [0.5870013110900472, 0.4129986889099528], [0.3186798288992848, 0.6813201711007152], [0.46449750103399773, 0.5355024989660024], [0.4236784975181869, 0.5763215024818131], [0.4283535317407079, 0.571646468259292], [0.42553455778720345, 0.5744654422127965], [0.414968428452805, 0.5850315715471949], [0.49441973081634283, 0.5055802691836572], [0.42181301901676727, 0.5781869809832327], [0.6926534958770616, 0.30734650412293824], [0.6904365094309984, 0.3095634905690016]]}}