{"test": {"ids": ["48", "13", "27", "16", "14", "33", "17", "10", "9", "7", "18", "8"], "labels": [1, 0, 1, 1, 0, 1, 0, 0, 0, 1, 0, 1], "predicted_labels": [0, 1, 1, 1, 1, 0, 0, 1, 0, 1, 0, 1], "confidence_scores": [[0.8771817095140387, 0.12281829048596123], [0.022426761923672878, 0.9775732380763271], [0.022426761923672878, 0.9775732380763271], [0.030554536522413578, 0.9694454634775864], [0.022426761923672878, 0.9775732380763271], [0.9467449579790227, 0.05325504202097731], [0.9232894111923419, 0.07671058880765809], [0.030554536522413578, 0.9694454634775864], [0.6184168813368529, 0.38158311866314715], [0.030554536522413578, 0.9694454634775864], [0.9587869076373864, 0.041213092362613654], [0.022426761923672878, 0.9775732380763271]]}, "rewritten": {"ids": ["7", "8", "9", "10", "13", "14", "16", "17", "18", "27", "33", "48"], "labels": [1, 1, 0, 0, 0, 0, 1, 0, 0, 1, 1, 1], "predicted_labels": [1, 0, 1, 1, 1, 1, 1, 0, 1, 1, 0, 1], "confidence_scores": [[0.022426761923672878, 0.9775732380763271], [0.9693962236229632, 0.030603776377036825], [0.4661259662051317, 0.5338740337948683], [0.022426761923672878, 0.9775732380763271], [0.022426761923672878, 0.9775732380763271], [0.022426761923672878, 0.9775732380763271], [0.022426761923672878, 0.9775732380763271], [0.9694435390928642, 0.0305564609071358], [0.022426761923672878, 0.9775732380763271], [0.022426761923672878, 0.9775732380763271], [0.9694660352811632, 0.03053396471883689], [0.022426761923672878, 0.9775732380763271]]}}