{"test": {"ids": ["33", "2", "3", "15", "41", "1", "37", "35", "55", "8", "18", "28"], "labels": [0, 1, 1, 0, 1, 0, 1, 0, 0, 0, 1, 1], "predicted_labels": [0, 1, 1, 1, 0, 0, 1, 1, 1, 0, 1, 0], "confidence_scores": [[0.5262841997508584, 0.4737158002491416], [0.4060115298815241, 0.5939884701184759], [0.41548876676773505, 0.584511233232265], [0.3974234336125887, 0.6025765663874113], [0.545881226110002, 0.454118773889998], [0.545881226110002, 0.454118773889998], [0.4994811168804102, 0.5005188831195898], [0.42436619052796143, 0.5756338094720386], [0.4353390462832055, 0.5646609537167945], [0.5370093248136727, 0.46299067518632736], [0.4068913647225909, 0.5931086352774091], [0.5265779940466876, 0.4734220059533124]]}, "rewritten": {"ids": ["1", "2", "8", "15", "18", "28", "33", "35", "37", "41", "55"], "labels": [0, 1, 0, 0, 1, 1, 0, 0, 1, 1, 0], "predicted_labels": [0, 1, 1, 1, 1, 0, 1, 1, 1, 0, 1], "confidence_scores": [[0.545881226110002, 0.454118773889998], [0.3974234336125887, 0.6025765663874113], [0.40594392827157133, 0.5940560717284287], [0.40594392827157133, 0.5940560717284287], [0.4062254202356381, 0.5937745797643619], [0.5083677159431127, 0.4916322840568873], [0.4242784584263274, 0.5757215415736726], [0.4152925536866595, 0.5847074463133405], [0.49976698801399166, 0.5002330119860083], [0.545881226110002, 0.454118773889998], [0.42568425879052174, 0.5743157412094783]]}}