{"test": {"ids": ["47", "41", "17", "0", "33", "7", "53", "10", "34", "32", "20", "24"], "labels": [1, 1, 1, 1, 0, 0, 1, 1, 0, 0, 0, 0], "predicted_labels": [1, 1, 0, 0, 0, 1, 1, 1, 1, 1, 1, 1], "confidence_scores": [[0.3917851920611207, 0.6082148079388794], [0.40720980773612325, 0.5927901922638765], [0.5189644383394382, 0.4810355616605617], [0.5149994333152228, 0.4850005666847772], [0.5294060453435455, 0.47059395465645465], [0.47512369940001525, 0.5248763005999848], [0.4804251443001442, 0.5195748556998557], [0.4274039483907907, 0.5725960516092095], [0.40465716840349203, 0.5953428315965081], [0.488728132978133, 0.511271867021867], [0.4167158086796244, 0.5832841913203756], [0.4935205642310905, 0.5064794357689094]]}, "rewritten": {"ids": ["0", "7", "10", "17", "20", "24", "32", "33", "34", "41", "47", "53"], "labels": [1, 0, 1, 1, 0, 0, 0, 0, 0, 1, 1, 1], "predicted_labels": [1, 1, 1, 1, 1, 1, 0, 0, 1, 1, 1, 1], "confidence_scores": [[0.4829242715488845, 0.5170757284511155], [0.4632064306307726, 0.5367935693692273], [0.4085560517698675, 0.5914439482301325], [0.46366511266511234, 0.5363348873348877], [0.4164705114931506, 0.5835294885068493], [0.4741717934842933, 0.5258282065157066], [0.526301905610729, 0.473698094389271], [0.5251776140526139, 0.4748223859473861], [0.4620067954706113, 0.5379932045293888], [0.4146740232591624, 0.5853259767408374], [0.440600217313646, 0.559399782686354], [0.4816946525696523, 0.5183053474303476]]}}