{"test": {"ids": ["5", "37", "55", "46", "33", "19", "21", "24", "8", "11", "30", "20"], "labels": [0, 1, 1, 0, 0, 0, 1, 0, 1, 0, 1, 1], "predicted_labels": [0, 1, 1, 1, 0, 0, 1, 0, 1, 1, 0, 1], "confidence_scores": [[0.6468535251297736, 0.3531464748702265], [0.3924779023299817, 0.6075220976700183], [0.35890052315199106, 0.6410994768480089], [0.49017301934258584, 0.5098269806574142], [0.7669714676698631, 0.23302853233013684], [0.7809055911612214, 0.21909440883877862], [0.2876421542920117, 0.7123578457079883], [0.7486829648043631, 0.2513170351956368], [0.4439989176678064, 0.5560010823321936], [0.41456416340820557, 0.5854358365917944], [0.5338668177538561, 0.4661331822461438], [0.4399378986249519, 0.5600621013750481]]}, "rewritten": {"ids": ["5", "8", "11", "19", "20", "21", "24", "30", "33", "37", "46", "55"], "labels": [0, 1, 0, 0, 1, 1, 0, 1, 0, 1, 0, 1], "predicted_labels": [0, 0, 0, 0, 0, 0, 0, 0, 0, 0, 0, 0], "confidence_scores": [[0.6670448286121948, 0.3329551713878051], [0.6553215435279939, 0.3446784564720061], [0.569102754563009, 0.430897245436991], [0.7047699703629036, 0.2952300296370964], [0.7799043812315755, 0.22009561876842457], [0.5452750894892231, 0.45472491051077685], [0.7535638050069431, 0.24643619499305697], [0.5321296845240255, 0.46787031547597446], [0.7468138037353054, 0.2531861962646947], [0.5863904458375602, 0.4136095541624398], [0.665093022420174, 0.334906977579826], [0.7410755839249117, 0.2589244160750883]]}}