{"test": {"ids": ["29", "19", "7", "41", "1", "34", "12", "54", "13", "5", "14", "30"], "labels": [1, 0, 0, 0, 0, 0, 1, 0, 0, 0, 1, 1], "predicted_labels": [1, 1, 1, 1, 0, 1, 1, 1, 1, 1, 1, 0], "confidence_scores": [[0.36958736257017294, 0.630412637429827], [0.22924510195176434, 0.7707548980482358], [0.062351238730195595, 0.9376487612698045], [0.38099803414781236, 0.6190019658521876], [0.7273983863436577, 0.2726016136563423], [0.46205676404958496, 0.5379432359504149], [0.04567228775944875, 0.9543277122405512], [0.2331697632692779, 0.766830236730722], [0.6340136493800692, 0.3659863506199307], [0.06435557885543926, 0.9356444211445608], [0.3790904385108042, 0.6209095614891957], [0.7443097393753648, 0.255690260624635]]}}