{"test": {"ids": ["34", "58", "37", "45", "52", "50", "15", "5", "17", "7", "6", "20"], "labels": [0, 0, 1, 1, 1, 1, 1, 0, 1, 1, 1, 0], "predicted_labels": [0, 1, 0, 0, 1, 1, 0, 0, 0, 0, 0, 0], "confidence_scores": [[0.9558997260492264, 0.04410027395077364], [0.24103768676607173, 0.7589623132339283], [0.7993950574148323, 0.20060494258516764], [0.701681826653912, 0.29831817334608807], [0.06230128709675631, 0.9376987129032437], [0.1579619099665378, 0.8420380900334622], [0.8093144921542311, 0.19068550784576888], [0.8237829418810784, 0.1762170581189216], [0.7336372965940652, 0.2663627034059348], [0.9689628674937432, 0.031037132506256844], [0.634654956806203, 0.36534504319379696], [0.735033086476167, 0.26496691352383295]]}, "rewritten": {"ids": ["5", "6", "7", "15", "17", "20", "34", "37", "45", "50", "52", "58"], "labels": [0, 1, 1, 1, 1, 0, 0, 1, 1, 1, 1, 0], "predicted_labels": [0, 0, 0, 0, 0, 1, 0, 0, 0, 1, 1, 1], "confidence_scores": [[0.8929135015620706, 0.10708649843792943], [0.6960597519468953, 0.3039402480531047], [0.9931156843252195, 0.006884315674780583], [0.8844273133408586, 0.1155726866591414], [0.9110175376416098, 0.08898246235839022], [0.4454270452296385, 0.5545729547703615], [0.891000188069378, 0.10899981193062207], [0.9683955470058672, 0.031604452994132885], [0.6405739750065798, 0.35942602499342025], [0.3924336389588958, 0.6075663610411042], [0.07236345586262993, 0.9276365441373701], [0.28334346962394474, 0.7166565303760553]]}}