{"test": {"ids": ["12", "1", "4", "32", "40", "25", "51", "53", "23", "39", "57", "10"], "labels": [1, 0, 1, 0, 0, 0, 1, 1, 0, 1, 1, 0], "predicted_labels": [1, 1, 0, 1, 1, 1, 1, 1, 1, 1, 1, 1], "confidence_scores": [[0.3637814407814406, 0.6362185592185593], [0.3537540931290931, 0.6462459068709069], [0.5776888666888667, 0.4223111333111334], [0.32326602564102563, 0.6767339743589745], [0.3248215811965811, 0.6751784188034188], [0.4287731990231991, 0.571226800976801], [0.3720037878787879, 0.6279962121212123], [0.32640895215895216, 0.6735910478410478], [0.415266169288228, 0.5847338307117721], [0.4177519841269843, 0.5822480158730158], [0.3450436507936508, 0.6549563492063492], [0.36088919413919407, 0.6391108058608058]]}, "rewritten": {"ids": ["1", "4", "10", "12", "23", "25", "32", "39", "40", "51", "53", "57"], "labels": [0, 1, 0, 1, 0, 0, 0, 1, 0, 1, 1, 1], "predicted_labels": [1, 0, 1, 1, 1, 1, 1, 1, 1, 1, 1, 1], "confidence_scores": [[0.397181166056166, 0.6028188339438337], [0.5500860528360528, 0.4499139471639472], [0.3305499084249085, 0.6694500915750916], [0.4536323260073259, 0.546367673992674], [0.4103897213897214, 0.5896102786102785], [0.44770695970695973, 0.5522930402930403], [0.48447878510378506, 0.5155212148962149], [0.47010119047619037, 0.5298988095238095], [0.38161136086136077, 0.6183886391386392], [0.39933315295815297, 0.6006668470418469], [0.4523340964590964, 0.5476659035409035], [0.4696019536019536, 0.5303980463980463]]}}