{"test": {"ids": ["49", "43", "13", "48", "24", "56", "18", "1", "14", "51", "36", "37"], "labels": [0, 0, 0, 1, 1, 0, 0, 0, 0, 0, 1, 0], "predicted_labels": [0, 1, 0, 0, 0, 1, 0, 1, 1, 0, 0, 1], "confidence_scores": [[0.5716922611702021, 0.4283077388297978], [0.4564849758085052, 0.5435150241914947], [0.5263404377485259, 0.4736595622514741], [0.5919476516130926, 0.4080523483869072], [0.5728716581620992, 0.4271283418379006], [0.440349652798182, 0.5596503472018179], [0.5090469967124378, 0.4909530032875622], [0.48101497848556657, 0.5189850215144335], [0.4432949019934312, 0.556705098006569], [0.5275557775557772, 0.4724442224442227], [0.5333033424908421, 0.4666966575091578], [0.4519022044132337, 0.5480977955867665]]}, "rewritten": {"ids": ["1", "13", "14", "18", "24", "36", "37", "43", "48", "49", "51", "56"], "labels": [0, 0, 0, 0, 1, 1, 0, 0, 1, 0, 0, 0], "predicted_labels": [1, 1, 1, 1, 1, 0, 1, 1, 0, 0, 1, 1], "confidence_scores": [[0.4569684416890298, 0.5430315583109703], [0.4821926198801198, 0.5178073801198803], [0.4161190916926209, 0.5838809083073792], [0.4600569593804887, 0.5399430406195114], [0.4369808822713235, 0.5630191177286766], [0.5585730935730931, 0.4414269064269067], [0.42047105223208164, 0.5795289477679187], [0.4933803769759651, 0.506619623024035], [0.5117852449837741, 0.4882147550162259], [0.552769420122361, 0.44723057987763887], [0.4497524142524141, 0.550247585747586], [0.4571131254366547, 0.5428868745633453]]}}