{"test": {"ids": ["21", "4", "23", "27", "40", "43", "45", "9", "3", "37", "33", "1"], "labels": [1, 0, 0, 1, 1, 0, 1, 0, 1, 0, 1, 0], "predicted_labels": [0, 0, 0, 0, 0, 0, 0, 0, 0, 0, 0, 0], "confidence_scores": [[0.6629275416341472, 0.33707245836585276], [0.45045366875790804, 0.5495463312420922], [0.5570481127591974, 0.44295188724080253], [0.5604987737196606, 0.4395012262803395], [0.3830696554698291, 0.6169303445301709], [0.3863950089191181, 0.613604991080882], [0.4466817425584984, 0.5533182574415013], [0.7078786792263122, 0.2921213207736877], [0.695667545140544, 0.30433245485945615], [0.724574930392196, 0.275425069607804], [0.7953671294383203, 0.2046328705616797], [0.5347865325762602, 0.4652134674237398]]}}