{"test": {"ids": ["24", "39", "7", "30", "33", "8", "18", "27", "34", "41", "46", "57"], "labels": [0, 1, 1, 1, 0, 0, 1, 1, 0, 1, 1, 1], "predicted_labels": [1, 0, 0, 1, 0, 1, 0, 1, 0, 1, 1, 1], "confidence_scores": [[0.051091496440010764, 0.9489085035599892], [0.9365228265115222, 0.06347717348847785], [0.9652849042056137, 0.034715095794386266], [0.40925816577584917, 0.5907418342241508], [0.6729726331091439, 0.32702736689085604], [0.17346769282228425, 0.8265323071777158], [0.9953328641227166, 0.004667135877283367], [0.27419161745228116, 0.7258083825477188], [0.9941793775094548, 0.00582062249054514], [0.00041018750563059925, 0.9995898124943694], [0.13862692423453749, 0.8613730757654625], [0.02752632784891229, 0.9724736721510877]]}, "rewritten": {"ids": ["7", "8", "18", "27", "30", "33", "34", "39", "41", "46", "57"], "labels": [1, 0, 1, 1, 1, 0, 0, 1, 1, 1, 1], "predicted_labels": [0, 1, 0, 1, 1, 0, 0, 0, 1, 1, 0], "confidence_scores": [[0.9934022369232335, 0.006597763076766507], [0.47486628091930916, 0.5251337190806908], [0.993677190437405, 0.006322809562595007], [0.042395062147457474, 0.9576049378525425], [0.4595493598687225, 0.5404506401312775], [0.9885636203441863, 0.011436379655813653], [0.9420888022762097, 0.057911197723790296], [0.8247751665451563, 0.17522483345484377], [3.669490714142132e-05, 0.9999633050928586], [0.34834119207992953, 0.6516588079200705], [0.8075293399576073, 0.19247066004239272]]}}