{"test": {"ids": ["39", "56", "14", "16", "40", "12", "6", "54", "24", "44", "1", "8"], "labels": [1, 0, 1, 1, 0, 1, 1, 0, 0, 0, 0, 0], "predicted_labels": [1, 0, 1, 1, 0, 1, 1, 1, 1, 0, 1, 1], "confidence_scores": [[0.4232266981152185, 0.5767733018847815], [0.5269919921567514, 0.47300800784324865], [0.47940093331781963, 0.5205990666821804], [0.432939054972183, 0.567060945027817], [0.5083363733199975, 0.4916636266800026], [0.3785174235341541, 0.6214825764658459], [0.4139397118684498, 0.5860602881315502], [0.4889972479430683, 0.5110027520569317], [0.3785174235341541, 0.6214825764658459], [0.5269919921567514, 0.47300800784324865], [0.4238447210541276, 0.5761552789458724], [0.3785174235341541, 0.6214825764658459]]}, "rewritten": {"ids": ["1", "6", "8", "12", "14", "16", "24", "39", "40", "44", "54", "56"], "labels": [0, 1, 0, 1, 1, 1, 0, 1, 0, 0, 0, 0], "predicted_labels": [1, 1, 1, 1, 1, 1, 1, 1, 1, 1, 1, 1], "confidence_scores": [[0.4139397118684498, 0.5860602881315502], [0.40518537776742425, 0.5948146222325758], [0.45193310303613454, 0.5480668969638655], [0.4702260943983263, 0.5297739056016737], [0.4238447210541276, 0.5761552789458724], [0.38753520211551684, 0.6124647978844832], [0.3785174235341541, 0.6214825764658459], [0.4139397118684498, 0.5860602881315502], [0.3785174235341541, 0.6214825764658459], [0.3785174235341541, 0.6214825764658459], [0.497900318478677, 0.502099681521323], [0.49837878114058076, 0.5016212188594192]]}}