{"test": {"ids": ["10", "9", "7", "57", "39", "37", "53", "19", "17", "4", "50", "42"], "labels": [1, 1, 0, 1, 1, 1, 1, 0, 1, 1, 1, 0], "predicted_labels": [0, 1, 0, 1, 0, 0, 0, 0, 0, 0, 0, 0], "confidence_scores": [[0.5249004301545108, 0.4750995698454892], [0.5662296864189551, 0.433770313581045], [0.5, 0.5], [0.5724366425780105, 0.42756335742198964], [0.5316028584366225, 0.4683971415633774], [0.5309772108464655, 0.46902278915353446], [0.5238589555274921, 0.47614104447250777], [0.4790188448174015, 0.5209811551825984], [0.5312632517867548, 0.46873674821324524], [0.5378704248673506, 0.4621295751326494], [0.510538721314157, 0.4894612786858429], [0.535397967479491, 0.46460203252050913]]}, "rewritten": {"ids": ["4", "7", "9", "10", "17", "19", "37", "39", "42", "50", "53", "57"], "labels": [1, 0, 1, 1, 1, 0, 1, 1, 0, 1, 1, 1], "predicted_labels": [0, 0, 1, 0, 1, 0, 0, 1, 0, 0, 1, 1], "confidence_scores": [[0.5370351719077159, 0.4629648280922841], [0.5076224964808396, 0.4923775035191604], [0.5629936479739182, 0.43700635202608196], [0.529354113435983, 0.47064588656401696], [0.5522547654332786, 0.4477452345667216], [0.5236912580551547, 0.4763087419448452], [0.5361334617245426, 0.4638665382754575], [0.5515651609330184, 0.44843483906698167], [0.5337406305692888, 0.46625936943071133], [0.5409347908637416, 0.4590652091362583], [0.5544526131707048, 0.44554738682929523], [0.5814117469230484, 0.4185882530769516]]}}