{"test": {"ids": ["13", "9", "11", "8", "24", "33", "18", "23", "6", "43", "35", "4"], "labels": [1, 1, 0, 0, 0, 0, 1, 0, 1, 1, 0, 1], "predicted_labels": [1, 1, 1, 1, 1, 0, 1, 1, 1, 1, 1, 1], "confidence_scores": [[0.2933107682003179, 0.7066892317996821], [0.04605123316362025, 0.9539487668363797], [0.15521170675141327, 0.8447882932485867], [0.1918346439023274, 0.8081653560976726], [0.3813904798027312, 0.6186095201972688], [0.6507298111430645, 0.3492701888569355], [0.11921933119854033, 0.8807806688014597], [0.4573765733159746, 0.5426234266840254], [0.047097778108746935, 0.9529022218912531], [0.4370531982059169, 0.5629468017940831], [0.20249429890051374, 0.7975057010994863], [0.4798831634048121, 0.5201168365951879]]}}