{"test": {"ids": ["23", "4", "10", "19", "48", "2", "45", "33", "13", "49", "20", "17"], "labels": [0, 0, 0, 1, 1, 0, 1, 1, 0, 0, 0, 0], "predicted_labels": [1, 1, 0, 0, 0, 1, 1, 1, 1, 0, 0, 1], "confidence_scores": [[0.29196204210199295, 0.708037957898007], [0.4631996324005778, 0.5368003675994222], [0.6127876112710344, 0.3872123887289656], [0.7586963710754895, 0.24130362892451052], [0.7444969157412045, 0.2555030842587955], [0.41679814180074193, 0.5832018581992581], [0.313760266278138, 0.686239733721862], [0.4530458299640976, 0.5469541700359024], [0.38057706772187283, 0.6194229322781272], [0.7433404444639472, 0.2566595555360528], [0.6207713066201774, 0.3792286933798225], [0.3890469480624609, 0.6109530519375391]]}, "rewritten": {"ids": ["2", "4", "10", "13", "17", "19", "20", "23", "33", "45", "48", "49"], "labels": [0, 0, 0, 0, 0, 1, 0, 0, 1, 1, 1, 0], "predicted_labels": [0, 0, 1, 1, 0, 0, 0, 1, 0, 1, 0, 1], "confidence_scores": [[0.7156860632113953, 0.2843139367886048], [0.578797826429139, 0.421202173570861], [0.29440418622167985, 0.7055958137783201], [0.14517954822162282, 0.8548204517783772], [0.7655438959353814, 0.23445610406461861], [0.7764193106824543, 0.2235806893175457], [0.8083417033176498, 0.19165829668235024], [0.3669839867278658, 0.6330160132721342], [0.7362563555504522, 0.26374364444954773], [0.32301377907594364, 0.6769862209240564], [0.6139418731820435, 0.3860581268179565], [0.4657951970784696, 0.5342048029215304]]}}