{"test": {"ids": ["23", "0", "50", "7", "43", "3", "10", "38", "39", "55", "56", "25"], "labels": [1, 1, 1, 0, 1, 1, 1, 1, 1, 1, 0, 1], "predicted_labels": [0, 0, 0, 1, 1, 0, 1, 1, 0, 0, 1, 0], "confidence_scores": [[0.457932852664202, 0.5420671473357981], [0.5689766004742095, 0.4310233995257905], [0.4483927521992016, 0.5516072478007984], [0.755121984407359, 0.244878015592641], [0.70865618853921, 0.29134381146079014], [0.47404538627726456, 0.5259546137227354], [0.7809003974149469, 0.2190996025850532], [0.6698823354956916, 0.33011766450430824], [0.6007675411454593, 0.3992324588545407], [0.6412473592617611, 0.3587526407382389], [0.7735266634535382, 0.22647333654646193], [0.5321202336623234, 0.4678797663376765]]}, "rewritten": {"ids": ["0", "3", "7", "10", "23", "25", "38", "39", "43", "50", "55", "56"], "labels": [1, 1, 0, 1, 1, 1, 1, 1, 1, 1, 1, 0], "predicted_labels": [1, 1, 1, 0, 0, 1, 1, 0, 1, 0, 0, 0], "confidence_scores": [[0.722011520377696, 0.27798847962230394], [0.6674395394488671, 0.3325604605511329], [0.666186489380456, 0.333813510619544], [0.6294051133963979, 0.37059488660360224], [0.6067706127085344, 0.3932293872914657], [0.8084415480122539, 0.1915584519877463], [0.6978067170201389, 0.30219328297986126], [0.6395645496797413, 0.36043545032025875], [0.6697954894585639, 0.33020451054143607], [0.6495773624674881, 0.3504226375325118], [0.6374192820513747, 0.3625807179486253], [0.5736808492568257, 0.42631915074317417]]}}