{"test": {"ids": ["28", "53", "14", "47", "9", "18", "13", "16", "51", "32", "57", "41"], "labels": [1, 0, 0, 1, 0, 0, 0, 1, 0, 0, 0, 0], "predicted_labels": [1, 1, 1, 0, 0, 0, 1, 0, 1, 1, 0, 1], "confidence_scores": [[0.2394713624097744, 0.7605286375902256], [0.4765122960669239, 0.5234877039330761], [0.3639002571031482, 0.6360997428968518], [0.8676498499410732, 0.1323501500589268], [0.7763817002546672, 0.22361829974533276], [0.9899404664554746, 0.010059533544525405], [0.4959167256678363, 0.5040832743321637], [0.5274703315944177, 0.4725296684055823], [0.2134305167453887, 0.7865694832546113], [0.17231530654310923, 0.8276846934568908], [0.9457026085467634, 0.05429739145323663], [0.20275459833317755, 0.7972454016668225]]}, "rewritten": {"ids": ["9", "13", "14", "16", "18", "28", "32", "41", "47", "51", "53", "57"], "labels": [0, 0, 0, 1, 0, 1, 0, 0, 1, 0, 0, 0], "predicted_labels": [0, 1, 1, 1, 0, 1, 1, 1, 0, 1, 1, 1], "confidence_scores": [[0.6040121809557888, 0.39598781904421115], [0.05052829142680315, 0.9494717085731968], [0.07563134412471173, 0.9243686558752883], [0.08656082303074619, 0.9134391769692538], [0.927477162848596, 0.072522837151404], [0.1713384650375963, 0.8286615349624037], [0.23219731861917503, 0.767802681380825], [0.01617459913670305, 0.983825400863297], [0.7729034734504463, 0.22709652654955367], [0.17868240171321348, 0.8213175982867865], [0.03434985970222226, 0.9656501402977777], [0.18809578907420743, 0.8119042109257926]]}}