{"test": {"ids": ["17", "40", "14", "28", "16", "15", "57", "43", "56", "9", "25", "58"], "labels": [1, 0, 1, 0, 1, 1, 1, 1, 0, 1, 0, 0], "predicted_labels": [0, 0, 0, 1, 0, 1, 0, 0, 1, 1, 1, 1], "confidence_scores": [[0.7456047500932121, 0.2543952499067878], [0.5717435673561859, 0.4282564326438141], [0.5810626475953022, 0.4189373524046978], [0.3241804378019313, 0.6758195621980687], [0.9006846761036329, 0.09931532389636707], [0.400147114390186, 0.599852885609814], [0.7500133032840745, 0.24998669671592555], [0.9632270361409035, 0.03677296385909646], [0.09614650055468665, 0.9038534994453133], [0.06072072782703053, 0.9392792721729695], [0.35429762349321303, 0.645702376506787], [0.07726855298030166, 0.9227314470196983]]}, "rewritten": {"ids": ["9", "14", "15", "16", "17", "25", "28", "40", "43", "56", "57", "58"], "labels": [1, 1, 1, 1, 1, 0, 0, 0, 1, 0, 1, 0], "predicted_labels": [1, 0, 1, 0, 0, 0, 1, 0, 0, 1, 0, 1], "confidence_scores": [[0.03241226660061125, 0.9675877333993887], [0.5147719284993322, 0.48522807150066777], [0.09008720523166647, 0.9099127947683335], [0.8816379539600104, 0.11836204603998954], [0.8406821596230427, 0.1593178403769573], [0.6478483322930106, 0.3521516677069893], [0.4667933129968851, 0.5332066870031149], [0.7908305517992764, 0.20916944820072353], [0.9503787316970145, 0.049621268302985494], [0.060110663347074156, 0.9398893366529258], [0.9073408200608866, 0.09265917993911345], [0.07558119516053696, 0.924418804839463]]}}