{"test": {"ids": ["43", "52", "47", "6", "33", "17", "4", "10", "39", "1", "16", "13"], "labels": [1, 1, 1, 1, 0, 1, 1, 0, 1, 0, 1, 1], "predicted_labels": [0, 0, 1, 0, 1, 0, 0, 0, 1, 1, 0, 0], "confidence_scores": [[0.5455101111819698, 0.45448988881803015], [0.5816322371345575, 0.4183677628654426], [0.41991329126305155, 0.5800867087369485], [0.5886831822747312, 0.4113168177252688], [0.43482042543999144, 0.5651795745600086], [0.5184098616359395, 0.4815901383640605], [0.649402164467926, 0.3505978355320741], [0.5981885308086063, 0.4018114691913936], [0.33880834902907897, 0.661191650970921], [0.35136364040889545, 0.6486363595911045], [0.5407318162094368, 0.45926818379056317], [0.8389043550601152, 0.16109564493988482]]}, "rewritten": {"ids": ["1", "4", "6", "10", "13", "16", "17", "33", "39", "43", "47", "52"], "labels": [0, 1, 1, 0, 1, 1, 1, 0, 1, 1, 1, 1], "predicted_labels": [0, 0, 0, 0, 0, 1, 0, 1, 0, 0, 1, 0], "confidence_scores": [[0.7703542572852573, 0.22964574271474267], [0.7507845652066751, 0.2492154347933248], [0.5133472453756012, 0.4866527546243988], [0.6467959985615105, 0.3532040014384895], [0.6298589807192904, 0.37014101928070964], [0.4244914091423524, 0.5755085908576476], [0.5836594135416218, 0.4163405864583783], [0.31421311072212477, 0.6857868892778752], [0.5455101111819698, 0.45448988881803015], [0.6200992035412154, 0.37990079645878455], [0.36434039206506386, 0.6356596079349361], [0.6003155060154419, 0.39968449398455813]]}}