{"test": {"ids": ["5", "13", "21", "6", "52", "39", "22", "42", "14", "37", "38", "4"], "labels": [0, 1, 1, 1, 1, 1, 1, 0, 1, 1, 0, 1], "predicted_labels": [0, 0, 0, 0, 0, 1, 0, 0, 0, 0, 0, 0], "confidence_scores": [[0.6341842258693581, 0.3658157741306419], [0.6318735824140698, 0.3681264175859302], [0.6820902216603719, 0.3179097783396281], [0.8286009402835247, 0.17139905971647526], [0.7719997652255903, 0.2280002347744097], [0.06867351975962022, 0.9313264802403798], [0.8969226531060532, 0.1030773468939468], [0.6871532931491783, 0.3128467068508217], [0.6052098619687587, 0.3947901380312413], [0.6643453666711491, 0.3356546333288509], [0.7735575945489572, 0.22644240545104274], [0.9198441011797314, 0.08015589882026859]]}, "rewritten": {"ids": ["4", "5", "6", "13", "14", "21", "22", "37", "38", "39", "42", "52"], "labels": [1, 0, 1, 1, 1, 1, 1, 1, 0, 1, 0, 1], "predicted_labels": [0, 0, 0, 0, 0, 0, 0, 0, 0, 1, 0, 0], "confidence_scores": [[0.8751494512521305, 0.12485054874786951], [0.8072364218161124, 0.19276357818388754], [0.9309517598025427, 0.06904824019745723], [0.8680788198461928, 0.13192118015380716], [0.9222054149350881, 0.07779458506491188], [0.9988514757473252, 0.0011485242526747162], [0.5588949309153777, 0.4411050690846223], [0.9857846613744468, 0.014215338625553237], [0.8612814658315349, 0.1387185341684652], [0.009582038461604103, 0.9904179615383959], [0.6750389254184809, 0.3249610745815191], [0.9416028853514722, 0.05839711464852783]]}}