{"test": {"ids": ["5", "0", "29", "30", "21", "11", "28", "17", "54", "18", "44", "15"], "labels": [1, 0, 1, 0, 1, 0, 1, 0, 1, 0, 0, 1], "predicted_labels": [0, 0, 0, 1, 0, 0, 0, 1, 0, 0, 1, 0], "confidence_scores": [[0.8250691325994138, 0.17493086740058614], [0.764796293492574, 0.235203706507426], [0.8316569827938416, 0.16834301720615846], [0.4902558192082055, 0.5097441807917945], [0.869577692628572, 0.130422307371428], [0.9085573303023966, 0.09144266969760341], [0.7237868426232693, 0.2762131573767307], [0.43426391381307294, 0.5657360861869271], [0.8186945355391199, 0.18130546446088017], [0.7621168771197135, 0.2378831228802864], [0.33208390501184926, 0.6679160949881507], [0.8207592704381275, 0.1792407295618726]]}, "rewritten": {"ids": ["0", "5", "11", "15", "17", "18", "21", "28", "29", "30", "44", "54"], "labels": [0, 1, 0, 1, 0, 0, 1, 1, 1, 0, 0, 1], "predicted_labels": [0, 0, 0, 0, 0, 0, 0, 0, 0, 0, 1, 0], "confidence_scores": [[0.7915195181802013, 0.20848048181979867], [0.6580577957043879, 0.34194220429561206], [0.7605904048803862, 0.2394095951196138], [0.8116705495893138, 0.18832945041068613], [0.5390914433574685, 0.46090855664253155], [0.8358050190504872, 0.1641949809495128], [0.786619476379169, 0.21338052362083101], [0.7941899124235746, 0.2058100875764254], [0.6432612137925622, 0.3567387862074378], [0.7910260541426154, 0.20897394585738463], [0.49942352644251775, 0.5005764735574822], [0.8480296416251903, 0.15197035837480966]]}}