{"test": {"ids": ["13", "0", "58", "36", "14", "23", "56", "30", "42", "54", "28", "8"], "labels": [1, 1, 1, 0, 1, 0, 0, 1, 0, 0, 1, 0], "predicted_labels": [0, 1, 1, 1, 1, 0, 1, 1, 1, 0, 1, 0], "confidence_scores": [[0.5205351731601734, 0.47946482683982666], [0.4379893578643579, 0.562010642135642], [0.4510121406371405, 0.5489878593628595], [0.4709724025974027, 0.5290275974025973], [0.4653979631479632, 0.5346020368520369], [0.5200575396825399, 0.47994246031746024], [0.42086224886224877, 0.5791377511377511], [0.4715910894660894, 0.5284089105339106], [0.49883784271284265, 0.5011621572871574], [0.5395873015873017, 0.4604126984126984], [0.46198989898989895, 0.538010101010101], [0.5405052308802308, 0.4594947691197692]]}, "rewritten": {"ids": ["0", "8", "13", "14", "23", "28", "30", "36", "42", "54", "56", "58"], "labels": [1, 0, 1, 1, 0, 1, 1, 0, 0, 0, 0, 1], "predicted_labels": [1, 1, 0, 1, 0, 0, 0, 1, 1, 0, 1, 1], "confidence_scores": [[0.41622474747474747, 0.5837752525252524], [0.45773737373737383, 0.5422626262626261], [0.5151327561327562, 0.48486724386724384], [0.4369906204906205, 0.5630093795093797], [0.5417844516594519, 0.4582155483405483], [0.5046011904761906, 0.49539880952380955], [0.5036565656565657, 0.49634343434343436], [0.4728955627705628, 0.5271044372294372], [0.4918576839826838, 0.5081423160173162], [0.5945779220779219, 0.40542207792207796], [0.4184665057165058, 0.5815334942834941], [0.47088876401376395, 0.529111235986236]]}}