{"test": {"ids": ["33", "0", "10", "8", "46", "13", "42", "45", "27", "50", "44", "2"], "labels": [0, 1, 1, 0, 0, 1, 0, 1, 1, 1, 0, 1], "predicted_labels": [1, 0, 0, 0, 1, 1, 1, 1, 0, 0, 0, 0], "confidence_scores": [[0.392746433497716, 0.607253566502284], [0.6482271896384675, 0.35177281036153246], [0.5850342843982099, 0.41496571560179013], [0.8382752989305577, 0.1617247010694423], [0.12518183908934954, 0.8748181609106505], [0.18013040254009804, 0.819869597459902], [0.20899650664473168, 0.7910034933552683], [0.3838082855538919, 0.6161917144461081], [0.6750468319037904, 0.32495316809620955], [0.8506494214041534, 0.14935057859584658], [0.7684339775879904, 0.23156602241200963], [0.8855244445196715, 0.11447555548032849]]}}