{"test": {"ids": ["10", "4", "57", "51", "28", "52", "18", "49", "55", "19", "5", "32"], "labels": [1, 1, 1, 0, 1, 0, 1, 0, 1, 0, 0, 0], "predicted_labels": [0, 0, 1, 1, 1, 1, 1, 0, 1, 0, 1, 0], "confidence_scores": [[0.6132515382182591, 0.38674846178174094], [0.5880632170186255, 0.41193678298137454], [0.4559478040331387, 0.5440521959668613], [0.4397487969991778, 0.5602512030008222], [0.41056850742062534, 0.5894314925793747], [0.3385034046753348, 0.6614965953246652], [0.4812186800213031, 0.5187813199786969], [0.6132515382182591, 0.38674846178174094], [0.3385034046753348, 0.6614965953246652], [0.6132515382182591, 0.38674846178174094], [0.3385034046753348, 0.6614965953246652], [0.563344255907146, 0.43665574409285407]]}, "rewritten": {"ids": ["4", "5", "10", "18", "19", "28", "32", "49", "51", "52", "55", "57"], "labels": [1, 0, 1, 1, 0, 1, 0, 0, 0, 0, 1, 1], "predicted_labels": [0, 1, 1, 0, 1, 1, 1, 1, 1, 0, 1, 1], "confidence_scores": [[0.5682038435012391, 0.43179615649876085], [0.3782772654595655, 0.6217227345404345], [0.3782772654595655, 0.6217227345404345], [0.6132515382182591, 0.38674846178174094], [0.3385034046753348, 0.6614965953246652], [0.41056850742062534, 0.5894314925793747], [0.4287413311187186, 0.5712586688812814], [0.3782772654595655, 0.6217227345404345], [0.4397487969991778, 0.5602512030008222], [0.6037768072143758, 0.39622319278562423], [0.3385034046753348, 0.6614965953246652], [0.4991092604184739, 0.5008907395815261]]}}