{"test": {"ids": ["14", "38", "4", "39", "23", "58", "22", "8", "2", "9", "54", "27"], "labels": [0, 0, 0, 0, 0, 0, 1, 1, 0, 0, 1, 1], "predicted_labels": [0, 0, 0, 1, 0, 0, 0, 0, 0, 0, 0, 0], "confidence_scores": [[0.6610235485917448, 0.33897645140825533], [0.44849572543460375, 0.5515042745653963], [0.4577074902599194, 0.5422925097400806], [0.805365298494243, 0.1946347015057571], [0.6462638922396514, 0.3537361077603484], [0.5988094988624557, 0.40119050113754434], [0.6532021865581041, 0.34679781344189586], [0.29522110020837333, 0.7047788997916268], [0.5263334384991788, 0.47366656150082115], [0.470091888873171, 0.529908111126829], [0.6126223059288765, 0.3873776940711235], [0.5976966725616452, 0.40230332743835495]]}, "rewritten": {"ids": ["2", "4", "8", "9", "14", "22", "23", "27", "38", "39", "54", "58"], "labels": [0, 0, 1, 0, 0, 1, 0, 1, 0, 0, 1, 0], "predicted_labels": [0, 0, 0, 0, 1, 0, 0, 0, 0, 0, 0, 0], "confidence_scores": [[0.5808409592418038, 0.41915904075819604], [0.47498462248602724, 0.5250153775139729], [0.372270343194243, 0.6277296568057571], [0.43453231957779165, 0.5654676804222083], [0.7143763562372707, 0.28562364376272925], [0.46091651845851705, 0.539083481541483], [0.597318702455118, 0.40268129754488213], [0.5642669756743399, 0.43573302432566], [0.4670923022781115, 0.5329076977218886], [0.5084745364240856, 0.4915254635759144], [0.3927983213594208, 0.6072016786405792], [0.4004754666855332, 0.5995245333144669]]}}