{"test": {"ids": ["50", "9", "44", "34", "54", "35", "29", "10", "49", "43", "53", "46"], "labels": [1, 1, 1, 0, 0, 0, 1, 1, 0, 1, 0, 0], "predicted_labels": [1, 1, 1, 1, 1, 1, 1, 1, 1, 1, 1, 1], "confidence_scores": [[0.54937355134563, 0.45062644865437], [0.5468900409922012, 0.4531099590077989], [0.5403421816310486, 0.4596578183689515], [0.545976349861665, 0.4540236501383351], [0.5455790007927304, 0.4544209992072695], [0.5504084197239626, 0.4495915802760375], [0.5457052258448465, 0.4542947741551535], [0.5539929544000861, 0.44600704559991394], [0.5457054735192065, 0.4542945264807936], [0.5481249467477826, 0.4518750532522174], [0.5475400588937529, 0.4524599411062471], [0.5554830083085469, 0.44451699169145303]]}, "rewritten": {"ids": ["9", "10", "29", "34", "35", "43", "44", "46", "49", "50", "53", "54"], "labels": [1, 1, 1, 0, 0, 1, 1, 0, 0, 1, 0, 0], "predicted_labels": [1, 1, 1, 1, 1, 1, 1, 1, 1, 1, 1, 1], "confidence_scores": [[0.5464448880099385, 0.45355511199006165], [0.5495766764162928, 0.45042332358370707], [0.5442510163209563, 0.45574898367904365], [0.5484791177128049, 0.4515208822871952], [0.5491051571158343, 0.4508948428841654], [0.5440518332744723, 0.45594816672552774], [0.5375698824660068, 0.46243011753399327], [0.5504938785448282, 0.4495061214551717], [0.547954819876778, 0.4520451801232221], [0.5427511409902274, 0.45724885900977263], [0.5411419466473216, 0.4588580533526784], [0.5426907197793635, 0.4573092802206364]]}}