{"test": {"ids": ["8", "5", "20", "0", "33", "3", "25", "2", "42", "7", "27", "56"], "labels": [0, 0, 0, 0, 0, 0, 0, 1, 0, 1, 1, 0], "predicted_labels": [1, 0, 1, 1, 1, 1, 1, 0, 1, 1, 1, 0], "confidence_scores": [[0.2159012353499815, 0.7840987646500185], [0.7288245977522458, 0.27117540224775416], [0.11818881039706242, 0.8818111896029376], [0.07583738893913117, 0.9241626110608688], [0.37320431883999416, 0.6267956811600058], [0.07369901389545253, 0.9263009861045475], [0.04511794220927645, 0.9548820577907235], [0.9139870238641314, 0.0860129761358686], [0.49238005225396597, 0.507619947746034], [0.4721021630323158, 0.5278978369676842], [0.14143254026698415, 0.8585674597330158], [0.5327003210655663, 0.46729967893443375]]}}