{"test": {"ids": ["4", "12", "20", "42", "29", "55", "49", "10", "34", "32", "51"], "labels": [1, 1, 0, 0, 1, 0, 0, 1, 0, 0, 0], "predicted_labels": [0, 1, 1, 1, 1, 1, 1, 1, 1, 0, 0], "confidence_scores": [[0.8634297471543386, 0.13657025284566132], [0.02686257936191261, 0.9731374206380874], [0.25372067693645084, 0.7462793230635492], [0.14488497820742507, 0.8551150217925749], [0.4690953149397292, 0.5309046850602708], [0.21449731941627503, 0.785502680583725], [0.23293012583605743, 0.7670698741639426], [0.07728092953785959, 0.9227190704621404], [0.36150336281631046, 0.6384966371836895], [0.6213802476426422, 0.3786197523573578], [0.5567513208088086, 0.44324867919119143]]}, "rewritten": {"ids": ["4", "10", "12", "20", "29", "32", "34", "42", "49", "51", "55"], "labels": [1, 1, 1, 0, 1, 0, 0, 0, 0, 0, 0], "predicted_labels": [0, 1, 1, 1, 1, 0, 1, 1, 1, 1, 1], "confidence_scores": [[0.8294532781432814, 0.17054672185671857], [0.0411038283887033, 0.9588961716112967], [0.030174801037149757, 0.9698251989628502], [0.04630565113126117, 0.9536943488687388], [0.28363881040017525, 0.7163611895998248], [0.7974013126637661, 0.20259868733623387], [0.4670777292012702, 0.5329222707987298], [0.07005011359712432, 0.9299498864028757], [0.13409304228221108, 0.8659069577177889], [0.46955594633991127, 0.5304440536600887], [0.12364193382648536, 0.8763580661735146]]}}