{"test": {"ids": ["16", "5", "42", "0", "6", "40", "38", "56", "46", "33", "24", "54"], "labels": [1, 0, 0, 1, 1, 0, 1, 0, 0, 0, 0, 0], "predicted_labels": [1, 1, 1, 1, 1, 0, 1, 1, 0, 1, 1, 1], "confidence_scores": [[0.1178403055011884, 0.8821596944988116], [0.4608994628275038, 0.5391005371724962], [0.29344180136208675, 0.7065581986379132], [0.29825587945268583, 0.7017441205473142], [0.20477908890126018, 0.7952209110987398], [0.604504131540014, 0.39549586845998597], [0.28962270690886116, 0.7103772930911388], [0.20393674339633117, 0.7960632566036688], [0.6919474980202338, 0.30805250197976625], [0.40953056367083396, 0.590469436329166], [0.4401855572130843, 0.5598144427869157], [0.12756031654939126, 0.8724396834506087]]}, "rewritten": {"ids": ["0", "5", "6", "16", "24", "33", "38", "40", "42", "46", "54", "56"], "labels": [1, 0, 1, 1, 0, 0, 1, 0, 0, 0, 0, 0], "predicted_labels": [1, 1, 1, 1, 1, 1, 1, 1, 1, 1, 1, 1], "confidence_scores": [[0.33396821298914414, 0.6660317870108559], [0.3799867561370761, 0.6200132438629239], [0.262588485525152, 0.737411514474848], [0.11107072832487286, 0.8889292716751271], [0.3765133204831853, 0.6234866795168147], [0.32790593614718055, 0.6720940638528194], [0.0731430552177913, 0.9268569447822087], [0.4709690573131954, 0.5290309426868046], [0.22784577901350478, 0.7721542209864952], [0.2806826633777081, 0.7193173366222919], [0.08728283518672142, 0.9127171648132786], [0.10555655592534496, 0.894443444074655]]}}