{"test": {"ids": ["7", "21", "28", "43", "12", "6", "17", "33", "40", "0", "25", "57"], "labels": [1, 1, 0, 1, 1, 1, 1, 0, 0, 0, 0, 1], "predicted_labels": [1, 0, 0, 1, 0, 1, 1, 1, 0, 0, 1, 1], "confidence_scores": [[0.35182548099708844, 0.6481745190029116], [0.6042099866177404, 0.39579001338225966], [0.6042099866177404, 0.39579001338225966], [0.3301716242409575, 0.6698283757590425], [0.5793719678244582, 0.4206280321755418], [0.33664511731994096, 0.663354882680059], [0.3301716242409575, 0.6698283757590425], [0.3301716242409575, 0.6698283757590425], [0.6042099866177404, 0.39579001338225966], [0.5793719678244582, 0.4206280321755418], [0.3516028668322373, 0.6483971331677627], [0.3516028668322373, 0.6483971331677627]]}, "rewritten": {"ids": ["0", "6", "7", "12", "17", "21", "25", "28", "33", "40", "43", "57"], "labels": [0, 1, 1, 1, 1, 1, 0, 0, 0, 0, 1, 1], "predicted_labels": [1, 0, 1, 1, 1, 0, 1, 1, 1, 1, 1, 0], "confidence_scores": [[0.43053046674656914, 0.5694695332534309], [0.5960173456426154, 0.4039826543573846], [0.3301716242409575, 0.6698283757590425], [0.3515852504841448, 0.6484147495158552], [0.3516028668322373, 0.6483971331677627], [0.6042099866177404, 0.39579001338225966], [0.3516028668322373, 0.6483971331677627], [0.4449195515826788, 0.5550804484173212], [0.3301716242409575, 0.6698283757590425], [0.3301716242409575, 0.6698283757590425], [0.3516028668322373, 0.6483971331677627], [0.537157814590582, 0.46284218540941807]]}}