{"test": {"ids": ["47", "52", "29", "39", "43", "32", "21", "23", "41", "17", "57", "38"], "labels": [1, 1, 1, 0, 0, 0, 1, 0, 0, 0, 0, 0], "predicted_labels": [0, 0, 0, 0, 1, 0, 0, 1, 0, 0, 0, 0], "confidence_scores": [[0.40638413480690744, 0.5936158651930924], [0.5, 0.5], [0.35045156233293967, 0.6495484376670605], [0.4556527845934565, 0.5443472154065435], [0.6701763665804502, 0.3298236334195498], [0.5544230303162693, 0.44557696968373084], [0.49393152238835575, 0.5060684776116443], [0.6442366015896295, 0.3557633984103706], [0.4788872592045987, 0.5211127407954013], [0.490521931831988, 0.5094780681680119], [0.5835639838103185, 0.4164360161896814], [0.3477342633652306, 0.6522657366347693]]}, "rewritten": {"ids": ["17", "21", "23", "29", "32", "38", "39", "41", "43", "47", "52", "57"], "labels": [0, 1, 0, 1, 0, 0, 0, 0, 0, 1, 1, 0], "predicted_labels": [0, 0, 1, 0, 1, 0, 0, 0, 1, 0, 0, 1], "confidence_scores": [[0.6066350424308886, 0.39336495756911144], [0.5294480570252481, 0.4705519429747516], [0.7133119832386606, 0.2866880167613394], [0.3581042469146272, 0.6418957530853727], [0.6253051519608274, 0.3746948480391726], [0.4221912412261613, 0.5778087587738385], [0.5057676239863645, 0.4942323760136353], [0.4932827534769584, 0.5067172465230416], [0.6988577829546849, 0.3011422170453152], [0.4105560112140318, 0.5894439887859682], [0.5844168031539361, 0.41558319684606376], [0.7127076598167493, 0.2872923401832506]]}}