{"test": {"ids": ["55", "53", "34", "2", "58", "16", "30", "33", "4", "50", "22", "0"], "labels": [1, 0, 1, 0, 0, 1, 0, 1, 0, 1, 1, 0], "predicted_labels": [1, 0, 0, 0, 0, 0, 0, 0, 1, 0, 1, 0], "confidence_scores": [[0.36022424139034703, 0.639775758609653], [0.5215310006000868, 0.4784689993999131], [0.5585546054511925, 0.4414453945488075], [0.5495695600607562, 0.45043043993924375], [0.8452171664077434, 0.1547828335922566], [0.755975672006427, 0.24402432799357304], [0.6324913723971852, 0.3675086276028148], [0.7579478729181456, 0.24205212708185442], [0.0890878761022007, 0.9109121238977993], [0.8130122826978166, 0.18698771730218341], [0.46259543382244084, 0.5374045661775592], [0.9645306700398502, 0.035469329960149835]]}}