{"test": {"ids": ["35", "9", "5", "41", "22", "58", "53", "55", "45", "19", "46", "13"], "labels": [0, 1, 0, 1, 1, 1, 1, 0, 1, 0, 0, 1], "predicted_labels": [1, 1, 0, 1, 0, 1, 1, 1, 0, 0, 0, 0], "confidence_scores": [[0.309655040736862, 0.690344959263138], [0.07447317576828472, 0.9255268242317153], [0.5322931697707498, 0.46770683022925014], [0.29730630451740314, 0.7026936954825969], [0.5822206761192759, 0.4177793238807241], [0.2527639438899014, 0.7472360561100986], [0.424189836125908, 0.575810163874092], [0.25350736230510584, 0.7464926376948942], [0.9034746513955362, 0.09652534860446386], [0.966334711185342, 0.03366528881465806], [0.9027536986537903, 0.09724630134620973], [0.7025723379473108, 0.2974276620526893]]}, "rewritten": {"ids": ["5", "9", "13", "19", "22", "35", "41", "45", "46", "53", "55", "58"], "labels": [0, 1, 1, 0, 1, 0, 1, 1, 0, 1, 0, 1], "predicted_labels": [0, 1, 1, 0, 0, 1, 1, 1, 1, 1, 1, 0], "confidence_scores": [[0.5084456845916676, 0.4915543154083324], [0.1011079365294878, 0.8988920634705122], [0.22884717494358464, 0.7711528250564154], [0.5054306215362987, 0.4945693784637013], [0.6181073005192286, 0.3818926994807715], [0.06331759762248568, 0.9366824023775143], [0.45481358554713736, 0.5451864144528626], [0.02413497520061525, 0.9758650247993848], [0.4550400419326217, 0.5449599580673783], [0.2668094467272193, 0.7331905532727807], [0.18784712910884083, 0.8121528708911592], [0.6984735069786103, 0.30152649302138973]]}}