{"test": {"ids": ["17", "39", "50", "8", "52", "9", "48", "55", "33", "54", "6", "40"], "labels": [1, 1, 1, 0, 0, 1, 0, 0, 0, 0, 1, 0], "predicted_labels": [1, 1, 1, 1, 1, 1, 0, 1, 1, 1, 1, 0], "confidence_scores": [[0.37822794800040327, 0.6217720519995966], [0.21268221921403738, 0.7873177807859629], [0.3218096502511411, 0.6781903497488588], [0.11325988659930199, 0.8867401134006982], [0.17299363647111557, 0.8270063635288846], [0.0812490658296426, 0.9187509341703576], [0.7217056059059483, 0.2782943940940516], [0.12668447561201196, 0.8733155243879881], [0.398256416035937, 0.6017435839640631], [0.1730661359464811, 0.826933864053519], [0.12151148214059983, 0.8784885178594003], [0.7571922276832761, 0.24280777231672393]]}, "rewritten": {"ids": ["6", "8", "9", "17", "33", "39", "40", "48", "50", "52", "54", "55"], "labels": [1, 0, 1, 1, 0, 1, 0, 0, 1, 0, 0, 0], "predicted_labels": [1, 1, 1, 1, 0, 1, 1, 0, 1, 0, 1, 1], "confidence_scores": [[0.26085785291741215, 0.739142147082588], [0.17779662641040564, 0.8222033735895943], [0.27118022254824475, 0.7288197774517554], [0.10377669085129741, 0.8962233091487025], [0.8172983975410795, 0.18270160245892061], [0.3782942613048612, 0.6217057386951388], [0.6191287888680949, 0.3808712111319053], [0.8868181227346553, 0.113181877265345], [0.5228011243967944, 0.47719887560320573], [0.764162961728755, 0.23583703827124503], [0.2494556763140287, 0.7505443236859713], [0.22855731251460748, 0.7714426874853924]]}}