{"test": {"ids": ["5", "17", "34", "58", "33", "13", "24", "56", "29", "2", "50"], "labels": [0, 1, 0, 0, 0, 1, 0, 0, 1, 1, 1], "predicted_labels": [1, 0, 1, 1, 1, 0, 0, 1, 1, 1, 1], "confidence_scores": [[0.41214339122349963, 0.5878566087765005], [0.5214800199800197, 0.47851998001998014], [0.3317623135378555, 0.668237686462145], [0.2855105416169659, 0.7144894583830347], [0.4235575101712872, 0.5764424898287129], [0.5534691961375398, 0.44653080386246047], [0.5385280706780319, 0.4614719293219682], [0.32001919432047155, 0.6799808056795286], [0.3813878134464436, 0.6186121865535565], [0.4763406033036452, 0.523659396696355], [0.43689189935881123, 0.5631081006411889]]}, "rewritten": {"ids": ["2", "5", "13", "17", "24", "29", "33", "34", "50", "56", "58"], "labels": [1, 0, 1, 1, 0, 1, 0, 0, 1, 0, 0], "predicted_labels": [1, 1, 1, 1, 1, 1, 1, 1, 1, 1, 1], "confidence_scores": [[0.44159913521291216, 0.5584008647870878], [0.40890662798673655, 0.5910933720132638], [0.4747682186879168, 0.5252317813120831], [0.4259642284530055, 0.5740357715469944], [0.46778297274620795, 0.5322170272537919], [0.35998842647720375, 0.6400115735227963], [0.4355134888331483, 0.5644865111668517], [0.34719850234904426, 0.652801497650956], [0.33097042048938335, 0.6690295795106165], [0.3046108094047338, 0.6953891905952667], [0.28480421893637853, 0.7151957810636219]]}}