{"test": {"ids": ["5", "34", "49", "10", "44", "25", "6", "15", "46", "33", "56", "42"], "labels": [0, 0, 0, 0, 1, 0, 1, 1, 1, 0, 0, 0], "predicted_labels": [0, 0, 1, 1, 0, 1, 1, 1, 1, 1, 1, 1], "confidence_scores": [[0.86957197297932, 0.13042802702067996], [0.7482181464929555, 0.2517818535070444], [0.41009661180771545, 0.5899033881922844], [0.09947003972315109, 0.9005299602768487], [0.788450193918402, 0.21154980608159768], [0.45324780029926937, 0.5467521997007305], [0.4904898002303565, 0.5095101997696436], [0.32725389711378733, 0.6727461028862125], [0.07594385262250324, 0.9240561473774968], [0.3194576713583264, 0.6805423286416735], [0.25758361427088167, 0.7424163857291185], [0.46011786193096943, 0.5398821380690307]]}}