{"test": {"ids": ["38", "11", "14", "22", "25", "17", "53", "23", "41", "54", "20", "5"], "labels": [1, 0, 1, 1, 1, 1, 1, 0, 1, 0, 0, 0], "predicted_labels": [1, 1, 1, 1, 0, 0, 0, 1, 1, 1, 1, 1], "confidence_scores": [[0.449229745074327, 0.5507702549256729], [0.3726314032544684, 0.6273685967455315], [0.41373628875424545, 0.5862637112457547], [0.4614615822687802, 0.5385384177312195], [0.5393848540348539, 0.4606151459651461], [0.5819842143150965, 0.41801578568490344], [0.5732197829947826, 0.4267802170052171], [0.49387201920027, 0.5061279807997298], [0.37894959784797233, 0.6210504021520272], [0.35084728021376643, 0.649152719786234], [0.4496060782956293, 0.5503939217043708], [0.4309862782642194, 0.5690137217357806]]}, "rewritten": {"ids": ["5", "11", "14", "17", "20", "22", "23", "25", "38", "41", "53", "54"], "labels": [0, 0, 1, 1, 0, 1, 0, 1, 1, 1, 1, 0], "predicted_labels": [1, 1, 1, 0, 1, 0, 0, 1, 1, 1, 0, 1], "confidence_scores": [[0.4386776462099993, 0.5613223537900005], [0.39008780570135076, 0.6099121942986492], [0.4068372035257486, 0.5931627964742513], [0.5396688851997675, 0.4603311148002327], [0.44023406762655987, 0.5597659323734403], [0.5207615483158052, 0.4792384516841947], [0.5361438564961013, 0.4638561435038988], [0.48554099481529817, 0.5144590051847018], [0.41850662081296747, 0.5814933791870327], [0.3740928656912401, 0.6259071343087595], [0.5526882303970537, 0.44731176960294616], [0.36784633538975636, 0.6321536646102432]]}}