{"test": {"ids": ["5", "37", "13", "25", "44", "19", "4", "48", "57", "32", "23", "24"], "labels": [0, 1, 0, 1, 1, 0, 1, 0, 1, 0, 1, 0], "predicted_labels": [1, 1, 0, 1, 1, 1, 0, 0, 1, 0, 0, 1], "confidence_scores": [[0.137786278551456, 0.8622137214485441], [0.574577749072297, 0.425422250927703], [0.799327028174942, 0.20067297182505814], [0.5542307525414293, 0.4457692474585708], [0.5600012235122456, 0.4399987764877544], [0.3548368597947222, 0.6451631402052778], [0.8967056831100125, 0.10329431688998764], [0.9635680229017032, 0.03643197709829691], [0.10937161198623783, 0.8906283880137621], [0.8955184485111416, 0.1044815514888584], [0.8400778741954044, 0.1599221258045956], [0.28000331288134284, 0.7199966871186569]]}}