{"test": {"ids": ["9", "25", "19", "21", "46", "24", "57", "55", "41", "32", "34", "2"], "labels": [1, 1, 0, 1, 0, 0, 1, 1, 0, 0, 0, 0], "predicted_labels": [0, 1, 0, 1, 0, 0, 1, 0, 1, 0, 0, 0], "confidence_scores": [[0.9503460913826559, 0.049653908617344075], [0.01759231768790559, 0.9824076823120944], [0.8806144201661628, 0.11938557983383725], [0.01759231768790559, 0.9824076823120944], [0.9483286405773437, 0.05167135942265627], [0.8806144201661628, 0.11938557983383725], [0.01759231768790559, 0.9824076823120944], [0.8806144201661628, 0.11938557983383725], [0.01759231768790559, 0.9824076823120944], [0.965870297532356, 0.034129702467644026], [0.9558798425573098, 0.04412015744269014], [0.9188453420807859, 0.08115465791921408]]}, "rewritten": {"ids": ["2", "9", "19", "21", "24", "25", "32", "34", "41", "46", "55", "57"], "labels": [0, 1, 0, 1, 0, 1, 0, 0, 0, 0, 1, 1], "predicted_labels": [0, 0, 1, 1, 1, 1, 0, 0, 1, 0, 0, 1], "confidence_scores": [[0.882265048070709, 0.11773495192929093], [0.8806144201661628, 0.11938557983383725], [0.09849366621237254, 0.9015063337876275], [0.01759231768790559, 0.9824076823120944], [0.01759231768790559, 0.9824076823120944], [0.01759231768790559, 0.9824076823120944], [0.655510795660963, 0.34448920433903696], [0.9716058997935586, 0.028394100206441408], [0.01759231768790559, 0.9824076823120944], [0.7971287861820225, 0.20287121381797743], [0.8806144201661628, 0.11938557983383725], [0.01759231768790559, 0.9824076823120944]]}}