{"test": {"ids": ["49", "3", "15", "57", "21", "6", "14", "38", "53", "4", "23", "11"], "labels": [0, 1, 1, 0, 1, 1, 0, 0, 0, 0, 0, 0], "predicted_labels": [0, 0, 0, 0, 0, 0, 0, 0, 0, 0, 1, 0], "confidence_scores": [[0.5298136002886003, 0.4701863997113998], [0.5252096681096681, 0.4747903318903319], [0.5902821123321125, 0.40971788766788764], [0.5410118187368186, 0.4589881812631815], [0.5571628926628925, 0.4428371073371072], [0.5594272644022643, 0.44057273559773574], [0.5229729714729716, 0.47702702852702833], [0.6505920190920185, 0.34940798090798075], [0.5056228771228769, 0.4943771228771232], [0.543434532134532, 0.4565654678654677], [0.4363627344877343, 0.5636372655122656], [0.5889218808968807, 0.411078119103119]]}, "rewritten": {"ids": ["3", "4", "6", "11", "14", "15", "21", "23", "38", "49", "57"], "labels": [1, 0, 1, 0, 0, 1, 1, 0, 0, 0, 0], "predicted_labels": [0, 0, 0, 0, 0, 0, 0, 1, 0, 1, 1], "confidence_scores": [[0.520671694971695, 0.47932830502830504], [0.505793586968587, 0.49420641303141316], [0.506663961038961, 0.49333603896103895], [0.5271155760905761, 0.472884423909424], [0.5280272727272729, 0.4719727272727271], [0.5781123210123209, 0.42188767898767887], [0.5255743645243643, 0.4744256354756356], [0.4270742285492283, 0.5729257714507716], [0.5539658508158507, 0.44603414918414935], [0.4426198995448995, 0.5573801004551006], [0.48217188367188346, 0.5178281163281164]]}}