{"test": {"ids": ["18", "57", "0", "28", "53", "22", "3", "33", "25", "58", "32", "20"], "labels": [0, 0, 0, 1, 0, 1, 1, 1, 0, 0, 0, 0], "predicted_labels": [0, 0, 0, 1, 0, 0, 0, 0, 0, 0, 0, 0], "confidence_scores": [[0.5110431986804134, 0.4889568013195866], [0.5110431986804134, 0.4889568013195866], [0.6025765663874114, 0.39742343361258864], [0.454118773889998, 0.545881226110002], [0.5110431986804134, 0.4889568013195866], [0.6025765663874114, 0.39742343361258864], [0.6025765663874114, 0.39742343361258864], [0.6025765663874114, 0.39742343361258864], [0.6025765663874114, 0.39742343361258864], [0.6025765663874114, 0.39742343361258864], [0.6025765663874114, 0.39742343361258864], [0.6025765663874114, 0.39742343361258864]]}, "rewritten": {"ids": ["0", "3", "18", "20", "22", "25", "28", "32", "33", "57", "58"], "labels": [0, 1, 0, 0, 1, 0, 1, 0, 1, 0, 0], "predicted_labels": [1, 0, 1, 1, 0, 1, 1, 0, 1, 1, 0], "confidence_scores": [[0.4721848180268916, 0.5278151819731084], [0.5191988452490994, 0.4808011547509006], [0.4908256151625424, 0.5091743848374576], [0.4816398401844334, 0.5183601598155666], [0.6025765663874114, 0.39742343361258864], [0.49199097009050574, 0.5080090299094943], [0.4726570784864961, 0.5273429215135039], [0.5468595357303099, 0.45314046426969007], [0.4918071496476497, 0.5081928503523503], [0.454118773889998, 0.545881226110002], [0.6025765663874114, 0.39742343361258864]]}}