{"test": {"ids": ["51", "15", "30", "36", "37", "54", "7", "47", "34", "17", "0", "9"], "labels": [0, 0, 1, 0, 1, 0, 0, 1, 0, 1, 1, 1], "predicted_labels": [1, 1, 0, 1, 1, 1, 1, 1, 1, 0, 1, 1], "confidence_scores": [[0.49927199275986545, 0.5007280072401346], [0.01842739023439033, 0.9815726097656097], [0.9244462373191537, 0.07555376268084632], [0.04003580919744043, 0.9599641908025596], [0.025098366625225688, 0.9749016333747743], [0.08698424342918876, 0.9130157565708112], [0.1922927249049503, 0.8077072750950497], [0.19252178205397164, 0.8074782179460284], [0.12901107080414043, 0.8709889291958596], [0.8846708439716676, 0.1153291560283324], [0.039388689393982546, 0.9606113106060175], [0.01842739023439033, 0.9815726097656097]]}, "rewritten": {"ids": ["0", "7", "9", "15", "17", "30", "34", "36", "37", "47", "51", "54"], "labels": [1, 0, 1, 0, 1, 1, 0, 0, 1, 1, 0, 0], "predicted_labels": [1, 1, 1, 1, 1, 1, 0, 1, 1, 1, 1, 1], "confidence_scores": [[0.01842739023439033, 0.9815726097656097], [0.051097958403310884, 0.9489020415966891], [0.04360324297375828, 0.9563967570262417], [0.01842739023439033, 0.9815726097656097], [0.023180756914552347, 0.9768192430854477], [0.04733381465544373, 0.9526661853445563], [0.5953148192218786, 0.40468518077812143], [0.023180756914552347, 0.9768192430854477], [0.12007384113225239, 0.8799261588677476], [0.03204968461254376, 0.9679503153874562], [0.07268144995891712, 0.9273185500410829], [0.05113093816511627, 0.9488690618348837]]}}