{"test": {"ids": ["11", "47", "33", "13", "48", "25", "37", "42", "16", "4", "17", "6"], "labels": [0, 1, 0, 0, 0, 1, 1, 0, 1, 1, 1, 0], "predicted_labels": [1, 1, 0, 1, 0, 0, 1, 1, 0, 1, 0, 1], "confidence_scores": [[0.38591455276749387, 0.6140854472325062], [0.38602128631172766, 0.6139787136882725], [0.5379511599511598, 0.4620488400488402], [0.4462538850038849, 0.5537461149961151], [0.6069678238428238, 0.3930321761571761], [0.5191260267510267, 0.48087397324897324], [0.4716607669291493, 0.5283392330708506], [0.3963298988593106, 0.6036701011406894], [0.5158591971753737, 0.4841408028246263], [0.4603286978544331, 0.5396713021455668], [0.5500309829059828, 0.4499690170940172], [0.401586951039157, 0.5984130489608432]]}, "rewritten": {"ids": ["4", "6", "11", "13", "16", "17", "25", "33", "37", "42", "47", "48"], "labels": [1, 0, 0, 0, 1, 1, 1, 0, 1, 0, 1, 0], "predicted_labels": [1, 1, 1, 1, 1, 0, 1, 0, 1, 1, 1, 0], "confidence_scores": [[0.46915309649500825, 0.5308469035049916], [0.38133813694475455, 0.6186618630552455], [0.4188246781812957, 0.5811753218187042], [0.4704971943905768, 0.5295028056094231], [0.4574380452064276, 0.5425619547935725], [0.543172077922078, 0.45682792207792194], [0.4803926282051281, 0.5196073717948719], [0.5034174861086624, 0.49658251389133745], [0.480476519395637, 0.5195234806043629], [0.4629125392581275, 0.5370874607418726], [0.461945720945721, 0.5380542790542788], [0.5471085830019655, 0.4528914169980344]]}}