{"test": {"ids": ["30", "53", "8", "43", "41", "44", "0", "21", "36", "42", "17", "50"], "labels": [1, 1, 0, 1, 1, 0, 1, 0, 0, 0, 1, 1], "predicted_labels": [0, 0, 0, 1, 0, 0, 1, 0, 1, 1, 0, 0], "confidence_scores": [[0.971915564167561, 0.028084435832439015], [0.9235324161942254, 0.07646758380577456], [0.6970306310762775, 0.30296936892372245], [0.4486989732001788, 0.5513010267998212], [0.8513985579527257, 0.14860144204727435], [0.7456864840388366, 0.2543135159611634], [0.42705903864661554, 0.5729409613533845], [0.8761947773192234, 0.1238052226807766], [0.48042303233569505, 0.519576967664305], [0.347346824382177, 0.652653175617823], [0.6272578830981348, 0.37274211690186515], [0.5736448288080792, 0.4263551711919208]]}}