{"test": {"ids": ["16", "50", "45", "37", "15", "56", "34", "55", "36", "14", "53", "30"], "labels": [1, 1, 1, 1, 0, 0, 0, 0, 0, 1, 1, 1], "predicted_labels": [0, 1, 0, 1, 1, 1, 0, 1, 1, 1, 0, 0], "confidence_scores": [[0.7572374360868597, 0.2427625639131403], [0.4082328847375011, 0.5917671152624989], [0.6334522789321608, 0.3665477210678391], [0.10677011726251551, 0.8932298827374845], [0.12348663776235713, 0.8765133622376429], [0.44683434209673845, 0.5531656579032616], [0.9771340742893114, 0.022865925710688576], [0.020635330996681245, 0.9793646690033188], [0.4347237344003201, 0.5652762655996799], [0.2721013651682369, 0.7278986348317631], [0.7081487227465186, 0.2918512772534814], [0.8181011876930997, 0.1818988123069003]]}, "rewritten": {"ids": ["14", "15", "16", "30", "34", "36", "37", "45", "50", "53", "55", "56"], "labels": [1, 0, 1, 1, 0, 0, 1, 1, 1, 1, 0, 0], "predicted_labels": [1, 1, 0, 0, 0, 0, 1, 1, 0, 0, 1, 1], "confidence_scores": [[0.05869159160796733, 0.9413084083920327], [0.10418030667030864, 0.8958196933296914], [0.5870265991413844, 0.41297340085861556], [0.9564010133812426, 0.04359898661875737], [0.7094987271046069, 0.29050127289539307], [0.6206822485007701, 0.3793177514992299], [0.16485883678973323, 0.8351411632102668], [0.3225274539491163, 0.6774725460508837], [0.695292299557621, 0.304707700442379], [0.8139795592338006, 0.18602044076619942], [0.012686657025249404, 0.9873133429747506], [0.19178396147885823, 0.8082160385211418]]}}