{"test": {"ids": ["45", "2", "11", "40", "24", "43", "22", "12", "27", "4", "16", "3"], "labels": [1, 1, 0, 0, 0, 1, 1, 1, 1, 1, 1, 0], "predicted_labels": [0, 0, 1, 0, 1, 1, 1, 1, 0, 0, 1, 0], "confidence_scores": [[0.9986580782421366, 0.001341921757863434], [0.9808764811707753, 0.01912351882922473], [0.42385577195816815, 0.5761442280418319], [0.5566200144566898, 0.44337998554331015], [0.01863891404584761, 0.9813610859541524], [0.49407208521809065, 0.5059279147819093], [0.009044829514720854, 0.9909551704852791], [0.37019222155326914, 0.6298077784467309], [0.9380649025650539, 0.061935097434946025], [0.9999960332790965, 3.966720903509084e-06], [0.009565196396118414, 0.9904348036038816], [0.9219052369974794, 0.07809476300252063]]}, "rewritten": {"ids": ["2", "3", "4", "11", "12", "16", "22", "24", "27", "40", "43", "45"], "labels": [1, 0, 1, 0, 1, 1, 1, 0, 1, 0, 1, 1], "predicted_labels": [0, 0, 0, 1, 0, 1, 1, 0, 0, 0, 0, 0], "confidence_scores": [[0.9497135482539055, 0.050286451746094446], [0.8340658315167939, 0.16593416848320602], [0.9999979392808348, 2.060719165218765e-06], [0.4296053726707203, 0.5703946273292797], [0.7781961050101665, 0.22180389498983358], [0.25885637682081974, 0.7411436231791803], [0.3755483891398069, 0.6244516108601931], [0.5006006061966501, 0.4993993938033499], [0.9921458242330353, 0.00785417576696471], [0.956279156926506, 0.043720843073494005], [0.7669748500933694, 0.23302514990663062], [0.9974963425448984, 0.0025036574551016294]]}}