{"test": {"ids": ["19", "45", "10", "3", "28", "8", "17", "29", "54", "53", "22", "50"], "labels": [0, 1, 1, 1, 1, 1, 1, 1, 0, 0, 1, 1], "predicted_labels": [0, 0, 1, 1, 1, 0, 0, 0, 1, 0, 0, 1], "confidence_scores": [[0.9887929643907875, 0.011207035609212537], [0.7083291153515903, 0.29167088464840984], [0.23299909483214018, 0.7670009051678598], [0.17316974699568463, 0.8268302530043152], [0.23177552437508683, 0.7682244756249131], [0.45317292176060714, 0.5468270782393929], [0.7560633526661051, 0.24393664733389483], [0.5289428698648574, 0.4710571301351427], [0.3346601533507604, 0.6653398466492394], [0.8221226865475426, 0.17787731345245755], [0.5438665466720948, 0.4561334533279053], [0.3532195542245213, 0.6467804457754787]]}}