{"test": {"ids": ["2", "29", "23", "40", "35", "50", "58", "8", "3", "11", "16", "47"], "labels": [1, 1, 0, 0, 0, 1, 1, 0, 1, 0, 1, 1], "predicted_labels": [0, 0, 1, 0, 0, 1, 1, 0, 0, 1, 1, 0], "confidence_scores": [[0.8952852542285696, 0.10471474577143032], [0.8952852542285696, 0.10471474577143032], [0.0958346825121702, 0.9041653174878298], [0.7571205386837361, 0.24287946131626395], [0.661479036396198, 0.338520963603802], [0.42226151674314594, 0.5777384832568541], [0.27099729201179645, 0.7290027079882035], [0.7983251794113644, 0.20167482058863567], [0.8952852542285696, 0.10471474577143032], [0.27099729201179645, 0.7290027079882035], [0.19674744245242304, 0.803252557547577], [0.8952852542285696, 0.10471474577143032]]}, "rewritten": {"ids": ["2", "8", "11", "16", "23", "29", "35", "40", "47", "50", "58"], "labels": [1, 0, 0, 1, 0, 1, 0, 0, 1, 1, 1], "predicted_labels": [0, 0, 1, 1, 1, 0, 0, 1, 1, 1, 1], "confidence_scores": [[0.8952852542285696, 0.10471474577143032], [0.8952852542285696, 0.10471474577143032], [0.27099729201179645, 0.7290027079882035], [0.0958346825121702, 0.9041653174878298], [0.19674744245242304, 0.803252557547577], [0.8952852542285696, 0.10471474577143032], [0.6900536454416364, 0.30994635455836356], [0.0958346825121702, 0.9041653174878298], [0.27099729201179645, 0.7290027079882035], [0.42226151674314594, 0.5777384832568541], [0.27099729201179645, 0.7290027079882035]]}}