{"test": {"ids": ["16", "1", "15", "58", "38", "24", "22", "45", "54", "48", "37", "40"], "labels": [1, 0, 1, 0, 0, 1, 1, 1, 1, 1, 0, 1], "predicted_labels": [0, 0, 0, 1, 0, 0, 0, 0, 0, 0, 0, 0], "confidence_scores": [[0.7119853458016858, 0.28801465419831423], [0.7230426401127844, 0.2769573598872156], [0.768148657882487, 0.23185134211751304], [0.4787771426461964, 0.5212228573538036], [0.7968094701579198, 0.2031905298420802], [0.8566269936665741, 0.1433730063334259], [0.8042515656256093, 0.19574843437439066], [0.7632214064752055, 0.23677859352479444], [0.7134878841554015, 0.2865121158445985], [0.7927537718474569, 0.2072462281525431], [0.6955722286862063, 0.3044277713137938], [0.5228696780109892, 0.47713032198901084]]}}