{"test": {"ids": ["24", "1", "46", "51", "20", "14", "5", "44", "49", "18", "21", "3"], "labels": [0, 0, 1, 1, 0, 1, 0, 1, 0, 1, 1, 0], "predicted_labels": [1, 0, 0, 0, 1, 1, 1, 1, 0, 1, 1, 1], "confidence_scores": [[0.4885472203668343, 0.5114527796331657], [0.575266559548198, 0.424733440451802], [0.6443733830795075, 0.35562661692049247], [0.5116616730330652, 0.4883383269669348], [0.33241167227705437, 0.6675883277229456], [0.38237396759353637, 0.6176260324064636], [0.41097988044144484, 0.5890201195585552], [0.32853254892498374, 0.6714674510750163], [0.8879333580565625, 0.11206664194343749], [0.4844048821438056, 0.5155951178561944], [0.42756675006915346, 0.5724332499308465], [0.22841399320314504, 0.771586006796855]]}, "rewritten": {"ids": ["1", "3", "5", "14", "18", "20", "21", "24", "44", "46", "49", "51"], "labels": [0, 0, 0, 1, 1, 0, 1, 0, 1, 1, 0, 1], "predicted_labels": [0, 1, 1, 1, 0, 1, 0, 1, 0, 0, 0, 0], "confidence_scores": [[0.723963881807041, 0.27603611819295903], [0.37619967007732436, 0.6238003299226756], [0.4570208033595736, 0.5429791966404264], [0.4963749783333474, 0.5036250216666526], [0.8200292299725498, 0.1799707700274502], [0.49550194193289554, 0.5044980580671045], [0.7276763118559163, 0.2723236881440837], [0.4591117308646213, 0.5408882691353787], [0.5368298880316109, 0.46317011196838903], [0.5311586320444706, 0.46884136795552944], [0.6432837123981867, 0.35671628760181323], [0.5461426500314193, 0.45385734996858074]]}}