{"test": {"ids": ["21", "12", "3", "29", "57", "16", "4", "52", "51", "27", "53", "18"], "labels": [1, 1, 1, 1, 1, 1, 1, 0, 0, 1, 0, 1], "predicted_labels": [0, 1, 1, 0, 1, 0, 0, 1, 1, 1, 0, 0], "confidence_scores": [[0.7623114025413399, 0.23768859745865986], [0.13336221064447176, 0.8666377893555284], [0.2989786369904406, 0.7010213630095595], [0.5340162232820619, 0.4659837767179381], [0.0747083249111539, 0.9252916750888462], [0.7029427349890708, 0.2970572650109293], [0.9253506500171454, 0.07464934998285451], [0.4339247498727793, 0.5660752501272207], [0.18914595852547436, 0.8108540414745256], [0.20430129199677624, 0.795698708003224], [0.6495235625511967, 0.3504764374488033], [0.8605383019570921, 0.13946169804290806]]}, "rewritten": {"ids": ["4", "16", "18", "21", "27", "29", "51", "52", "53", "57"], "labels": [1, 1, 1, 1, 1, 1, 0, 0, 0, 1], "predicted_labels": [0, 0, 0, 0, 1, 0, 1, 1, 0, 1], "confidence_scores": [[0.8783994955567868, 0.12160050444321327], [0.7362987556236812, 0.2637012443763188], [0.8774675383982938, 0.12253246160170628], [0.7785435258921469, 0.22145647410785319], [0.060461413005674446, 0.9395385869943256], [0.5464445735138633, 0.4535554264861368], [0.24467119284984817, 0.7553288071501518], [0.4706231383728195, 0.5293768616271805], [0.7966396439845503, 0.20336035601544963], [0.09474257216569658, 0.9052574278343035]]}}