{"test": {"ids": ["48", "43", "45", "51", "13", "11", "55", "40", "7", "41", "20", "50"], "labels": [0, 1, 1, 0, 0, 0, 1, 0, 0, 0, 1, 1], "predicted_labels": [0, 1, 0, 1, 1, 0, 1, 0, 1, 0, 1, 1], "confidence_scores": [[0.5031337447234333, 0.4968662552765667], [0.4800686474663547, 0.5199313525336453], [0.5116219794769381, 0.48837802052306184], [0.42919915140813747, 0.5708008485918625], [0.4800686474663547, 0.5199313525336453], [0.5123774916593518, 0.4876225083406483], [0.3846380551454479, 0.6153619448545521], [0.5312362970478662, 0.46876370295213377], [0.384768169886888, 0.615231830113112], [0.5116219794769381, 0.48837802052306184], [0.4800686474663547, 0.5199313525336453], [0.4800686474663547, 0.5199313525336453]]}, "rewritten": {"ids": ["7", "11", "13", "20", "40", "43", "45", "48", "50", "51", "55"], "labels": [0, 0, 0, 1, 0, 1, 1, 0, 1, 0, 1], "predicted_labels": [1, 0, 1, 1, 0, 1, 1, 0, 1, 1, 1], "confidence_scores": [[0.384768169886888, 0.615231830113112], [0.5220712651752217, 0.4779287348247782], [0.384768169886888, 0.615231830113112], [0.4800686474663547, 0.5199313525336453], [0.5028384481045256, 0.4971615518954744], [0.384768169886888, 0.615231830113112], [0.3846380551454479, 0.6153619448545521], [0.5031337447234333, 0.4968662552765667], [0.48587110567064073, 0.5141288943293593], [0.42919915140813747, 0.5708008485918625], [0.409776570791734, 0.590223429208266]]}}