{"test": {"ids": ["3", "36", "0", "1", "8", "48", "43", "58", "5", "45", "12", "19"], "labels": [1, 1, 0, 0, 1, 1, 0, 0, 1, 1, 0, 1], "predicted_labels": [0, 0, 0, 0, 0, 0, 0, 0, 0, 0, 0, 0], "confidence_scores": [[0.5994939227439228, 0.40050607725607734], [0.6296231219760632, 0.37037687802393693], [0.6282079725829726, 0.3717920274170273], [0.5581311139840551, 0.4418688860159449], [0.5844310224089636, 0.4155689775910365], [0.6380595238095237, 0.36194047619047615], [0.5559359827264236, 0.44406401727357625], [0.6407844169719168, 0.3592155830280831], [0.6050634920634921, 0.39493650793650803], [0.635382326007326, 0.3646176739926739], [0.5787773129648128, 0.421222687035187], [0.5810334804084802, 0.41896651959151965]]}, "rewritten": {"ids": ["0", "1", "3", "5", "8", "12", "19", "36", "43", "45", "48", "58"], "labels": [0, 0, 1, 1, 1, 0, 1, 1, 0, 1, 1, 0], "predicted_labels": [0, 0, 0, 0, 0, 0, 0, 0, 0, 0, 0, 0], "confidence_scores": [[0.5786643217893218, 0.42133567821067813], [0.5122497314776727, 0.4877502685223273], [0.6378214285714284, 0.36217857142857146], [0.6273890692640692, 0.3726109307359307], [0.638595704948646, 0.36140429505135385], [0.5296371614496614, 0.47036283855033856], [0.5502020569299981, 0.4497979430700019], [0.5610393217893218, 0.4389606782106781], [0.5377192460317459, 0.462280753968254], [0.6204974053724054, 0.37950259462759456], [0.6437603874883289, 0.35623961251167124], [0.6446755952380951, 0.35532440476190486]]}}