{"test": {"ids": ["44", "30", "24", "35", "58", "23", "49", "14", "15", "12", "40", "47"], "labels": [1, 1, 0, 0, 0, 1, 0, 1, 0, 1, 0, 1], "predicted_labels": [0, 0, 0, 1, 1, 1, 0, 1, 1, 1, 0, 1], "confidence_scores": [[0.5822030065393842, 0.41779699346061555], [0.5495602178866885, 0.45043978211331137], [0.6621455059903977, 0.3378544940096025], [0.4172161501209489, 0.582783849879051], [0.44496459754555734, 0.5550354024544426], [0.4967696294679131, 0.5032303705320869], [0.5691120388727202, 0.4308879611272798], [0.38602208820304773, 0.6139779117969518], [0.3934931367197488, 0.606506863280251], [0.4903058865684254, 0.5096941134315747], [0.5958248416873804, 0.40417515831261935], [0.42844319454805724, 0.5715568054519427]]}, "rewritten": {"ids": ["12", "14", "15", "23", "24", "30", "35", "40", "44", "47", "49", "58"], "labels": [1, 1, 0, 1, 0, 1, 0, 0, 1, 1, 0, 0], "predicted_labels": [1, 1, 1, 1, 1, 1, 1, 1, 1, 1, 1, 1], "confidence_scores": [[0.4248502036462562, 0.5751497963537435], [0.4738045022061143, 0.5261954977938855], [0.46845929463590685, 0.5315407053640931], [0.430709262260874, 0.5692907377391259], [0.49539326158055474, 0.5046067384194454], [0.487510811477052, 0.5124891885229481], [0.375258461917427, 0.6247415380825733], [0.4873520997209719, 0.5126479002790283], [0.4561362145594343, 0.5438637854405657], [0.4379393987910106, 0.5620606012089892], [0.4689656594323002, 0.5310343405676998], [0.39742823891508094, 0.6025717610849185]]}}