{"test": {"ids": ["10", "20", "46", "9", "13", "1", "12", "3", "48", "57", "18", "54"], "labels": [0, 0, 0, 0, 0, 0, 0, 1, 1, 0, 0, 1], "predicted_labels": [1, 1, 0, 0, 0, 0, 0, 0, 0, 0, 0, 0], "confidence_scores": [[0.46820278985720165, 0.5317972101427983], [0.46616400945116154, 0.5338359905488386], [0.5297674945696381, 0.4702325054303618], [0.5281282170300123, 0.47187178296998766], [0.5005864205239205, 0.4994135794760794], [0.5162110387705354, 0.4837889612294646], [0.5692359218252172, 0.4307640781747828], [0.5237814241170431, 0.4762185758829569], [0.5220517676767675, 0.4779482323232324], [0.5314613572701806, 0.4685386427298193], [0.5481786724440514, 0.45182132755594856], [0.6052840958733913, 0.39471590412660873]]}, "rewritten": {"ids": ["1", "3", "9", "10", "12", "13", "18", "20", "46", "48", "54", "57"], "labels": [0, 1, 0, 0, 0, 0, 0, 0, 0, 1, 1, 0], "predicted_labels": [0, 0, 0, 1, 0, 1, 0, 0, 0, 1, 0, 0], "confidence_scores": [[0.5114087879168139, 0.4885912120831861], [0.570121383585679, 0.42987861641432107], [0.545316195717991, 0.4546838042820089], [0.44710952848171864, 0.5528904715182813], [0.5598255613523568, 0.44017443864764316], [0.4687952392922359, 0.5312047607077642], [0.5738639298466078, 0.42613607015339233], [0.5205110219158209, 0.4794889780841792], [0.5781502576399012, 0.42184974236009865], [0.4600799109516214, 0.5399200890483786], [0.5620453901346857, 0.4379546098653144], [0.5280414695383735, 0.47195853046162656]]}}