{"test": {"ids": ["19", "49", "30", "56", "0", "52", "8", "48", "21", "39", "6", "10"], "labels": [1, 0, 0, 0, 0, 1, 1, 1, 1, 0, 1, 0], "predicted_labels": [0, 0, 0, 0, 0, 0, 0, 0, 0, 0, 0, 0], "confidence_scores": [[0.5591956891148069, 0.4408043108851932], [0.6442329161318932, 0.3557670838681068], [0.6036624522820176, 0.39633754771798235], [0.6326060820097029, 0.3673939179902972], [0.6131773349741448, 0.38682266502585533], [0.5377108866907462, 0.462289113309254], [0.6213766788766789, 0.37862332112332103], [0.5884502853639685, 0.4115497146360316], [0.6598035724277815, 0.3401964275722184], [0.5779640026838, 0.4220359973162], [0.5862770466659618, 0.41372295333403825], [0.5503755130430656, 0.4496244869569343]]}, "rewritten": {"ids": ["0", "6", "8", "10", "19", "21", "30", "39", "48", "49", "52", "56"], "labels": [0, 1, 1, 0, 1, 1, 0, 0, 1, 0, 1, 0], "predicted_labels": [0, 0, 0, 0, 0, 0, 0, 0, 0, 0, 0, 0], "confidence_scores": [[0.5900612559207591, 0.4099387440792409], [0.6359886430760873, 0.36401135692391245], [0.598995532729262, 0.40100446727073796], [0.6355666084114054, 0.3644333915885943], [0.5812170848699317, 0.41878291513006827], [0.6264875134867225, 0.37351248651327734], [0.6023816343727165, 0.39761836562728353], [0.6080975219423194, 0.3919024780576808], [0.6201968632614746, 0.37980313673852506], [0.5803050235368348, 0.4196949764631653], [0.5920764779278542, 0.4079235220721458], [0.6111003524451498, 0.3888996475548502]]}}