{"test": {"ids": ["50", "46", "11", "30", "28", "39", "38", "25", "16", "0", "14", "3"], "labels": [1, 1, 0, 1, 0, 1, 0, 0, 1, 0, 1, 0], "predicted_labels": [1, 1, 1, 1, 1, 1, 1, 1, 1, 1, 1, 1], "confidence_scores": [[0.2853456670191242, 0.7146543329808758], [0.33381496154402734, 0.6661850384559727], [0.2111136459909162, 0.7888863540090838], [0.389905440400493, 0.610094559599507], [0.26534231994628665, 0.7346576800537133], [0.11362214408511717, 0.8863778559148828], [0.2605621490606408, 0.7394378509393592], [0.4544921692048254, 0.5455078307951746], [0.239554065561856, 0.760445934438144], [0.21806107462999158, 0.7819389253700084], [0.3063956984817531, 0.6936043015182469], [0.11584389267138928, 0.8841561073286107]]}, "rewritten": {"ids": ["0", "3", "11", "14", "16", "25", "28", "30", "38", "39", "46", "50"], "labels": [0, 0, 0, 1, 1, 0, 0, 1, 0, 1, 1, 1], "predicted_labels": [1, 1, 0, 1, 1, 1, 1, 1, 0, 1, 1, 1], "confidence_scores": [[0.26955555549260146, 0.7304444445073985], [0.17327423782257523, 0.8267257621774248], [0.6001228186763548, 0.3998771813236453], [0.21835984894799765, 0.7816401510520024], [0.49003395063938615, 0.5099660493606138], [0.3754116350542852, 0.6245883649457148], [0.08666867078824947, 0.9133313292117505], [0.3873267907189144, 0.6126732092810856], [0.5243095952238161, 0.47569040477618385], [0.28715846706165915, 0.7128415329383408], [0.3260819100538582, 0.6739180899461418], [0.1681592714788781, 0.8318407285211219]]}}