{"test": {"ids": ["10", "21", "6", "36", "53", "2", "46", "1", "32", "34", "24", "56"], "labels": [0, 1, 1, 0, 1, 1, 1, 0, 0, 0, 0, 0], "predicted_labels": [1, 0, 1, 1, 1, 0, 1, 0, 1, 1, 0, 1], "confidence_scores": [[0.35960828464664996, 0.64039171535335], [0.508108416925261, 0.49189158307473907], [0.35960828464664996, 0.64039171535335], [0.3680510102646426, 0.6319489897353574], [0.4421284271587629, 0.5578715728412371], [0.508108416925261, 0.49189158307473907], [0.35960828464664996, 0.64039171535335], [0.508108416925261, 0.49189158307473907], [0.3871304571319758, 0.6128695428680242], [0.35960828464664996, 0.64039171535335], [0.508108416925261, 0.49189158307473907], [0.38582065139975563, 0.6141793486002444]]}, "rewritten": {"ids": ["1", "2", "6", "10", "21", "24", "32", "34", "36", "46", "53", "56"], "labels": [0, 1, 1, 0, 1, 0, 0, 0, 0, 1, 1, 0], "predicted_labels": [0, 0, 1, 1, 0, 1, 1, 1, 1, 1, 1, 1], "confidence_scores": [[0.508108416925261, 0.49189158307473907], [0.508108416925261, 0.49189158307473907], [0.3778657062616666, 0.6221342937383334], [0.35960828464664996, 0.64039171535335], [0.508108416925261, 0.49189158307473907], [0.35960828464664996, 0.64039171535335], [0.4226022816110211, 0.5773977183889789], [0.3691016208942569, 0.6308983791057431], [0.35960828464664996, 0.64039171535335], [0.35960828464664996, 0.64039171535335], [0.4421284271587629, 0.5578715728412371], [0.3767327821442742, 0.6232672178557258]]}}