{"test": {"ids": ["57", "12", "39", "38", "47", "15", "23", "50", "6", "43", "52", "58"], "labels": [1, 1, 1, 0, 1, 1, 0, 1, 1, 1, 1, 0], "predicted_labels": [1, 1, 1, 1, 0, 1, 0, 0, 0, 1, 0, 1], "confidence_scores": [[0.06920845968654643, 0.9307915403134536], [0.022282219229941558, 0.9777177807700584], [0.03131486527066085, 0.9686851347293391], [0.07879471606477373, 0.9212052839352263], [0.9799679476629019, 0.020032052337098153], [0.12215062268918164, 0.8778493773108184], [0.9466189673681271, 0.053381032631872924], [0.9619543274197196, 0.03804567258028033], [0.9617652828352925, 0.03823471716470755], [0.039870272676320484, 0.9601297273236795], [0.9700270092476538, 0.029972990752346166], [0.03131486527066085, 0.9686851347293391]]}, "rewritten": {"ids": ["6", "12", "15", "23", "38", "39", "43", "47", "50", "52", "57", "58"], "labels": [1, 1, 1, 0, 0, 1, 1, 1, 1, 1, 1, 0], "predicted_labels": [1, 1, 1, 1, 1, 1, 1, 1, 1, 1, 1, 1], "confidence_scores": [[0.03131486527066085, 0.9686851347293391], [0.029334536397620625, 0.9706654636023794], [0.03131486527066085, 0.9686851347293391], [0.3371406138187809, 0.6628593861812191], [0.039714665028308116, 0.9602853349716919], [0.03131486527066085, 0.9686851347293391], [0.02287519774601643, 0.9771248022539836], [0.03131486527066085, 0.9686851347293391], [0.03147155942832369, 0.9685284405716763], [0.062427059025362275, 0.9375729409746377], [0.01862201068600644, 0.9813779893139936], [0.03131486527066085, 0.9686851347293391]]}}