{"test": {"ids": ["7", "58", "10", "45", "44", "48", "53", "8", "17", "32", "57", "55"], "labels": [0, 0, 1, 1, 1, 0, 0, 1, 1, 0, 1, 1], "predicted_labels": [0, 1, 1, 0, 0, 0, 0, 1, 1, 0, 1, 1], "confidence_scores": [[0.5276768370518369, 0.4723231629481631], [0.37416558441558445, 0.6258344155844155], [0.498492007992008, 0.501507992007992], [0.5007732822732823, 0.4992267177267178], [0.6794141414141415, 0.32058585858585864], [0.6107516233766234, 0.3892483766233766], [0.5806902680652681, 0.419309731934732], [0.47641132478632486, 0.5235886752136751], [0.3915796703296703, 0.6084203296703298], [0.6383693528693527, 0.36163064713064713], [0.428273407148407, 0.571726592851593], [0.4737352092352091, 0.5262647907647908]]}, "rewritten": {"ids": ["7", "8", "10", "17", "32", "44", "45", "48", "53", "55", "57", "58"], "labels": [0, 1, 1, 1, 0, 1, 1, 0, 0, 1, 1, 0], "predicted_labels": [0, 1, 1, 0, 0, 0, 1, 0, 1, 1, 1, 1], "confidence_scores": [[0.5367316156066153, 0.46326838439338475], [0.45313973526473533, 0.5468602647352647], [0.48232714507714514, 0.517672854922855], [0.502451701076701, 0.497548298923299], [0.6087981046731046, 0.3912018953268953], [0.628878552003552, 0.37112144799644803], [0.492862665112665, 0.507137334887335], [0.5430372682872683, 0.45696273171273183], [0.491924395049395, 0.508075604950605], [0.44505970418470414, 0.5549402958152959], [0.46238510101010094, 0.537614898989899], [0.37285660173160173, 0.6271433982683983]]}}