{"test": {"ids": ["38", "30", "10", "56", "6", "51", "44", "55", "24", "28", "11", "25"], "labels": [0, 0, 0, 0, 1, 0, 0, 1, 1, 1, 0, 0], "predicted_labels": [0, 1, 1, 1, 0, 1, 1, 1, 1, 0, 0, 0], "confidence_scores": [[0.9997583833188515, 0.00024161668114852284], [0.016273837595372598, 0.9837261624046274], [0.17688567282294854, 0.8231143271770515], [0.44466677026559454, 0.5553332297344055], [0.6216649967354964, 0.3783350032645037], [0.13237077097331407, 0.8676292290266859], [0.06787986197625573, 0.9321201380237443], [0.18107276784142623, 0.8189272321585738], [0.1572191933813084, 0.8427808066186916], [0.6837440992601271, 0.3162559007398729], [0.9844553795363086, 0.015544620463691393], [0.7595032251835865, 0.24049677481641354]]}}