{"test": {"ids": ["20", "18", "5", "42", "10", "56", "33", "54", "2", "14", "58", "16"], "labels": [0, 0, 1, 0, 0, 0, 1, 1, 0, 0, 0, 1], "predicted_labels": [1, 0, 0, 0, 1, 0, 0, 0, 0, 0, 1, 0], "confidence_scores": [[0.530387231225986, 0.4696127687740139], [0.6267070804990588, 0.3732929195009413], [0.5604748216287053, 0.4395251783712946], [0.5631841877677527, 0.4368158122322474], [0.5150181857207103, 0.4849818142792897], [0.5597754247934108, 0.44022457520658914], [0.6284185907649984, 0.37158140923500155], [0.5971615103346735, 0.40283848966532654], [0.5496445767487089, 0.45035542325129096], [0.5466385495276207, 0.45336145047237913], [0.5279454831413416, 0.47205451685865835], [0.596258180942794, 0.403741819057206]]}, "rewritten": {"ids": ["2", "5", "10", "14", "16", "18", "20", "33", "42", "54", "56", "58"], "labels": [0, 1, 0, 0, 1, 0, 0, 1, 0, 1, 0, 0], "predicted_labels": [0, 0, 1, 0, 0, 0, 1, 0, 0, 0, 0, 0], "confidence_scores": [[0.5666718032946063, 0.4333281967053938], [0.5554695110352129, 0.4445304889647872], [0.5209914649769206, 0.4790085350230794], [0.5424580744810276, 0.45754192551897244], [0.5736341102543311, 0.4263658897456689], [0.5864393195709053, 0.4135606804290945], [0.5288733234808969, 0.4711266765191033], [0.5729614989041839, 0.42703850109581615], [0.5368464941160189, 0.4631535058839811], [0.5391242571828772, 0.4608757428171227], [0.5491741368129236, 0.4508258631870763], [0.5377866399533129, 0.46221336004668706]]}}