{"test": {"ids": ["27", "18", "53", "43", "2", "56", "22", "1", "17", "23", "40", "4"], "labels": [1, 1, 1, 1, 1, 0, 1, 0, 1, 0, 0, 1], "predicted_labels": [0, 0, 0, 1, 0, 1, 1, 0, 0, 0, 0, 0], "confidence_scores": [[0.7820579239581974, 0.21794207604180257], [0.5646716412067141, 0.43532835879328596], [0.9270084584557933, 0.07299154154420673], [0.24220892683103612, 0.7577910731689639], [0.8489444181707724, 0.15105558182922757], [0.3860892628301703, 0.6139107371698297], [0.3420555530968111, 0.6579444469031889], [0.7640736143747413, 0.2359263856252587], [0.8113501058483512, 0.18864989415164884], [0.9013166204397448, 0.09868337956025516], [0.96134319696875, 0.03865680303124994], [0.675531148542927, 0.324468851457073]]}, "rewritten": {"ids": ["1", "2", "4", "17", "18", "22", "23", "27", "40", "43", "53", "56"], "labels": [0, 1, 1, 1, 1, 1, 0, 1, 0, 1, 1, 0], "predicted_labels": [0, 0, 0, 0, 0, 1, 0, 1, 0, 1, 0, 1], "confidence_scores": [[0.7609496119364091, 0.23905038806359094], [0.9512636770396581, 0.04873632296034191], [0.9483085013902383, 0.05169149860976171], [0.6151363876819378, 0.3848636123180622], [0.7426023362029223, 0.25739766379707774], [0.3672114191263808, 0.6327885808736192], [0.9592466432095517, 0.04075335679044833], [0.25683646692262463, 0.7431635330773754], [0.8813676490224955, 0.11863235097750452], [0.262176767773869, 0.737823232226131], [0.9222015431657277, 0.07779845683427236], [0.24688341204934283, 0.7531165879506572]]}}