{"test": {"ids": ["12", "5", "10", "33", "15", "42", "39", "52", "28", "41", "24", "51"], "labels": [0, 1, 0, 1, 1, 0, 0, 1, 1, 0, 1, 0], "predicted_labels": [0, 1, 1, 0, 1, 0, 0, 1, 1, 1, 0, 0], "confidence_scores": [[0.9093378723541093, 0.09066212764589066], [0.0384335247481411, 0.9615664752518589], [0.02254632615875396, 0.977453673841246], [0.8265578088189199, 0.17344219118108006], [0.08428146043671292, 0.9157185395632871], [0.914558756051771, 0.08544124394822904], [0.8433247137580616, 0.1566752862419384], [0.05920983392943979, 0.9407901660705602], [0.112402858286348, 0.887597141713652], [0.09748732441017327, 0.9025126755898267], [0.7502679705915867, 0.24973202940841335], [0.7360968344402066, 0.2639031655597935]]}, "rewritten": {"ids": ["5", "10", "12", "15", "24", "28", "33", "39", "41", "42", "51", "52"], "labels": [1, 0, 0, 1, 1, 1, 1, 0, 0, 0, 0, 1], "predicted_labels": [0, 1, 0, 1, 1, 1, 1, 0, 1, 0, 0, 1], "confidence_scores": [[0.5514569218487679, 0.44854307815123207], [0.02254632615875396, 0.977453673841246], [0.9182445898944469, 0.08175541010555305], [0.13754854613698564, 0.8624514538630144], [0.027580618755961628, 0.9724193812440384], [0.17931886482391524, 0.8206811351760848], [0.05361476529868192, 0.9463852347013181], [0.8225903478521288, 0.17740965214787116], [0.22129911795298018, 0.7787008820470198], [0.788392680218859, 0.211607319781141], [0.514603545907554, 0.48539645409244603], [0.08154059186798868, 0.9184594081320113]]}}