{"test": {"ids": ["8", "0", "32", "4", "48", "22", "12", "9", "19", "24", "46", "5"], "labels": [0, 0, 0, 1, 0, 1, 1, 1, 0, 0, 1, 0], "predicted_labels": [1, 1, 1, 1, 1, 1, 1, 1, 1, 1, 1, 1], "confidence_scores": [[0.3783223304473305, 0.6216776695526695], [0.44787470387799316, 0.5521252961220068], [0.4293951326451325, 0.5706048673548674], [0.4977671725204618, 0.5022328274795381], [0.4527984307359308, 0.5472015692640693], [0.43145911033411033, 0.5685408896658896], [0.4716007519527255, 0.5283992480472743], [0.4316328379223115, 0.5683671620776882], [0.3841663267288267, 0.6158336732711733], [0.402607233044733, 0.5973927669552669], [0.4930447293934136, 0.5069552706065863], [0.3893832833832833, 0.6106167166167163]]}, "rewritten": {"ids": ["0", "4", "5", "8", "9", "12", "19", "22", "24", "32", "46", "48"], "labels": [0, 1, 0, 0, 1, 1, 0, 1, 0, 0, 1, 0], "predicted_labels": [1, 1, 1, 1, 1, 1, 1, 1, 1, 1, 1, 1], "confidence_scores": [[0.4486685452705189, 0.5513314547294811], [0.4066724163993898, 0.5933275836006101], [0.3829366591011326, 0.6170633408988675], [0.4121161532181267, 0.5878838467818731], [0.4346509378779113, 0.5653490621220884], [0.4282882519527254, 0.5717117480472743], [0.3998286768056506, 0.6001713231943494], [0.4108512237031973, 0.5891487762968025], [0.3555029436937332, 0.6444970563062665], [0.4322102188746923, 0.5677897811253075], [0.386476348578322, 0.6135236514216779], [0.38052162968610326, 0.6194783703138965]]}}