{"test": {"ids": ["49", "46", "36", "17", "5", "21", "37", "2", "1", "10", "56", "45"], "labels": [0, 0, 0, 1, 0, 0, 1, 1, 0, 1, 0, 1], "predicted_labels": [0, 1, 1, 1, 1, 1, 1, 0, 0, 0, 0, 0], "confidence_scores": [[0.819356517921437, 0.18064348207856293], [0.2759816439603291, 0.7240183560396709], [0.25064213928101586, 0.7493578607189841], [0.33216150200456174, 0.6678384979954383], [0.16937555444445607, 0.8306244455555439], [0.16944959460598652, 0.8305504053940135], [0.17421237118112753, 0.8257876288188725], [0.8878606556802638, 0.11213934431973616], [0.7277385168828935, 0.2722614831171065], [0.721676421260353, 0.2783235787396469], [0.641217623072523, 0.35878237692747705], [0.740732139945731, 0.25926786005426905]]}, "rewritten": {"ids": ["1", "2", "5", "10", "17", "21", "36", "37", "45", "46", "49", "56"], "labels": [0, 1, 0, 1, 1, 0, 0, 1, 1, 0, 0, 0], "predicted_labels": [0, 0, 0, 1, 0, 1, 1, 1, 1, 1, 1, 1], "confidence_scores": [[0.5416410706317183, 0.45835892936828176], [0.8024770655687334, 0.19752293443126662], [0.6853094330206269, 0.3146905669793731], [0.47139810748577815, 0.5286018925142218], [0.8598021552142581, 0.140197844785742], [0.16944959460598652, 0.8305504053940135], [0.2121760108617533, 0.7878239891382467], [0.16944959460598652, 0.8305504053940135], [0.448690929813401, 0.551309070186599], [0.13495619958745186, 0.8650438004125481], [0.16944959460598652, 0.8305504053940135], [0.16944959460598652, 0.8305504053940135]]}}