{"test": {"ids": ["43", "34", "20", "38", "1", "3", "19", "29", "51", "2", "4", "42"], "labels": [1, 0, 0, 0, 0, 0, 0, 1, 1, 1, 1, 0], "predicted_labels": [1, 1, 0, 1, 1, 1, 1, 1, 1, 0, 1, 1], "confidence_scores": [[0.4682937893285817, 0.5317062106714183], [0.36777395737240304, 0.632226042627597], [0.516261945018458, 0.48373805498154193], [0.36777395737240304, 0.632226042627597], [0.36777395737240304, 0.632226042627597], [0.36777395737240304, 0.632226042627597], [0.36777395737240304, 0.632226042627597], [0.49724744492036954, 0.5027525550796305], [0.36777395737240304, 0.632226042627597], [0.516261945018458, 0.48373805498154193], [0.36777395737240304, 0.632226042627597], [0.36777395737240304, 0.632226042627597]]}, "rewritten": {"ids": ["1", "2", "3", "4", "19", "20", "29", "34", "38", "42", "43", "51"], "labels": [0, 1, 0, 1, 0, 0, 1, 0, 0, 0, 1, 1], "predicted_labels": [1, 0, 1, 1, 1, 1, 0, 1, 1, 1, 1, 1], "confidence_scores": [[0.36777395737240304, 0.632226042627597], [0.516261945018458, 0.48373805498154193], [0.36777395737240304, 0.632226042627597], [0.4776830104810529, 0.5223169895189471], [0.36777395737240304, 0.632226042627597], [0.47755790734255876, 0.5224420926574412], [0.516261945018458, 0.48373805498154193], [0.36777395737240304, 0.632226042627597], [0.36777395737240304, 0.632226042627597], [0.36777395737240304, 0.632226042627597], [0.4411992548951852, 0.5588007451048148], [0.36777395737240304, 0.632226042627597]]}}