{"test": {"ids": ["24", "43", "53", "28", "22", "25", "23", "40", "5", "47", "2", "4"], "labels": [0, 1, 0, 1, 1, 1, 1, 0, 0, 1, 0, 1], "predicted_labels": [1, 1, 1, 0, 0, 1, 0, 0, 1, 0, 0, 0], "confidence_scores": [[0.1897847254764431, 0.8102152745235569], [0.09773490321770406, 0.9022650967822959], [0.3173659758712093, 0.6826340241287907], [0.7960502815387135, 0.20394971846128654], [0.8633466786006073, 0.13665332139939268], [0.0737600087319007, 0.9262399912680993], [0.9022968630265598, 0.09770313697344024], [0.9368148097993447, 0.06318519020065531], [0.21735571513387808, 0.7826442848661219], [0.970525772166502, 0.029474227833497915], [0.8251072283640121, 0.17489277163598793], [0.970772298791771, 0.029227701208228995]]}, "rewritten": {"ids": ["2", "4", "5", "22", "23", "24", "25", "28", "40", "43", "47", "53"], "labels": [0, 1, 0, 1, 1, 0, 1, 1, 0, 1, 1, 0], "predicted_labels": [0, 0, 1, 0, 0, 1, 1, 0, 0, 1, 0, 1], "confidence_scores": [[0.6714820103283634, 0.32851798967163653], [0.9794387909073456, 0.0205612090926543], [0.11573126324193939, 0.8842687367580606], [0.7444799268649047, 0.2555200731350953], [0.7504226266200387, 0.24957737337996128], [0.04544656876510278, 0.9545534312348972], [0.05759426298844228, 0.9424057370115577], [0.7750853256270016, 0.2249146743729984], [0.9089651912747116, 0.09103480872528832], [0.07150836124340798, 0.928491638756592], [0.8920723834346295, 0.10792761656537056], [0.042206727779000475, 0.9577932722209995]]}}