{"test": {"ids": ["9", "15", "8", "1", "34", "5", "14", "51", "11", "53", "52", "56"], "labels": [1, 1, 0, 0, 0, 0, 1, 1, 0, 1, 1, 0], "predicted_labels": [1, 0, 1, 1, 0, 1, 1, 1, 0, 1, 1, 1], "confidence_scores": [[0.4674027777777776, 0.5325972222222224], [0.5159978354978353, 0.4840021645021646], [0.4401572871572871, 0.5598427128427129], [0.4673412698412697, 0.5326587301587302], [0.5383326118326118, 0.4616673881673883], [0.4678214285714286, 0.5321785714285714], [0.4468347763347762, 0.5531652236652237], [0.44375992063492053, 0.5562400793650795], [0.5052261904761906, 0.49477380952380945], [0.4155434704184703, 0.5844565295815297], [0.3470945165945167, 0.6529054834054836], [0.3615272366522365, 0.6384727633477634]]}}