{"test": {"ids": ["27", "0", "54", "2", "30", "39", "53", "52", "6", "5", "20", "41"], "labels": [1, 1, 0, 0, 1, 1, 0, 0, 0, 0, 1, 0], "predicted_labels": [1, 0, 0, 0, 1, 0, 0, 1, 1, 0, 1, 0], "confidence_scores": [[0.3971067645890737, 0.6028932354109263], [0.5269919921567514, 0.47300800784324865], [0.5077659767204127, 0.4922340232795873], [0.5269919921567514, 0.47300800784324865], [0.43219795545408357, 0.5678020445459164], [0.5269919921567514, 0.47300800784324865], [0.5178839688524955, 0.48211603114750445], [0.3785174235341542, 0.6214825764658458], [0.4225862423434116, 0.5774137576565884], [0.5269919921567514, 0.47300800784324865], [0.3785174235341542, 0.6214825764658458], [0.5269919921567514, 0.47300800784324865]]}, "rewritten": {"ids": ["0", "2", "5", "6", "20", "27", "30", "41", "52", "53", "54"], "labels": [1, 0, 0, 0, 1, 1, 1, 0, 0, 0, 0], "predicted_labels": [0, 0, 0, 0, 1, 1, 1, 0, 1, 0, 0], "confidence_scores": [[0.5269919921567514, 0.47300800784324865], [0.5174708953326896, 0.4825291046673104], [0.5269919921567514, 0.47300800784324865], [0.5269919921567514, 0.47300800784324865], [0.39562313939339233, 0.6043768606066077], [0.3785174235341542, 0.6214825764658458], [0.4409592767388437, 0.5590407232611563], [0.5269919921567514, 0.47300800784324865], [0.3785174235341542, 0.6214825764658458], [0.5168868336437383, 0.48311316635626167], [0.5075250150462032, 0.4924749849537969]]}}