{"test": {"ids": ["11", "40", "49", "41", "45", "39", "2", "38", "16", "32", "20", "50"], "labels": [0, 1, 0, 0, 1, 0, 0, 0, 1, 0, 0, 1], "predicted_labels": [1, 0, 0, 0, 1, 1, 0, 0, 1, 0, 1, 1], "confidence_scores": [[0.4377470113220112, 0.5622529886779888], [0.5288005605505607, 0.47119943944943943], [0.5653208180708181, 0.43467918192918176], [0.556777242528713, 0.4432227574712871], [0.4432600399600398, 0.5567399600399601], [0.43746430791430774, 0.5625356920856922], [0.5645503108003108, 0.4354496891996892], [0.518052294927295, 0.48194770507270496], [0.47024661449661437, 0.5297533855033856], [0.5302681845931847, 0.4697318154068153], [0.41668040293040287, 0.5833195970695971], [0.47991908091908086, 0.520080919080919]]}, "rewritten": {"ids": ["2", "11", "16", "20", "32", "38", "39", "40", "41", "45", "49", "50"], "labels": [0, 0, 1, 0, 0, 0, 0, 1, 0, 1, 0, 1], "predicted_labels": [0, 0, 0, 0, 0, 0, 0, 0, 0, 0, 0, 0], "confidence_scores": [[0.5109330866845572, 0.48906691331544294], [0.535362490613961, 0.46463750938603904], [0.5460280528295233, 0.4539719471704767], [0.5439765709780414, 0.4560234290219585], [0.5174740204240205, 0.48252597957597965], [0.5766210986725693, 0.4233789013274308], [0.5399630591630591, 0.4600369408369411], [0.5202374847374849, 0.47976251526251523], [0.5170718090732795, 0.48292819092672046], [0.5343384199134198, 0.46566158008657993], [0.5471332362082362, 0.4528667637917637], [0.5713702189966896, 0.4286297810033105]]}}