{"test": {"ids": ["18", "49", "1", "56", "6", "34", "27", "38", "57", "45", "4", "5"], "labels": [1, 0, 0, 0, 1, 0, 1, 0, 1, 1, 1, 0], "predicted_labels": [0, 0, 1, 1, 1, 1, 1, 1, 1, 0, 0, 1], "confidence_scores": [[0.5391299256299258, 0.46087007437007427], [0.5242608780108783, 0.4757391219891218], [0.4062206904206904, 0.5937793095793095], [0.4456114496614497, 0.5543885503385502], [0.4915647408147407, 0.5084352591852592], [0.41756118881118875, 0.5824388111888111], [0.47470515040515054, 0.5252948495948495], [0.4218390387390385, 0.5781609612609615], [0.40431643356643365, 0.5956835664335665], [0.5145436785436788, 0.4854563214563213], [0.5406799311799311, 0.4593200688200689], [0.41763449328449326, 0.5823655067155069]]}, "rewritten": {"ids": ["1", "4", "5", "6", "18", "27", "34", "38", "45", "49", "56", "57"], "labels": [0, 1, 0, 1, 1, 1, 0, 0, 1, 0, 0, 1], "predicted_labels": [1, 0, 1, 1, 0, 0, 1, 1, 0, 1, 1, 1], "confidence_scores": [[0.4510859917859916, 0.5489140082140082], [0.5517393328893327, 0.44826066711066737], [0.48868268953268956, 0.5113173104673104], [0.4831719114219113, 0.5168280885780887], [0.5524771672771673, 0.4475228327228325], [0.5159976467976469, 0.48400235320235313], [0.47608452658452666, 0.5239154734154734], [0.46580981795981796, 0.5341901820401819], [0.5037486235986236, 0.4962513764013764], [0.4858936341436343, 0.5141063658563657], [0.43126512931512934, 0.5687348706848706], [0.42223052503052494, 0.5777694749694752]]}}