{"test": {"ids": ["25", "13", "32", "28", "44", "36", "40", "3", "9", "8", "15", "47"], "labels": [0, 1, 0, 0, 1, 0, 0, 0, 1, 0, 1, 1], "predicted_labels": [1, 1, 1, 1, 1, 1, 1, 1, 1, 0, 0, 1], "confidence_scores": [[0.26202013997250906, 0.7379798600274909], [0.07993079197057384, 0.9200692080294262], [0.1488037339260756, 0.8511962660739244], [0.0960308181753301, 0.9039691818246699], [0.2572501928022678, 0.7427498071977322], [0.11351298312737579, 0.8864870168726242], [0.2572501928022678, 0.7427498071977322], [0.1080695865507757, 0.8919304134492243], [0.09506347278991178, 0.9049365272100882], [0.6373192098381759, 0.36268079016182403], [0.832192278924123, 0.16780772107587705], [0.09645816531718854, 0.9035418346828115]]}}