{"test": {"ids": ["57", "2", "8", "38", "35", "40", "12", "50", "46", "42", "44", "15"], "labels": [1, 1, 0, 1, 0, 0, 1, 1, 0, 0, 0, 0], "predicted_labels": [0, 1, 1, 0, 1, 1, 1, 0, 1, 1, 0, 0], "confidence_scores": [[0.6033718749337995, 0.39662812506620043], [0.47077450178077507, 0.5292254982192249], [0.17493003239462135, 0.8250699676053787], [0.7084522136527711, 0.2915477863472289], [0.08476568748492586, 0.9152343125150741], [0.08476568748492586, 0.9152343125150741], [0.45528679651798076, 0.5447132034820192], [0.820002852782844, 0.179997147217156], [0.08476568748492586, 0.9152343125150741], [0.20959241313428634, 0.7904075868657137], [0.5257498813837203, 0.4742501186162798], [0.5575903002866212, 0.4424096997133789]]}}