{"test": {"ids": ["21", "13", "37", "53", "43", "40", "51", "47", "52", "5", "6", "2"], "labels": [1, 0, 1, 0, 1, 0, 0, 1, 0, 0, 0, 0], "predicted_labels": [1, 0, 1, 1, 1, 0, 1, 1, 1, 1, 1, 0], "confidence_scores": [[0.18548793417264697, 0.814512065827353], [0.5154837802409368, 0.4845162197590632], [0.09323279533804119, 0.9067672046619588], [0.12871610606094075, 0.8712838939390593], [0.1108735794871033, 0.8891264205128967], [0.9131162137071412, 0.08688378629285871], [0.07752131896456238, 0.9224786810354376], [0.1300568009554226, 0.8699431990445774], [0.13032446494879746, 0.8696755350512025], [0.04500762557338178, 0.9549923744266182], [0.03847045624407641, 0.9615295437559236], [0.6732866697538901, 0.32671333024610993]]}, "rewritten": {"ids": ["2", "5", "6", "13", "21", "37", "40", "43", "47", "51", "52", "53"], "labels": [0, 0, 0, 0, 1, 1, 0, 1, 1, 0, 0, 0], "predicted_labels": [1, 1, 1, 1, 1, 1, 1, 0, 1, 1, 1, 1], "confidence_scores": [[0.2870730575060937, 0.7129269424939063], [0.030487666823519888, 0.9695123331764801], [0.4457862509045166, 0.5542137490954834], [0.11633069613273006, 0.8836693038672699], [0.18373652478026292, 0.8162634752197371], [0.1300568009554226, 0.8699431990445774], [0.09963385609692388, 0.9003661439030761], [0.8306276657358995, 0.16937233426410053], [0.3553441502806358, 0.6446558497193642], [0.08074663617757949, 0.9192533638224205], [0.3023377209677446, 0.6976622790322554], [0.12165167835373081, 0.8783483216462692]]}}