{"test": {"ids": ["24", "12", "40", "20", "48", "10", "35", "45", "4", "49", "6", "39"], "labels": [0, 1, 0, 1, 0, 1, 0, 1, 1, 0, 0, 1], "predicted_labels": [0, 1, 0, 1, 0, 1, 1, 0, 1, 0, 1, 1], "confidence_scores": [[0.6313378502864011, 0.3686621497135989], [0.4900420275281371, 0.5099579724718629], [0.7883404770811113, 0.21165952291888873], [0.3248439509931908, 0.675156049006809], [0.6206590487188144, 0.37934095128118567], [0.20916899819847867, 0.7908310018015212], [0.35300509360363, 0.6469949063963699], [0.5967424477887745, 0.4032575522112255], [0.4886501614713083, 0.5113498385286918], [0.6923850489654115, 0.3076149510345884], [0.26354625019774464, 0.7364537498022553], [0.3730510145036778, 0.6269489854963223]]}, "rewritten": {"ids": ["4", "6", "10", "20", "24", "35", "40", "45", "48", "49"], "labels": [1, 0, 1, 1, 0, 0, 0, 1, 0, 0], "predicted_labels": [0, 1, 1, 1, 1, 1, 0, 1, 1, 1], "confidence_scores": [[0.5363450311825033, 0.46365496881749657], [0.35242259671932535, 0.6475774032806747], [0.17143791796425514, 0.828562082035745], [0.12758459531384525, 0.8724154046861549], [0.29536005555138223, 0.7046399444486177], [0.2184939394334655, 0.7815060605665345], [0.869703132863722, 0.13029686713627797], [0.3231999659676256, 0.6768000340323743], [0.43851445533153743, 0.5614855446684627], [0.4154434333868619, 0.5845565666131383]]}}