{"test": {"ids": ["23", "21", "0", "12", "3", "51", "43", "46", "17", "40", "39", "45"], "labels": [1, 1, 1, 1, 1, 0, 1, 0, 1, 0, 1, 1], "predicted_labels": [0, 0, 0, 1, 1, 0, 1, 1, 0, 0, 0, 1], "confidence_scores": [[0.8090358851526789, 0.1909641148473211], [0.9156293417063472, 0.08437065829365277], [0.9161001348508808, 0.08389986514911918], [0.008143945052428325, 0.9918560549475717], [0.11243861311691761, 0.8875613868830824], [0.5046536171154052, 0.4953463828845947], [0.23822878585712692, 0.7617712141428731], [0.3998015675733939, 0.6001984324266061], [0.8098036280965194, 0.1901963719034806], [0.8281035929404174, 0.17189640705958265], [0.9309072622673016, 0.06909273773269846], [0.34952233939033617, 0.6504776606096638]]}, "rewritten": {"ids": ["0", "3", "12", "17", "21", "23", "39", "40", "43", "45", "46", "51"], "labels": [1, 1, 1, 1, 1, 1, 1, 0, 1, 1, 0, 0], "predicted_labels": [0, 1, 1, 0, 0, 0, 0, 0, 1, 1, 1, 0], "confidence_scores": [[0.8355270016704804, 0.1644729983295196], [0.03861781911845941, 0.9613821808815406], [0.009393732275503663, 0.9906062677244963], [0.6529980491231062, 0.3470019508768938], [0.9479931214252313, 0.05200687857476869], [0.733069148839704, 0.266930851160296], [0.9154975032748756, 0.0845024967251244], [0.7755881403962902, 0.22441185960370982], [0.19135658173746906, 0.8086434182625309], [0.3343780321312966, 0.6656219678687034], [0.204027274455437, 0.795972725544563], [0.6057157342042819, 0.39428426579571807]]}}