{"test": {"ids": ["13", "9", "57", "8", "27", "40", "49", "14", "55", "35", "42", "32"], "labels": [0, 1, 1, 1, 1, 0, 0, 1, 1, 0, 0, 0], "predicted_labels": [0, 1, 1, 1, 1, 0, 0, 1, 1, 0, 0, 0], "confidence_scores": [[0.9316259057427535, 0.0683740942572465], [0.21308356784718518, 0.7869164321528148], [0.0026518539065647495, 0.9973481460934353], [0.2474509323967421, 0.7525490676032579], [0.012865378736910627, 0.9871346212630894], [0.8926436814758602, 0.10735631852413988], [0.8776120306083081, 0.12238796939169197], [0.20124309656394157, 0.7987569034360584], [0.029329843163158786, 0.9706701568368412], [0.6682827218337093, 0.33171727816629076], [0.6824334754604634, 0.3175665245395366], [0.9870758413552427, 0.01292415864475732]]}}