{"test": {"ids": ["20", "47", "12", "10", "36", "2", "44", "29", "37", "9", "22", "56"], "labels": [0, 1, 0, 0, 1, 0, 0, 1, 0, 0, 1, 0], "predicted_labels": [1, 0, 1, 1, 0, 0, 1, 1, 1, 0, 1, 0], "confidence_scores": [[0.5, 0.5], [0.5351057342654894, 0.46489426573451065], [0.5168893752345768, 0.4831106247654233], [0.5, 0.5], [0.5697941319865162, 0.43020586801348376], [0.5326374239812959, 0.4673625760187041], [0.436543863846619, 0.5634561361533811], [0.522195926851808, 0.4778040731481918], [0.5165200598550901, 0.4834799401449098], [0.561344179248784, 0.43865582075121606], [0.47388488291381264, 0.5261151170861872], [0.5238705917431364, 0.4761294082568635]]}, "rewritten": {"ids": ["2", "9", "10", "12", "20", "22", "29", "36", "37", "44", "47", "56"], "labels": [0, 0, 0, 0, 0, 1, 1, 1, 0, 0, 1, 0], "predicted_labels": [0, 0, 1, 1, 1, 0, 0, 0, 0, 1, 0, 0], "confidence_scores": [[0.5656444674528807, 0.43435553254711934], [0.5605717542001989, 0.43942824579980105], [0.5107910947712156, 0.48920890522878413], [0.5211211492178257, 0.47887885078217435], [0.5199145046579065, 0.48008549534209366], [0.5463563959612875, 0.45364360403871257], [0.5247082744838077, 0.47529172551619236], [0.567964669967378, 0.43203533003262196], [0.5283926150257813, 0.4716073849742186], [0.5, 0.5], [0.5440791523304025, 0.4559208476695975], [0.5300213499101083, 0.4699786500898917]]}}