{"test": {"ids": ["1", "27", "13", "58", "35", "25", "43", "11", "46", "52", "42", "5"], "labels": [0, 1, 0, 0, 0, 0, 0, 0, 0, 1, 0, 1], "predicted_labels": [1, 0, 0, 1, 0, 0, 1, 1, 0, 1, 1, 0], "confidence_scores": [[0.4449990068241023, 0.5550009931758977], [0.5115677364778224, 0.48843226352217767], [0.583674046472862, 0.416325953527138], [0.4449990068241023, 0.5550009931758977], [0.583674046472862, 0.416325953527138], [0.583674046472862, 0.416325953527138], [0.4449990068241023, 0.5550009931758977], [0.4449990068241023, 0.5550009931758977], [0.583674046472862, 0.416325953527138], [0.4449990068241023, 0.5550009931758977], [0.4449990068241023, 0.5550009931758977], [0.583674046472862, 0.416325953527138]]}}