{"test": {"ids": ["44", "51", "41", "58", "36", "38", "18", "28", "4", "9", "27"], "labels": [0, 0, 0, 0, 1, 0, 0, 1, 0, 0, 1], "predicted_labels": [1, 1, 1, 1, 1, 0, 1, 1, 1, 1, 1], "confidence_scores": [[0.3779778969130928, 0.6220221030869072], [0.4252970914489317, 0.5747029085510683], [0.4252970914489317, 0.5747029085510683], [0.40174211750539524, 0.5982578824946048], [0.40964921787552955, 0.5903507821244705], [0.6217925087625393, 0.37820749123746067], [0.4096460385585512, 0.5903539614414488], [0.3701729109183819, 0.6298270890816181], [0.4095050645055893, 0.5904949354944107], [0.4252970914489317, 0.5747029085510683], [0.3701729109183819, 0.6298270890816181]]}, "rewritten": {"ids": ["4", "9", "18", "27", "28", "36", "38", "41", "44", "51", "58"], "labels": [0, 0, 0, 1, 1, 1, 0, 0, 0, 0, 0], "predicted_labels": [1, 1, 1, 1, 1, 0, 1, 1, 1, 1, 1], "confidence_scores": [[0.4095050645055893, 0.5904949354944107], [0.3710464136545729, 0.6289535863454271], [0.3779778969130928, 0.6220221030869072], [0.3701729109183819, 0.6298270890816181], [0.3701729109183819, 0.6298270890816181], [0.6217478190203505, 0.3782521809796495], [0.3779778969130928, 0.6220221030869072], [0.4252970914489317, 0.5747029085510683], [0.3701729109183819, 0.6298270890816181], [0.4252970914489317, 0.5747029085510683], [0.4016910066969478, 0.5983089933030522]]}}