{"test": {"ids": ["19", "1", "44", "43", "15", "38", "49", "0", "56", "35", "42", "45"], "labels": [0, 0, 1, 1, 1, 0, 0, 0, 0, 0, 0, 1], "predicted_labels": [1, 1, 1, 1, 1, 1, 1, 1, 1, 1, 1, 1], "confidence_scores": [[0.3959588214299987, 0.6040411785700014], [0.4026634742914427, 0.5973365257085574], [0.4074472780356114, 0.5925527219643886], [0.39906633633967753, 0.6009336636603225], [0.4054586922486346, 0.5945413077513654], [0.4085893129580525, 0.5914106870419475], [0.3971254818827035, 0.6028745181172965], [0.40719087505760554, 0.5928091249423946], [0.40500763007496543, 0.5949923699250347], [0.4018765824101537, 0.5981234175898462], [0.40412645007126385, 0.5958735499287361], [0.39937201290770136, 0.6006279870922987]]}}