{"test": {"ids": ["17", "4", "8", "39", "3", "29", "30", "14", "35", "37", "0", "12"], "labels": [1, 1, 0, 1, 0, 1, 1, 1, 0, 1, 0, 1], "predicted_labels": [1, 1, 1, 1, 1, 1, 1, 1, 1, 1, 1, 1], "confidence_scores": [[0.5509701783205664, 0.4490298216794336], [0.5450142784962806, 0.4549857215037193], [0.548938202046611, 0.45106179795338897], [0.547367424800631, 0.4526325751993689], [0.547636152186589, 0.45236384781341105], [0.5468597090890985, 0.4531402909109016], [0.5494767772412184, 0.45052322275878165], [0.5479961475683762, 0.452003852431624], [0.5497172868077155, 0.45028271319228436], [0.544997243026361, 0.45500275697363907], [0.5473692537672944, 0.4526307462327056], [0.5485614260581194, 0.4514385739418806]]}, "rewritten": {"ids": ["0", "3", "4", "8", "12", "14", "17", "29", "30", "35", "37", "39"], "labels": [0, 0, 1, 0, 1, 1, 1, 1, 1, 0, 1, 1], "predicted_labels": [1, 1, 1, 1, 1, 1, 1, 1, 1, 1, 1, 1], "confidence_scores": [[0.5482041553302487, 0.4517958446697513], [0.5466786229672711, 0.4533213770327288], [0.5449971852231406, 0.45500281477685955], [0.548247331504735, 0.45175266849526513], [0.5494146541873461, 0.45058534581265386], [0.548053107374091, 0.4519468926259091], [0.5497995840704627, 0.45020041592953725], [0.5472103193759548, 0.45278968062404507], [0.5484322943076315, 0.4515677056923685], [0.5490555173053348, 0.45094448269466536], [0.5449170560045462, 0.45508294399545374], [0.5472893738002415, 0.4527106261997585]]}}