{"test": {"ids": ["1", "20", "25", "30", "51", "54", "34", "21", "9", "43", "14", "8"], "labels": [0, 0, 1, 1, 0, 0, 0, 0, 1, 1, 1, 0], "predicted_labels": [1, 0, 0, 0, 0, 1, 1, 1, 1, 1, 1, 0], "confidence_scores": [[0.39945706712312035, 0.6005429328768797], [0.5193293474650397, 0.48067065253496033], [0.5172554230081603, 0.4827445769918397], [0.527179655042142, 0.47282034495785796], [0.5188331391385279, 0.48116686086147203], [0.3910728568399483, 0.6089271431600517], [0.39945706712312035, 0.6005429328768797], [0.4841022646260025, 0.5158977353739975], [0.492902835234727, 0.507097164765273], [0.4659821405539679, 0.5340178594460321], [0.3910728568399483, 0.6089271431600517], [0.5013025874657817, 0.49869741253421834]]}, "rewritten": {"ids": ["1", "8", "9", "14", "20", "21", "25", "30", "34", "43", "51", "54"], "labels": [0, 0, 1, 1, 0, 0, 1, 1, 0, 1, 0, 0], "predicted_labels": [1, 1, 1, 1, 1, 1, 0, 0, 1, 1, 1, 1], "confidence_scores": [[0.39945706712312035, 0.6005429328768797], [0.39956479279136303, 0.600435207208637], [0.3910728568399483, 0.6089271431600517], [0.4660883793514188, 0.5339116206485812], [0.43351772911404096, 0.566482270885959], [0.3910728568399483, 0.6089271431600517], [0.5084560175333772, 0.4915439824666228], [0.5181628708074525, 0.4818371291925475], [0.3910728568399483, 0.6089271431600517], [0.42411723936553103, 0.575882760634469], [0.4755113268179869, 0.5244886731820131], [0.4856655965289679, 0.5143344034710321]]}}