{"test": {"ids": ["51", "17", "30", "49", "14", "57", "47", "2", "34", "5", "18", "38"], "labels": [1, 1, 1, 0, 1, 1, 1, 1, 0, 0, 1, 0], "predicted_labels": [0, 0, 0, 0, 0, 0, 1, 0, 0, 0, 0, 1], "confidence_scores": [[0.7191656044896242, 0.28083439551037576], [0.5632509796952476, 0.43674902030475243], [0.8055056318717881, 0.1944943681282119], [0.720467825231801, 0.279532174768199], [0.6973118789622288, 0.3026881210377712], [0.5704449913714069, 0.42955500862859314], [0.48689444657972125, 0.5131055534202787], [0.7212911069667859, 0.2787088930332141], [0.6651269164494977, 0.3348730835505022], [0.749114346478928, 0.2508856535210719], [0.7801059694201024, 0.21989403057989768], [0.40008556849166144, 0.5999144315083386]]}, "rewritten": {"ids": ["2", "5", "14", "17", "18", "30", "34", "38", "47", "49", "51", "57"], "labels": [1, 0, 1, 1, 1, 1, 0, 0, 1, 0, 1, 1], "predicted_labels": [1, 1, 1, 1, 0, 0, 1, 0, 0, 0, 0, 0], "confidence_scores": [[0.497936603025532, 0.502063396974468], [0.4661095736595763, 0.5338904263404237], [0.4403076653978466, 0.5596923346021534], [0.44059113750309864, 0.5594088624969014], [0.5233635774497043, 0.47663642255029565], [0.7724278261477313, 0.22757217385226863], [0.4595160907392576, 0.5404839092607424], [0.5659254035226529, 0.4340745964773472], [0.5227025634937239, 0.47729743650627604], [0.6827530175707666, 0.3172469824292334], [0.5156126746562659, 0.484387325343734], [0.5159570022240157, 0.48404299777598425]]}}