{"test": {"ids": ["37", "44", "42", "52", "28", "18", "36", "27", "54", "38", "41", "23"], "labels": [1, 1, 0, 1, 0, 1, 0, 1, 0, 0, 1, 0], "predicted_labels": [0, 0, 1, 1, 0, 1, 1, 1, 1, 1, 1, 1], "confidence_scores": [[0.6631778876534489, 0.336822112346551], [0.7413110911133939, 0.25868890888660606], [0.29915683629164697, 0.7008431637083531], [0.10429604743008404, 0.895703952569916], [0.5932116417726634, 0.4067883582273366], [0.4790324014811603, 0.5209675985188398], [0.1281360162602523, 0.8718639837397477], [0.3595969532327238, 0.6404030467672761], [0.4625151032422933, 0.5374848967577067], [0.07084893228945369, 0.9291510677105465], [0.283689941542591, 0.7163100584574088], [0.4148385436245761, 0.585161456375424]]}}