{"test": {"ids": ["57", "0", "23", "39", "17", "38", "8", "28", "1", "9", "5", "32"], "labels": [1, 0, 0, 1, 1, 0, 0, 0, 0, 1, 0, 0], "predicted_labels": [1, 1, 1, 1, 1, 1, 1, 1, 1, 1, 1, 1], "confidence_scores": [[0.2879517843267843, 0.7120482156732156], [0.38284271284271293, 0.6171572871572871], [0.3961353507603507, 0.6038646492396491], [0.4852220418470419, 0.5147779581529581], [0.4111933621933623, 0.588806637806638], [0.42753336940836933, 0.5724666305916307], [0.35454467754467756, 0.6454553224553223], [0.39189610389610396, 0.6081038961038963], [0.39054197191697204, 0.6094580280830281], [0.35597438672438675, 0.6440256132756133], [0.3828321955821956, 0.6171678044178043], [0.3490153318903319, 0.6509846681096682]]}, "rewritten": {"ids": ["0", "1", "5", "8", "9", "17", "23", "28", "32", "38", "39", "57"], "labels": [0, 0, 0, 0, 1, 1, 0, 0, 0, 0, 1, 1], "predicted_labels": [1, 1, 1, 1, 1, 1, 1, 1, 1, 1, 1, 1], "confidence_scores": [[0.4587160894660895, 0.5412839105339105], [0.39715308302808316, 0.602846916971917], [0.4095591075591076, 0.5904408924408924], [0.35580093517593525, 0.6441990648240647], [0.3957588383838383, 0.6042411616161618], [0.47639844877344856, 0.5236015512265513], [0.44928457653457665, 0.5507154234654235], [0.3923943001443002, 0.6076056998556998], [0.4006809163059163, 0.5993190836940836], [0.3661185064935064, 0.6338814935064937], [0.475027417027417, 0.5249725829725831], [0.35853499278499273, 0.6414650072150073]]}}