{"test": {"ids": ["55", "2", "0", "36", "48", "3", "28", "17", "7", "49", "4", "35"], "labels": [1, 0, 1, 0, 0, 1, 1, 1, 0, 0, 1, 0], "predicted_labels": [1, 0, 0, 1, 0, 1, 1, 1, 1, 1, 1, 1], "confidence_scores": [[0.44900306637806664, 0.5509969336219335], [0.5895077561327561, 0.4104922438672438], [0.5357507908757909, 0.46424920912420914], [0.46746596459096473, 0.5325340354090354], [0.539002761127761, 0.46099723887223903], [0.36615247252747246, 0.6338475274725276], [0.4321401515151515, 0.5678598484848486], [0.4383515512265512, 0.5616484487734488], [0.40724435286935295, 0.5927556471306472], [0.462156746031746, 0.5378432539682539], [0.4469428904428905, 0.5530571095571096], [0.347354131979132, 0.652645868020868]]}, "rewritten": {"ids": ["0", "2", "3", "4", "7", "17", "28", "35", "36", "48", "49", "55"], "labels": [1, 0, 1, 1, 0, 1, 1, 0, 0, 0, 0, 1], "predicted_labels": [1, 0, 1, 1, 1, 1, 1, 1, 1, 0, 1, 1], "confidence_scores": [[0.49653812853812856, 0.5034618714618714], [0.5052812604062605, 0.49471873959373946], [0.3722952741702742, 0.6277047258297257], [0.42829408091908094, 0.5717059190809192], [0.3945270562770563, 0.6054729437229437], [0.35550234487734494, 0.6444976551226551], [0.4115905483405484, 0.5884094516594517], [0.38429305416805426, 0.6157069458319456], [0.4759383810633812, 0.5240616189366188], [0.5226585497835496, 0.47734145021645025], [0.467248015873016, 0.532751984126984], [0.4447768759018761, 0.5552231240981239]]}}