{"test": {"ids": ["41", "6", "20", "34", "28", "9", "32", "8", "36", "33", "49"], "labels": [0, 0, 1, 0, 1, 1, 0, 1, 0, 0, 0], "predicted_labels": [1, 1, 1, 1, 1, 1, 1, 1, 1, 1, 1], "confidence_scores": [[0.4151771986863051, 0.584822801313695], [0.5480633632266965, 0.4519366367733034], [0.38332041340434575, 0.6166795865956541], [0.3906852752935974, 0.6093147247064027], [0.3156660138188503, 0.6843339861811497], [0.3167221440957735, 0.6832778559042266], [0.226853067910651, 0.7731469320893489], [0.5134556859969818, 0.48654431400301823], [0.3351374130960119, 0.6648625869039881], [0.3891671733735123, 0.6108328266264875], [0.31645817164605583, 0.6835418283539441]]}, "rewritten": {"ids": ["6", "8", "9", "20", "28", "32", "33", "34", "36", "41", "49"], "labels": [0, 1, 1, 1, 1, 0, 0, 0, 0, 0, 0], "predicted_labels": [1, 1, 1, 1, 1, 1, 1, 1, 1, 1, 1], "confidence_scores": [[0.3764248309064184, 0.6235751690935816], [0.4382172608694431, 0.561782739130557], [0.3165863342303234, 0.6834136657696765], [0.37860074494820045, 0.6213992550517996], [0.29481000903573, 0.7051899909642699], [0.2185639279887292, 0.781436072011271], [0.3460333059616157, 0.6539666940383841], [0.33910936927475244, 0.6608906307252476], [0.3498295941195948, 0.6501704058804053], [0.41513035999474895, 0.5848696400052512], [0.36561808900457093, 0.634381910995429]]}}