{"test": {"ids": ["6", "40", "50", "56", "16", "27", "45", "28", "29", "41", "47", "38"], "labels": [0, 0, 1, 0, 1, 1, 1, 1, 1, 0, 1, 1], "predicted_labels": [1, 0, 1, 0, 0, 1, 0, 1, 1, 1, 0, 1], "confidence_scores": [[0.12772944707843936, 0.8722705529215606], [0.9182866998669916, 0.08171330013300834], [0.07014181652647777, 0.9298581834735222], [0.7734982153268299, 0.22650178467317006], [0.5959444031529602, 0.40405559684703984], [0.122935427452468, 0.877064572547532], [0.8012015604432887, 0.19879843955671128], [0.4044779352915462, 0.5955220647084538], [0.4713782587491502, 0.5286217412508498], [0.3514009655733229, 0.6485990344266771], [0.8338528210876627, 0.1661471789123373], [0.3528709395843136, 0.6471290604156864]]}, "rewritten": {"ids": ["6", "16", "27", "28", "29", "38", "40", "41", "45", "47", "50", "56"], "labels": [0, 1, 1, 1, 1, 1, 0, 0, 1, 1, 1, 0], "predicted_labels": [1, 1, 1, 1, 1, 1, 1, 1, 0, 1, 1, 1], "confidence_scores": [[0.3920416045182271, 0.6079583954817729], [0.24835907193812634, 0.7516409280618737], [0.10933843081269845, 0.8906615691873015], [0.23362822699423014, 0.7663717730057699], [0.3678229499056649, 0.6321770500943351], [0.3051973421511628, 0.6948026578488372], [0.3508971794221786, 0.6491028205778214], [0.3514009655733229, 0.6485990344266771], [0.6896375936899979, 0.31036240631000206], [0.28376792810211615, 0.7162320718978838], [0.12976823452338027, 0.8702317654766197], [0.4350049893847072, 0.5649950106152928]]}}