{"test": {"ids": ["3", "50", "15", "42", "11", "53", "21", "54", "47", "6", "36", "22"], "labels": [0, 1, 1, 0, 0, 1, 1, 0, 1, 1, 0, 1], "predicted_labels": [1, 1, 0, 0, 1, 1, 1, 1, 1, 1, 1, 0], "confidence_scores": [[0.3974234336125887, 0.6025765663874113], [0.4155576443702207, 0.5844423556297793], [0.5368643013744561, 0.463135698625544], [0.5368643013744561, 0.463135698625544], [0.40608093194240025, 0.5939190680575998], [0.4155576443702207, 0.5844423556297793], [0.3974234336125887, 0.6025765663874113], [0.3974234336125887, 0.6025765663874113], [0.4337405192968532, 0.5662594807031468], [0.4525154222200054, 0.5474845777799946], [0.40698612615034, 0.59301387384966], [0.5362891731083845, 0.4637108268916155]]}, "rewritten": {"ids": ["3", "6", "11", "15", "21", "22", "36", "42", "47", "50", "53", "54"], "labels": [0, 1, 0, 1, 1, 1, 0, 0, 1, 1, 1, 0], "predicted_labels": [0, 0, 1, 0, 1, 0, 0, 0, 0, 0, 0, 1], "confidence_scores": [[0.545881226110002, 0.454118773889998], [0.5370790198204929, 0.4629209801795071], [0.3974234336125887, 0.6025765663874113], [0.545881226110002, 0.454118773889998], [0.3974234336125887, 0.6025765663874113], [0.545881226110002, 0.454118773889998], [0.545881226110002, 0.454118773889998], [0.5368643013744561, 0.463135698625544], [0.545881226110002, 0.454118773889998], [0.545881226110002, 0.454118773889998], [0.545881226110002, 0.454118773889998], [0.3974234336125887, 0.6025765663874113]]}}