{"test": {"ids": ["13", "6", "33", "2", "55", "35", "20", "11", "32", "15", "10", "39"], "labels": [1, 1, 0, 1, 1, 0, 0, 0, 0, 1, 0, 1], "predicted_labels": [1, 1, 1, 1, 0, 1, 1, 1, 0, 1, 1, 1], "confidence_scores": [[0.36642470958368467, 0.6335752904163153], [0.39288133215360643, 0.6071186678463936], [0.4865567043368987, 0.5134432956631013], [0.45733942439579967, 0.5426605756042003], [0.5149145866789768, 0.4850854133210231], [0.42056795681695436, 0.5794320431830456], [0.3752129824184637, 0.6247870175815363], [0.4861192840700074, 0.5138807159299926], [0.5149145866789768, 0.4850854133210231], [0.3921208866649929, 0.6078791133350071], [0.39346628579252463, 0.6065337142074754], [0.4861192840700074, 0.5138807159299926]]}, "rewritten": {"ids": ["2", "6", "10", "11", "13", "15", "20", "32", "33", "35", "39", "55"], "labels": [1, 1, 0, 0, 1, 1, 0, 0, 0, 0, 1, 1], "predicted_labels": [1, 1, 1, 1, 1, 1, 0, 0, 1, 1, 0, 1], "confidence_scores": [[0.36642470958368467, 0.6335752904163153], [0.36642470958368467, 0.6335752904163153], [0.4031704459810861, 0.5968295540189139], [0.4861192840700074, 0.5138807159299926], [0.36642470958368467, 0.6335752904163153], [0.3834870849164538, 0.6165129150835462], [0.5149145866789768, 0.4850854133210231], [0.5149145866789768, 0.4850854133210231], [0.38385917552713444, 0.6161408244728656], [0.3752129824184637, 0.6247870175815363], [0.5149145866789768, 0.4850854133210231], [0.42114966196225456, 0.5788503380377454]]}}