{"test": {"ids": ["43", "6", "23", "30", "57", "45", "25", "54", "40", "50", "55", "29"], "labels": [1, 1, 0, 1, 1, 1, 0, 0, 0, 1, 1, 1], "predicted_labels": [0, 0, 0, 0, 1, 0, 1, 1, 1, 1, 0, 0], "confidence_scores": [[0.8538067350192526, 0.14619326498074733], [0.9427107423889751, 0.05728925761102489], [0.5729132122997456, 0.4270867877002544], [0.7993615047151954, 0.20063849528480465], [0.3763722184081275, 0.6236277815918725], [0.7997640414104223, 0.2002359585895776], [0.04229906679233164, 0.9577009332076684], [0.2806085900274823, 0.7193914099725177], [0.271806644587149, 0.728193355412851], [0.34862537231997026, 0.6513746276800297], [0.8664849729154526, 0.13351502708454746], [0.9176299731292236, 0.0823700268707764]]}, "rewritten": {"ids": ["6", "23", "25", "29", "30", "40", "43", "45", "50", "54", "55", "57"], "labels": [1, 0, 0, 1, 1, 0, 1, 1, 1, 0, 1, 1], "predicted_labels": [0, 0, 1, 0, 0, 1, 0, 0, 1, 1, 0, 0], "confidence_scores": [[0.9600973406679223, 0.03990265933207769], [0.8194982606341707, 0.18050173936582922], [0.06998217906804094, 0.9300178209319591], [0.8958059683542101, 0.10419403164578991], [0.9242734325742495, 0.07572656742575049], [0.34146577581017057, 0.6585342241898294], [0.8126675097679872, 0.18733249023201284], [0.771736052735122, 0.228263947264878], [0.226757614769436, 0.773242385230564], [0.13113999050449576, 0.8688600094955042], [0.6944866809696497, 0.30551331903035034], [0.5011443948864676, 0.4988556051135324]]}}