{"test": {"ids": ["35", "55", "52", "29", "27", "56", "10", "58", "7", "21", "18", "36"], "labels": [0, 1, 0, 1, 1, 0, 1, 0, 0, 1, 1, 0], "predicted_labels": [1, 0, 1, 0, 1, 0, 0, 0, 1, 0, 1, 1], "confidence_scores": [[0.4919227300538266, 0.5080772699461734], [0.8347100322997876, 0.16528996770021245], [0.41980536634768484, 0.5801946336523152], [0.7884650117325926, 0.21153498826740735], [0.43142779031097644, 0.5685722096890236], [0.6964714010073718, 0.30352859899262824], [0.783999647830268, 0.21600035216973207], [0.8702310485032025, 0.12976895149679749], [0.09166186512064856, 0.9083381348793514], [0.8645634914690512, 0.13543650853094882], [0.28994051705819146, 0.7100594829418085], [0.4320562578322872, 0.5679437421677128]]}, "rewritten": {"ids": ["7", "10", "18", "21", "27", "29", "35", "36", "52", "55", "56", "58"], "labels": [0, 1, 1, 1, 1, 1, 0, 0, 0, 1, 0, 0], "predicted_labels": [1, 1, 1, 0, 1, 0, 1, 1, 0, 0, 0, 0], "confidence_scores": [[0.09166186512064856, 0.9083381348793514], [0.26812851502282853, 0.7318714849771715], [0.28636721160488043, 0.7136327883951196], [0.7997106374943033, 0.2002893625056967], [0.43142779031097644, 0.5685722096890236], [0.7884650117325926, 0.21153498826740735], [0.43142779031097644, 0.5685722096890236], [0.37806850545956106, 0.621931494540439], [0.6652713427170107, 0.3347286572829893], [0.786440076173208, 0.213559923826792], [0.8044634412374527, 0.1955365587625473], [0.6504613303356762, 0.3495386696643238]]}}