{"test": {"ids": ["54", "15", "52", "40", "13", "3", "57", "50", "48", "37", "25", "11"], "labels": [0, 0, 0, 0, 0, 1, 1, 1, 0, 1, 1, 0], "predicted_labels": [1, 0, 1, 0, 1, 1, 1, 1, 0, 1, 0, 1], "confidence_scores": [[0.2446174425164692, 0.7553825574835308], [0.6639298644136157, 0.3360701355863844], [0.33502032108525176, 0.6649796789147482], [0.9049086132359977, 0.0950913867640022], [0.5259816579233129, 0.474018342076687], [0.4402736653439769, 0.5597263346560231], [0.3427190619850948, 0.6572809380149054], [0.41427712397797456, 0.5857228760220254], [0.9049936617484452, 0.0950063382515549], [0.27325094210330353, 0.7267490578966965], [0.9042037134040621, 0.09579628659593789], [0.43740685992582706, 0.562593140074173]]}}