{"test": {"ids": ["27", "21", "57", "18", "55", "7", "17", "50", "46", "38", "16"], "labels": [1, 1, 0, 0, 1, 1, 0, 1, 0, 0, 1], "predicted_labels": [0, 0, 0, 0, 0, 0, 0, 0, 0, 0, 0], "confidence_scores": [[0.5538982545232545, 0.4461017454767455], [0.5943072066822066, 0.4056927933177935], [0.5443116744366744, 0.4556883255633256], [0.6223124653124652, 0.37768753468753474], [0.6262796925296925, 0.3737203074703075], [0.6271483238983239, 0.37285167610167624], [0.6027489177489178, 0.3972510822510823], [0.5728487207237207, 0.4271512792762793], [0.6204559745809745, 0.37954402541902554], [0.6104270590520591, 0.3895729409479409], [0.613860986235986, 0.3861390137640139]]}, "rewritten": {"ids": ["7", "16", "17", "18", "21", "27", "38", "46", "50", "55", "57"], "labels": [1, 1, 0, 0, 1, 1, 0, 0, 1, 1, 0], "predicted_labels": [0, 0, 0, 0, 0, 0, 0, 0, 0, 0, 0], "confidence_scores": [[0.643610125985126, 0.356389874014874], [0.6409845432345432, 0.3590154567654569], [0.6039200382950383, 0.3960799617049618], [0.602234792984793, 0.397765207015207], [0.6037043928293929, 0.39629560717060724], [0.5493967560217561, 0.45060324397824386], [0.5835566794316794, 0.41644332056832056], [0.6350579559329559, 0.36494204406704417], [0.6012227494727495, 0.3987772505272506], [0.5877342379842379, 0.4122657620157622], [0.6285945720945721, 0.371405427905428]]}}