{"test": {"ids": ["3", "40", "21", "29", "15", "44", "6", "51", "46", "25", "17", "58"], "labels": [0, 0, 1, 1, 1, 1, 1, 1, 1, 0, 1, 0], "predicted_labels": [1, 1, 1, 1, 1, 1, 1, 1, 1, 1, 1, 1], "confidence_scores": [[0.5522763958394098, 0.44772360416059015], [0.5506350069377898, 0.4493649930622102], [0.5486962546803628, 0.4513037453196372], [0.5493416682311607, 0.4506583317688392], [0.550799589353141, 0.44920041064685906], [0.5494255299179878, 0.4505744700820123], [0.5496328047654151, 0.450367195234585], [0.5522676933068692, 0.4477323066931308], [0.5530659501371382, 0.44693404986286206], [0.5504663863765311, 0.4495336136234687], [0.5516580226180705, 0.4483419773819295], [0.5522887942084957, 0.4477112057915041]]}, "rewritten": {"ids": ["3", "6", "15", "17", "21", "25", "29", "40", "44", "46", "51", "58"], "labels": [0, 1, 1, 1, 1, 0, 1, 0, 1, 1, 1, 0], "predicted_labels": [1, 1, 1, 1, 1, 1, 1, 1, 1, 1, 1, 1], "confidence_scores": [[0.5521130013519964, 0.44788699864800363], [0.5503245732902889, 0.44967542670971083], [0.5507815042970247, 0.44921849570297534], [0.5511122996894844, 0.4488877003105155], [0.5491838874029433, 0.4508161125970568], [0.5501474721344207, 0.4498525278655794], [0.5496062987613309, 0.4503937012386689], [0.5501149718990961, 0.4498850281009039], [0.5481187861104889, 0.45188121388951114], [0.5537813310732118, 0.44621866892678824], [0.5518222911509788, 0.44817770884902114], [0.5520956995160161, 0.4479043004839837]]}}