{"test": {"ids": ["21", "42", "55", "36", "35", "0", "51", "7", "6", "30", "48", "3"], "labels": [1, 0, 1, 0, 0, 0, 1, 1, 1, 1, 0, 0], "predicted_labels": [1, 1, 1, 1, 1, 1, 1, 1, 1, 1, 1, 1], "confidence_scores": [[0.4844687466649065, 0.5155312533350932], [0.46821074295441895, 0.5317892570455811], [0.4763710254320007, 0.5236289745679992], [0.46960528912560023, 0.5303947108743998], [0.44113697531334695, 0.5588630246866529], [0.5, 0.5], [0.45726407790614776, 0.5427359220938525], [0.3377230737855539, 0.6622769262144462], [0.4476755713887716, 0.5523244286112283], [0.3614386754109828, 0.6385613245890172], [0.34233706180699003, 0.65766293819301], [0.5559150268114943, 0.4440849731885056]]}, "rewritten": {"ids": ["0", "6", "7", "21", "30", "35", "36", "42", "48", "51", "55"], "labels": [0, 1, 1, 1, 1, 0, 0, 0, 0, 1, 1], "predicted_labels": [1, 1, 1, 1, 1, 1, 1, 1, 1, 1, 1], "confidence_scores": [[0.5152549583909078, 0.48474504160909204], [0.4291617552014234, 0.5708382447985767], [0.3581535769051653, 0.6418464230948348], [0.44149421713467224, 0.5585057828653277], [0.36869289424386054, 0.6313071057561392], [0.45897829866249973, 0.5410217013375002], [0.4708831730963078, 0.5291168269036922], [0.5117392113596273, 0.48826078864037253], [0.38574564578552817, 0.6142543542144718], [0.4542320020502829, 0.5457679979497171], [0.4370699881126779, 0.5629300118873222]]}}