{"test": {"ids": ["42", "30", "35", "5", "55", "53", "18", "54", "51", "3", "27", "29"], "labels": [0, 1, 0, 0, 1, 0, 1, 0, 0, 1, 1, 1], "predicted_labels": [1, 1, 1, 1, 1, 1, 1, 0, 1, 1, 1, 0], "confidence_scores": [[0.43160395337801116, 0.5683960466219888], [0.4050128984891398, 0.5949871015108602], [0.4743455873975382, 0.5256544126024618], [0.411617655507442, 0.588382344492558], [0.3475576766427708, 0.6524423233572292], [0.4397096130802617, 0.5602903869197383], [0.4050128984891398, 0.5949871015108602], [0.5019543531513813, 0.4980456468486188], [0.4295291583476032, 0.5704708416523968], [0.4743900929643714, 0.5256099070356286], [0.3385034046753348, 0.6614965953246652], [0.5877130720740538, 0.41228692792594623]]}, "rewritten": {"ids": ["3", "5", "18", "27", "29", "30", "35", "42", "51", "53", "54", "55"], "labels": [1, 0, 1, 1, 1, 1, 0, 0, 0, 0, 0, 1], "predicted_labels": [1, 1, 1, 1, 1, 0, 1, 1, 1, 1, 1, 0], "confidence_scores": [[0.49335511811097055, 0.5066448818890295], [0.4143550380315556, 0.5856449619684444], [0.3385034046753348, 0.6614965953246652], [0.4295291583476032, 0.5704708416523968], [0.4749048892514969, 0.5250951107485031], [0.5247936837427825, 0.4752063162572175], [0.3385034046753348, 0.6614965953246652], [0.35362644149683464, 0.6463735585031654], [0.3385034046753348, 0.6614965953246652], [0.43951498319067694, 0.5604850168093231], [0.44755672944082836, 0.5524432705591716], [0.517587168474558, 0.482412831525442]]}}