{"test": {"ids": ["30", "7", "52", "8", "6", "10", "54", "23", "18", "41", "50"], "labels": [1, 1, 1, 0, 1, 0, 0, 0, 1, 1, 1], "predicted_labels": [0, 0, 1, 1, 1, 1, 1, 0, 0, 0, 1], "confidence_scores": [[0.5411603535353535, 0.4588396464646465], [0.5373445720945723, 0.4626554279054277], [0.43456166056166073, 0.5654383394383393], [0.4044859862359864, 0.5955140137640136], [0.4648394660894662, 0.5351605339105339], [0.41983387445887443, 0.5801661255411255], [0.403775432900433, 0.5962245670995671], [0.5605514069264069, 0.4394485930735932], [0.5099107142857143, 0.4900892857142858], [0.522549880674881, 0.47745011932511916], [0.3941765873015873, 0.6058234126984126]]}, "rewritten": {"ids": ["6", "7", "8", "10", "18", "23", "30", "41", "50", "52", "54"], "labels": [1, 1, 0, 0, 1, 0, 1, 1, 1, 1, 0], "predicted_labels": [1, 0, 1, 1, 1, 0, 1, 0, 1, 1, 1], "confidence_scores": [[0.4895342712842715, 0.5104657287157285], [0.54599734987235, 0.45400265012764995], [0.4407278693528695, 0.5592721306471305], [0.36897077922077914, 0.6310292207792209], [0.48282539682539694, 0.517174603174603], [0.5257229853479851, 0.4742770146520149], [0.4875694444444443, 0.5124305555555557], [0.5431156621156622, 0.4568843378843379], [0.3774251443001444, 0.6225748556998557], [0.4192837856587859, 0.5807162143412143], [0.40142622655122656, 0.5985737734487734]]}}