{"test": {"ids": ["12", "57", "23", "29", "52", "1", "13", "47", "50", "18", "27", "41"], "labels": [1, 1, 1, 1, 0, 0, 0, 1, 1, 1, 1, 0], "predicted_labels": [1, 1, 0, 1, 1, 0, 1, 1, 0, 1, 1, 1], "confidence_scores": [[0.38726905098256437, 0.6127309490174356], [0.18068888168237218, 0.8193111183176278], [0.8520411345427765, 0.14795886545722342], [0.10485595612802612, 0.8951440438719739], [0.06603083308020818, 0.9339691669197918], [0.9012517755343105, 0.09874822446568957], [0.3777797187079579, 0.6222202812920421], [0.07897163765069237, 0.9210283623493076], [0.7704048325857888, 0.22959516741421115], [0.17739521214008802, 0.822604787859912], [0.15560101993151954, 0.8443989800684805], [0.18809133238092768, 0.8119086676190723]]}, "rewritten": {"ids": ["1", "12", "13", "18", "23", "27", "29", "41", "47", "50", "52", "57"], "labels": [0, 1, 0, 1, 1, 1, 1, 0, 1, 1, 0, 1], "predicted_labels": [0, 0, 0, 1, 0, 0, 1, 1, 1, 0, 1, 1], "confidence_scores": [[0.879128128217818, 0.12087187178218192], [0.6998353144818007, 0.3001646855181993], [0.6012426546788741, 0.39875734532112594], [0.4919499579680232, 0.5080500420319768], [0.9514837382478096, 0.048516261752190384], [0.52315438867147, 0.47684561132853004], [0.4469732342423335, 0.5530267657576665], [0.09603750718179882, 0.9039624928182012], [0.139455628291849, 0.860544371708151], [0.8336302478548219, 0.16636975214517807], [0.21092477731646708, 0.7890752226835329], [0.249726914784137, 0.750273085215863]]}}