{"test": {"ids": ["49", "11", "38", "56", "34", "29", "27", "12", "43", "10", "44", "15"], "labels": [0, 0, 0, 0, 1, 1, 1, 0, 0, 0, 0, 1], "predicted_labels": [0, 0, 0, 0, 1, 0, 1, 1, 1, 1, 1, 0], "confidence_scores": [[0.958868949962613, 0.041131050037387054], [0.9967715959816701, 0.0032284040183299142], [0.9910829618139608, 0.008917038186039134], [0.9814105960750588, 0.018589403924941236], [0.20490422597446167, 0.7950957740255383], [0.9964225606683976, 0.003577439331602401], [0.004575485685571756, 0.9954245143144282], [0.0016180628848396772, 0.9983819371151603], [0.30588498494073413, 0.6941150150592659], [0.036535460896089944, 0.9634645391039101], [0.039334837786970445, 0.9606651622130296], [0.9910917305594434, 0.008908269440556576]]}, "rewritten": {"ids": ["10", "11", "12", "15", "27", "29", "34", "38", "43", "44", "49", "56"], "labels": [0, 0, 0, 1, 1, 1, 1, 0, 0, 0, 0, 0], "predicted_labels": [1, 0, 1, 0, 1, 0, 0, 0, 1, 1, 0, 0], "confidence_scores": [[0.0661269125979812, 0.9338730874020188], [0.9879847641944772, 0.012015235805522733], [0.001657097627008941, 0.9983429023729911], [0.9949945874719083, 0.005005412528091712], [0.0018133883329755074, 0.9981866116670245], [0.9997639625516478, 0.00023603744835219202], [0.9330578199310986, 0.06694218006890137], [0.9887547040762446, 0.011245295923755479], [0.10044379016369243, 0.8995562098363076], [0.06857465441342447, 0.9314253455865755], [0.9980778241748173, 0.0019221758251826984], [0.9975908550123986, 0.0024091449876013954]]}}