{"test": {"ids": ["49", "16", "14", "54", "34", "29", "15", "5", "40", "39", "6", "27"], "labels": [0, 1, 1, 0, 0, 1, 0, 0, 0, 1, 0, 1], "predicted_labels": [0, 1, 1, 1, 1, 1, 1, 1, 0, 1, 1, 1], "confidence_scores": [[0.7837279569748498, 0.21627204302515024], [0.2998367381065258, 0.7001632618934742], [0.20702479118672734, 0.7929752088132727], [0.1672016906485455, 0.8327983093514545], [0.4223224558245433, 0.5776775441754567], [0.3034487459651555, 0.6965512540348445], [0.40004056787338005, 0.59995943212662], [0.3887795119182058, 0.6112204880817942], [0.9295139450189905, 0.07048605498100946], [0.3356569223962751, 0.6643430776037249], [0.3450796464289698, 0.6549203535710302], [0.12304279919490746, 0.8769572008050925]]}, "rewritten": {"ids": ["5", "6", "14", "15", "16", "27", "29", "34", "39", "40", "49", "54"], "labels": [0, 0, 1, 0, 1, 1, 1, 0, 1, 0, 0, 0], "predicted_labels": [0, 1, 1, 0, 0, 1, 1, 1, 0, 0, 0, 0], "confidence_scores": [[0.5631689041854683, 0.4368310958145317], [0.45226274105922304, 0.547737258940777], [0.4079235383836397, 0.5920764616163603], [0.7059445285923442, 0.2940554714076558], [0.6160456998495731, 0.3839543001504268], [0.43847041641231044, 0.5615295835876896], [0.39300794987705934, 0.6069920501229407], [0.3257434008652894, 0.6742565991347106], [0.6960212560024743, 0.3039787439975256], [0.9022882140409173, 0.09771178595908268], [0.8156272751282996, 0.1843727248717004], [0.6022235550341003, 0.3977764449658997]]}}