{"test": {"ids": ["7", "19", "42", "45", "36", "52", "9", "44", "37", "15", "56", "32"], "labels": [0, 0, 0, 1, 0, 0, 1, 1, 1, 0, 0, 0], "predicted_labels": [1, 1, 1, 1, 1, 1, 0, 1, 1, 1, 1, 1], "confidence_scores": [[0.35960828464664996, 0.64039171535335], [0.4048973443539282, 0.5951026556460718], [0.47094478595900113, 0.5290552140409989], [0.42343795933554507, 0.5765620406644549], [0.48090559966355806, 0.5190944003364419], [0.3949819648463955, 0.6050180351536045], [0.508108416925261, 0.49189158307473907], [0.414420756781848, 0.585579243218152], [0.414420756781848, 0.585579243218152], [0.4611341492339103, 0.5388658507660897], [0.48961782967824974, 0.5103821703217503], [0.4981845658445663, 0.5018154341554337]]}, "rewritten": {"ids": ["7", "9", "15", "19", "32", "36", "37", "42", "44", "45", "52", "56"], "labels": [0, 1, 0, 0, 0, 0, 1, 0, 1, 1, 0, 0], "predicted_labels": [1, 1, 1, 1, 1, 0, 1, 1, 1, 1, 1, 1], "confidence_scores": [[0.4504361930989955, 0.5495638069010045], [0.49808032441285033, 0.5019196755871497], [0.47893058541145117, 0.5210694145885488], [0.40542141595770964, 0.5945785840422904], [0.4981845658445663, 0.5018154341554337], [0.508108416925261, 0.49189158307473907], [0.42322459960280845, 0.5767754003971916], [0.35960828464664996, 0.64039171535335], [0.414420756781848, 0.585579243218152], [0.42343795933554507, 0.5765620406644549], [0.38643187273478585, 0.6135681272652141], [0.4990666769072484, 0.5009333230927516]]}}