{"test": {"ids": ["50", "56", "14", "43", "24", "52", "9", "34", "21", "7", "46", "28"], "labels": [1, 0, 0, 0, 1, 1, 0, 1, 1, 1, 0, 1], "predicted_labels": [0, 0, 0, 0, 0, 0, 0, 0, 0, 0, 0, 0], "confidence_scores": [[0.46620912936233705, 0.533790870637663], [0.6227080531244331, 0.3772919468755667], [0.6677919249313247, 0.3322080750686754], [0.6478814080065864, 0.3521185919934135], [0.4285734557829999, 0.5714265442169999], [0.6900143035025398, 0.30998569649746016], [0.5654916193971776, 0.4345083806028223], [0.5747151414872933, 0.42528485851270686], [0.6250129371646072, 0.37498706283539274], [0.2628280934940039, 0.7371719065059958], [0.5551114751137732, 0.4448885248862266], [0.6365132152046897, 0.3634867847953103]]}, "rewritten": {"ids": ["7", "9", "14", "21", "24", "28", "34", "43", "46", "50", "52", "56"], "labels": [1, 0, 0, 1, 1, 1, 1, 0, 0, 1, 1, 0], "predicted_labels": [0, 0, 0, 0, 0, 0, 0, 0, 0, 0, 0, 0], "confidence_scores": [[0.677038790940862, 0.3229612090591381], [0.6782018130000452, 0.32179818699995505], [0.6480199023870178, 0.35198009761298216], [0.694401036503279, 0.305598963496721], [0.4818780829960166, 0.5181219170039836], [0.7020639306711728, 0.29793606932882716], [0.7520603861585444, 0.24793961384145566], [0.7263769401372304, 0.2736230598627694], [0.5592306633676379, 0.44076933663236206], [0.6579133119555453, 0.34208668804445463], [0.6148551555956843, 0.38514484440431584], [0.6454656021024449, 0.35453439789755514]]}}