{"test": {"ids": ["53", "19", "28", "43", "34", "2", "22", "11", "0", "46", "12", "29"], "labels": [0, 0, 1, 1, 0, 0, 1, 0, 1, 0, 1, 1], "predicted_labels": [1, 1, 1, 1, 1, 0, 1, 0, 1, 0, 0, 0], "confidence_scores": [[0.33048500693346516, 0.6695149930665348], [0.0349690357250102, 0.9650309642749898], [0.15779175342832674, 0.8422082465716733], [0.06114211156513416, 0.9388578884348658], [0.48077183200891194, 0.5192281679910881], [0.9617539165820909, 0.038246083417909145], [0.4380340495562064, 0.5619659504437936], [0.6595055488784902, 0.3404944511215097], [0.1415974494922696, 0.8584025505077304], [0.9643440304793897, 0.035655969520610335], [0.9480010566160781, 0.051998943383921865], [0.9250418201356899, 0.07495817986431011]]}}