{"test": {"ids": ["15", "40", "50", "42", "6", "23", "28", "52", "14", "44", "34", "20"], "labels": [1, 0, 1, 0, 1, 0, 0, 1, 1, 1, 0, 0], "predicted_labels": [1, 1, 1, 1, 1, 1, 1, 1, 1, 0, 1, 1], "confidence_scores": [[0.4474349539349539, 0.5525650460650459], [0.4127245809745808, 0.5872754190254189], [0.38102790542790554, 0.6189720945720948], [0.4065464757464757, 0.5934535242535242], [0.42247069597069586, 0.5775293040293039], [0.4074659063159062, 0.5925340936840937], [0.4410621323121321, 0.5589378676878675], [0.39591984126984103, 0.6040801587301587], [0.4674589410589408, 0.5325410589410591], [0.5080267482517482, 0.49197325174825174], [0.4706436535686532, 0.5293563464313465], [0.4424147990897991, 0.5575852009102006]]}, "rewritten": {"ids": ["6", "14", "15", "20", "23", "28", "34", "40", "42", "44", "50", "52"], "labels": [1, 1, 1, 0, 0, 0, 0, 0, 0, 1, 1, 1], "predicted_labels": [1, 1, 1, 1, 1, 1, 1, 1, 1, 1, 1, 1], "confidence_scores": [[0.44042905982905955, 0.55957094017094], [0.43947615162615145, 0.5605238483738482], [0.45415760905760916, 0.5458423909423908], [0.3911925019425019, 0.6088074980574979], [0.4384870740370742, 0.5615129259629259], [0.39722561327561307, 0.6027743867243864], [0.4651760489510488, 0.534823951048951], [0.43397673437673434, 0.5660232656232657], [0.40193527028527015, 0.5980647297147296], [0.48389449994450007, 0.5161055000554999], [0.3743573926073925, 0.625642607392607], [0.40771169941169916, 0.5922883005883004]]}}