{"test": {"ids": ["11", "38", "50", "25", "36", "49", "51", "55", "15", "58", "9", "32"], "labels": [0, 0, 1, 0, 1, 0, 0, 1, 1, 0, 0, 0], "predicted_labels": [0, 0, 0, 1, 0, 1, 0, 1, 0, 0, 0, 1], "confidence_scores": [[0.6534180082466468, 0.34658199175335336], [0.7501394360652164, 0.24986056393478365], [0.6925369801681637, 0.30746301983183627], [0.33557283832455204, 0.664427161675448], [0.5336412377937898, 0.46635876220621036], [0.3202361314492814, 0.6797638685507185], [0.6912479037859555, 0.3087520962140445], [0.45990891164846814, 0.5400910883515317], [0.5939628197798538, 0.4060371802201463], [0.5751492095206193, 0.42485079047938074], [0.7180374694636054, 0.2819625305363944], [0.4114379998779034, 0.5885620001220967]]}, "rewritten": {"ids": ["9", "11", "15", "25", "32", "36", "38", "49", "50", "51", "55", "58"], "labels": [0, 0, 1, 0, 0, 1, 0, 0, 1, 0, 1, 0], "predicted_labels": [0, 0, 0, 1, 1, 0, 0, 1, 0, 1, 0, 0], "confidence_scores": [[0.7719074346621838, 0.228092565337816], [0.8298825428357347, 0.17011745716426546], [0.7063179363064738, 0.29368206369352634], [0.361692464894998, 0.638307535105002], [0.33076476345401123, 0.6692352365459889], [0.6117550649864878, 0.3882449350135122], [0.7598114219836278, 0.2401885780163722], [0.3569583663419566, 0.6430416336580436], [0.5856949277018936, 0.4143050722981064], [0.4216491899976471, 0.578350810002353], [0.5091390569565305, 0.49086094304346956], [0.6431669059284594, 0.35683309407154057]]}}