{"test": {"ids": ["1", "12", "50", "8", "22", "24", "46", "48", "44", "37", "49", "13"], "labels": [0, 1, 1, 1, 1, 0, 0, 0, 1, 1, 0, 0], "predicted_labels": [0, 0, 1, 1, 1, 0, 0, 1, 1, 1, 0, 1], "confidence_scores": [[0.5691741924123512, 0.4308258075876488], [0.5521831981047155, 0.4478168018952845], [0.4074307085727904, 0.5925692914272096], [0.2553291650522995, 0.7446708349477005], [0.26026717529831256, 0.7397328247016874], [0.6695067775436387, 0.3304932224563612], [0.5818538375693266, 0.4181461624306734], [0.4476320616761921, 0.5523679383238079], [0.40974974623323623, 0.5902502537667638], [0.32378116972750215, 0.6762188302724979], [0.6000546388812404, 0.39994536111875956], [0.29961275941543897, 0.700387240584561]]}, "rewritten": {"ids": ["1", "8", "12", "13", "22", "24", "37", "44", "46", "48", "49", "50"], "labels": [0, 1, 1, 0, 1, 0, 1, 1, 0, 0, 0, 1], "predicted_labels": [0, 1, 0, 1, 0, 0, 0, 1, 0, 0, 0, 0], "confidence_scores": [[0.7158153780490195, 0.2841846219509805], [0.1825207416692185, 0.8174792583307815], [0.6720488762657724, 0.3279511237342276], [0.49437340773426164, 0.5056265922657384], [0.657508695925246, 0.34249130407475403], [0.6420922347264055, 0.3579077652735944], [0.5312913775587906, 0.4687086224412094], [0.47347387045532563, 0.5265261295446744], [0.5348601654414086, 0.4651398345585914], [0.5323266928586516, 0.4676733071413483], [0.6429802589411462, 0.35701974105885376], [0.6021274909768068, 0.39787250902319315]]}}