{"test": {"ids": ["51", "33", "23", "20", "38", "9", "42", "36", "21", "49", "2", "24"], "labels": [0, 1, 0, 0, 0, 0, 0, 1, 1, 0, 0, 1], "predicted_labels": [1, 0, 0, 0, 0, 0, 0, 1, 1, 0, 1, 0], "confidence_scores": [[0.24738790625689322, 0.7526120937431068], [0.9109755869539418, 0.08902441304605829], [0.8392632945093362, 0.16073670549066377], [0.9231366644384726, 0.0768633355615273], [0.9620675216189579, 0.037932478381042106], [0.8957226802937288, 0.10427731970627123], [0.5600318446643899, 0.4399681553356101], [0.07833461222334714, 0.9216653877766529], [0.3875090500188325, 0.6124909499811675], [0.978358149097671, 0.021641850902328962], [0.08519082728814409, 0.9148091727118559], [0.9821336397272441, 0.017866360272755854]]}}