{"test": {"ids": ["42", "44", "12", "10", "45", "32", "37", "3", "46", "11", "51"], "labels": [0, 1, 1, 1, 1, 0, 1, 1, 0, 0, 0], "predicted_labels": [1, 1, 1, 1, 1, 1, 1, 1, 1, 1, 1], "confidence_scores": [[0.4466090482799316, 0.5533909517200682], [0.5282344129616675, 0.4717655870383326], [0.5684488457874945, 0.43155115421250545], [0.6407052396607125, 0.3592947603392876], [0.4584571156611621, 0.541542884338838], [0.18601651670716257, 0.8139834832928375], [0.5197618985424873, 0.48023810145751256], [0.6062529148370246, 0.39374708516297546], [0.3144607981395904, 0.6855392018604093], [0.3124095531956669, 0.6875904468043331], [0.5068033837698803, 0.49319661623011973]]}, "rewritten": {"ids": ["3", "10", "11", "12", "32", "37", "42", "44", "45", "46", "51"], "labels": [1, 1, 0, 1, 0, 1, 0, 1, 1, 0, 0], "predicted_labels": [1, 1, 1, 1, 1, 1, 1, 1, 1, 1, 1], "confidence_scores": [[0.4535474212456129, 0.546452578754387], [0.5, 0.5], [0.2839118227983166, 0.7160881772016834], [0.41991680506810414, 0.580083194931896], [0.20319273705216795, 0.7968072629478322], [0.41843299803808603, 0.5815670019619138], [0.492597420339605, 0.5074025796603949], [0.3832460264754677, 0.6167539735245322], [0.4261576885019071, 0.573842311498093], [0.42400498328309233, 0.5759950167169079], [0.3813961263525753, 0.6186038736474246]]}}