{"test": {"ids": ["52", "3", "12", "41", "36", "10", "14", "48", "11", "51", "32", "5"], "labels": [1, 1, 0, 0, 1, 0, 0, 1, 0, 0, 0, 1], "predicted_labels": [1, 0, 1, 1, 0, 1, 0, 0, 0, 0, 1, 0], "confidence_scores": [[0.18545128097763508, 0.8145487190223649], [0.6283033591840337, 0.3716966408159663], [0.0370385412440245, 0.9629614587559755], [0.34346979580657344, 0.6565302041934266], [0.545656033287705, 0.45434396671229504], [0.013350961155670804, 0.9866490388443292], [0.6261083808848429, 0.3738916191151571], [0.9167152773617218, 0.08328472263827823], [0.9394097181409368, 0.060590281859063226], [0.9758688265691793, 0.024131173430820756], [0.13745956193210995, 0.86254043806789], [0.9705707402160333, 0.02942925978396667]]}, "rewritten": {"ids": ["3", "5", "10", "11", "12", "14", "32", "36", "41", "48", "51", "52"], "labels": [1, 1, 0, 0, 0, 0, 0, 1, 0, 1, 0, 1], "predicted_labels": [1, 0, 0, 1, 1, 0, 0, 0, 1, 0, 1, 0], "confidence_scores": [[0.09676280737082832, 0.9032371926291717], [0.9682571135059206, 0.03174288649407936], [0.6916040984117076, 0.3083959015882925], [0.11148981458556062, 0.8885101854144394], [6.145234476839789e-08, 0.9999999385476552], [0.8773615149288665, 0.12263848507113351], [0.7370365597327738, 0.2629634402672262], [0.9988265844811808, 0.0011734155188192633], [0.3752602450172856, 0.6247397549827144], [0.9063945002147419, 0.09360549978525812], [0.03509011285665997, 0.96490988714334], [0.6026896039496134, 0.39731039605038665]]}}