{"test": {"ids": ["11", "24", "42", "15", "18", "45", "7", "58", "2", "20", "35", "52"], "labels": [0, 0, 0, 0, 1, 1, 0, 1, 1, 0, 0, 0], "predicted_labels": [1, 0, 1, 1, 1, 1, 1, 1, 1, 0, 1, 1], "confidence_scores": [[0.08536796448228212, 0.9146320355177179], [0.7025565390131321, 0.29744346098686786], [0.19338201870177296, 0.806617981298227], [0.4283777326327767, 0.5716222673672233], [0.21804960733590084, 0.7819503926640992], [0.4013122223222214, 0.5986877776777786], [0.2131123122435028, 0.7868876877564972], [0.08536796448228212, 0.9146320355177179], [0.13146524141882887, 0.8685347585811711], [0.6732152584953315, 0.3267847415046685], [0.1048047840053975, 0.8951952159946025], [0.12034614272364696, 0.879653857276353]]}}