{"test": {"ids": ["41", "6", "53", "7", "9", "39", "11", "27", "24", "58", "3", "49"], "labels": [1, 1, 1, 1, 1, 1, 0, 1, 0, 0, 0, 0], "predicted_labels": [1, 1, 0, 0, 1, 1, 1, 0, 0, 1, 1, 0], "confidence_scores": [[0.08526260724410184, 0.9147373927558982], [0.020948858344759125, 0.9790511416552409], [0.7366871040511049, 0.26331289594889506], [0.628943703413789, 0.3710562965862109], [0.0015581832668657425, 0.9984418167331343], [0.047767374869232326, 0.9522326251307677], [0.049405259692642756, 0.9505947403073572], [0.8565634688287267, 0.14343653117127328], [0.8462172410615152, 0.15378275893848484], [0.03818084002919353, 0.9618191599708065], [0.008675461946004548, 0.9913245380539955], [0.9676914345163772, 0.03230856548362287]]}}