{"test": {"ids": ["11", "6", "8", "43", "48", "37", "47", "1", "36", "34", "0"], "labels": [0, 1, 0, 1, 0, 1, 1, 0, 0, 0, 0], "predicted_labels": [1, 1, 1, 1, 1, 0, 1, 1, 1, 0, 1], "confidence_scores": [[0.43868715924598284, 0.5613128407540172], [0.43039561745444116, 0.5696043825455588], [0.364406032856033, 0.6355939671439673], [0.38682206127206126, 0.6131779387279389], [0.47032870103752467, 0.5296712989624756], [0.551023455955809, 0.4489765440441909], [0.4450013375513376, 0.5549986624486624], [0.49611452991452965, 0.5038854700854702], [0.3486729068317304, 0.6513270931682696], [0.550445487845488, 0.44955451215451203], [0.3572925685425687, 0.6427074314574316]]}, "rewritten": {"ids": ["0", "1", "6", "8", "11", "34", "36", "37", "43", "47", "48"], "labels": [0, 0, 1, 0, 0, 0, 0, 1, 1, 1, 0], "predicted_labels": [1, 1, 1, 1, 1, 0, 1, 1, 1, 1, 1], "confidence_scores": [[0.38784278499278496, 0.6121572150072152], [0.4818969974469973, 0.5181030025530027], [0.47384007299889663, 0.5261599270011035], [0.4140008491508492, 0.5859991508491509], [0.4407173679261913, 0.5592826320738084], [0.5563232101232103, 0.4436767898767899], [0.38914560047795355, 0.6108543995220465], [0.49697445854798783, 0.5030255414520122], [0.40217445887445896, 0.5978255411255411], [0.4189241813741814, 0.5810758186258185], [0.4639674955763191, 0.5360325044236811]]}}