{"test": {"ids": ["12", "58", "30", "16", "22", "6", "51", "41", "39", "18", "35", "2"], "labels": [0, 0, 0, 1, 1, 1, 0, 0, 0, 0, 0, 0], "predicted_labels": [1, 1, 1, 0, 1, 0, 1, 1, 0, 0, 1, 0], "confidence_scores": [[0.527767567361848, 0.472232432638152], [0.5163187201951387, 0.4836812798048612], [0.524747439186756, 0.47525256081324385], [0.5, 0.5], [0.5347506450985554, 0.4652493549014445], [0.5, 0.5], [0.5218968018194953, 0.4781031981805047], [0.5316051767371518, 0.4683948232628484], [0.5125966844402002, 0.4874033155597999], [0.5, 0.5], [0.540674393182421, 0.45932560681757895], [0.5, 0.5]]}, "rewritten": {"ids": ["2", "6", "12", "16", "18", "22", "30", "35", "39", "41", "51", "58"], "labels": [0, 1, 0, 1, 0, 1, 0, 0, 0, 0, 0, 0], "predicted_labels": [1, 1, 1, 1, 0, 1, 1, 1, 1, 1, 1, 1], "confidence_scores": [[0.5187792295066682, 0.4812207704933318], [0.5274685789703117, 0.4725314210296884], [0.5301469444430535, 0.4698530555569465], [0.5251968517883018, 0.47480314821169806], [0.5065369761235227, 0.49346302387647717], [0.5403326747481301, 0.45966732525187015], [0.5428041917551623, 0.45719580824483774], [0.5324120353414132, 0.46758796465858665], [0.5144362092443286, 0.48556379075567124], [0.5379695041182208, 0.46203049588177925], [0.5299276478713688, 0.4700723521286312], [0.5243574008334541, 0.4756425991665461]]}}