{"test": {"ids": ["18", "25", "6", "44", "0", "15", "58", "1", "33", "42", "50", "7"], "labels": [1, 0, 1, 1, 0, 1, 0, 0, 0, 0, 1, 1], "predicted_labels": [0, 1, 1, 0, 1, 1, 0, 1, 1, 1, 1, 1], "confidence_scores": [[0.5076301962012664, 0.4923698037987337], [0.3785174235341542, 0.6214825764658458], [0.49834917784664046, 0.5016508221533595], [0.5269919921567514, 0.47300800784324865], [0.48934258568686684, 0.5106574143131332], [0.3785174235341542, 0.6214825764658458], [0.5168868336437384, 0.48311316635626156], [0.4982405344522005, 0.5017594655477995], [0.3785174235341542, 0.6214825764658458], [0.489037536442664, 0.510962463557336], [0.3785174235341542, 0.6214825764658458], [0.4982405344522005, 0.5017594655477995]]}, "rewritten": {"ids": ["0", "1", "6", "7", "15", "18", "25", "33", "42", "44", "50", "58"], "labels": [0, 0, 1, 1, 1, 1, 0, 0, 0, 1, 1, 0], "predicted_labels": [1, 1, 1, 1, 1, 1, 1, 1, 1, 1, 1, 0], "confidence_scores": [[0.3785174235341542, 0.6214825764658458], [0.3785174235341542, 0.6214825764658458], [0.3785174235341542, 0.6214825764658458], [0.3785174235341542, 0.6214825764658458], [0.3785174235341542, 0.6214825764658458], [0.3785174235341542, 0.6214825764658458], [0.3785174235341542, 0.6214825764658458], [0.3785174235341542, 0.6214825764658458], [0.3785174235341542, 0.6214825764658458], [0.3785174235341542, 0.6214825764658458], [0.3785174235341542, 0.6214825764658458], [0.5168868336437384, 0.48311316635626156]]}}