{"test": {"ids": ["20", "11", "18", "5", "34", "23", "33", "28", "29", "52", "40", "48"], "labels": [0, 0, 0, 1, 1, 0, 1, 1, 1, 1, 1, 1], "predicted_labels": [0, 0, 0, 0, 0, 0, 0, 0, 0, 0, 0, 0], "confidence_scores": [[0.5395965288151818, 0.46040347118481806], [0.6754338360979818, 0.32456616390201837], [0.6626472480048329, 0.33735275199516684], [0.619278347297697, 0.38072165270230296], [0.6789264870014294, 0.32107351299857023], [0.5458828671328672, 0.45411713286713284], [0.6527737262737263, 0.34722627372627357], [0.6188402886066016, 0.38115971139339855], [0.6408364816120822, 0.3591635183879179], [0.6445032984338911, 0.3554967015661086], [0.6005556041181042, 0.39944439588189573], [0.6027329768185031, 0.39726702318149676]]}, "rewritten": {"ids": ["5", "11", "18", "20", "23", "28", "29", "33", "34", "40", "48", "52"], "labels": [1, 0, 0, 0, 0, 1, 1, 1, 1, 1, 1, 1], "predicted_labels": [0, 0, 0, 0, 0, 0, 0, 0, 0, 0, 0, 0], "confidence_scores": [[0.6024775165924546, 0.39752248340754526], [0.6086231729049654, 0.39137682709503463], [0.6934637207907329, 0.3065362792092669], [0.5719695524241392, 0.4280304475758608], [0.5555626456876458, 0.44443735431235426], [0.5965756492426975, 0.4034243507573026], [0.6438644409248713, 0.3561355590751286], [0.6125907425907426, 0.3874092574092573], [0.666013611650087, 0.33398638834991295], [0.595393728394368, 0.4046062716056321], [0.6004712867541817, 0.3995287132458184], [0.6310777353918422, 0.36892226460815764]]}}