{"test": {"ids": ["11", "23", "25", "41", "57", "2", "45", "10", "18", "32", "7"], "labels": [0, 0, 0, 0, 0, 0, 1, 0, 0, 0, 1], "predicted_labels": [0, 1, 0, 0, 1, 1, 1, 1, 1, 1, 0], "confidence_scores": [[0.5168597051598214, 0.48314029484017873], [0.46830824616989486, 0.5316917538301051], [0.5132461252198093, 0.48675387478019083], [0.5003782537766673, 0.49962174622333266], [0.41345117893802114, 0.5865488210619789], [0.45537706501444897, 0.544622934985551], [0.4575118807920665, 0.5424881192079336], [0.41084217440196547, 0.5891578255980345], [0.49032160153657856, 0.5096783984634214], [0.48305176174874326, 0.5169482382512567], [0.507471597846598, 0.49252840215340205]]}, "rewritten": {"ids": ["2", "7", "10", "11", "18", "23", "25", "32", "41", "45", "57"], "labels": [0, 1, 0, 0, 0, 0, 0, 0, 0, 1, 0], "predicted_labels": [1, 0, 0, 0, 0, 0, 0, 0, 1, 1, 0], "confidence_scores": [[0.45745469004679534, 0.5425453099532047], [0.5268229132408702, 0.4731770867591301], [0.5057410431630636, 0.4942589568369363], [0.5022738143564383, 0.4977261856435618], [0.5534371833232129, 0.4465628166767871], [0.505563056224821, 0.494436943775179], [0.5040939682092934, 0.4959060317907065], [0.5487624597195032, 0.45123754028049695], [0.4933180084664219, 0.5066819915335781], [0.4880651730880061, 0.5119348269119938], [0.5342294269627864, 0.4657705730372137]]}}