{"test": {"ids": ["21", "7", "6", "54", "19", "22", "43", "42", "28", "35", "40", "53"], "labels": [1, 0, 0, 0, 0, 1, 1, 0, 1, 0, 0, 0], "predicted_labels": [1, 1, 1, 1, 1, 1, 1, 1, 1, 1, 0, 1], "confidence_scores": [[0.4154746840414977, 0.5845253159585023], [0.39928792735319574, 0.6007120726468043], [0.37199736747148815, 0.6280026325285119], [0.49201996078365595, 0.507980039216344], [0.4154746840414977, 0.5845253159585023], [0.4154746840414977, 0.5845253159585023], [0.40806605987748035, 0.5919339401225197], [0.45328171518132354, 0.5467182848186765], [0.400210767810422, 0.599789232189578], [0.37199736747148815, 0.6280026325285119], [0.5204797370941301, 0.4795202629058699], [0.4547760084592908, 0.5452239915407092]]}, "rewritten": {"ids": ["6", "7", "19", "21", "22", "28", "35", "40", "42", "43", "53", "54"], "labels": [0, 0, 0, 1, 1, 1, 0, 0, 0, 1, 0, 0], "predicted_labels": [0, 1, 1, 1, 1, 1, 0, 0, 1, 0, 1, 1], "confidence_scores": [[0.5204797370941301, 0.4795202629058699], [0.37199736747148815, 0.6280026325285119], [0.37199736747148815, 0.6280026325285119], [0.37199736747148815, 0.6280026325285119], [0.37199736747148815, 0.6280026325285119], [0.37199736747148815, 0.6280026325285119], [0.5204797370941301, 0.4795202629058699], [0.5204797370941301, 0.4795202629058699], [0.4816252391292898, 0.5183747608707102], [0.5204797370941301, 0.4795202629058699], [0.49257552507862146, 0.5074244749213785], [0.45328171518132354, 0.5467182848186765]]}}