{"test": {"ids": ["36", "19", "40", "55", "58", "52", "27", "45", "35", "10", "41", "22"], "labels": [0, 0, 0, 1, 0, 1, 1, 1, 0, 0, 1, 1], "predicted_labels": [1, 1, 1, 1, 1, 1, 1, 1, 1, 1, 1, 1], "confidence_scores": [[0.519627979552476, 0.4803720204475242], [0.5189352003758863, 0.4810647996241138], [0.5202864414961378, 0.4797135585038621], [0.5198409636814617, 0.48015903631853846], [0.5206554345351533, 0.4793445654648466], [0.5210528590359224, 0.4789471409640778], [0.5190604874873196, 0.4809395125126803], [0.5189080374901431, 0.48109196250985686], [0.5205502431296064, 0.4794497568703937], [0.5204306646211975, 0.4795693353788025], [0.5199681799318491, 0.480031820068151], [0.5193672460924403, 0.48063275390755966]]}, "rewritten": {"ids": ["10", "19", "22", "27", "35", "36", "40", "41", "45", "52", "55", "58"], "labels": [0, 0, 1, 1, 0, 0, 0, 1, 1, 1, 1, 0], "predicted_labels": [1, 1, 1, 1, 1, 1, 1, 1, 1, 1, 1, 1], "confidence_scores": [[0.5204160067328569, 0.47958399326714324], [0.5210424207838914, 0.47895757921610854], [0.5218773732151706, 0.47812262678482953], [0.521722802535516, 0.47827719746448394], [0.5210998808288619, 0.4789001191711379], [0.5198497593930197, 0.48015024060698036], [0.521201914275175, 0.4787980857248252], [0.5219573616802244, 0.4780426383197755], [0.5205522134250267, 0.47944778657497317], [0.5221637200440519, 0.47783627995594824], [0.5214847426696718, 0.47851525733032807], [0.5217316245050349, 0.4782683754949652]]}}