{"test": {"ids": ["2", "58", "20", "53", "4", "38", "55", "40", "17", "46", "34", "22"], "labels": [1, 0, 0, 1, 1, 0, 1, 0, 1, 1, 0, 1], "predicted_labels": [0, 0, 1, 0, 0, 1, 0, 0, 1, 1, 0, 1], "confidence_scores": [[0.9993068856427262, 0.0006931143572738535], [0.5506848026374235, 0.4493151973625765], [0.4907605439414492, 0.5092394560585508], [0.9947526142430716, 0.00524738575692839], [0.9999999591073702, 4.0892629786623085e-08], [0.012267592994624321, 0.9877324070053757], [0.9716432048580261, 0.028356795141973895], [0.9695799362897747, 0.03042006371022532], [0.15297497836713936, 0.8470250216328606], [0.010451025275483694, 0.9895489747245163], [0.9888803148781533, 0.011119685121846662], [0.43646432540266833, 0.5635356745973317]]}, "rewritten": {"ids": ["2", "4", "17", "20", "22", "34", "38", "40", "46", "53", "55", "58"], "labels": [1, 1, 1, 0, 1, 0, 0, 0, 1, 1, 1, 0], "predicted_labels": [0, 0, 1, 1, 1, 0, 1, 0, 1, 0, 1, 0], "confidence_scores": [[0.9792899754009109, 0.020710024599089143], [0.9999999950017714, 4.99822857768539e-09], [0.3756389965458884, 0.6243610034541116], [0.022414417294659095, 0.9775855827053409], [0.1779635200705011, 0.8220364799294989], [0.9984782765402239, 0.0015217234597761213], [0.15879033614387517, 0.8412096638561248], [0.983560754395822, 0.016439245604177935], [0.03252094388171589, 0.9674790561182841], [0.9971226468425696, 0.0028773531574304598], [0.3933293300977443, 0.6066706699022557], [0.545113504375214, 0.45488649562478595]]}}