{"test": {"ids": ["29", "37", "33", "13", "6", "52", "11", "10", "47", "57", "36", "15"], "labels": [1, 1, 0, 0, 0, 0, 0, 1, 1, 1, 0, 0], "predicted_labels": [1, 1, 0, 0, 1, 1, 1, 1, 1, 1, 1, 1], "confidence_scores": [[0.38476608061252693, 0.6152339193874732], [0.38427929827310625, 0.6157207017268936], [0.5688864140245719, 0.4311135859754282], [0.522295545742527, 0.477704454257473], [0.3865029168327222, 0.613497083167278], [0.42816776579973165, 0.5718322342002683], [0.42520913396029497, 0.5747908660397051], [0.28348407230024875, 0.7165159276997509], [0.46217608419272493, 0.5378239158072748], [0.444596882649514, 0.5554031173504859], [0.373932190917098, 0.6260678090829024], [0.39840620026688134, 0.6015937997331188]]}}