{"test": {"ids": ["4", "58", "35", "18", "54", "32", "15", "53", "38", "30", "5"], "labels": [1, 0, 0, 1, 0, 0, 0, 0, 1, 1, 0], "predicted_labels": [1, 1, 0, 1, 0, 0, 1, 0, 1, 1, 1], "confidence_scores": [[0.4425223033228459, 0.5574776966771541], [0.45145348262737817, 0.5485465173726218], [0.5173858823515478, 0.4826141176484522], [0.39610451842793293, 0.6038954815720671], [0.5445632038466967, 0.45543679615330335], [0.5445632038466967, 0.45543679615330335], [0.40468547660656506, 0.5953145233934349], [0.5075394813279911, 0.4924605186720089], [0.39610451842793293, 0.6038954815720671], [0.39610451842793293, 0.6038954815720671], [0.46033496264768503, 0.539665037352315]]}, "rewritten": {"ids": ["4", "5", "15", "18", "30", "32", "35", "38", "53", "54", "58"], "labels": [1, 0, 0, 1, 1, 0, 0, 1, 0, 0, 0], "predicted_labels": [0, 1, 1, 1, 1, 0, 0, 0, 0, 1, 1], "confidence_scores": [[0.5075394813279911, 0.4924605186720089], [0.4778969958036736, 0.5221030041963264], [0.40468547660656506, 0.5953145233934349], [0.39610451842793293, 0.6038954815720671], [0.39610451842793293, 0.6038954815720671], [0.5150197737332392, 0.48498022626676085], [0.535754981577672, 0.464245018422328], [0.5075394813279911, 0.4924605186720089], [0.5075394813279911, 0.4924605186720089], [0.39610451842793293, 0.6038954815720671], [0.46122719783967536, 0.5387728021603246]]}}