{"test": {"ids": ["33", "52", "4", "20", "11", "28", "0", "58", "13", "9", "41"], "labels": [1, 1, 0, 0, 0, 1, 0, 0, 0, 0, 0], "predicted_labels": [0, 0, 1, 1, 0, 0, 0, 0, 0, 0, 0], "confidence_scores": [[0.6151948051948052, 0.3848051948051948], [0.5632440476190476, 0.43675595238095233], [0.47467417304917303, 0.525325826950827], [0.4877700771450772, 0.5122299228549227], [0.5121762126762125, 0.4878237873237874], [0.5114731795981796, 0.4885268204018203], [0.5511501464222053, 0.44884985357779483], [0.6014541153291154, 0.39854588467088464], [0.6646607142857143, 0.33533928571428573], [0.6110291305916307, 0.38897086940836934], [0.5080018988364575, 0.4919981011635426]]}, "rewritten": {"ids": ["0", "4", "9", "11", "13", "20", "28", "33", "41", "52", "58"], "labels": [0, 0, 0, 0, 0, 0, 1, 1, 0, 1, 0], "predicted_labels": [1, 1, 0, 0, 0, 0, 0, 0, 1, 0, 0], "confidence_scores": [[0.47918099057804925, 0.5208190094219508], [0.4771088772338773, 0.5228911227661227], [0.5391213231213232, 0.46087867687867684], [0.5319180957930958, 0.46808190420690415], [0.6219012654012652, 0.3780987345987347], [0.501627240814741, 0.49837275918525903], [0.526594030969031, 0.47340596903096904], [0.5901330315925905, 0.4098669684074096], [0.4749812458783047, 0.5250187541216954], [0.5385208729179317, 0.46147912708206834], [0.6359340936840938, 0.36406590631590624]]}}