{"test": {"ids": ["0", "12", "17", "13", "35", "4", "6", "57", "49", "11", "16", "53"], "labels": [1, 1, 1, 0, 0, 1, 0, 1, 0, 0, 1, 0], "predicted_labels": [0, 1, 0, 1, 1, 1, 1, 1, 1, 0, 1, 0], "confidence_scores": [[0.5183006839628117, 0.4816993160371883], [0.3974234336125887, 0.6025765663874113], [0.545881226110002, 0.454118773889998], [0.4066235167902973, 0.5933764832097027], [0.3974234336125887, 0.6025765663874113], [0.4156383300206842, 0.5843616699793158], [0.3974234336125887, 0.6025765663874113], [0.42490509693395584, 0.5750949030660442], [0.4158920710978756, 0.5841079289021244], [0.545881226110002, 0.454118773889998], [0.43375312172260383, 0.5662468782773962], [0.545881226110002, 0.454118773889998]]}, "rewritten": {"ids": ["0", "4", "6", "11", "12", "13", "16", "17", "35", "49", "57"], "labels": [1, 1, 0, 0, 1, 0, 1, 1, 0, 0, 1], "predicted_labels": [1, 1, 1, 1, 1, 1, 1, 0, 1, 1, 1], "confidence_scores": [[0.406152204240514, 0.593847795759486], [0.4343634592019451, 0.5656365407980549], [0.3974234336125887, 0.6025765663874113], [0.4153606235973031, 0.5846393764026969], [0.3974234336125887, 0.6025765663874113], [0.4158920710978756, 0.5841079289021244], [0.44292044098233596, 0.557079559017664], [0.545881226110002, 0.454118773889998], [0.3974234336125887, 0.6025765663874113], [0.3974234336125887, 0.6025765663874113], [0.4153606235973031, 0.5846393764026969]]}}