{"test": {"ids": ["49", "19", "1", "5", "47", "52", "24", "33", "16", "38", "41", "40"], "labels": [0, 0, 0, 0, 1, 0, 0, 0, 1, 1, 1, 0], "predicted_labels": [1, 1, 0, 0, 0, 1, 1, 1, 1, 1, 1, 1], "confidence_scores": [[0.24482646295909313, 0.755173537040907], [0.5121285631178523, 0.48787143688214785], [0.8878361967349849, 0.11216380326501506], [0.9321093939041676, 0.06789060609583239], [0.7634752741408979, 0.23652472585910214], [0.3492548016291037, 0.6507451983708962], [0.08719503656909043, 0.9128049634309097], [0.16620209189471577, 0.8337979081052843], [0.21496252971982843, 0.7850374702801717], [0.014059613768255885, 0.9859403862317441], [0.3761772256061011, 0.6238227743938989], [0.5406139608334523, 0.4593860391665478]]}}