{"test": {"ids": ["25", "2", "53", "47", "16", "54", "57", "33", "19", "49", "45", "46"], "labels": [1, 0, 0, 1, 1, 0, 1, 0, 0, 0, 1, 0], "predicted_labels": [1, 1, 1, 1, 1, 1, 1, 0, 1, 1, 1, 1], "confidence_scores": [[0.37092994227994214, 0.6290700577200578], [0.4631711399711399, 0.5368288600288601], [0.36988559773559765, 0.6301144022644023], [0.4674229215229215, 0.5325770784770788], [0.4016184842934843, 0.5983815157065158], [0.4164969114219114, 0.5835030885780885], [0.3190872072372073, 0.6809127927627926], [0.5319057720057718, 0.4680942279942282], [0.39581713564213555, 0.6041828643578643], [0.43114714174714164, 0.5688528582528584], [0.37077510822510806, 0.6292248917748916], [0.4227155538905539, 0.5772844461094461]]}, "rewritten": {"ids": ["2", "16", "19", "25", "33", "45", "46", "47", "49", "53", "54", "57"], "labels": [0, 1, 0, 1, 0, 1, 0, 1, 0, 0, 0, 1], "predicted_labels": [1, 1, 1, 1, 0, 1, 1, 0, 1, 1, 1, 1], "confidence_scores": [[0.4949487512487513, 0.5050512487512487], [0.47489633422133426, 0.5251036657786657], [0.4698611749361749, 0.5301388250638251], [0.4076430735930735, 0.5923569264069264], [0.5223079503829503, 0.47769204961704964], [0.4073893939393939, 0.5926106060606062], [0.4553764929514928, 0.5446235070485071], [0.5028852952602955, 0.49711470473970454], [0.4868857642357644, 0.5131142357642355], [0.44866354201354186, 0.5513364579864581], [0.4689797036297038, 0.5310202963702962], [0.3673675602175602, 0.6326324397824399]]}}