{"test": {"ids": ["35", "19", "18", "49", "40", "43", "13", "0", "56", "38", "33", "55"], "labels": [0, 0, 1, 0, 0, 1, 1, 1, 0, 1, 0, 0], "predicted_labels": [1, 1, 1, 1, 1, 1, 1, 1, 1, 1, 1, 1], "confidence_scores": [[0.4170555555555556, 0.5829444444444444], [0.4680102813852814, 0.5319897186147187], [0.35521133033633034, 0.6447886696636697], [0.31190259740259746, 0.6880974025974027], [0.4842667610167611, 0.515733238983239], [0.4903074841824844, 0.5096925158175156], [0.4523793151293151, 0.5476206848706849], [0.4138901376401376, 0.5861098623598624], [0.47454347041847045, 0.5254565295815294], [0.3112232767232767, 0.6887767232767232], [0.41890669053169055, 0.5810933094683096], [0.36743591131091136, 0.6325640886890886]]}, "rewritten": {"ids": ["0", "13", "18", "19", "33", "35", "38", "40", "43", "49", "55", "56"], "labels": [1, 1, 1, 0, 0, 0, 1, 0, 1, 0, 0, 0], "predicted_labels": [1, 0, 1, 1, 1, 1, 1, 1, 0, 1, 1, 0], "confidence_scores": [[0.38444767732267743, 0.6155523226773226], [0.5392837301587301, 0.4607162698412698], [0.3004720418470419, 0.6995279581529583], [0.49076749639249634, 0.5092325036075036], [0.38518050005550003, 0.6148194999445], [0.43122023809523813, 0.5687797619047619], [0.30365809190809184, 0.6963419080919082], [0.4701590770340771, 0.529840922965923], [0.5347245809745811, 0.4652754190254189], [0.3451670274170274, 0.6548329725829726], [0.3757627511377511, 0.6242372488622489], [0.5020653790653791, 0.4979346209346209]]}}