{"test": {"ids": ["15", "19", "3", "7", "58", "23", "18", "10", "37", "57", "0", "41"], "labels": [0, 0, 1, 0, 1, 0, 1, 1, 1, 1, 1, 1], "predicted_labels": [1, 0, 1, 0, 0, 0, 1, 1, 0, 1, 1, 0], "confidence_scores": [[0.008296556877244399, 0.9917034431227556], [0.9384209830621953, 0.06157901693780469], [0.004660966905894681, 0.9953390330941053], [0.9683150468436011, 0.03168495315639885], [0.9690447918353663, 0.030955208164633697], [0.9491034023605941, 0.050896597639405905], [0.1550377341028898, 0.8449622658971102], [0.49707160265573513, 0.5029283973442649], [0.7271014106162181, 0.27289858938378186], [0.0013475919013947735, 0.9986524080986052], [0.1422651646582188, 0.8577348353417812], [0.5481020315733601, 0.4518979684266399]]}, "rewritten": {"ids": ["0", "3", "7", "10", "15", "18", "19", "23", "37", "41", "57", "58"], "labels": [1, 1, 0, 1, 0, 1, 0, 0, 1, 1, 1, 1], "predicted_labels": [1, 1, 0, 0, 1, 1, 0, 0, 0, 1, 1, 0], "confidence_scores": [[0.3890517868986858, 0.6109482131013142], [0.000348559108632851, 0.9996514408913671], [0.9544479309959533, 0.045552069004046764], [0.8686533472720104, 0.13134665272798962], [0.0009655065594569301, 0.9990344934405431], [0.019127934288297177, 0.9808720657117028], [0.9726632624429842, 0.027336737557015812], [0.9169961048174968, 0.08300389518250313], [0.8752117458250541, 0.1247882541749459], [0.3938968514321831, 0.6061031485678169], [0.016105626783381233, 0.9838943732166188], [0.8924843741625693, 0.1075156258374307]]}}