{"test": {"ids": ["44", "46", "34", "0", "4", "25", "2", "13", "38", "9", "11", "51"], "labels": [0, 0, 0, 1, 1, 1, 1, 1, 1, 1, 0, 0], "predicted_labels": [0, 1, 1, 1, 0, 0, 0, 1, 1, 1, 1, 1], "confidence_scores": [[0.5157916666666666, 0.48420833333333335], [0.43619931457431455, 0.5638006854256854], [0.47643272005772, 0.5235672799422799], [0.42984734709734695, 0.570152652902653], [0.5224237012987014, 0.47757629870129853], [0.5298255772005773, 0.4701744227994229], [0.5728670634920636, 0.42713293650793643], [0.4683475135975137, 0.5316524864024862], [0.30991468253968246, 0.6900853174603172], [0.48474098124098136, 0.5152590187590187], [0.4466955683205684, 0.5533044316794316], [0.41102128427128426, 0.5889787157287159]]}, "rewritten": {"ids": ["0", "2", "4", "9", "11", "13", "25", "34", "38", "44", "46", "51"], "labels": [1, 1, 1, 1, 0, 1, 1, 0, 1, 0, 0, 0], "predicted_labels": [1, 0, 0, 1, 0, 0, 0, 1, 1, 0, 1, 1], "confidence_scores": [[0.46207720057720053, 0.5379227994227995], [0.6281132756132757, 0.3718867243867243], [0.5131816378066378, 0.48681836219336205], [0.4867945526695528, 0.5132054473304473], [0.5033584471084471, 0.49664155289155276], [0.536993797868798, 0.4630062021312022], [0.601097582972583, 0.39890241702741713], [0.4803632756132757, 0.5196367243867244], [0.32945238095238094, 0.6705476190476191], [0.5342635281385282, 0.46573647186147177], [0.447762667887668, 0.5522373321123321], [0.4584431818181819, 0.5415568181818181]]}}