{"test": {"ids": ["56", "18", "46", "19", "55", "8", "5", "43", "20", "30", "13"], "labels": [0, 1, 0, 0, 0, 0, 0, 1, 0, 1, 1], "predicted_labels": [1, 1, 1, 0, 1, 0, 1, 1, 1, 0, 0], "confidence_scores": [[0.36146288195442244, 0.6385371180455777], [0.36180084123456446, 0.6381991587654358], [0.46265627051976166, 0.5373437294802381], [0.5911032834414802, 0.40889671655851945], [0.421270656994103, 0.5787293430058973], [0.5182217159534652, 0.4817782840465348], [0.47756591954806377, 0.5224340804519361], [0.41702219133784957, 0.5829778086621505], [0.4113411053375064, 0.5886588946624934], [0.5162661266511267, 0.48373387334887347], [0.5330636652236654, 0.46693633477633467]]}, "rewritten": {"ids": ["5", "8", "13", "18", "19", "20", "30", "43", "46", "55", "56"], "labels": [0, 0, 1, 1, 0, 0, 1, 1, 0, 0, 0], "predicted_labels": [1, 1, 1, 1, 0, 1, 1, 1, 1, 1, 1], "confidence_scores": [[0.46558639335530233, 0.5344136066446975], [0.454366029578175, 0.5456339704218248], [0.472447897546808, 0.5275521024531918], [0.4414637175455228, 0.5585362824544777], [0.524493019876356, 0.47550698012364395], [0.40367878018841813, 0.5963212198115817], [0.4751645984682672, 0.5248354015317326], [0.45744546585658874, 0.5425545341434116], [0.43882034251498064, 0.5611796574850195], [0.3384401941562871, 0.661559805843713], [0.36158047371938257, 0.6384195262806172]]}}