{"test": {"ids": ["53", "49", "44", "12", "42", "58", "55", "23", "3", "2", "33", "7"], "labels": [0, 0, 0, 0, 0, 0, 1, 0, 1, 0, 1, 1], "predicted_labels": [1, 0, 1, 1, 0, 0, 1, 0, 0, 0, 0, 0], "confidence_scores": [[0.4419879761182046, 0.5580120238817954], [0.6225375773739303, 0.3774624226260696], [0.3165390750840956, 0.6834609249159044], [0.13753371309444984, 0.8624662869055502], [0.8426147221141791, 0.1573852778858209], [0.7152917124438076, 0.2847082875561924], [0.45689241837406647, 0.5431075816259335], [0.9460817672309144, 0.05391823276908559], [0.7367858254272555, 0.2632141745727445], [0.8793295447929392, 0.1206704552070608], [0.7226041228587046, 0.27739587714129543], [0.9820138104209717, 0.017986189579028315]]}, "rewritten": {"ids": ["2", "7", "23", "33", "42", "44", "49", "53", "55", "58"], "labels": [0, 1, 0, 1, 0, 0, 0, 0, 1, 0], "predicted_labels": [0, 1, 0, 1, 0, 1, 1, 1, 0, 0], "confidence_scores": [[0.840656252234939, 0.15934374776506097], [0.2990216358273927, 0.7009783641726073], [0.9028149129943652, 0.09718508700563483], [0.4287713701935236, 0.5712286298064764], [0.7825768688298709, 0.21742313117012912], [0.14365155664507223, 0.8563484433549278], [0.09007508152071797, 0.909924918479282], [0.31339109112640695, 0.686608908873593], [0.5629359310008564, 0.4370640689991437], [0.9816161792005688, 0.018383820799431263]]}}