{"test": {"ids": ["13", "5", "39", "34", "29", "16", "19", "7", "4", "12", "36", "3"], "labels": [0, 0, 1, 0, 1, 1, 0, 0, 1, 1, 0, 1], "predicted_labels": [1, 1, 1, 1, 1, 1, 1, 1, 1, 1, 1, 1], "confidence_scores": [[0.6089347372869668, 0.39106526271303316], [0.6203647566324616, 0.3796352433675383], [0.6075718499445588, 0.39242815005544124], [0.6094751715883284, 0.39052482841167163], [0.6104542604013208, 0.3895457395986792], [0.6180067943399978, 0.3819932056600023], [0.6149269687439349, 0.385073031256065], [0.6181032568857268, 0.3818967431142732], [0.6074190852843098, 0.3925809147156901], [0.619551513177387, 0.38044848682261295], [0.6095541136815681, 0.39044588631843213], [0.6167215388391056, 0.3832784611608944]]}, "rewritten": {"ids": ["3", "4", "5", "7", "12", "13", "16", "19", "29", "34", "36"], "labels": [1, 1, 0, 0, 1, 0, 1, 0, 1, 0, 0], "predicted_labels": [1, 1, 1, 1, 1, 1, 1, 1, 1, 1, 1], "confidence_scores": [[0.6166895539507592, 0.38331044604924064], [0.6091824462018388, 0.39081755379816113], [0.6194104245503961, 0.3805895754496039], [0.6179771358084227, 0.3820228641915773], [0.6195366236740125, 0.38046337632598737], [0.6128223148369345, 0.3871776851630654], [0.617588561186471, 0.38241143881352896], [0.6118847196503125, 0.38811528034968734], [0.6105127431217057, 0.3894872568782944], [0.6117134425455526, 0.38828655745444723], [0.6093747751365736, 0.3906252248634265]]}}