{"test": {"ids": ["4", "40", "5", "27", "32", "16", "3", "37", "21", "49", "38"], "labels": [1, 0, 0, 1, 0, 1, 1, 1, 0, 0, 1], "predicted_labels": [0, 0, 0, 0, 0, 0, 1, 0, 1, 0, 1], "confidence_scores": [[0.5389260621510571, 0.4610739378489429], [0.622583456620517, 0.37741654337948305], [0.5923958315681448, 0.40760416843185515], [0.5204260703766154, 0.47957392962338463], [0.7000412098178682, 0.2999587901821318], [0.6671725369841026, 0.33282746301589733], [0.24902695989689594, 0.7509730401031041], [0.5283907238095424, 0.4716092761904576], [0.23533794510580552, 0.7646620548941945], [0.8655822922237486, 0.13441770777625137], [0.42602090051800134, 0.5739790994819987]]}, "rewritten": {"ids": ["3", "4", "5", "16", "21", "27", "32", "37", "38", "40", "49"], "labels": [1, 1, 0, 1, 0, 1, 0, 1, 1, 0, 0], "predicted_labels": [1, 0, 0, 0, 1, 0, 0, 1, 0, 0, 1], "confidence_scores": [[0.2745943738770257, 0.7254056261229743], [0.7218564593986998, 0.27814354060130014], [0.6500677682423752, 0.34993223175762483], [0.6101373355367132, 0.38986266446328677], [0.39973747867900533, 0.6002625213209947], [0.5689328798217936, 0.43106712017820636], [0.5424933040571012, 0.45750669594289883], [0.4514606746874158, 0.5485393253125842], [0.5353674473909611, 0.4646325526090389], [0.633270928940968, 0.36672907105903196], [0.38564478490804877, 0.6143552150919512]]}}