{"test": {"ids": ["11", "21", "0", "37", "54", "15", "20", "17", "1", "5", "3", "47"], "labels": [0, 1, 0, 1, 0, 1, 0, 1, 0, 0, 0, 1], "predicted_labels": [1, 1, 1, 0, 1, 0, 0, 0, 0, 1, 1, 1], "confidence_scores": [[0.36552868444830133, 0.6344713155516987], [0.36552868444830133, 0.6344713155516987], [0.36552868444830133, 0.6344713155516987], [0.508108416925261, 0.49189158307473907], [0.36552868444830133, 0.6344713155516987], [0.508108416925261, 0.49189158307473907], [0.508108416925261, 0.49189158307473907], [0.508108416925261, 0.49189158307473907], [0.508108416925261, 0.49189158307473907], [0.36552868444830133, 0.6344713155516987], [0.36552868444830133, 0.6344713155516987], [0.36552868444830133, 0.6344713155516987]]}, "rewritten": {"ids": ["0", "1", "3", "5", "11", "15", "17", "20", "21", "37", "47", "54"], "labels": [0, 0, 0, 0, 0, 1, 1, 0, 1, 1, 1, 0], "predicted_labels": [1, 0, 1, 1, 1, 1, 1, 1, 1, 1, 1, 1], "confidence_scores": [[0.36552868444830133, 0.6344713155516987], [0.508108416925261, 0.49189158307473907], [0.36552868444830133, 0.6344713155516987], [0.36552868444830133, 0.6344713155516987], [0.36552868444830133, 0.6344713155516987], [0.36552868444830133, 0.6344713155516987], [0.36552868444830133, 0.6344713155516987], [0.36552868444830133, 0.6344713155516987], [0.36552868444830133, 0.6344713155516987], [0.36552868444830133, 0.6344713155516987], [0.36552868444830133, 0.6344713155516987], [0.36552868444830133, 0.6344713155516987]]}}