{"test": {"ids": ["2", "53", "50", "1", "6", "42", "19", "57", "47", "4", "11", "24"], "labels": [0, 0, 1, 0, 1, 0, 1, 0, 1, 0, 0, 1], "predicted_labels": [0, 0, 0, 1, 0, 0, 0, 0, 0, 1, 0, 0], "confidence_scores": [[0.8711445177217307, 0.12885548227826926], [0.7063306540602626, 0.29366934593973737], [0.9712977965655477, 0.028702203434452307], [0.4102917035146002, 0.5897082964853998], [0.9789981683632124, 0.021001831636787555], [0.7443952356469299, 0.2556047643530701], [0.862376563135914, 0.13762343686408593], [0.500911308251881, 0.49908869174811893], [0.6666369932281819, 0.333363006771818], [0.49710124784619036, 0.5028987521538096], [0.9151921335336386, 0.08480786646636143], [0.6241866146366496, 0.3758133853633504]]}, "rewritten": {"ids": ["1", "2", "4", "6", "11", "19", "24", "42", "47", "50", "53", "57"], "labels": [0, 0, 0, 1, 0, 1, 1, 0, 1, 1, 0, 0], "predicted_labels": [0, 0, 1, 0, 0, 1, 1, 0, 1, 0, 0, 1], "confidence_scores": [[0.7946258953133978, 0.20537410468660228], [0.823952053145804, 0.17604794685419603], [0.012225992866502722, 0.9877740071334973], [0.9274411276520897, 0.07255887234791022], [0.5767343495552242, 0.4232656504447759], [0.33819552600153047, 0.6618044739984695], [0.32826576424195053, 0.6717342357580495], [0.8235284645310091, 0.17647153546899086], [0.06746636345104251, 0.9325336365489575], [0.9573149449190758, 0.04268505508092425], [0.7063074217824574, 0.29369257821754263], [0.07709490658722573, 0.9229050934127743]]}}