{"test": {"ids": ["7", "49", "6", "30", "1", "33", "50", "34", "56", "53", "52", "40"], "labels": [1, 0, 1, 0, 0, 1, 1, 1, 0, 0, 1, 1], "predicted_labels": [0, 0, 0, 0, 0, 0, 0, 0, 0, 1, 1, 0], "confidence_scores": [[0.811156156626161, 0.188843843373839], [0.882231888783036, 0.11776811121696393], [0.704053496424549, 0.29594650357545105], [0.712741559982544, 0.287258440017456], [0.5672481062576602, 0.43275189374233974], [0.5616569680675021, 0.4383430319324979], [0.886106341588842, 0.11389365841115798], [0.8039750417258801, 0.19602495827411992], [0.8492630897154485, 0.15073691028455155], [0.2809765009406612, 0.7190234990593388], [0.43532790805895405, 0.564672091941046], [0.7580801390570604, 0.24191986094293963]]}, "rewritten": {"ids": ["1", "6", "7", "30", "33", "34", "40", "49", "50", "52", "53", "56"], "labels": [0, 1, 1, 0, 1, 1, 1, 0, 1, 1, 0, 0], "predicted_labels": [0, 1, 1, 0, 0, 0, 1, 0, 0, 1, 0, 0], "confidence_scores": [[0.553704946114194, 0.44629505388580604], [0.4449726886563229, 0.5550273113436771], [0.45301147996408087, 0.5469885200359191], [0.6294762167011441, 0.37052378329885594], [0.7789137132040581, 0.22108628679594192], [0.8381681365954874, 0.16183186340451258], [0.3710687974266822, 0.6289312025733178], [0.5905205460708289, 0.4094794539291711], [0.7339637277367614, 0.2660362722632385], [0.2728650072194265, 0.7271349927805735], [0.7633686794194562, 0.23663132058054379], [0.7941703045183218, 0.20582969548167815]]}}