{"test": {"ids": ["57", "27", "25", "16", "28", "55", "32", "38", "12", "51", "19", "4"], "labels": [1, 1, 1, 1, 1, 1, 0, 1, 1, 0, 0, 1], "predicted_labels": [1, 1, 1, 0, 1, 1, 0, 0, 1, 0, 1, 0], "confidence_scores": [[0.4731690420690419, 0.526830957930958], [0.47977489177489197, 0.520225108225108], [0.4995576701076702, 0.5004423298923297], [0.5242790626040628, 0.4757209373959372], [0.48629499389499414, 0.5137050061050057], [0.43973445165945163, 0.5602655483405482], [0.5389508963258963, 0.4610491036741035], [0.5553038406038406, 0.4446961593961593], [0.42116764069264095, 0.5788323593073594], [0.5058583916083917, 0.4941416083916082], [0.4853420135420136, 0.5146579864579863], [0.6410384199134198, 0.35896158008658]]}, "rewritten": {"ids": ["4", "12", "16", "19", "25", "27", "28", "32", "38", "51", "55", "57"], "labels": [1, 1, 1, 0, 1, 1, 1, 0, 1, 0, 1, 1], "predicted_labels": [0, 1, 0, 0, 0, 1, 0, 0, 0, 0, 1, 0], "confidence_scores": [[0.629336741036741, 0.37066325896325886], [0.4355821650571653, 0.5644178349428349], [0.5746568903318907, 0.42534310966810956], [0.5289416666666669, 0.47105833333333325], [0.5628003108003109, 0.43719968919968905], [0.47322817460317496, 0.5267718253968251], [0.5075283771783775, 0.4924716228216225], [0.6279616466866468, 0.37203835331335333], [0.5582498001998003, 0.44175019980019975], [0.5224631479631482, 0.47753685203685187], [0.43127958152958157, 0.5687204184704182], [0.5495214230214233, 0.450478576978577]]}}