{"test": {"ids": ["57", "5", "55", "2", "27", "39", "43", "15", "49", "51", "10", "40"], "labels": [1, 0, 1, 1, 1, 1, 1, 1, 0, 1, 0, 0], "predicted_labels": [1, 0, 1, 0, 1, 1, 1, 1, 1, 1, 1, 1], "confidence_scores": [[0.39382419247419254, 0.6061758075258075], [0.5260234543234543, 0.47397654567654574], [0.439412711471535, 0.5605872885284651], [0.580774531024531, 0.4192254689754688], [0.4524651404151403, 0.5475348595848595], [0.48007150072150073, 0.5199284992784995], [0.4900158008658008, 0.5099841991341991], [0.47939453324453307, 0.520605466755467], [0.4485170052170051, 0.5514829947829949], [0.46514771894771884, 0.5348522810522811], [0.4345253246753247, 0.5654746753246752], [0.44090524475524473, 0.5590947552447556]]}, "rewritten": {"ids": ["2", "5", "10", "15", "27", "39", "40", "43", "49", "51", "55", "57"], "labels": [1, 0, 0, 1, 1, 1, 0, 1, 0, 1, 1, 1], "predicted_labels": [0, 1, 1, 1, 1, 1, 1, 0, 0, 1, 1, 1], "confidence_scores": [[0.5549753543841778, 0.44502464561582217], [0.46300599400599407, 0.536994005994006], [0.4448053446553446, 0.5551946553446553], [0.4571401820401818, 0.5428598179598183], [0.46648574399456766, 0.5335142560054322], [0.473975158175158, 0.5260248418248419], [0.43520803281685644, 0.5647919671831436], [0.5237656288156288, 0.4762343711843712], [0.5049190143190144, 0.49508098568098563], [0.45189226884226885, 0.5481077311577314], [0.46549915835798183, 0.534500841642018], [0.4068426482014718, 0.5931573517985285]]}}