{"test": {"ids": ["40", "10", "13", "17", "32", "12", "44", "35", "51", "14", "52", "22"], "labels": [0, 1, 0, 1, 0, 1, 1, 0, 0, 1, 0, 1], "predicted_labels": [0, 1, 0, 0, 0, 0, 0, 0, 1, 1, 0, 1], "confidence_scores": [[0.5230082963193451, 0.4769917036806549], [0.09399556107283236, 0.9060044389271676], [0.6509017725726933, 0.34909822742730673], [0.9053002663131611, 0.09469973368683897], [0.8847256380842933, 0.11527436191570675], [0.6797367596631483, 0.3202632403368517], [0.5647109580207135, 0.4352890419792866], [0.6389587992598751, 0.3610412007401249], [0.2170357509240537, 0.7829642490759463], [0.49345473475510504, 0.506545265244895], [0.7925621191368584, 0.20743788086314166], [0.3289654159107067, 0.6710345840892933]]}, "rewritten": {"ids": ["10", "12", "13", "14", "17", "22", "32", "35", "40", "44", "51", "52"], "labels": [1, 1, 0, 1, 1, 1, 0, 0, 0, 1, 0, 0], "predicted_labels": [0, 0, 0, 1, 1, 0, 0, 1, 0, 0, 1, 0], "confidence_scores": [[0.7326360610957547, 0.2673639389042452], [0.6045941350865914, 0.39540586491340857], [0.7077764468365781, 0.2922235531634218], [0.49345473475510504, 0.506545265244895], [0.476283123412822, 0.523716876587178], [0.6073803999656704, 0.39261960003432966], [0.6839967661710162, 0.3160032338289838], [0.42722905931369104, 0.572770940686309], [0.640690831379918, 0.359309168620082], [0.8931531571723762, 0.10684684282762379], [0.2671222874718775, 0.7328777125281225], [0.775356669446208, 0.22464333055379201]]}}