{"test": {"ids": ["1", "38", "43", "23", "17", "7", "2", "13", "18", "58", "48", "8"], "labels": [0, 0, 0, 0, 0, 1, 0, 0, 0, 0, 1, 1], "predicted_labels": [0, 0, 0, 0, 0, 0, 0, 0, 0, 0, 1, 1], "confidence_scores": [[0.9064498135134358, 0.09355018648656423], [0.9353078128813398, 0.0646921871186602], [0.9809251397635461, 0.019074860236453876], [0.9739150812767663, 0.026084918723233652], [0.9353078128813398, 0.0646921871186602], [0.9809251397635461, 0.019074860236453876], [0.9809251397635461, 0.019074860236453876], [0.9739035519438177, 0.026096448056182327], [0.9353078128813398, 0.0646921871186602], [0.9615120552451237, 0.03848794475487632], [0.11918756846624667, 0.8808124315337533], [0.020098288800554198, 0.9799017111994458]]}, "rewritten": {"ids": ["1", "2", "7", "8", "13", "17", "18", "23", "38", "43", "58"], "labels": [0, 0, 1, 1, 0, 0, 0, 0, 0, 0, 0], "predicted_labels": [0, 0, 1, 1, 0, 0, 1, 1, 0, 0, 0], "confidence_scores": [[0.9064498135134358, 0.09355018648656423], [0.9739150812767663, 0.026084918723233652], [0.339394856217496, 0.660605143782504], [0.0405169102861519, 0.9594830897138481], [0.9130198067274437, 0.08698019327255638], [0.9412734651001465, 0.058726534899853425], [0.19051532926362658, 0.8094846707363734], [0.09175049401735647, 0.9082495059826435], [0.8721974932277092, 0.12780250677229082], [0.9709590523816698, 0.029040947618330232], [0.9615120552451237, 0.03848794475487632]]}}