{"test": {"ids": ["32", "35", "10", "37", "8", "30", "21", "45", "25", "16", "1"], "labels": [0, 0, 1, 1, 1, 1, 1, 1, 1, 1, 0], "predicted_labels": [0, 1, 1, 1, 1, 0, 0, 1, 1, 1, 0], "confidence_scores": [[0.9462976621288562, 0.05370233787114372], [0.4891122994136853, 0.5108877005863147], [0.1996302231115471, 0.8003697768884529], [0.04980436281663492, 0.9501956371833651], [0.23253251081732218, 0.7674674891826778], [0.7417789943159755, 0.2582210056840245], [0.9464978071816209, 0.05350219281837911], [0.3929847111670276, 0.6070152888329724], [0.30747126934998603, 0.692528730650014], [0.3550337101388559, 0.6449662898611441], [0.9138967733635563, 0.08610322663644364]]}, "rewritten": {"ids": ["1", "8", "10", "16", "21", "25", "30", "32", "35", "37", "45"], "labels": [0, 1, 1, 1, 1, 1, 1, 0, 0, 1, 1], "predicted_labels": [0, 1, 1, 0, 0, 1, 0, 0, 0, 1, 0], "confidence_scores": [[0.9593357681238438, 0.04066423187615618], [0.18794575171656502, 0.812054248283435], [0.3291093176338029, 0.6708906823661971], [0.5887643482675432, 0.4112356517324568], [0.9668772810387843, 0.03312271896121561], [0.3914921786378095, 0.6085078213621905], [0.8186978927894563, 0.18130210721054377], [0.9901202643101307, 0.00987973568986936], [0.6187233717463239, 0.3812766282536761], [0.3295291081388224, 0.6704708918611776], [0.5168396261133673, 0.4831603738866327]]}}