{"test": {"ids": ["1", "23", "27", "53", "48", "51", "10", "34", "12", "32", "21", "15"], "labels": [0, 0, 1, 1, 0, 0, 1, 0, 1, 0, 0, 0], "predicted_labels": [1, 1, 1, 1, 0, 1, 1, 1, 1, 1, 1, 1], "confidence_scores": [[0.3860448419399657, 0.613955158060035], [0.44391319773277993, 0.5560868022672205], [0.32490729649607386, 0.6750927035039267], [0.4888252192252194, 0.5111747807747806], [0.5648794844044843, 0.4351205155955159], [0.3556476252076099, 0.6443523747923907], [0.35824871666001695, 0.6417512833399832], [0.3393674615803871, 0.6606325384196127], [0.3552020373589257, 0.644797962641074], [0.4004314005396051, 0.5995685994603952], [0.3331862808330299, 0.6668137191669701], [0.27951264701071227, 0.7204873529892877]]}, "rewritten": {"ids": ["1", "10", "12", "15", "21", "23", "27", "32", "34", "48", "51", "53"], "labels": [0, 1, 1, 0, 0, 0, 1, 0, 0, 0, 0, 1], "predicted_labels": [1, 1, 1, 1, 1, 1, 1, 1, 1, 0, 1, 1], "confidence_scores": [[0.3100144010186583, 0.6899855989813419], [0.38495933488596035, 0.6150406651140407], [0.27479530618160675, 0.7252046938183935], [0.29920132443236175, 0.7007986755676384], [0.2955077325409369, 0.7044922674590632], [0.4004055883229257, 0.5995944116770747], [0.28070745285845927, 0.7192925471415409], [0.4105935483591056, 0.5894064516408947], [0.35508197355619936, 0.6449180264437999], [0.5335887776825853, 0.4664112223174144], [0.29717996792509194, 0.7028200320749087], [0.48174886290180396, 0.5182511370981963]]}}