{"test": {"ids": ["15", "6", "37", "22", "52", "43", "14", "24", "27", "5", "19", "45"], "labels": [1, 1, 0, 1, 1, 0, 0, 1, 1, 1, 1, 1], "predicted_labels": [0, 0, 0, 0, 0, 0, 0, 0, 0, 0, 0, 0], "confidence_scores": [[0.6004538794538794, 0.39954612054612065], [0.6807745726495728, 0.3192254273504273], [0.5951036324786326, 0.4048963675213675], [0.5888005883005883, 0.41119941169941154], [0.5895223248973248, 0.41047767510267524], [0.5688690337440336, 0.43113096625596625], [0.5478707264957265, 0.45212927350427345], [0.5990198967698969, 0.4009801032301032], [0.5876144133644134, 0.4123855866355865], [0.5373016428016429, 0.46269835719835695], [0.6163382450882451, 0.3836617549117548], [0.6497799006549008, 0.3502200993450993]]}, "rewritten": {"ids": ["5", "6", "14", "15", "19", "22", "24", "27", "37", "43", "45", "52"], "labels": [1, 1, 0, 1, 1, 1, 1, 1, 0, 0, 1, 1], "predicted_labels": [0, 0, 0, 0, 0, 0, 0, 0, 0, 0, 0, 0], "confidence_scores": [[0.5688938145188148, 0.4311061854811853], [0.7249580280830282, 0.27504197191697194], [0.5237136197136197, 0.4762863802863802], [0.5651209068709069, 0.4348790931290932], [0.6257219724719724, 0.37427802752802747], [0.6341825813075812, 0.3658174186924187], [0.6718772200022203, 0.3281227799977799], [0.6646180763680763, 0.33538192363192365], [0.6098865995115996, 0.3901134004884004], [0.5685490481740482, 0.4314509518259518], [0.6591279137529138, 0.3408720862470861], [0.6435029692529693, 0.3564970307470308]]}}