{"test": {"ids": ["55", "5", "12", "16", "53", "28", "39", "23", "24", "14", "20", "49"], "labels": [1, 0, 1, 1, 0, 1, 1, 1, 0, 1, 1, 0], "predicted_labels": [1, 1, 0, 1, 1, 1, 0, 1, 0, 1, 1, 0], "confidence_scores": [[0.5222624852696991, 0.47773751473030096], [0.5218868862850861, 0.47811311371491405], [0.4837613687218508, 0.5162386312781491], [0.5406956725593929, 0.45930432744060734], [0.5531711613136847, 0.44682883868631545], [0.546636421208312, 0.4533635787916881], [0.5190745279988698, 0.48092547200113045], [0.524427213530502, 0.47557278646949797], [0.5, 0.5], [0.5340095344806136, 0.46599046551938644], [0.5314388172805113, 0.4685611827194886], [0.46083251637496464, 0.5391674836250355]]}, "rewritten": {"ids": ["5", "14", "16", "20", "23", "24", "28", "49", "53", "55"], "labels": [0, 1, 1, 1, 1, 0, 1, 0, 0, 1], "predicted_labels": [1, 0, 1, 1, 0, 0, 1, 0, 1, 0], "confidence_scores": [[0.5226227149617175, 0.47737728503828253], [0.5056191485353737, 0.4943808514646264], [0.5218650493574324, 0.4781349506425676], [0.538965084076807, 0.46103491592319307], [0.5073175745522343, 0.4926824254477657], [0.517875004938212, 0.482124995061788], [0.5205499276355139, 0.47945007236448606], [0.4762275863039448, 0.5237724136960553], [0.5510845973475206, 0.44891540265247926], [0.5146013058148462, 0.4853986941851537]]}}