{"test": {"ids": ["58", "18", "13", "53", "14", "3", "4", "11", "35", "27", "32", "2"], "labels": [0, 1, 0, 0, 1, 1, 1, 0, 0, 1, 0, 0], "predicted_labels": [1, 1, 1, 0, 1, 1, 1, 1, 1, 1, 0, 0], "confidence_scores": [[0.4977955432451242, 0.5022044567548758], [0.4523066525239925, 0.5476933474760075], [0.4523066525239925, 0.5476933474760075], [0.5169919182109126, 0.48300808178908733], [0.3785174235341542, 0.6214825764658458], [0.3785174235341542, 0.6214825764658458], [0.4523066525239925, 0.5476933474760075], [0.480093681026477, 0.519906318973523], [0.3785174235341542, 0.6214825764658458], [0.3785174235341542, 0.6214825764658458], [0.5269919921567514, 0.47300800784324865], [0.5169919182109126, 0.48300808178908733]]}, "rewritten": {"ids": ["2", "3", "4", "11", "13", "14", "18", "27", "32", "35", "53", "58"], "labels": [0, 1, 1, 0, 0, 1, 1, 1, 0, 0, 0, 0], "predicted_labels": [0, 1, 0, 0, 1, 1, 1, 1, 0, 1, 0, 1], "confidence_scores": [[0.5269919921567514, 0.47300800784324865], [0.38779998228363055, 0.6122000177163694], [0.5173808367486327, 0.48261916325136733], [0.5179598319333316, 0.48204016806666844], [0.4523066525239925, 0.5476933474760075], [0.3785174235341542, 0.6214825764658458], [0.4523066525239925, 0.5476933474760075], [0.4523066525239925, 0.5476933474760075], [0.5269919921567514, 0.47300800784324865], [0.3785174235341542, 0.6214825764658458], [0.5169919182109126, 0.48300808178908733], [0.4523066525239925, 0.5476933474760075]]}}