{"test": {"ids": ["54", "29", "48", "50", "45", "9", "46", "13", "22", "33", "25", "42"], "labels": [1, 1, 1, 1, 1, 0, 0, 0, 1, 1, 0, 0], "predicted_labels": [0, 0, 0, 0, 0, 0, 0, 0, 0, 0, 0, 0], "confidence_scores": [[0.6251109386291307, 0.3748890613708691], [0.659101642326878, 0.34089835767312215], [0.6271779339231387, 0.3728220660768614], [0.6137052657502381, 0.3862947342497619], [0.5796129684299188, 0.42038703157008117], [0.7039474670388016, 0.2960525329611983], [0.6215344802835551, 0.37846551971644493], [0.5643346563567153, 0.43566534364328474], [0.632583903899155, 0.367416096100845], [0.6729293873630594, 0.3270706126369405], [0.5695063826610268, 0.4304936173389733], [0.7249328727837274, 0.27506712721627247]]}, "rewritten": {"ids": ["9", "13", "22", "25", "29", "33", "42", "45", "46", "48", "50", "54"], "labels": [0, 0, 1, 0, 1, 1, 0, 1, 0, 1, 1, 1], "predicted_labels": [0, 0, 0, 0, 0, 0, 0, 0, 0, 0, 0, 0], "confidence_scores": [[0.6448112625570088, 0.3551887374429911], [0.6505290959791766, 0.34947090402082315], [0.7004767616176322, 0.2995232383823683], [0.5970241403763075, 0.4029758596236923], [0.715494872634582, 0.2845051273654182], [0.668608197701851, 0.331391802298149], [0.6905105668217157, 0.3094894331782843], [0.6318851099342617, 0.36811489006573805], [0.6629135778114141, 0.337086422188586], [0.6309830805738734, 0.3690169194261266], [0.6924578584190071, 0.3075421415809927], [0.6539967727812188, 0.34600322721878113]]}}