{"test": {"ids": ["45", "25", "13", "23", "51", "49", "34", "52", "55", "56", "41", "43"], "labels": [1, 0, 1, 0, 1, 0, 0, 1, 1, 0, 1, 1], "predicted_labels": [1, 0, 0, 0, 0, 1, 1, 0, 0, 1, 1, 1], "confidence_scores": [[0.09166186512064844, 0.9083381348793516], [0.8959055514505869, 0.10409444854941304], [0.8307700474960408, 0.1692299525039592], [0.5445627507481764, 0.4554372492518236], [0.8959055514505869, 0.10409444854941304], [0.39322400778897315, 0.6067759922110268], [0.32706608666691417, 0.6729339133330858], [0.8959055514505869, 0.10409444854941304], [0.7887417199420944, 0.21125828005790556], [0.18803633468878211, 0.8119636653112179], [0.18872266857861597, 0.811277331421384], [0.2290988773536462, 0.7709011226463538]]}, "rewritten": {"ids": ["13", "23", "25", "34", "41", "43", "45", "49", "51", "52", "55", "56"], "labels": [1, 0, 0, 0, 1, 1, 1, 0, 1, 1, 1, 0], "predicted_labels": [0, 1, 0, 1, 1, 1, 1, 1, 0, 1, 1, 1], "confidence_scores": [[0.8959055514505869, 0.10409444854941304], [0.25797013519501866, 0.7420298648049813], [0.8959055514505869, 0.10409444854941304], [0.4600744065567143, 0.5399255934432857], [0.4600744065567143, 0.5399255934432857], [0.2290988773536462, 0.7709011226463538], [0.09166186512064844, 0.9083381348793516], [0.25797013519501866, 0.7420298648049813], [0.8959055514505869, 0.10409444854941304], [0.4920020512552219, 0.5079979487447781], [0.4467198716487426, 0.5532801283512574], [0.23244471103911202, 0.767555288960888]]}}