{"test": {"ids": ["36", "55", "2", "11", "21", "37", "56", "44", "30", "53", "52", "13"], "labels": [0, 0, 1, 0, 0, 1, 0, 0, 1, 1, 0, 1], "predicted_labels": [1, 1, 0, 1, 1, 1, 1, 0, 0, 0, 1, 1], "confidence_scores": [[0.07402056301620363, 0.9259794369837964], [0.05517802248149828, 0.9448219775185017], [0.7694213428126138, 0.2305786571873862], [0.03883918360064942, 0.9611608163993506], [0.0743575194378211, 0.9256424805621789], [0.04220669905331231, 0.9577933009466877], [0.07140243278821312, 0.9285975672117869], [0.9475213750730527, 0.05247862492694733], [0.7797438971730353, 0.22025610282696476], [0.9292584007072365, 0.07074159929276343], [0.1080333509304452, 0.8919666490695548], [0.30654398881679823, 0.6934560111832018]]}, "rewritten": {"ids": ["2", "11", "13", "21", "30", "36", "37", "44", "52", "53", "55", "56"], "labels": [1, 0, 1, 0, 1, 0, 1, 0, 0, 1, 0, 0], "predicted_labels": [0, 1, 1, 1, 0, 1, 1, 0, 1, 0, 1, 1], "confidence_scores": [[0.6834160166295769, 0.31658398337042315], [0.0074732786546727326, 0.9925267213453273], [0.18585448295319373, 0.8141455170468063], [0.171571693496116, 0.828428306503884], [0.6189053423317192, 0.3810946576682807], [0.19886163691737924, 0.8011383630826208], [0.25035816810688505, 0.749641831893115], [0.8367901934601716, 0.16320980653982842], [0.12220926177600822, 0.8777907382239918], [0.9442406865771232, 0.05575931342287678], [0.4162812974192057, 0.5837187025807943], [0.04510693806011623, 0.9548930619398838]]}}