{"test": {"ids": ["15", "12", "43", "55", "20", "37", "47", "51", "4", "19", "22", "50"], "labels": [1, 0, 0, 1, 0, 0, 1, 0, 0, 1, 1, 1], "predicted_labels": [1, 1, 1, 0, 1, 1, 0, 0, 1, 0, 0, 0], "confidence_scores": [[0.4925803017847985, 0.5074196982152015], [0.011231486420123504, 0.9887685135798765], [0.20875278663897945, 0.7912472133610206], [0.995336045848945, 0.004663954151054981], [0.04940510248401242, 0.9505948975159876], [0.19071868674009618, 0.8092813132599038], [0.6882438410077432, 0.31175615899225684], [0.8617384083273443, 0.13826159167265578], [0.0001801355064408039, 0.9998198644935592], [0.5453842332499166, 0.4546157667500834], [0.6394251182102553, 0.36057488178974473], [0.5944741689248896, 0.4055258310751104]]}}