{"test": {"ids": ["49", "14", "58", "20", "32", "9", "1", "21", "13", "16", "29", "39"], "labels": [0, 1, 1, 0, 0, 1, 0, 0, 1, 1, 1, 1], "predicted_labels": [1, 0, 0, 1, 0, 1, 0, 0, 0, 0, 0, 1], "confidence_scores": [[0.3378312886160205, 0.6621687113839795], [0.9961024250912924, 0.0038975749087075875], [0.5786946216743025, 0.4213053783256974], [0.3704629982716823, 0.6295370017283177], [0.9919007570992285, 0.008099242900771518], [0.03024224664382702, 0.969757753356173], [0.9929717979952865, 0.007028202004713593], [0.6612101649655002, 0.33878983503449983], [0.8068293036731466, 0.19317069632685333], [0.8102537987851818, 0.1897462012148182], [0.9260523413255769, 0.07394765867442306], [0.3452488534191297, 0.6547511465808703]]}, "rewritten": {"ids": ["1", "9", "13", "14", "16", "20", "21", "29", "32", "39", "49", "58"], "labels": [0, 1, 1, 1, 1, 0, 0, 1, 0, 1, 0, 1], "predicted_labels": [0, 1, 0, 0, 1, 0, 0, 0, 0, 0, 1, 0], "confidence_scores": [[0.98612591158103, 0.01387408841897001], [0.15128458596552963, 0.8487154140344704], [0.5190256519279979, 0.4809743480720022], [0.9989059037904924, 0.0010940962095076269], [0.1281154616177399, 0.8718845383822601], [0.5490527316779958, 0.45094726832200416], [0.6187554314850757, 0.3812445685149243], [0.9897490561929263, 0.010250943807073663], [0.8583519123269864, 0.1416480876730136], [0.5624698388443136, 0.43753016115568644], [0.46569725026095876, 0.5343027497390412], [0.6782124069093792, 0.32178759309062077]]}}