{"test": {"ids": ["11", "42", "47", "16", "53", "51", "23", "21", "27", "9", "19", "40"], "labels": [0, 0, 1, 1, 1, 1, 0, 1, 1, 1, 0, 0], "predicted_labels": [0, 0, 1, 1, 1, 1, 1, 0, 1, 1, 0, 1], "confidence_scores": [[0.5085323756407105, 0.4914676243592895], [0.5186839406211264, 0.48131605937887356], [0.3974234336125887, 0.6025765663874113], [0.3974234336125887, 0.6025765663874113], [0.3974234336125887, 0.6025765663874113], [0.3974234336125887, 0.6025765663874113], [0.3974234336125887, 0.6025765663874113], [0.5274378846822748, 0.4725621153177252], [0.3974234336125887, 0.6025765663874113], [0.48963570579641247, 0.5103642942035875], [0.5089784982545955, 0.49102150174540443], [0.3974234336125887, 0.6025765663874113]]}, "rewritten": {"ids": ["9", "11", "16", "19", "21", "23", "27", "40", "42", "47", "51", "53"], "labels": [1, 0, 1, 0, 1, 0, 1, 0, 0, 1, 1, 1], "predicted_labels": [0, 0, 0, 1, 0, 1, 0, 0, 0, 1, 1, 1], "confidence_scores": [[0.537146929159454, 0.4628530708405461], [0.5182750847657931, 0.4817249152342069], [0.518330323679981, 0.48166967632001895], [0.3974234336125887, 0.6025765663874113], [0.537146929159454, 0.4628530708405461], [0.3974234336125887, 0.6025765663874113], [0.5084584452389354, 0.4915415547610647], [0.5091309295125656, 0.49086907048743444], [0.5369377759179725, 0.46306222408202746], [0.3974234336125887, 0.6025765663874113], [0.3974234336125887, 0.6025765663874113], [0.48931559661751023, 0.5106844033824898]]}}