{"test": {"ids": ["46", "18", "36", "53", "50", "17", "35", "40", "42", "25", "55", "43"], "labels": [0, 1, 0, 0, 1, 1, 0, 0, 0, 1, 1, 1], "predicted_labels": [0, 1, 1, 0, 1, 0, 1, 0, 1, 0, 1, 1], "confidence_scores": [[0.5213148147604028, 0.47868518523959724], [0.43688239677419205, 0.5631176032258075], [0.4531510492259719, 0.5468489507740277], [0.5790755586175088, 0.4209244413824911], [0.49804308110190454, 0.5019569188980956], [0.5985989926739926, 0.40140100732600753], [0.4601759454082211, 0.5398240545917792], [0.5348763146983736, 0.46512368530162673], [0.39075948436668245, 0.6092405156333167], [0.5370063433298726, 0.4629936566701273], [0.41504063384156226, 0.5849593661584376], [0.4306275592140917, 0.5693724407859082]]}, "rewritten": {"ids": ["17", "18", "25", "35", "36", "40", "42", "43", "46", "50", "53", "55"], "labels": [1, 1, 1, 0, 0, 0, 0, 1, 0, 1, 0, 1], "predicted_labels": [1, 1, 1, 1, 1, 1, 1, 1, 1, 1, 1, 1], "confidence_scores": [[0.4388196769175098, 0.5611803230824903], [0.4047471938106616, 0.5952528061893385], [0.42629396161973543, 0.5737060383802643], [0.4401100631480664, 0.5598899368519334], [0.39513682057536526, 0.6048631794246345], [0.4578489895725189, 0.542151010427481], [0.34238284709786243, 0.6576171529021374], [0.36406495727354865, 0.6359350427264515], [0.4024141119716197, 0.5975858880283804], [0.39613297577035966, 0.6038670242296406], [0.45846110705599885, 0.5415388929440011], [0.4267811001949547, 0.5732188998050453]]}}