{"test": {"ids": ["43", "5", "29", "25", "56", "17", "33", "52", "34", "38", "47", "15"], "labels": [1, 0, 1, 0, 0, 1, 0, 1, 0, 0, 1, 1], "predicted_labels": [1, 0, 0, 1, 1, 1, 0, 1, 1, 1, 0, 0], "confidence_scores": [[0.34944079529658145, 0.6505592047034185], [0.5825816206383541, 0.41741837936164594], [0.5912188497483428, 0.4087811502516571], [0.4398638500441535, 0.5601361499558465], [0.39703240755563596, 0.602967592444364], [0.420222103417493, 0.579777896582507], [0.700642166509582, 0.299357833490418], [0.2645842904505321, 0.7354157095494679], [0.3651686413631754, 0.6348313586368246], [0.2117953446103099, 0.7882046553896901], [0.5111570179854865, 0.4888429820145134], [0.7176688467738315, 0.2823311532261686]]}, "rewritten": {"ids": ["5", "15", "17", "25", "29", "33", "34", "38", "43", "47", "52", "56"], "labels": [0, 1, 1, 0, 1, 0, 0, 0, 1, 1, 1, 0], "predicted_labels": [0, 0, 0, 1, 1, 0, 0, 1, 1, 1, 1, 1], "confidence_scores": [[0.7455709313939521, 0.25442906860604786], [0.7387389928691865, 0.2612610071308134], [0.5081254364901359, 0.49187456350986414], [0.4051860113306388, 0.5948139886693612], [0.48627307320855395, 0.513726926791446], [0.7745712729850626, 0.22542872701493746], [0.5523670998201964, 0.4476329001798036], [0.28981820880091214, 0.7101817911990879], [0.3289125354482155, 0.6710874645517845], [0.46359726955755465, 0.5364027304424454], [0.4959466845565561, 0.5040533154434439], [0.18470823184902274, 0.8152917681509773]]}}