{"test": {"ids": ["52", "33", "50", "57", "10", "24", "40", "29", "11", "47", "53", "13"], "labels": [1, 1, 1, 0, 0, 1, 1, 1, 0, 1, 0, 0], "predicted_labels": [0, 1, 0, 0, 1, 0, 1, 0, 1, 0, 1, 0], "confidence_scores": [[0.9617386635998384, 0.03826133640016165], [0.21984698896931398, 0.780153011030686], [0.9205290588614743, 0.07947094113852576], [0.9381533533405075, 0.061846646659492466], [0.13802615137193075, 0.8619738486280693], [0.8856995097249142, 0.11430049027508579], [0.4968646567587698, 0.5031353432412302], [0.97377901646187, 0.026220983538130002], [0.3696717253069317, 0.6303282746930683], [0.5147211853126048, 0.4852788146873952], [0.3632252732539226, 0.6367747267460774], [0.8490074436195271, 0.15099255638047293]]}}