{"test": {"ids": ["37", "2", "55", "41", "50", "45", "49", "36", "24", "57", "19", "28"], "labels": [1, 1, 0, 1, 1, 1, 0, 0, 0, 1, 0, 1], "predicted_labels": [0, 0, 1, 1, 1, 1, 1, 1, 1, 1, 0, 0], "confidence_scores": [[0.6600679057750923, 0.33993209422490767], [0.775290953385185, 0.22470904661481492], [0.05260880799757772, 0.9473911920024223], [0.2933185339401083, 0.7066814660598917], [0.19717750265260736, 0.8028224973473926], [0.2951062750787081, 0.7048937249212919], [0.2947550286901198, 0.7052449713098802], [0.2843330455949177, 0.7156669544050823], [0.2489980505410866, 0.7510019494589134], [0.05797291881143818, 0.9420270811885618], [0.8605503873216815, 0.1394496126783185], [0.5812994973047532, 0.4187005026952468]]}, "rewritten": {"ids": ["2", "24", "28", "36", "37", "41", "45", "49", "50", "55", "57"], "labels": [1, 0, 1, 0, 1, 1, 1, 0, 1, 0, 1], "predicted_labels": [0, 1, 1, 1, 0, 1, 1, 1, 1, 1, 1], "confidence_scores": [[0.5174379991439899, 0.4825620008560101], [0.48009833048730255, 0.5199016695126975], [0.49952002342345425, 0.5004799765765457], [0.39293124656137246, 0.6070687534386275], [0.6967230137992675, 0.30327698620073257], [0.19117023078186046, 0.8088297692181395], [0.16136686311896953, 0.8386331368810305], [0.20927855038516863, 0.7907214496148314], [0.1706009202673835, 0.8293990797326165], [0.10733912153041936, 0.8926608784695806], [0.3058802448142294, 0.6941197551857706]]}}