{"test": {"ids": ["45", "13", "27", "51", "35", "36", "9", "20", "29", "23", "14", "22"], "labels": [1, 1, 1, 0, 0, 0, 1, 0, 1, 0, 1, 1], "predicted_labels": [1, 1, 1, 1, 1, 1, 1, 1, 1, 1, 1, 1], "confidence_scores": [[0.5472355909280127, 0.45276440907198734], [0.5464355779598097, 0.4535644220401902], [0.546833337912979, 0.453166662087021], [0.5480657603634942, 0.4519342396365058], [0.5473821984412501, 0.45261780155875], [0.5483422436918517, 0.4516577563081481], [0.5476804462320604, 0.45231955376793953], [0.5464290402539659, 0.4535709597460342], [0.5447660692209222, 0.4552339307790778], [0.5482298535716245, 0.4517701464283755], [0.5451724039212449, 0.4548275960787551], [0.5456251396463664, 0.45437486035363367]]}, "rewritten": {"ids": ["9", "13", "14", "20", "22", "23", "27", "29", "35", "36", "45", "51"], "labels": [1, 1, 1, 0, 1, 0, 1, 1, 0, 0, 1, 0], "predicted_labels": [1, 1, 1, 1, 1, 1, 1, 1, 1, 1, 1, 1], "confidence_scores": [[0.5469185388015373, 0.4530814611984626], [0.5454622542869323, 0.45453774571306765], [0.5444396362475487, 0.4555603637524513], [0.545544330199256, 0.45445566980074403], [0.544491663598979, 0.455508336401021], [0.5452858633741268, 0.4547141366258733], [0.5454554878223558, 0.45454451217764424], [0.5443538284400278, 0.4556461715599721], [0.5465099259361669, 0.4534900740638331], [0.5472135948232459, 0.4527864051767541], [0.5472878839029218, 0.45271211609707834], [0.5461642131083151, 0.4538357868916849]]}}