{"test": {"ids": ["30", "58", "41", "7", "43", "19", "1", "42", "17", "16", "22", "3"], "labels": [1, 0, 0, 0, 1, 0, 0, 0, 1, 1, 1, 1], "predicted_labels": [0, 1, 1, 1, 1, 0, 1, 1, 1, 1, 0, 1], "confidence_scores": [[0.8528500311108893, 0.1471499688891107], [0.34896574245435785, 0.6510342575456421], [0.45634600022377103, 0.543653999776229], [0.2933699339155284, 0.7066300660844717], [0.37819385631135344, 0.6218061436886466], [0.6165628871558634, 0.3834371128441366], [0.5234583691473667, 0.4765416308526335], [0.3605047608018225, 0.6394952391981775], [0.47945557722731735, 0.5205444227726825], [0.3760159369842161, 0.6239840630157839], [0.8293010896329104, 0.1706989103670896], [0.2145469120002955, 0.7854530879997046]]}, "rewritten": {"ids": ["1", "3", "7", "16", "17", "22", "30", "41", "42", "43", "58"], "labels": [0, 1, 0, 1, 1, 1, 1, 0, 0, 1, 0], "predicted_labels": [1, 1, 1, 1, 0, 0, 0, 1, 1, 0, 1], "confidence_scores": [[0.4532451544233832, 0.5467548455766169], [0.4535142654362644, 0.5464857345637356], [0.37976311239961463, 0.6202368876003854], [0.4237336820333275, 0.5762663179666724], [0.6271229856858399, 0.37287701431416], [0.5757055384028738, 0.42429446159712625], [0.7897876149619013, 0.21021238503809872], [0.4510043675810362, 0.548995632418964], [0.3576632185400401, 0.64233678145996], [0.5570487824575867, 0.44295121754241334], [0.30919552252493604, 0.690804477475064]]}}