{"test": {"ids": ["23", "24", "11", "45", "32", "54", "15", "22", "0", "41", "42", "8"], "labels": [1, 0, 0, 1, 0, 0, 0, 1, 1, 0, 0, 1], "predicted_labels": [0, 1, 0, 1, 0, 1, 1, 0, 1, 1, 1, 1], "confidence_scores": [[0.8149771809683473, 0.18502281903165269], [0.1849358403709641, 0.8150641596290359], [0.8540367585304918, 0.1459632414695083], [0.15460608754929772, 0.8453939124507023], [0.9785213644063725, 0.02147863559362753], [0.06664610114340763, 0.9333538988565924], [0.19763978998908283, 0.8023602100109172], [0.9281007914164381, 0.07189920858356191], [0.0906425478802364, 0.9093574521197636], [0.10089446432839866, 0.8991055356716013], [0.20142617070218305, 0.798573829297817], [0.3555230070232096, 0.6444769929767904]]}}