{"test": {"ids": ["22", "36", "11", "48", "4", "39", "20", "6", "54", "32", "37", "7"], "labels": [1, 0, 0, 0, 1, 1, 1, 0, 0, 0, 1, 0], "predicted_labels": [1, 1, 1, 1, 1, 1, 1, 1, 1, 1, 1, 1], "confidence_scores": [[0.45360834274139294, 0.546391657258607], [0.4588239504864341, 0.5411760495135659], [0.4481457984221916, 0.5518542015778084], [0.4558795361663923, 0.5441204638336077], [0.4588239504864341, 0.5411760495135659], [0.4481457984221916, 0.5518542015778084], [0.3940076984085237, 0.6059923015914763], [0.43845268371358526, 0.5615473162864147], [0.4588239504864341, 0.5411760495135659], [0.4435208284201452, 0.5564791715798548], [0.40850350210465913, 0.5914964978953409], [0.3940076984085237, 0.6059923015914763]]}, "rewritten": {"ids": ["4", "6", "7", "11", "20", "22", "32", "36", "37", "39", "48", "54"], "labels": [1, 0, 0, 0, 1, 1, 0, 0, 1, 1, 0, 0], "predicted_labels": [1, 1, 1, 1, 1, 1, 1, 1, 1, 1, 1, 1], "confidence_scores": [[0.4588239504864341, 0.5411760495135659], [0.4481457984221916, 0.5518542015778084], [0.3940076984085237, 0.6059923015914763], [0.4481457984221916, 0.5518542015778084], [0.3981348901820031, 0.6018651098179969], [0.4541345748033495, 0.5458654251966505], [0.43845268371358526, 0.5615473162864147], [0.4481457984221916, 0.5518542015778084], [0.4588239504864341, 0.5411760495135659], [0.4588239504864341, 0.5411760495135659], [0.4155950411131095, 0.5844049588868905], [0.4588239504864341, 0.5411760495135659]]}}