{"test": {"ids": ["12", "51", "10", "37", "22", "56", "5", "28", "16", "21", "42", "54"], "labels": [1, 0, 1, 1, 1, 0, 0, 1, 1, 1, 0, 0], "predicted_labels": [0, 1, 1, 1, 1, 1, 1, 1, 1, 1, 1, 1], "confidence_scores": [[0.5209058289148073, 0.4790941710851926], [0.42420490442936276, 0.5757950955706372], [0.38608977261253474, 0.6139102273874651], [0.3928201974222164, 0.6071798025777841], [0.4316699807072872, 0.5683300192927128], [0.47591023447208347, 0.5240897655279166], [0.4853442168942173, 0.5146557831057827], [0.3719316084042091, 0.6280683915957908], [0.40176471174164674, 0.5982352882583528], [0.3949997781401033, 0.6050002218598968], [0.43637208195714394, 0.5636279180428562], [0.3767822308754199, 0.6232177691245806]]}}