{"test": {"ids": ["10", "37", "33", "56", "58", "42", "9", "4", "22", "7", "35", "21"], "labels": [1, 1, 0, 0, 1, 0, 1, 1, 1, 0, 0, 0], "predicted_labels": [1, 1, 1, 1, 1, 1, 1, 0, 0, 0, 0, 0], "confidence_scores": [[0.47504800199800196, 0.524951998001998], [0.48276116383616385, 0.5172388361638361], [0.4162867243867245, 0.5837132756132757], [0.446034226884227, 0.553965773115773], [0.4524430153180153, 0.5475569846819847], [0.4620732267732268, 0.5379267732267728], [0.39936981906981905, 0.6006301809301808], [0.5236465007215007, 0.47635349927849946], [0.5008862193362196, 0.49911378066378037], [0.5016815656565657, 0.4983184343434342], [0.5066358141858143, 0.49336418581418556], [0.584993983793984, 0.41500601620601624]]}, "rewritten": {"ids": ["4", "7", "9", "10", "21", "22", "33", "35", "37", "42", "56", "58"], "labels": [1, 0, 1, 1, 0, 1, 0, 0, 1, 0, 0, 1], "predicted_labels": [1, 1, 1, 0, 0, 0, 1, 1, 1, 1, 1, 1], "confidence_scores": [[0.4940515512265511, 0.5059484487734489], [0.4903921633921634, 0.5096078366078365], [0.42581096681096686, 0.574189033189033], [0.5352834942834944, 0.46471650571650563], [0.5835930069930073, 0.41640699300699313], [0.5414586358086357, 0.45854136419136426], [0.46102049062049044, 0.5389795093795096], [0.47768374403374414, 0.5223162559662559], [0.42759908702408705, 0.5724009129759127], [0.4720930014430013, 0.5279069985569986], [0.4797523587523588, 0.5202476412476412], [0.47093608891108885, 0.5290639110889112]]}}