{"test": {"ids": ["43", "47", "8", "27", "42", "54", "9", "49", "53", "10", "29", "24"], "labels": [0, 1, 1, 1, 0, 1, 0, 0, 0, 0, 1, 1], "predicted_labels": [1, 0, 1, 0, 0, 0, 0, 0, 1, 0, 0, 0], "confidence_scores": [[0.478413412181214, 0.5215865878187861], [0.6526931832787093, 0.3473068167212905], [0.4670942472560121, 0.5329057527439879], [0.6265843987883463, 0.37341560121165374], [0.6257558632243231, 0.3742441367756771], [0.6550476238587691, 0.34495237614123053], [0.6713577591998647, 0.32864224080013554], [0.5625966255966256, 0.4374033744033745], [0.47293879731379745, 0.5270612026862026], [0.5144444642904396, 0.4855555357095605], [0.6782758469815355, 0.3217241530184642], [0.5134610609978256, 0.4865389390021743]]}, "rewritten": {"ids": ["8", "9", "10", "24", "27", "29", "42", "43", "47", "49", "53", "54"], "labels": [1, 0, 0, 1, 1, 1, 0, 0, 1, 0, 0, 1], "predicted_labels": [1, 0, 1, 0, 0, 0, 0, 0, 0, 0, 1, 0], "confidence_scores": [[0.4488224553224553, 0.5511775446775448], [0.6562742038663094, 0.3437257961336909], [0.4658826459488224, 0.5341173540511777], [0.5289743104118105, 0.4710256895881896], [0.6035698880797564, 0.3964301119202436], [0.6808437235494122, 0.31915627645058775], [0.5962666211712268, 0.4037333788287734], [0.5283947959934799, 0.47160520400651995], [0.6430917161184189, 0.35690828388158125], [0.5163354423354423, 0.4836645576645578], [0.4759426961926962, 0.5240573038073038], [0.6283209140360843, 0.37167908596391563]]}}