{"test": {"ids": ["11", "42", "14", "54", "21", "52", "25", "50", "40", "27", "3", "29"], "labels": [0, 0, 0, 1, 1, 1, 0, 1, 1, 1, 1, 1], "predicted_labels": [1, 0, 0, 0, 0, 1, 1, 0, 0, 0, 0, 0], "confidence_scores": [[0.12018830714533035, 0.8798116928546696], [0.925268443173892, 0.07473155682610805], [0.925268443173892, 0.07473155682610805], [0.925268443173892, 0.07473155682610805], [0.925268443173892, 0.07473155682610805], [0.12018830714533035, 0.8798116928546696], [0.12018830714533035, 0.8798116928546696], [0.925268443173892, 0.07473155682610805], [0.925268443173892, 0.07473155682610805], [0.925268443173892, 0.07473155682610805], [0.925268443173892, 0.07473155682610805], [0.925268443173892, 0.07473155682610805]]}, "rewritten": {"ids": ["3", "11", "14", "21", "25", "27", "29", "40", "42", "50", "52", "54"], "labels": [1, 0, 0, 1, 0, 1, 1, 1, 0, 1, 1, 1], "predicted_labels": [1, 0, 0, 0, 1, 0, 0, 0, 0, 0, 1, 0], "confidence_scores": [[0.12018830714533035, 0.8798116928546696], [0.925268443173892, 0.07473155682610805], [0.925268443173892, 0.07473155682610805], [0.925268443173892, 0.07473155682610805], [0.12018830714533035, 0.8798116928546696], [0.925268443173892, 0.07473155682610805], [0.925268443173892, 0.07473155682610805], [0.925268443173892, 0.07473155682610805], [0.925268443173892, 0.07473155682610805], [0.925268443173892, 0.07473155682610805], [0.12018830714533035, 0.8798116928546696], [0.925268443173892, 0.07473155682610805]]}}