{"test": {"ids": ["3", "32", "10", "12", "15", "39", "24", "22", "17", "49", "21", "23"], "labels": [1, 0, 1, 1, 0, 1, 0, 1, 1, 0, 1, 1], "predicted_labels": [0, 0, 1, 1, 1, 1, 1, 0, 0, 0, 0, 0], "confidence_scores": [[0.9929540053724245, 0.007045994627575438], [0.9995561508824795, 0.00044384911752054355], [1.6263689132878234e-05, 0.9999837363108671], [0.028362891960372894, 0.9716371080396271], [0.14684550481613856, 0.8531544951838614], [0.15256388113365293, 0.8474361188663471], [0.40429142935308937, 0.5957085706469106], [0.9978630217616791, 0.002136978238320888], [0.9886596433183648, 0.011340356681635253], [0.9811069354783042, 0.01889306452169585], [0.9926211508610656, 0.007378849138934421], [0.9976694232951215, 0.00233057670487846]]}, "rewritten": {"ids": ["3", "10", "12", "15", "17", "21", "22", "23", "24", "32", "39", "49"], "labels": [1, 1, 1, 0, 1, 1, 1, 1, 0, 0, 1, 0], "predicted_labels": [0, 1, 1, 1, 1, 0, 0, 1, 1, 0, 1, 1], "confidence_scores": [[0.8566405711760782, 0.14335942882392186], [9.962567417698409e-06, 0.9999900374325823], [0.16815496828625098, 0.831845031713749], [0.034475094133772366, 0.9655249058662276], [0.04337344533896281, 0.9566265546610372], [0.9315173086457159, 0.06848269135428406], [0.6188667535522624, 0.3811332464477376], [0.10823572125678127, 0.8917642787432187], [8.632666870389549e-05, 0.9999136733312961], [0.9134399933050215, 0.08656000669497857], [0.04792016174462865, 0.9520798382553713], [0.0014177858126330767, 0.9985822141873669]]}}