{"test": {"ids": ["29", "37", "52", "21", "57", "23", "56", "55", "49", "15", "27", "32"], "labels": [1, 0, 1, 1, 0, 0, 0, 1, 0, 1, 1, 0], "predicted_labels": [0, 0, 0, 0, 0, 0, 0, 0, 1, 0, 0, 1], "confidence_scores": [[0.8743740856322127, 0.12562591436778736], [0.9054541015762002, 0.0945458984237997], [0.5187375959226189, 0.48126240407738136], [0.8794777346325952, 0.1205222653674049], [0.4211092775466404, 0.5788907224533595], [0.46449299958730805, 0.5355070004126921], [0.6847606099172567, 0.31523939008274326], [0.7765865206348983, 0.22341347936510128], [0.31530333412736145, 0.6846966658726386], [0.7586696487640685, 0.2413303512359315], [0.7089239907935028, 0.29107600920649745], [0.31257481400276865, 0.6874251859972315]]}}