{"test": {"ids": ["10", "37", "23", "51", "28", "8", "20", "57", "0", "36", "16", "47"], "labels": [0, 1, 0, 1, 0, 0, 0, 1, 0, 0, 1, 1], "predicted_labels": [1, 0, 1, 1, 1, 1, 1, 1, 1, 1, 1, 1], "confidence_scores": [[0.3085355254692146, 0.6914644745307854], [0.5833351725770132, 0.4166648274229868], [0.3085355254692146, 0.6914644745307854], [0.3085355254692146, 0.6914644745307854], [0.3637279844104988, 0.6362720155895012], [0.3085355254692146, 0.6914644745307854], [0.3483592459530729, 0.6516407540469271], [0.3085355254692146, 0.6914644745307854], [0.3085355254692146, 0.6914644745307854], [0.3483592459530729, 0.6516407540469271], [0.3085355254692146, 0.6914644745307854], [0.3085355254692146, 0.6914644745307854]]}}