{"test": {"ids": ["56", "42", "9", "7", "20", "16", "54", "49", "37", "22", "30"], "labels": [0, 0, 1, 0, 1, 1, 0, 0, 1, 1, 1], "predicted_labels": [1, 0, 1, 0, 1, 1, 1, 0, 1, 0, 1], "confidence_scores": [[0.4956095734708902, 0.5043904265291098], [0.503615718771528, 0.49638428122847195], [0.3829475142738564, 0.6170524857261436], [0.5135031020064269, 0.48649689799357304], [0.44776992457354126, 0.5522300754264587], [0.3650111959565302, 0.6349888040434698], [0.3650111959565302, 0.6349888040434698], [0.5045587943601826, 0.4954412056398175], [0.39133565510863644, 0.6086643448913636], [0.5135031020064269, 0.48649689799357304], [0.3650111959565302, 0.6349888040434698]]}, "rewritten": {"ids": ["7", "9", "16", "20", "22", "30", "37", "42", "49", "54", "56"], "labels": [0, 1, 1, 1, 1, 1, 1, 0, 0, 0, 0], "predicted_labels": [1, 1, 1, 1, 0, 1, 1, 0, 0, 1, 1], "confidence_scores": [[0.3650111959565302, 0.6349888040434698], [0.39133565510863644, 0.6086643448913636], [0.3650111959565302, 0.6349888040434698], [0.40084473850489233, 0.5991552614951077], [0.5135031020064269, 0.48649689799357304], [0.3650111959565302, 0.6349888040434698], [0.3829475142738564, 0.6170524857261436], [0.5135031020064269, 0.48649689799357304], [0.5045587943601826, 0.4954412056398175], [0.4097308550131231, 0.5902691449868769], [0.4956095734708902, 0.5043904265291098]]}}