{"test": {"ids": ["18", "4", "49", "51", "48", "38", "17", "30", "16", "7", "45"], "labels": [1, 1, 0, 1, 0, 0, 1, 1, 1, 1, 1], "predicted_labels": [0, 0, 0, 0, 0, 0, 0, 0, 1, 0, 0], "confidence_scores": [[0.5694642857142856, 0.4305357142857143], [0.6224072316572314, 0.37759276834276845], [0.5090757575757576, 0.4909242424242424], [0.5105332584082584, 0.48946674159174164], [0.5249879148629146, 0.47501208513708526], [0.5085489718614717, 0.4914510281385283], [0.5461081349206348, 0.4538918650793651], [0.552934468309468, 0.4470655316905317], [0.48071536796536796, 0.5192846320346322], [0.6257025058275056, 0.3742974941724942], [0.5633349913974913, 0.43666500860250856]]}, "rewritten": {"ids": ["4", "7", "16", "17", "18", "30", "38", "45", "48", "49", "51"], "labels": [1, 1, 1, 1, 1, 1, 0, 1, 0, 0, 1], "predicted_labels": [0, 0, 0, 0, 0, 0, 0, 0, 0, 0, 0], "confidence_scores": [[0.596418595293595, 0.4035814047064048], [0.5691213716838717, 0.43087862831612833], [0.504520632145632, 0.49547936785436797], [0.5379338369963368, 0.462066163003663], [0.608316142191142, 0.39168385780885795], [0.5526129495504494, 0.44738705044955046], [0.5282794358419357, 0.47172056415806424], [0.5398973110223109, 0.4601026889776891], [0.5313080253080252, 0.46869197469197466], [0.5020238442113442, 0.4979761557886559], [0.5195628399378399, 0.4804371600621601]]}}