{"test": {"ids": ["52", "48", "24", "1", "56", "38", "34", "45", "2", "35", "10", "6"], "labels": [0, 0, 0, 0, 0, 1, 0, 1, 0, 0, 1, 0], "predicted_labels": [1, 0, 1, 0, 1, 1, 1, 1, 0, 0, 1, 1], "confidence_scores": [[0.2504936235401477, 0.7495063764598522], [0.7110289453450275, 0.28897105465497264], [0.08337107578967813, 0.9166289242103218], [0.5675170293537531, 0.4324829706462468], [0.2629272158075025, 0.7370727841924974], [0.1038506978471716, 0.8961493021528282], [0.34226455695921354, 0.6577354430407866], [0.13568927199427344, 0.8643107280057264], [0.5961500689933441, 0.40384993100665567], [0.5558406740800989, 0.4441593259199014], [0.09464617146732535, 0.9053538285326747], [0.1886655766933495, 0.8113344233066507]]}}