{"test": {"ids": ["51", "37", "54", "49", "50", "45", "42", "38", "20", "39", "5", "2"], "labels": [0, 1, 0, 0, 1, 1, 0, 1, 0, 1, 0, 1], "predicted_labels": [1, 1, 0, 1, 1, 1, 1, 1, 1, 1, 1, 0], "confidence_scores": [[0.4769777555548763, 0.5230222444451235], [0.4571883895524211, 0.542811610447579], [0.42757560629964225, 0.5724243937003578], [0.48089291100975784, 0.5191070889902423], [0.48221359718024803, 0.517786402819752], [0.48052571516715287, 0.5194742848328471], [0.45409406448146783, 0.5459059355185322], [0.5574041382618606, 0.44259586173813936], [0.477790195294441, 0.5222098047055588], [0.46536217648544226, 0.5346378235145577], [0.4322826573983806, 0.5677173426016193], [0.4191928206724812, 0.5808071793275188]]}, "rewritten": {"ids": ["2", "5", "20", "37", "38", "39", "42", "45", "49", "50", "51", "54"], "labels": [1, 0, 0, 1, 1, 1, 0, 1, 0, 1, 0, 0], "predicted_labels": [1, 0, 1, 1, 1, 1, 1, 1, 1, 1, 1, 1], "confidence_scores": [[0.43548251497517776, 0.5645174850248222], [0.38106234534604233, 0.6189376546539579], [0.4573888586022759, 0.5426111413977243], [0.4618497853124475, 0.5381502146875524], [0.478121955030829, 0.521878044969171], [0.4579281500110512, 0.5420718499889489], [0.45081414527968555, 0.5491858547203146], [0.48260067730773704, 0.5173993226922629], [0.4783458655389876, 0.5216541344610125], [0.47040067754153597, 0.529599322458464], [0.45436830592690564, 0.5456316940730945], [0.4399325600012914, 0.5600674399987088]]}}