{"test": {"ids": ["2", "46", "18", "56", "19", "29", "45", "34", "47", "23", "38", "5"], "labels": [0, 0, 1, 0, 0, 1, 1, 0, 1, 1, 1, 0], "predicted_labels": [0, 0, 0, 0, 1, 0, 1, 1, 1, 0, 1, 1], "confidence_scores": [[0.545237189470053, 0.454762810529947], [0.545237189470053, 0.454762810529947], [0.545237189470053, 0.454762810529947], [0.545237189470053, 0.454762810529947], [0.3967789658041878, 0.6032210341958122], [0.545237189470053, 0.454762810529947], [0.4519074643137365, 0.5480925356862635], [0.49573409323302153, 0.5042659067669785], [0.3967789658041878, 0.6032210341958122], [0.5080174736885756, 0.49198252631142436], [0.3967789658041878, 0.6032210341958122], [0.3967789658041878, 0.6032210341958122]]}, "rewritten": {"ids": ["2", "5", "18", "19", "23", "29", "34", "38", "45", "46", "47", "56"], "labels": [0, 0, 1, 0, 1, 1, 0, 1, 1, 0, 1, 0], "predicted_labels": [1, 1, 0, 1, 0, 0, 1, 0, 0, 0, 1, 0], "confidence_scores": [[0.3967789658041878, 0.6032210341958122], [0.3967789658041878, 0.6032210341958122], [0.5261958866429082, 0.47380411335709177], [0.49573409323302153, 0.5042659067669785], [0.545237189470053, 0.454762810529947], [0.545237189470053, 0.454762810529947], [0.49573409323302153, 0.5042659067669785], [0.545237189470053, 0.454762810529947], [0.545237189470053, 0.454762810529947], [0.508338309777702, 0.491661690222298], [0.479256562177902, 0.520743437822098], [0.545237189470053, 0.454762810529947]]}}