{"test": {"ids": ["24", "18", "17", "42", "32", "49", "7", "58", "1", "0", "56"], "labels": [0, 1, 1, 0, 0, 0, 0, 1, 0, 1, 0], "predicted_labels": [1, 1, 0, 0, 0, 1, 0, 1, 0, 0, 1], "confidence_scores": [[0.33738085798835105, 0.662619142011649], [0.33738085798835105, 0.662619142011649], [0.5707964827080432, 0.4292035172919569], [0.6121301960982278, 0.38786980390177217], [0.5955909850477568, 0.4044090149522433], [0.33738085798835105, 0.662619142011649], [0.5694610998214716, 0.43053890017852836], [0.33738085798835105, 0.662619142011649], [0.5962904721392182, 0.40370952786078185], [0.5668681376172273, 0.43313186238277274], [0.33738085798835105, 0.662619142011649]]}, "rewritten": {"ids": ["0", "1", "7", "17", "18", "24", "32", "42", "49", "56", "58"], "labels": [1, 0, 0, 1, 1, 0, 0, 0, 0, 0, 1], "predicted_labels": [0, 0, 0, 0, 0, 1, 0, 0, 0, 0, 1], "confidence_scores": [[0.6121301960982278, 0.38786980390177217], [0.5962904721392182, 0.40370952786078185], [0.5606768529008925, 0.4393231470991075], [0.5858138562564457, 0.41418614374355434], [0.5792137747938726, 0.4207862252061274], [0.33738085798835105, 0.662619142011649], [0.5790382038958664, 0.4209617961041337], [0.5426887861883755, 0.45731121381162454], [0.6121301960982278, 0.38786980390177217], [0.5537885812184373, 0.4462114187815626], [0.33738085798835105, 0.662619142011649]]}}