{"test": {"ids": ["34", "21", "36", "30", "47", "7", "35", "14", "9", "13", "32", "11"], "labels": [0, 1, 0, 1, 1, 0, 0, 1, 1, 0, 0, 0], "predicted_labels": [1, 1, 1, 0, 1, 1, 1, 1, 1, 1, 1, 1], "confidence_scores": [[0.3806573400074746, 0.6193426599925252], [0.4168313317020545, 0.5831686682979454], [0.4070138012964436, 0.5929861987035563], [0.5343732073482074, 0.4656267926517927], [0.360976103184442, 0.639023896815558], [0.3641431016695724, 0.6358568983304278], [0.410252666554292, 0.5897473334457084], [0.3970798430977798, 0.6029201569022204], [0.42120056077879137, 0.5787994392212085], [0.47118124930624944, 0.5288187506937505], [0.4146501421780834, 0.5853498578219168], [0.44002976360211205, 0.559970236397888]]}, "rewritten": {"ids": ["7", "9", "11", "13", "14", "21", "30", "32", "34", "35", "36", "47"], "labels": [0, 1, 0, 0, 1, 1, 1, 0, 0, 0, 0, 1], "predicted_labels": [1, 1, 1, 1, 1, 1, 1, 1, 1, 1, 1, 1], "confidence_scores": [[0.37296230218010407, 0.6270376978198954], [0.34501600517645403, 0.6549839948235453], [0.42213089430835116, 0.577869105691649], [0.46603071242482985, 0.53396928757517], [0.4595560016780605, 0.5404439983219395], [0.40270085215408236, 0.5972991478459171], [0.47932174584101833, 0.5206782541589816], [0.40473854880929194, 0.595261451190708], [0.4063446751955062, 0.5936553248044936], [0.38594030606476426, 0.6140596939352359], [0.3421854191952287, 0.6578145808047716], [0.4179035303582315, 0.5820964696417685]]}}