{"test": {"ids": ["34", "52", "27", "38", "42", "49", "10", "55", "9", "56", "44", "51"], "labels": [0, 1, 1, 0, 0, 0, 0, 1, 1, 0, 1, 1], "predicted_labels": [1, 0, 0, 1, 1, 1, 1, 1, 1, 1, 1, 0], "confidence_scores": [[0.4241290233523617, 0.5758709766476383], [0.5269919921567514, 0.47300800784324865], [0.5181055042803284, 0.4818944957196716], [0.3963864503085821, 0.6036135496914179], [0.40534668590372025, 0.5946533140962798], [0.4237718041940707, 0.5762281958059293], [0.4248300775757795, 0.5751699224242205], [0.3966510859852145, 0.6033489140147855], [0.4242882073784958, 0.5757117926215042], [0.4065407798488657, 0.5934592201511343], [0.3785174235341542, 0.6214825764658458], [0.5269919921567514, 0.47300800784324865]]}, "rewritten": {"ids": ["9", "10", "27", "34", "38", "42", "44", "49", "51", "52", "55", "56"], "labels": [1, 0, 1, 0, 0, 0, 1, 0, 1, 1, 1, 0], "predicted_labels": [1, 1, 1, 1, 1, 1, 1, 0, 0, 0, 1, 1], "confidence_scores": [[0.40556350122145546, 0.5944364987785445], [0.4248300775757795, 0.5751699224242205], [0.46095692334193084, 0.5390430766580692], [0.4246357408043583, 0.5753642591956417], [0.3963864503085821, 0.6036135496914179], [0.46185038371956955, 0.5381496162804305], [0.48005107095193766, 0.5199489290480623], [0.5081096240699604, 0.4918903759300396], [0.5269919921567514, 0.47300800784324865], [0.5269919921567514, 0.47300800784324865], [0.3785174235341542, 0.6214825764658458], [0.4246786277500655, 0.5753213722499345]]}}