{"test": {"ids": ["48", "43", "4", "49", "29", "42", "19", "10", "28", "40", "16", "13"], "labels": [1, 0, 0, 0, 1, 0, 1, 0, 1, 1, 1, 0], "predicted_labels": [1, 1, 1, 0, 0, 1, 0, 1, 1, 0, 0, 0], "confidence_scores": [[0.12443889290249421, 0.8755611070975058], [0.0005920658405864643, 0.9994079341594135], [2.353073304539599e-06, 0.9999976469266955], [0.919236471108712, 0.08076352889128798], [0.9870309217857351, 0.0129690782142649], [0.25092986175343757, 0.7490701382465624], [0.7872047299271958, 0.21279527007280424], [0.00012657812963956516, 0.9998734218703604], [0.44894796273235793, 0.5510520372676421], [0.9850569859921259, 0.014943014007874155], [0.8834850066828768, 0.11651499331712327], [0.9800229250035699, 0.019977074996430103]]}, "rewritten": {"ids": ["4", "10", "13", "16", "19", "28", "29", "40", "42", "43", "48", "49"], "labels": [0, 0, 0, 1, 1, 1, 1, 1, 0, 0, 1, 0], "predicted_labels": [1, 1, 0, 0, 1, 1, 0, 0, 0, 1, 1, 0], "confidence_scores": [[5.618402530438438e-06, 0.9999943815974696], [3.3319150203214853e-05, 0.9999666808497968], [0.5725002791208511, 0.4274997208791489], [0.6514576498250386, 0.3485423501749614], [0.16153309653144043, 0.8384669034685596], [0.09514893243736322, 0.9048510675626368], [0.907297344378503, 0.09270265562149702], [0.9936923870152536, 0.006307612984746355], [0.7734528710688963, 0.22654712893110374], [0.0010357658229229738, 0.998964234177077], [0.4355869615055087, 0.5644130384944913], [0.9807180419240176, 0.01928195807598248]]}}