{"test": {"ids": ["55", "5", "2", "56", "16", "23", "17", "46", "21", "43", "19", "48"], "labels": [1, 1, 0, 0, 1, 0, 0, 0, 1, 0, 1, 1], "predicted_labels": [0, 0, 0, 0, 0, 0, 0, 0, 0, 0, 0, 0], "confidence_scores": [[0.6615022353556422, 0.33849776464435777], [0.8484214795112764, 0.15157852048872353], [0.7238664320243711, 0.27613356797562894], [0.6317355733857547, 0.3682644266142453], [0.601712152346816, 0.39828784765318404], [0.7154614315496236, 0.2845385684503764], [0.773893102006928, 0.226106897993072], [0.6322422076707274, 0.36775779232927264], [0.7692349589725925, 0.23076504102740744], [0.7617078327417204, 0.23829216725827965], [0.6506812792147709, 0.3493187207852291], [0.6258506483646149, 0.37414935163538504]]}, "rewritten": {"ids": ["2", "5", "16", "17", "19", "21", "23", "43", "46", "48", "55", "56"], "labels": [0, 1, 1, 0, 1, 1, 0, 0, 0, 1, 1, 0], "predicted_labels": [0, 1, 0, 0, 0, 0, 0, 0, 1, 1, 0, 0], "confidence_scores": [[0.7541123369424214, 0.24588766305757864], [0.32781030019095947, 0.6721896998090405], [0.8069819126403968, 0.19301808735960327], [0.5280409507570805, 0.47195904924291954], [0.6956978912137166, 0.30430210878628333], [0.7661037251702666, 0.2338962748297334], [0.7169453697861321, 0.28305463021386795], [0.8188731005837501, 0.18112689941624993], [0.4985218955088625, 0.5014781044911375], [0.38287569799085475, 0.6171243020091453], [0.571348317840695, 0.42865168215930505], [0.8264503316881974, 0.1735496683118026]]}}