{"test": {"ids": ["27", "23", "56", "13", "44", "40", "12", "46", "51", "8", "2", "47"], "labels": [1, 0, 0, 1, 1, 0, 1, 1, 1, 0, 1, 1], "predicted_labels": [0, 0, 1, 1, 0, 1, 0, 1, 1, 0, 0, 0], "confidence_scores": [[0.6394227784934923, 0.3605772215065077], [0.6268687792827661, 0.3731312207172339], [0.0014363423915605411, 0.9985636576084395], [0.3590121725404559, 0.6409878274595441], [0.8355521334911361, 0.1644478665088639], [0.39252031875720583, 0.6074796812427942], [0.8480303954810997, 0.15196960451890035], [0.006160865733753074, 0.9938391342662469], [0.1720744111666529, 0.8279255888333471], [0.9963266555089308, 0.0036733444910691405], [0.9471000961368063, 0.05289990386319364], [0.9998205091273602, 0.0001794908726398144]]}, "rewritten": {"ids": ["2", "8", "12", "13", "23", "27", "40", "44", "46", "47", "51", "56"], "labels": [1, 0, 1, 1, 0, 1, 0, 1, 1, 1, 1, 0], "predicted_labels": [0, 0, 0, 1, 0, 1, 0, 0, 0, 0, 1, 1], "confidence_scores": [[0.9983754648870978, 0.0016245351129022254], [0.968035578341627, 0.03196442165837298], [0.5265071733514911, 0.4734928266485089], [0.2556073460007604, 0.7443926539992396], [0.6080263377562245, 0.3919736622437755], [0.476114700587269, 0.523885299412731], [0.9277593227304797, 0.07224067726952035], [0.928656725761539, 0.07134327423846094], [0.6037768840784317, 0.3962231159215683], [0.9977928961884417, 0.002207103811558288], [0.28551623710207896, 0.714483762897921], [0.025673979215058207, 0.9743260207849418]]}}