{"test": {"ids": ["4", "1", "39", "41", "57", "32", "33", "13", "17", "49", "23"], "labels": [1, 0, 1, 0, 1, 0, 0, 0, 1, 0, 1], "predicted_labels": [0, 0, 0, 1, 1, 0, 0, 1, 1, 0, 1], "confidence_scores": [[0.9178667669167542, 0.08213323308324581], [0.7802263422385132, 0.21977365776148677], [0.6021629827468045, 0.39783701725319554], [0.014004930307234265, 0.9859950696927657], [0.0688285879656978, 0.9311714120343022], [0.7907671117203899, 0.20923288827961004], [0.7442147407798909, 0.2557852592201091], [0.4324218652027827, 0.5675781347972173], [0.24886793362553417, 0.7511320663744658], [0.6547249906280401, 0.3452750093719599], [0.3037354310724898, 0.6962645689275102]]}, "rewritten": {"ids": ["1", "4", "13", "17", "23", "32", "33", "39", "41", "49", "57"], "labels": [0, 1, 0, 1, 1, 0, 0, 1, 0, 0, 1], "predicted_labels": [0, 0, 1, 1, 0, 0, 0, 0, 1, 0, 1], "confidence_scores": [[0.8149643420318149, 0.18503565796818514], [0.9518335241182296, 0.04816647588177038], [0.41287373184039056, 0.5871262681596094], [0.28234473562870244, 0.7176552643712976], [0.7117662275561805, 0.2882337724438195], [0.9621232256667048, 0.037876774333295164], [0.9380421374673291, 0.06195786253267086], [0.7718120792687649, 0.2281879207312351], [0.014665342226407252, 0.9853346577735927], [0.8606226567479142, 0.1393773432520858], [0.0691315732285851, 0.9308684267714149]]}}