{"test": {"ids": ["21", "10", "34", "13", "11", "33", "40", "36", "23", "12", "45", "51"], "labels": [0, 1, 0, 1, 0, 0, 0, 0, 0, 1, 1, 0], "predicted_labels": [1, 1, 1, 1, 1, 0, 1, 1, 1, 1, 1, 1], "confidence_scores": [[0.3221326664074178, 0.6778673335925827], [0.4059104575447288, 0.5940895424552711], [0.25320187406594397, 0.7467981259340566], [0.47337700110347164, 0.5266229988965283], [0.38463764763190356, 0.6153623523680968], [0.5621212341579989, 0.43787876584200114], [0.45935304450451514, 0.5406469554954849], [0.3386904481655257, 0.6613095518344748], [0.43224253498479503, 0.5677574650152047], [0.339979872074128, 0.6600201279258724], [0.3626343296822232, 0.6373656703177768], [0.4033441271946522, 0.5966558728053478]]}, "rewritten": {"ids": ["10", "11", "12", "13", "21", "23", "33", "34", "36", "40", "45", "51"], "labels": [1, 0, 1, 1, 0, 0, 0, 0, 0, 0, 1, 0], "predicted_labels": [1, 1, 1, 1, 1, 1, 1, 1, 1, 1, 1, 1], "confidence_scores": [[0.31385291586040687, 0.6861470841395931], [0.28567694379325836, 0.7143230562067422], [0.33622723369943097, 0.6637727663005699], [0.3742788202939129, 0.6257211797060868], [0.32845749069733476, 0.6715425093026653], [0.34174520178823603, 0.6582547982117641], [0.4242004294982624, 0.5757995705017376], [0.3309822284724596, 0.6690177715275407], [0.33659866357674323, 0.6634013364232577], [0.3764580200441487, 0.6235419799558508], [0.3098602304412509, 0.6901397695587496], [0.344526867699761, 0.6554731323002392]]}}