{"test": {"ids": ["46", "51", "20", "4", "17", "7", "21", "30", "16", "54", "45", "56"], "labels": [1, 1, 0, 1, 1, 1, 1, 1, 1, 0, 1, 0], "predicted_labels": [0, 0, 0, 1, 0, 0, 1, 0, 0, 1, 1, 1], "confidence_scores": [[0.5159199784692433, 0.4840800215307567], [0.5079992916998726, 0.49200070830012743], [0.5039030672543832, 0.4960969327456167], [0.47938426418352903, 0.520615735816471], [0.6726381465756467, 0.3273618534243534], [0.6253218496974302, 0.37467815030256996], [0.4189779992668152, 0.5810220007331847], [0.7075611263736267, 0.29243887362637366], [0.516841233255049, 0.483158766744951], [0.408345415184231, 0.5916545848157689], [0.4915382338249988, 0.5084617661750012], [0.3968397776028582, 0.6031602223971417]]}, "rewritten": {"ids": ["4", "7", "16", "17", "20", "21", "30", "45", "46", "51", "54", "56"], "labels": [1, 1, 1, 1, 0, 1, 1, 1, 1, 1, 0, 0], "predicted_labels": [1, 0, 0, 0, 1, 1, 0, 1, 1, 1, 1, 1], "confidence_scores": [[0.4091732913113718, 0.5908267086886281], [0.5760385415023573, 0.4239614584976427], [0.5777352363108168, 0.4222647636891832], [0.6447148060273061, 0.35528519397269415], [0.4334425914556721, 0.5665574085443279], [0.42158401253459316, 0.5784159874654068], [0.6538603271728272, 0.34613967282717295], [0.4347231879231881, 0.565276812076812], [0.4543435952935953, 0.5456564047064045], [0.47500546608104677, 0.5249945339189532], [0.3690507515145674, 0.6309492484854325], [0.4073749091379895, 0.5926250908620105]]}}