{"test": {"ids": ["37", "51", "56", "21", "27", "35", "4", "3", "36", "41", "7", "58"], "labels": [1, 0, 0, 0, 1, 0, 1, 1, 0, 1, 0, 1], "predicted_labels": [1, 1, 1, 1, 0, 1, 0, 1, 1, 1, 1, 1], "confidence_scores": [[0.2400636042379024, 0.7599363957620976], [0.3684250000356739, 0.6315749999643261], [0.3838745424277409, 0.6161254575722591], [0.2670050595464619, 0.7329949404535381], [0.5101708869502626, 0.4898291130497375], [0.4120386388870084, 0.5879613611129916], [0.5191225162981772, 0.48087748370182276], [0.19511971692614227, 0.8048802830738577], [0.2900457756160709, 0.7099542243839291], [0.3298787473418704, 0.6701212526581296], [0.18018506818033175, 0.8198149318196682], [0.35029295694405294, 0.6497070430559471]]}, "rewritten": {"ids": ["3", "4", "7", "21", "27", "35", "36", "37", "41", "51", "56", "58"], "labels": [1, 1, 0, 0, 1, 0, 0, 1, 1, 0, 0, 1], "predicted_labels": [0, 0, 1, 1, 1, 1, 1, 1, 1, 1, 0, 0], "confidence_scores": [[0.9041921118683702, 0.09580788813162974], [0.6508642355819882, 0.34913576441801175], [0.1853323982462951, 0.8146676017537049], [0.4094949402578353, 0.5905050597421647], [0.41984986943722924, 0.5801501305627708], [0.4939703981160065, 0.5060296018839935], [0.4578307850042058, 0.5421692149957942], [0.32444535278309516, 0.6755546472169048], [0.2111529337547875, 0.7888470662452125], [0.3338426436062871, 0.6661573563937129], [0.54109007278984, 0.45890992721016], [0.523020124443274, 0.47697987555672605]]}}