{"test": {"ids": ["6", "42", "1", "41", "29", "21", "2", "30", "40", "0", "7"], "labels": [1, 0, 0, 0, 1, 1, 0, 0, 1, 0, 1], "predicted_labels": [0, 0, 0, 1, 0, 0, 0, 0, 0, 0, 0], "confidence_scores": [[0.6894309163059162, 0.3105690836940837], [0.5753294711824123, 0.42467052881758766], [0.5737462121212122, 0.42625378787878776], [0.48550396825396835, 0.5144960317460315], [0.5872911255411255, 0.4127088744588744], [0.529438492063492, 0.4705615079365079], [0.6395448391477804, 0.3604551608522197], [0.5329608398137811, 0.4670391601862188], [0.6389406565656565, 0.3610593434343434], [0.6099197885447886, 0.39008021145521143], [0.6518910533910534, 0.3481089466089466]]}, "rewritten": {"ids": ["0", "1", "2", "6", "7", "21", "29", "30", "40", "41", "42"], "labels": [0, 0, 0, 1, 1, 1, 1, 0, 1, 0, 0], "predicted_labels": [0, 0, 0, 0, 0, 0, 0, 0, 0, 1, 0], "confidence_scores": [[0.5442736291486292, 0.4557263708513707], [0.55793272005772, 0.44206727994227996], [0.6504810606060605, 0.34951893939393924], [0.6117633477633477, 0.3882366522366522], [0.6766309523809519, 0.3233690476190476], [0.573435606060606, 0.42656439393939394], [0.5736042568542569, 0.42639574314574313], [0.600744227994228, 0.399255772005772], [0.7299561688311687, 0.2700438311688311], [0.4888253968253969, 0.5111746031746031], [0.6083129509379507, 0.3916870490620491]]}}