{"test": {"ids": ["14", "24", "30", "35", "3", "33", "16", "54", "40", "51", "21"], "labels": [0, 1, 0, 0, 1, 1, 1, 1, 1, 0, 1], "predicted_labels": [1, 0, 0, 1, 0, 0, 0, 1, 0, 1, 0], "confidence_scores": [[0.11459368071932685, 0.8854063192806731], [0.9192644386485884, 0.08073556135141158], [0.9192644386485884, 0.08073556135141158], [0.11459368071932685, 0.8854063192806731], [0.9192644386485884, 0.08073556135141158], [0.7919682618217312, 0.20803173817826875], [0.9192644386485884, 0.08073556135141158], [0.11459368071932685, 0.8854063192806731], [0.9192644386485884, 0.0807355613514116], [0.11459368071932685, 0.8854063192806731], [0.9192644386485884, 0.08073556135141158]]}, "rewritten": {"ids": ["3", "14", "16", "21", "24", "30", "33", "35", "40", "51", "54"], "labels": [1, 0, 1, 1, 1, 0, 1, 0, 1, 0, 1], "predicted_labels": [0, 1, 0, 0, 1, 0, 1, 1, 0, 1, 1], "confidence_scores": [[0.9192644386485884, 0.08073556135141158], [0.11459368071932685, 0.8854063192806731], [0.9192644386485884, 0.08073556135141158], [0.9192644386485884, 0.08073556135141158], [0.4004938141128923, 0.5995061858871077], [0.9192644386485884, 0.08073556135141158], [0.11459368071932685, 0.8854063192806731], [0.11459368071932685, 0.8854063192806731], [0.9192644386485884, 0.08073556135141158], [0.11459368071932685, 0.8854063192806731], [0.11459368071932685, 0.8854063192806731]]}}