{"test": {"ids": ["23", "33", "54", "19", "50", "10", "57", "15", "18", "12", "34", "55"], "labels": [1, 0, 0, 0, 1, 1, 1, 0, 1, 1, 0, 1], "predicted_labels": [1, 1, 1, 0, 0, 1, 1, 1, 1, 0, 1, 1], "confidence_scores": [[0.4796257914851536, 0.5203742085148464], [0.4430745924652416, 0.5569254075347584], [0.4185184427486547, 0.5814815572513453], [0.5559235348668135, 0.4440764651331866], [0.5084156575328851, 0.4915843424671149], [0.49587905293761025, 0.5041209470623897], [0.4185184427486547, 0.5814815572513453], [0.4185184427486547, 0.5814815572513453], [0.4185184427486547, 0.5814815572513453], [0.5647754363251655, 0.43522456367483453], [0.4185184427486547, 0.5814815572513453], [0.4185184427486547, 0.5814815572513453]]}, "rewritten": {"ids": ["10", "12", "15", "18", "19", "23", "33", "34", "50", "54", "55", "57"], "labels": [1, 1, 0, 1, 0, 1, 0, 0, 1, 0, 1, 1], "predicted_labels": [1, 1, 1, 1, 0, 1, 0, 1, 1, 0, 0, 1], "confidence_scores": [[0.49587905293761025, 0.5041209470623897], [0.49587905293761025, 0.5041209470623897], [0.4185184427486547, 0.5814815572513453], [0.4185184427486547, 0.5814815572513453], [0.5647754363251655, 0.43522456367483453], [0.471659064884404, 0.528340935115596], [0.5362757156607081, 0.46372428433929197], [0.4185184427486547, 0.5814815572513453], [0.49587905293761025, 0.5041209470623897], [0.5647754363251655, 0.43522456367483453], [0.5647754363251655, 0.43522456367483453], [0.4185184427486547, 0.5814815572513453]]}}