{"test": {"ids": ["55", "44", "22", "39", "48", "9", "51", "42", "15", "54", "29", "5"], "labels": [1, 1, 1, 1, 0, 1, 0, 0, 0, 0, 1, 0], "predicted_labels": [1, 0, 1, 1, 0, 1, 0, 1, 1, 1, 1, 1], "confidence_scores": [[0.2466997154772471, 0.7533002845227527], [0.8108447283170563, 0.189155271682944], [0.3543803049474209, 0.645619695052579], [0.2813926187356381, 0.7186073812643621], [0.9737056342153599, 0.026294365784639954], [0.2207359244536062, 0.7792640755463938], [0.6425796471442988, 0.35742035285570123], [0.5, 0.5], [0.45035900970318526, 0.5496409902968148], [0.1457890107896231, 0.8542109892103769], [0.2104567629775112, 0.7895432370224886], [0.3612074834399696, 0.6387925165600304]]}}