{"test": {"ids": ["56", "51", "46", "22", "23", "34", "40", "25", "7", "57", "49", "54"], "labels": [0, 0, 0, 1, 0, 1, 1, 0, 1, 0, 0, 1], "predicted_labels": [0, 1, 0, 1, 0, 0, 1, 0, 0, 1, 1, 0], "confidence_scores": [[0.6187997050245488, 0.3812002949754511], [0.16692207233533918, 0.8330779276646608], [0.7092791665595142, 0.2907208334404859], [0.3124591745329639, 0.6875408254670361], [0.5355620786397444, 0.46443792136025563], [0.8531846949551366, 0.14681530504486337], [0.35289402834633166, 0.6471059716536683], [0.7588029187527039, 0.24119708124729614], [0.7096484069471969, 0.29035159305280306], [0.1532601769175096, 0.8467398230824904], [0.34847731116800873, 0.6515226888319913], [0.9445590742167996, 0.05544092578320036]]}, "rewritten": {"ids": ["7", "22", "23", "25", "34", "40", "46", "49", "51", "54", "56", "57"], "labels": [1, 1, 0, 0, 1, 1, 0, 0, 0, 1, 0, 0], "predicted_labels": [0, 1, 0, 0, 0, 0, 0, 0, 1, 0, 0, 0], "confidence_scores": [[0.6035198728943807, 0.39648012710561925], [0.3702596072360904, 0.6297403927639096], [0.6066321708357003, 0.3933678291642997], [0.7581081297071579, 0.24189187029284212], [0.9266905081093486, 0.07330949189065139], [0.8097549010283204, 0.19024509897167963], [0.8557698767583959, 0.14423012324160406], [0.7747467789824757, 0.22525322101752435], [0.10478409292625002, 0.89521590707375], [0.9466063406098503, 0.05339365939014968], [0.8968330383840764, 0.1031669616159237], [0.6493674002492857, 0.3506325997507142]]}}