{"test": {"ids": ["23", "13", "34", "38", "18", "4", "12", "41", "57", "40", "22", "9"], "labels": [0, 1, 0, 0, 1, 1, 1, 1, 1, 0, 1, 1], "predicted_labels": [1, 1, 0, 1, 1, 0, 1, 1, 1, 1, 1, 1], "confidence_scores": [[0.4053375527507871, 0.594662447249213], [0.3059272658830547, 0.6940727341169455], [0.5208816675782875, 0.4791183324217125], [0.10114492048215715, 0.8988550795178427], [0.2839632517538167, 0.7160367482461831], [0.915063371782193, 0.08493662821780693], [0.24552484299421365, 0.7544751570057863], [0.3542336909724612, 0.6457663090275387], [0.0827530136054438, 0.9172469863945559], [0.3101095340396142, 0.6898904659603858], [0.15686986018341903, 0.8431301398165811], [0.2237494595473842, 0.7762505404526158]]}, "rewritten": {"ids": ["4", "9", "12", "13", "18", "22", "23", "34", "38", "40", "57"], "labels": [1, 1, 1, 1, 1, 1, 0, 0, 0, 0, 1], "predicted_labels": [0, 1, 1, 1, 0, 1, 1, 0, 1, 1, 1], "confidence_scores": [[0.9064107613566452, 0.09358923864335485], [0.19468238161121498, 0.8053176183887851], [0.25033838512496487, 0.749661614875035], [0.13682749061853036, 0.8631725093814697], [0.7891590171688168, 0.21084098283118322], [0.09018586944635373, 0.9098141305536462], [0.31450069218920623, 0.6854993078107938], [0.49437411894743905, 0.505625881052561], [0.12817471539469763, 0.8718252846053023], [0.20675993155776606, 0.7932400684422337], [0.17979467627412038, 0.8202053237258796]]}}