{"test": {"ids": ["11", "23", "7", "4", "2", "12", "16", "36", "38", "45", "53", "43"], "labels": [0, 0, 1, 0, 0, 0, 1, 1, 0, 1, 0, 0], "predicted_labels": [0, 0, 0, 1, 0, 1, 0, 1, 0, 1, 1, 1], "confidence_scores": [[0.5542734903984903, 0.44572650960150967], [0.5088773171273171, 0.49112268287268285], [0.6141794039294038, 0.3858205960705962], [0.4468949245199245, 0.5531050754800755], [0.5346922105672105, 0.46530778943278955], [0.46958838383838386, 0.5304116161616163], [0.568537198912199, 0.43146280108780105], [0.48960454822954835, 0.5103954517704516], [0.6039790071040071, 0.3960209928959931], [0.4887166722166721, 0.5112833277833279], [0.4842864357864357, 0.5157135642135643], [0.43119448606948607, 0.5688055139305138]]}, "rewritten": {"ids": ["2", "4", "7", "11", "16", "23", "36", "38", "43", "45", "53"], "labels": [0, 0, 1, 0, 1, 0, 1, 0, 0, 1, 0], "predicted_labels": [1, 1, 0, 1, 1, 1, 1, 0, 1, 0, 1], "confidence_scores": [[0.4782697718947718, 0.5217302281052282], [0.41946833721833726, 0.5805316627816627], [0.5911000388500389, 0.40889996114996113], [0.49718600843600824, 0.5028139915639916], [0.46306100843600845, 0.5369389915639915], [0.4893498584748584, 0.5106501415251415], [0.4817963980463981, 0.5182036019536018], [0.5104550588300587, 0.4895449411699412], [0.43524390886890885, 0.564756091131091], [0.5300554168054166, 0.46994458319458343], [0.44388755688755693, 0.556112443112443]]}}