{"test": {"ids": ["56", "22", "28", "16", "14", "13", "55", "32", "17", "12", "18", "1"], "labels": [0, 1, 0, 1, 1, 1, 1, 0, 1, 1, 1, 0], "predicted_labels": [1, 0, 1, 1, 1, 0, 1, 0, 0, 1, 1, 0], "confidence_scores": [[0.47784961084256067, 0.5221503891574394], [0.5734224200507094, 0.4265775799492906], [0.4370856406665228, 0.5629143593334773], [0.4732752011415694, 0.5267247988584306], [0.46163482087825863, 0.5383651791217416], [0.5196833097458097, 0.4803166902541903], [0.494423652992959, 0.5055763470070411], [0.5260084405328971, 0.47399155946710303], [0.5685263625263626, 0.4314736374736375], [0.3993794294903209, 0.6006205705096793], [0.3760806925048749, 0.6239193074951251], [0.5020993552838181, 0.4979006447161818]]}}