{"test": {"ids": ["51", "44", "45", "18", "2", "46", "41", "24", "23", "3", "13", "33"], "labels": [0, 0, 1, 0, 0, 0, 0, 1, 0, 1, 0, 1], "predicted_labels": [1, 1, 0, 0, 0, 0, 0, 1, 0, 1, 1, 0], "confidence_scores": [[0.454118773889998, 0.545881226110002], [0.454118773889998, 0.545881226110002], [0.6025765663874114, 0.39742343361258864], [0.5162177220438038, 0.48378227795619627], [0.6025765663874114, 0.39742343361258864], [0.5804610783101635, 0.41953892168983653], [0.5721599550077514, 0.42784004499224865], [0.454118773889998, 0.545881226110002], [0.5240186416079207, 0.4759813583920793], [0.454118773889998, 0.545881226110002], [0.454118773889998, 0.545881226110002], [0.5932898228180246, 0.4067101771819754]]}, "rewritten": {"ids": ["2", "3", "13", "18", "23", "24", "33", "44", "45", "46", "51"], "labels": [0, 1, 0, 0, 0, 1, 1, 0, 1, 0, 0], "predicted_labels": [0, 0, 0, 0, 0, 1, 0, 0, 0, 0, 0], "confidence_scores": [[0.5804610783101635, 0.41953892168983653], [0.5804610783101635, 0.41953892168983653], [0.6025765663874114, 0.39742343361258864], [0.5721599550077514, 0.42784004499224865], [0.5240186416079207, 0.4759813583920793], [0.454118773889998, 0.545881226110002], [0.6025765663874114, 0.39742343361258864], [0.5240186416079207, 0.4759813583920793], [0.6025765663874114, 0.39742343361258864], [0.5162177220438038, 0.48378227795619627], [0.5804610783101635, 0.41953892168983653]]}}