{"test": {"ids": ["20", "13", "50", "34", "2", "15", "28", "49", "10", "44", "39", "29"], "labels": [0, 1, 1, 0, 1, 0, 1, 0, 1, 0, 1, 1], "predicted_labels": [0, 0, 1, 1, 0, 1, 0, 1, 0, 0, 1, 1], "confidence_scores": [[0.9240124023894336, 0.07598759761056638], [0.9500946602298223, 0.04990533977017774], [0.04550005823598857, 0.9544999417640114], [0.019268732624949214, 0.9807312673750508], [0.9799017111994458, 0.02009828880055423], [0.019268732624949214, 0.9807312673750508], [0.9606905908952404, 0.03930940910475953], [0.019268732624949214, 0.9807312673750508], [0.9570893536238093, 0.042910646376190645], [0.9672168261944282, 0.03278317380557188], [0.03716927039413376, 0.9628307296058662], [0.019268732624949214, 0.9807312673750508]]}, "rewritten": {"ids": ["2", "10", "13", "15", "20", "28", "29", "34", "39", "44", "49", "50"], "labels": [1, 1, 1, 0, 0, 1, 1, 0, 1, 0, 0, 1], "predicted_labels": [1, 1, 1, 1, 0, 0, 0, 1, 1, 1, 1, 1], "confidence_scores": [[0.019268732624949214, 0.9807312673750508], [0.019268732624949214, 0.9807312673750508], [0.019268732624949214, 0.9807312673750508], [0.019268732624949214, 0.9807312673750508], [0.9512539570675937, 0.04874604293240622], [0.9328998043726302, 0.06710019562736984], [0.9713339430836957, 0.02866605691630428], [0.05591592981259197, 0.944084070187408], [0.019268732624949214, 0.9807312673750508], [0.019268732624949214, 0.9807312673750508], [0.019268732624949214, 0.9807312673750508], [0.04550005823598857, 0.9544999417640114]]}}