{"test": {"ids": ["10", "17", "57", "37", "4", "41", "9", "51", "7", "28", "33", "47"], "labels": [1, 1, 1, 1, 1, 1, 1, 0, 0, 1, 0, 1], "predicted_labels": [0, 0, 1, 0, 0, 1, 1, 0, 0, 1, 0, 0], "confidence_scores": [[0.642932149781538, 0.357067850218462], [0.6305481847358962, 0.3694518152641037], [0.21062053927192415, 0.7893794607280759], [0.6737981925409339, 0.32620180745906613], [0.5838571887802724, 0.41614281121972757], [0.47143407405808746, 0.5285659259419125], [0.31910891022512466, 0.6808910897748753], [0.628432115989494, 0.371567884010506], [0.7278130436984678, 0.2721869563015322], [0.46005999281224563, 0.5399400071877544], [0.7570968550092526, 0.24290314499074736], [0.5199611590394857, 0.48003884096051436]]}, "rewritten": {"ids": ["4", "7", "9", "10", "17", "28", "33", "37", "41", "47", "51", "57"], "labels": [1, 0, 1, 1, 1, 1, 0, 1, 1, 1, 0, 1], "predicted_labels": [0, 0, 1, 1, 0, 0, 0, 0, 1, 0, 1, 0], "confidence_scores": [[0.7569196343282454, 0.24308036567175462], [0.7019969213774904, 0.2980030786225096], [0.21695081163487118, 0.7830491883651288], [0.41469806058965186, 0.5853019394103481], [0.6295247092985294, 0.3704752907014706], [0.6930480187285022, 0.30695198127149775], [0.6830039714817338, 0.3169960285182663], [0.7761378023012108, 0.22386219769878923], [0.49457434118256494, 0.5054256588174351], [0.5906284079420322, 0.4093715920579678], [0.44094695446090837, 0.5590530455390916], [0.5097220339316115, 0.4902779660683884]]}}