{"test": {"ids": ["45", "54", "18", "19", "37", "6", "15", "17", "30", "34", "1", "5"], "labels": [1, 0, 1, 0, 1, 1, 0, 1, 1, 0, 0, 0], "predicted_labels": [1, 1, 1, 1, 1, 1, 1, 1, 1, 1, 1, 1], "confidence_scores": [[0.668211332052102, 0.33178866794789785], [0.6690265339005159, 0.33097346609948397], [0.664792282744726, 0.3352077172552739], [0.6508176896396277, 0.34918231036037234], [0.6696457668848727, 0.33035423311512724], [0.6667283456907656, 0.3332716543092346], [0.6725625521184276, 0.3274374478815724], [0.6568155141967223, 0.34318448580327765], [0.6541604564433126, 0.3458395435566873], [0.6698809823095795, 0.33011901769042046], [0.6663742129474767, 0.3336257870525234], [0.667253170206148, 0.33274682979385206]]}, "rewritten": {"ids": ["1", "5", "6", "15", "17", "18", "19", "30", "34", "37", "45", "54"], "labels": [0, 0, 1, 0, 1, 1, 0, 1, 0, 1, 1, 0], "predicted_labels": [1, 1, 1, 1, 1, 1, 1, 1, 1, 1, 1, 1], "confidence_scores": [[0.6674772990008114, 0.33252270099918874], [0.6679114390037939, 0.3320885609962062], [0.6686952427591244, 0.33130475724087555], [0.6701491177418107, 0.3298508822581893], [0.6695543516240842, 0.3304456483759159], [0.6669526328603761, 0.3330473671396239], [0.6689216123745895, 0.3310783876254106], [0.667505034575321, 0.3324949654246791], [0.6668670483256719, 0.333132951674328], [0.6685337105689678, 0.3314662894310322], [0.668130855867797, 0.33186914413220314], [0.6688862148969468, 0.3311137851030532]]}}