{"test": {"ids": ["48", "38", "42", "8", "18", "16", "39", "36", "57", "4", "44", "29"], "labels": [0, 1, 0, 1, 1, 1, 1, 0, 1, 1, 1, 1], "predicted_labels": [0, 0, 1, 1, 0, 1, 1, 0, 0, 1, 0, 1], "confidence_scores": [[0.9424209614187161, 0.057579038581283916], [0.5271172955849512, 0.4728827044150487], [0.4232122512595675, 0.5767877487404325], [0.4058769189101932, 0.5941230810898068], [0.702316430750272, 0.29768356924972805], [0.3947414458759688, 0.6052585541240312], [0.3887328413133989, 0.6112671586866011], [0.6316236824831072, 0.3683763175168928], [0.5066043043441667, 0.4933956956558333], [0.4154271667408376, 0.5845728332591624], [0.7408041055736811, 0.2591958944263188], [0.37535290761171203, 0.624647092388288]]}, "rewritten": {"ids": ["4", "8", "16", "18", "29", "36", "38", "39", "42", "44", "48", "57"], "labels": [1, 1, 1, 1, 1, 0, 1, 1, 0, 1, 0, 1], "predicted_labels": [0, 0, 1, 0, 1, 0, 0, 0, 0, 0, 0, 0], "confidence_scores": [[0.7936719787913554, 0.20632802120864455], [0.6262443054129878, 0.37375569458701213], [0.46053342475204584, 0.5394665752479542], [0.766744396176004, 0.23325560382399604], [0.3234385689644529, 0.6765614310355471], [0.7334533444615055, 0.26654665553849455], [0.5559707860053326, 0.44402921399466744], [0.6495518744210941, 0.3504481255789059], [0.5179310537544743, 0.48206894624552565], [0.5763777375326824, 0.42362226246731766], [0.810884641992731, 0.18911535800726895], [0.6492367209350528, 0.3507632790649472]]}}