{"test": {"ids": ["2", "5", "57", "17", "52", "54", "45", "6", "22", "42", "33", "0"], "labels": [1, 0, 1, 1, 1, 0, 1, 1, 1, 0, 0, 0], "predicted_labels": [1, 1, 1, 1, 1, 1, 1, 1, 1, 1, 1, 1], "confidence_scores": [[0.5458638909984501, 0.4541361090015497], [0.5465396729313617, 0.4534603270686382], [0.544886048309185, 0.45511395169081525], [0.5437111860344402, 0.4562888139655598], [0.5500273331788119, 0.44997266682118814], [0.5502889263657165, 0.44971107363428353], [0.5475049937916727, 0.4524950062083272], [0.5482450951984676, 0.4517549048015324], [0.5475833269294449, 0.452416673070555], [0.5482321132845592, 0.45176788671544066], [0.5403362195786471, 0.45966378042135303], [0.550187536358748, 0.44981246364125194]]}, "rewritten": {"ids": ["0", "2", "5", "6", "17", "22", "33", "42", "45", "52", "54", "57"], "labels": [0, 1, 0, 1, 1, 1, 0, 0, 1, 1, 0, 1], "predicted_labels": [1, 1, 1, 1, 1, 1, 1, 1, 1, 1, 1, 1], "confidence_scores": [[0.5490947273918676, 0.45090527260813235], [0.5470738334990545, 0.4529261665009455], [0.5470455161352331, 0.45295448386476683], [0.5482733503098803, 0.45172664969011955], [0.5471737766197158, 0.4528262233802841], [0.5491001050498356, 0.4508998949501646], [0.547769576747258, 0.4522304232527421], [0.5488643610755944, 0.45113563892440567], [0.5477986599017101, 0.45220134009828994], [0.5495653493687573, 0.4504346506312427], [0.5489182529120421, 0.4510817470879578], [0.5478261493212705, 0.45217385067872934]]}}