{"test": {"ids": ["54", "35", "49", "7", "45", "21", "46", "5", "8", "37", "24", "36"], "labels": [0, 0, 0, 0, 1, 1, 0, 0, 1, 1, 0, 0], "predicted_labels": [0, 1, 0, 1, 1, 0, 1, 1, 1, 1, 1, 1], "confidence_scores": [[0.7827615245636621, 0.21723847543633795], [0.3690570379189769, 0.6309429620810231], [0.7489645692446034, 0.2510354307553965], [0.01274008384141434, 0.9872599161585857], [0.011977766580329563, 0.9880222334196704], [0.9202280751438746, 0.0797719248561254], [0.11693466512063355, 0.8830653348793664], [0.060479328729517334, 0.9395206712704827], [0.3464496477031357, 0.6535503522968643], [0.08020815569601747, 0.9197918443039825], [0.267043832850963, 0.732956167149037], [0.2839802700750629, 0.7160197299249371]]}, "rewritten": {"ids": ["5", "7", "8", "21", "24", "35", "36", "37", "45", "46", "49", "54"], "labels": [0, 0, 1, 1, 0, 0, 0, 1, 1, 0, 0, 0], "predicted_labels": [1, 1, 1, 0, 1, 1, 1, 1, 1, 1, 0, 0], "confidence_scores": [[0.15060759365785903, 0.849392406342141], [0.035675107080148316, 0.9643248929198517], [0.490294587335911, 0.509705412664089], [0.8837989677277394, 0.11620103227226061], [0.12083410520163074, 0.8791658947983693], [0.30028743557891957, 0.6997125644210804], [0.08319678089583149, 0.9168032191041685], [0.11028770748542904, 0.889712292514571], [0.011257925264735347, 0.9887420747352647], [0.1606636288734845, 0.8393363711265155], [0.8174358916529081, 0.18256410834709186], [0.6115946971626893, 0.3884053028373107]]}}