{"test": {"ids": ["8", "9", "30", "17", "15", "35", "19", "57", "51", "24", "22", "28"], "labels": [0, 1, 1, 1, 1, 0, 0, 1, 1, 0, 1, 0], "predicted_labels": [1, 1, 1, 1, 1, 1, 1, 1, 1, 1, 1, 0], "confidence_scores": [[0.4426041766063542, 0.5573958233936458], [0.23921601028253348, 0.7607839897174665], [0.2866249016067457, 0.7133750983932543], [0.37538316248584125, 0.6246168375141588], [0.44289519567389535, 0.5571048043261047], [0.037099248480554015, 0.962900751519446], [0.1777724504483138, 0.8222275495516862], [0.17380083416632042, 0.8261991658336796], [0.3270965772186569, 0.6729034227813431], [0.3395925720266757, 0.6604074279733243], [0.3509314788781661, 0.6490685211218339], [0.838390244655788, 0.16160975534421199]]}, "rewritten": {"ids": ["8", "9", "15", "17", "22", "28", "30", "35", "51", "57"], "labels": [0, 1, 1, 1, 1, 0, 1, 0, 1, 1], "predicted_labels": [1, 1, 1, 1, 1, 1, 1, 1, 1, 1], "confidence_scores": [[0.3973949204213765, 0.6026050795786235], [0.1666844576944363, 0.8333155423055637], [0.4124807090619208, 0.5875192909380792], [0.17692486448672118, 0.8230751355132788], [0.07209520133923253, 0.9279047986607675], [0.30431086704642907, 0.6956891329535709], [0.21486593433225398, 0.785134065667746], [0.014218930315070932, 0.9857810696849291], [0.09994611504168371, 0.9000538849583163], [0.27149300570244683, 0.7285069942975532]]}}