{"test": {"ids": ["23", "10", "42", "8", "41", "34", "29", "24", "48", "44", "9", "47"], "labels": [1, 1, 0, 1, 0, 0, 1, 0, 0, 1, 1, 1], "predicted_labels": [1, 1, 0, 1, 1, 1, 1, 0, 0, 0, 1, 1], "confidence_scores": [[0.301481441710441, 0.698518558289559], [0.2787333694907189, 0.7212666305092811], [0.5118039725330245, 0.48819602746697555], [0.1335738142949109, 0.8664261857050891], [0.23006630862135347, 0.7699336913786465], [0.37657546251416985, 0.6234245374858302], [0.23973109418876526, 0.7602689058112347], [0.6725667322816018, 0.32743326771839815], [0.8473135848071435, 0.1526864151928565], [0.8174256602443087, 0.18257433975569126], [0.26856676643599153, 0.7314332335640085], [0.41955288166929106, 0.5804471183307089]]}, "rewritten": {"ids": ["8", "9", "10", "23", "24", "29", "34", "41", "42", "44", "47", "48"], "labels": [1, 1, 1, 1, 0, 1, 0, 0, 0, 1, 1, 0], "predicted_labels": [1, 1, 0, 0, 0, 1, 0, 1, 0, 0, 0, 0], "confidence_scores": [[0.43455227028307164, 0.5654477297169284], [0.3861318553232703, 0.6138681446767297], [0.507036847541817, 0.49296315245818306], [0.9269684791639947, 0.07303152083600523], [0.7743968638272674, 0.2256031361727326], [0.09628890371116883, 0.9037110962888312], [0.8155329690340445, 0.18446703096595554], [0.07648159369750984, 0.9235184063024902], [0.6699225768471917, 0.33007742315280836], [0.9748824979981594, 0.02511750200184057], [0.8611626216268555, 0.13883737837314453], [0.8911409949042554, 0.1088590050957446]]}}