{"test": {"ids": ["19", "38", "21", "12", "18", "6", "15", "48", "22", "16", "43", "53"], "labels": [0, 1, 0, 1, 1, 1, 0, 0, 1, 1, 1, 1], "predicted_labels": [0, 1, 0, 1, 1, 1, 1, 0, 1, 0, 1, 0], "confidence_scores": [[0.8431043436771436, 0.15689565632285626], [0.12335133276108698, 0.8766486672389131], [0.6438309505083454, 0.3561690494916547], [0.11068565941353394, 0.8893143405864661], [0.4320127877893536, 0.5679872122106465], [0.3890513935228347, 0.6109486064771651], [0.23899345758571441, 0.7610065424142856], [0.7231715662806908, 0.2768284337193093], [0.5213515664534863, 0.4786484335465139], [0.6187689751979101, 0.38123102480209015], [0.4809958230290429, 0.5190041769709574], [0.6301001522242519, 0.3698998477757482]]}}