{"test": {"ids": ["11", "23", "29", "28", "50", "9", "56", "46", "36", "53", "22", "47"], "labels": [0, 1, 1, 1, 1, 1, 0, 0, 0, 0, 1, 1], "predicted_labels": [1, 0, 0, 0, 1, 1, 0, 0, 1, 1, 1, 0], "confidence_scores": [[0.43481948077926824, 0.5651805192207318], [0.5557077434366897, 0.44429225656331023], [0.5548914240759881, 0.44510857592401193], [0.5367896042383943, 0.4632103957616057], [0.4161111732707964, 0.5838888267292036], [0.4161111732707964, 0.5838888267292036], [0.508000821280716, 0.491999178719284], [0.5466729010000938, 0.4533270989999062], [0.4161111732707964, 0.5838888267292036], [0.4161111732707964, 0.5838888267292036], [0.4161111732707964, 0.5838888267292036], [0.5553279037619969, 0.4446720962380031]]}}