{"test": {"ids": ["55", "8", "9", "42", "2", "39", "46", "4", "15", "40", "35", "54"], "labels": [1, 1, 0, 0, 0, 0, 0, 0, 1, 1, 0, 1], "predicted_labels": [0, 0, 1, 0, 1, 0, 1, 0, 0, 1, 0, 0], "confidence_scores": [[0.58244627929062, 0.41755372070937996], [0.6082902309058301, 0.3917097690941699], [0.48031261767428457, 0.5196873823257154], [0.6082902309058301, 0.3917097690941699], [0.4730080078432487, 0.5269919921567513], [0.6082902309058301, 0.3917097690941699], [0.48031261767428457, 0.5196873823257154], [0.6082902309058301, 0.3917097690941699], [0.6082902309058301, 0.3917097690941699], [0.4730080078432487, 0.5269919921567513], [0.565873622435455, 0.43412637756454503], [0.6082902309058301, 0.3917097690941699]]}, "rewritten": {"ids": ["2", "4", "8", "9", "15", "35", "39", "40", "42", "46", "54", "55"], "labels": [0, 0, 1, 0, 1, 0, 0, 1, 0, 0, 1, 1], "predicted_labels": [1, 0, 0, 1, 0, 0, 0, 0, 0, 0, 0, 0], "confidence_scores": [[0.4730080078432487, 0.5269919921567513], [0.6082902309058301, 0.3917097690941699], [0.6082902309058301, 0.3917097690941699], [0.48031261767428457, 0.5196873823257154], [0.6082902309058301, 0.3917097690941699], [0.565873622435455, 0.43412637756454503], [0.6082902309058301, 0.3917097690941699], [0.6082902309058301, 0.3917097690941699], [0.6082902309058301, 0.3917097690941699], [0.6082902309058301, 0.3917097690941699], [0.6082902309058301, 0.3917097690941699], [0.58244627929062, 0.41755372070937996]]}}