{"test": {"ids": ["36", "5", "27", "45", "35", "10", "23", "25", "57", "37", "17"], "labels": [0, 0, 1, 1, 0, 1, 1, 1, 1, 1, 1], "predicted_labels": [1, 0, 1, 0, 0, 1, 0, 0, 0, 1, 0], "confidence_scores": [[0.47210088325608873, 0.5278991167439112], [0.5249360659695141, 0.47506393403048597], [0.45660175848468776, 0.5433982415153122], [0.5149492627045075, 0.4850507372954925], [0.5428353373830951, 0.4571646626169049], [0.5, 0.5], [0.5541461335268525, 0.4458538664731475], [0.526921480465936, 0.4730785195340642], [0.5860277576684682, 0.41397224233153196], [0.49166513265721695, 0.5083348673427831], [0.5839470444113083, 0.41605295558869176]]}, "rewritten": {"ids": ["5", "10", "17", "23", "25", "27", "35", "36", "37", "45", "57"], "labels": [0, 1, 1, 1, 1, 1, 0, 0, 1, 1, 1], "predicted_labels": [0, 1, 0, 0, 1, 1, 0, 1, 0, 0, 0], "confidence_scores": [[0.5427108454144602, 0.4572891545855397], [0.4896483263114467, 0.5103516736885533], [0.5449849275588318, 0.4550150724411681], [0.5714592822819431, 0.42854071771805685], [0.48046665244604025, 0.5195333475539599], [0.48202952507943314, 0.5179704749205667], [0.5825419747928056, 0.41745802520719455], [0.4824084681606048, 0.5175915318393951], [0.5245344076735141, 0.475465592326486], [0.516663314715752, 0.4833366852842479], [0.53340151772953, 0.46659848227047]]}}