{"test": {"ids": ["12", "54", "0", "11", "32", "15", "24", "52", "21", "43", "22", "6"], "labels": [1, 0, 0, 0, 0, 1, 0, 1, 1, 1, 1, 1], "predicted_labels": [1, 1, 1, 1, 1, 0, 1, 1, 1, 0, 1, 0], "confidence_scores": [[0.4865361737515903, 0.5134638262484097], [0.35993958648251845, 0.6400604135174816], [0.35993958648251845, 0.6400604135174816], [0.35993958648251845, 0.6400604135174816], [0.35993958648251845, 0.6400604135174816], [0.5564859794065304, 0.44351402059346956], [0.35993958648251845, 0.6400604135174816], [0.35993958648251845, 0.6400604135174816], [0.35993958648251845, 0.6400604135174816], [0.5694249462780752, 0.4305750537219249], [0.35993958648251845, 0.6400604135174816], [0.5564859794065304, 0.44351402059346956]]}, "rewritten": {"ids": ["0", "6", "11", "15", "21", "22", "24", "32", "43", "52", "54"], "labels": [0, 1, 0, 1, 1, 1, 0, 0, 1, 1, 0], "predicted_labels": [1, 1, 1, 0, 0, 1, 0, 0, 0, 1, 1], "confidence_scores": [[0.35993958648251845, 0.6400604135174816], [0.35993958648251845, 0.6400604135174816], [0.35993958648251845, 0.6400604135174816], [0.5564859794065304, 0.44351402059346956], [0.6132515382182591, 0.38674846178174094], [0.35993958648251845, 0.6400604135174816], [0.5779487207855256, 0.4220512792144744], [0.5771547660185784, 0.4228452339814216], [0.5611228616387753, 0.4388771383612246], [0.35993958648251845, 0.6400604135174816], [0.35993958648251845, 0.6400604135174816]]}}