{"test": {"ids": ["32", "49", "3", "34", "9", "20", "51", "55", "13", "5", "21", "29"], "labels": [0, 0, 1, 1, 0, 0, 0, 1, 0, 1, 1, 1], "predicted_labels": [1, 1, 1, 1, 0, 1, 0, 0, 1, 0, 0, 1], "confidence_scores": [[0.43310343558260367, 0.5668965644173963], [0.06359976699760073, 0.9364002330023993], [0.06788188522801553, 0.9321181147719845], [0.14119558758849726, 0.8588044124115027], [0.9832537444986434, 0.016746255501356548], [0.21014069804797608, 0.7898593019520239], [0.9832537444986434, 0.016746255501356548], [0.9832537444986434, 0.016746255501356548], [0.02254632615875396, 0.977453673841246], [0.9832537444986434, 0.016746255501356548], [0.9832537444986434, 0.016746255501356548], [0.08250156437584433, 0.9174984356241557]]}, "rewritten": {"ids": ["3", "5", "9", "13", "20", "21", "29", "32", "34", "49", "51", "55"], "labels": [1, 1, 0, 0, 0, 1, 1, 0, 1, 0, 0, 1], "predicted_labels": [1, 0, 0, 0, 0, 0, 1, 1, 0, 0, 0, 0], "confidence_scores": [[0.10336275244454185, 0.8966372475554582], [0.9832537444986434, 0.016746255501356548], [0.9832537444986434, 0.016746255501356548], [0.9832537444986434, 0.016746255501356548], [0.9832537444986434, 0.016746255501356548], [0.9832537444986434, 0.016746255501356548], [0.09901434749964777, 0.9009856525003522], [0.43310343558260367, 0.5668965644173963], [0.9832537444986434, 0.016746255501356548], [0.9832537444986434, 0.016746255501356548], [0.9832537444986434, 0.016746255501356548], [0.9832537444986434, 0.016746255501356548]]}}