{"test": {"ids": ["14", "25", "49", "38", "18", "13", "0", "51", "23", "2", "41", "46"], "labels": [1, 0, 0, 0, 1, 1, 0, 1, 0, 1, 1, 1], "predicted_labels": [1, 1, 0, 1, 1, 1, 1, 1, 1, 0, 1, 1], "confidence_scores": [[0.3971424174921254, 0.6028575825078746], [0.49217721739045284, 0.5078227826095472], [0.5738991286491285, 0.42610087135087144], [0.42611587447210525, 0.5738841255278949], [0.4719167520756703, 0.5280832479243296], [0.48813564347838534, 0.5118643565216147], [0.4072393771948724, 0.5927606228051276], [0.48968291294438565, 0.5103170870556144], [0.4129197905852316, 0.5870802094147684], [0.5550378579753579, 0.44496214202464207], [0.41370659677689303, 0.5862934032231071], [0.3982399313792503, 0.6017600686207498]]}, "rewritten": {"ids": ["0", "2", "13", "14", "18", "23", "25", "38", "41", "46", "49", "51"], "labels": [0, 1, 1, 1, 1, 0, 0, 0, 1, 1, 0, 1], "predicted_labels": [1, 0, 0, 1, 0, 0, 0, 1, 1, 1, 0, 0], "confidence_scores": [[0.41802767832262616, 0.5819723216773738], [0.5362569828047771, 0.463743017195223], [0.5556826614114327, 0.44431733858856726], [0.46951712637457405, 0.5304828736254259], [0.5008682508907528, 0.4991317491092472], [0.5101299623579034, 0.4898700376420966], [0.5438460383570677, 0.4561539616429323], [0.4282551947106901, 0.5717448052893098], [0.39853443341394024, 0.6014655665860598], [0.4965798088220689, 0.5034201911779311], [0.5356023834696437, 0.4643976165303563], [0.5034022339459647, 0.4965977660540353]]}}