{"test": {"ids": ["34", "27", "23", "40", "24", "45", "46", "44", "54", "53", "58", "6"], "labels": [0, 1, 0, 0, 0, 1, 1, 1, 0, 1, 0, 1], "predicted_labels": [1, 1, 1, 0, 0, 0, 1, 0, 1, 0, 1, 1], "confidence_scores": [[0.31259654269019604, 0.6874034573098045], [0.42118584024092004, 0.57881415975908], [0.45947613205507926, 0.5405238679449208], [0.5848883685758682, 0.41511163142413154], [0.5250045648795648, 0.47499543512043524], [0.5467589499872105, 0.45324105001278925], [0.4470482919857919, 0.5529517080142081], [0.5851832155417682, 0.4148167844582316], [0.3355222577578717, 0.6644777422421282], [0.566741648337043, 0.43325835166295706], [0.2946806789934987, 0.7053193210065014], [0.421542306893313, 0.5784576931066868]]}, "rewritten": {"ids": ["6", "23", "24", "27", "34", "40", "44", "45", "46", "53", "54", "58"], "labels": [1, 0, 0, 1, 0, 0, 1, 1, 1, 1, 0, 0], "predicted_labels": [1, 1, 0, 1, 1, 0, 1, 0, 0, 0, 1, 1], "confidence_scores": [[0.4767030483920964, 0.5232969516079037], [0.4360203877005348, 0.5639796122994652], [0.5240206321456319, 0.475979367854368], [0.38006134300612865, 0.6199386569938714], [0.37123951360573915, 0.628760486394261], [0.5589329784441338, 0.4410670215558662], [0.49084219545074814, 0.5091578045492519], [0.5166882567915176, 0.48331174320848236], [0.5249507992007992, 0.4750492007992007], [0.572322594072594, 0.4276774059274061], [0.3456869154685821, 0.6543130845314181], [0.2893787997133585, 0.7106212002866414]]}}