{"test": {"ids": ["56", "21", "33", "10", "49", "1", "19", "51", "11", "36", "40", "34"], "labels": [0, 1, 1, 0, 0, 0, 1, 0, 0, 1, 1, 1], "predicted_labels": [0, 0, 0, 1, 0, 0, 0, 1, 0, 0, 0, 0], "confidence_scores": [[0.7686772561216522, 0.23132274387834784], [0.7274468634318927, 0.27255313656810726], [0.7966196044669778, 0.20338039553302217], [0.08620838255952568, 0.9137916174404743], [0.8263104617600898, 0.17368953823991018], [0.8277002108534444, 0.17229978914655567], [0.8468514895233872, 0.15314851047661288], [0.31875627129196127, 0.6812437287080387], [0.9268074630891915, 0.07319253691080847], [0.5771160396786335, 0.4228839603213666], [0.8415032956841717, 0.15849670431582832], [0.929185539797739, 0.07081446020226097]]}, "rewritten": {"ids": ["1", "10", "11", "21", "33", "34", "36", "40", "49", "51", "56"], "labels": [0, 0, 0, 1, 1, 1, 1, 1, 0, 0, 0], "predicted_labels": [0, 1, 0, 1, 1, 0, 1, 0, 1, 1, 0], "confidence_scores": [[0.9140165256311411, 0.08598347436885886], [0.03510212219073283, 0.9648978778092672], [0.8061814664592344, 0.19381853354076561], [0.4156050864319929, 0.5843949135680071], [0.2377316041479831, 0.7622683958520169], [0.9392335802689117, 0.06076641973108835], [0.37427787908959265, 0.6257221209104074], [0.6045070714499723, 0.39549292855002777], [0.18346365473116588, 0.8165363452688341], [0.2718132480546953, 0.7281867519453047], [0.717294096953482, 0.28270590304651805]]}}