{"test": {"ids": ["20", "8", "46", "30", "41", "28", "44", "1", "42", "11", "29", "9"], "labels": [0, 0, 1, 1, 1, 0, 1, 0, 0, 0, 1, 1], "predicted_labels": [0, 0, 1, 0, 1, 1, 1, 1, 1, 1, 1, 1], "confidence_scores": [[0.5269919921567514, 0.47300800784324865], [0.5269919921567514, 0.47300800784324865], [0.4615190288581915, 0.5384809711418085], [0.5269919921567514, 0.47300800784324865], [0.3785174235341542, 0.6214825764658458], [0.3785174235341542, 0.6214825764658458], [0.3785174235341542, 0.6214825764658458], [0.38753520211551684, 0.6124647978844832], [0.404872024609477, 0.595127975390523], [0.3785174235341542, 0.6214825764658458], [0.4615190288581915, 0.5384809711418085], [0.3785174235341542, 0.6214825764658458]]}, "rewritten": {"ids": ["1", "8", "9", "11", "20", "28", "29", "30", "41", "42", "44", "46"], "labels": [0, 0, 1, 0, 0, 0, 1, 1, 1, 0, 1, 1], "predicted_labels": [1, 1, 1, 1, 0, 1, 1, 0, 1, 1, 0, 0], "confidence_scores": [[0.38753520211551684, 0.6124647978844832], [0.3785174235341542, 0.6214825764658458], [0.3785174235341542, 0.6214825764658458], [0.3785174235341542, 0.6214825764658458], [0.5269919921567514, 0.47300800784324865], [0.3785174235341542, 0.6214825764658458], [0.3785174235341542, 0.6214825764658458], [0.5269919921567514, 0.47300800784324865], [0.3785174235341542, 0.6214825764658458], [0.38753520211551684, 0.6124647978844832], [0.5269919921567514, 0.47300800784324865], [0.5269919921567514, 0.47300800784324865]]}}