{"test": {"ids": ["45", "53", "3", "17", "32", "21", "44", "41", "25", "48", "0", "28"], "labels": [1, 1, 0, 1, 0, 1, 1, 1, 0, 0, 0, 0], "predicted_labels": [0, 0, 1, 0, 0, 0, 0, 1, 1, 0, 1, 0], "confidence_scores": [[0.6284217535073271, 0.37157824649267296], [0.8521620578234351, 0.1478379421765649], [0.43955867321063546, 0.5604413267893645], [0.5148945899768596, 0.4851054100231405], [0.595855180976095, 0.404144819023905], [0.8251000696515889, 0.17489993034841114], [0.7841102760491498, 0.2158897239508501], [0.017422283102449754, 0.9825777168975502], [0.12468784607013272, 0.8753121539298673], [0.6531719998827578, 0.34682800011724224], [0.35717952156964206, 0.6428204784303579], [0.7948668232003847, 0.20513317679961532]]}, "rewritten": {"ids": ["0", "3", "17", "21", "25", "28", "32", "41", "44", "45", "48", "53"], "labels": [0, 0, 1, 1, 0, 0, 0, 1, 1, 1, 0, 1], "predicted_labels": [1, 0, 0, 0, 1, 0, 0, 1, 0, 0, 1, 0], "confidence_scores": [[0.18348262669513493, 0.8165173733048651], [0.6075087342641443, 0.3924912657358557], [0.6744268450585653, 0.3255731549414347], [0.7742156206199321, 0.2257843793800679], [0.22990396927086976, 0.7700960307291302], [0.7182467148072307, 0.2817532851927694], [0.8066344603622708, 0.19336553963772918], [0.022182004721284287, 0.9778179952787157], [0.7332644973905691, 0.26673550260943085], [0.5325945368902361, 0.4674054631097639], [0.27923729695996347, 0.7207627030400365], [0.7481944092928982, 0.25180559070710185]]}}