{"test": {"ids": ["27", "48", "42", "22", "30", "4", "19", "28", "47", "53", "3", "5"], "labels": [1, 0, 0, 1, 1, 1, 0, 1, 1, 0, 1, 0], "predicted_labels": [1, 0, 0, 0, 0, 0, 1, 0, 0, 0, 1, 1], "confidence_scores": [[0.38650992063492057, 0.6134900793650793], [0.5830700549450548, 0.41692994505494524], [0.5199570707070705, 0.4800429292929293], [0.6254705988455987, 0.3745294011544012], [0.5183454184704184, 0.48165458152958157], [0.611968559218559, 0.3880314407814409], [0.42660912698412695, 0.5733908730158731], [0.5077772921522921, 0.49222270784770794], [0.5786114718614717, 0.4213885281385281], [0.5756693722943722, 0.4243306277056277], [0.4311369047619049, 0.5688630952380951], [0.47175366300366295, 0.528246336996337]]}, "rewritten": {"ids": ["4", "5", "19", "22", "27", "28", "30", "42", "47", "48", "53"], "labels": [1, 0, 0, 1, 1, 1, 1, 0, 1, 0, 0], "predicted_labels": [0, 1, 1, 0, 1, 1, 0, 0, 0, 0, 0], "confidence_scores": [[0.5871887973137971, 0.41281120268620286], [0.45527152014652017, 0.5447284798534799], [0.4243368159618159, 0.5756631840381841], [0.6170512820512819, 0.38294871794871804], [0.3779426406926406, 0.6220573593073594], [0.4877938311688311, 0.5122061688311689], [0.5618258824508823, 0.4381741175491176], [0.52128373015873, 0.47871626984126997], [0.5809105894105893, 0.4190894105894106], [0.6295101010101007, 0.37048989898989904], [0.6290059523809521, 0.3709940476190477]]}}