{"test": {"ids": ["28", "17", "45", "35", "21", "2", "8", "12", "58", "24", "42", "38"], "labels": [0, 1, 1, 0, 1, 1, 0, 1, 0, 0, 0, 0], "predicted_labels": [1, 1, 0, 1, 1, 0, 1, 1, 1, 0, 1, 1], "confidence_scores": [[0.3741532748863007, 0.6258467251136993], [0.3544099752714548, 0.6455900247285452], [0.5125587450550515, 0.48744125494494844], [0.2639370337747199, 0.7360629662252801], [0.3645837781535526, 0.6354162218464474], [0.6085120029013578, 0.39148799709864224], [0.3870909550875974, 0.6129090449124026], [0.19866396426186683, 0.8013360357381332], [0.2967694309586203, 0.7032305690413797], [0.5247027916411058, 0.4752972083588943], [0.3906189575801561, 0.6093810424198439], [0.2249374865709053, 0.7750625134290947]]}, "rewritten": {"ids": ["2", "8", "12", "17", "21", "24", "28", "35", "38", "42", "45", "58"], "labels": [1, 0, 1, 1, 1, 0, 0, 0, 0, 0, 1, 0], "predicted_labels": [1, 1, 0, 1, 1, 1, 1, 1, 1, 1, 0, 1], "confidence_scores": [[0.4999924943597376, 0.5000075056402624], [0.4103926924802602, 0.5896073075197398], [0.6457949796977485, 0.3542050203022516], [0.30875605251735205, 0.691243947482648], [0.1855445128299572, 0.8144554871700428], [0.2723041703934137, 0.7276958296065863], [0.13372245298860208, 0.8662775470113979], [0.26114591120398833, 0.7388540887960117], [0.314855318689943, 0.685144681310057], [0.46519557431416214, 0.5348044256858379], [0.7509453803921524, 0.24905461960784758], [0.44802975573003767, 0.5519702442699623]]}}