{"test": {"ids": ["56", "6", "43", "45", "11", "51", "29", "19", "14", "37", "13", "9"], "labels": [0, 0, 1, 1, 0, 0, 1, 0, 1, 1, 0, 1], "predicted_labels": [0, 1, 0, 1, 0, 0, 1, 1, 1, 1, 1, 0], "confidence_scores": [[0.9715308684841839, 0.028469131515816128], [0.018433267987577273, 0.9815667320124227], [0.979078544779786, 0.020921455220214002], [0.018433267987577273, 0.9815667320124227], [0.9394029783236051, 0.06059702167639493], [0.8489666599343032, 0.15103334006569683], [0.018433267987577273, 0.9815667320124227], [0.018433267987577273, 0.9815667320124227], [0.018433267987577273, 0.9815667320124227], [0.018433267987577273, 0.9815667320124227], [0.018433267987577273, 0.9815667320124227], [0.9020566400504182, 0.09794335994958175]]}}