{"test": {"ids": ["28", "16", "24", "14", "42", "9", "12", "55", "17", "47", "6", "13"], "labels": [1, 1, 0, 1, 0, 1, 1, 1, 1, 1, 0, 0], "predicted_labels": [0, 1, 1, 0, 1, 0, 1, 0, 0, 0, 1, 0], "confidence_scores": [[0.5178767399267399, 0.48212326007326023], [0.44681424131424125, 0.5531857586857588], [0.48469006549006544, 0.5153099345099346], [0.5220312687312687, 0.47796873126873124], [0.48285814740814753, 0.5171418525918525], [0.5123218975468974, 0.4876781024531026], [0.45630719280719273, 0.5436928071928073], [0.5342429514929514, 0.46575704850704847], [0.5008852175602174, 0.4991147824397826], [0.6031430291930291, 0.3968569708069708], [0.4766769758019757, 0.5233230241980243], [0.5113233988233986, 0.48867660117660144]]}, "rewritten": {"ids": ["6", "9", "12", "13", "14", "16", "17", "24", "28", "42", "47", "55"], "labels": [0, 1, 1, 0, 1, 1, 1, 0, 1, 0, 1, 1], "predicted_labels": [0, 0, 1, 0, 1, 1, 1, 1, 0, 1, 0, 0], "confidence_scores": [[0.509062395937396, 0.490937604062604], [0.542155525030525, 0.4578444749694751], [0.44361396936396935, 0.5563860306360308], [0.5155969030969029, 0.48440309690309696], [0.4617379231879231, 0.5382620768120769], [0.45871622544122526, 0.5412837745587744], [0.47842403984903975, 0.5215759601509602], [0.48056654456654474, 0.5194334554334553], [0.539481868131868, 0.46051813186813195], [0.4629180819180819, 0.5370819180819181], [0.5917898046398044, 0.4082101953601954], [0.5154541847041847, 0.48454581529581514]]}}