{"test": {"ids": ["0", "55", "7", "10", "34", "18", "58", "12", "3", "46", "52", "30"], "labels": [0, 1, 1, 0, 1, 0, 0, 0, 1, 0, 1, 0], "predicted_labels": [0, 0, 0, 0, 0, 0, 0, 0, 0, 0, 0, 1], "confidence_scores": [[0.6916195887445885, 0.30838041125541127], [0.5976324508824511, 0.4023675491175491], [0.5791014263514263, 0.42089857364857364], [0.5334143772893774, 0.46658562271062265], [0.5900294566544566, 0.4099705433455433], [0.5626112914862914, 0.43738870851370876], [0.5636468253968253, 0.43635317460317474], [0.5125096153846155, 0.4874903846153845], [0.6359441391941393, 0.3640558608058609], [0.5921311327561327, 0.40786886724386734], [0.559331349206349, 0.44066865079365103], [0.4620384199134199, 0.53796158008658]]}, "rewritten": {"ids": ["0", "3", "7", "10", "12", "18", "30", "34", "46", "52", "55", "58"], "labels": [0, 1, 1, 0, 0, 0, 0, 1, 0, 1, 1, 0], "predicted_labels": [0, 0, 0, 0, 0, 0, 0, 0, 0, 0, 0, 0], "confidence_scores": [[0.6352839660339659, 0.36471603396603397], [0.6677083333333335, 0.3322916666666667], [0.6124944638694637, 0.38750553613053623], [0.6168884032634033, 0.3831115967365968], [0.562817155067155, 0.4371828449328449], [0.614, 0.3860000000000002], [0.5768360389610389, 0.42316396103896103], [0.6345708180708182, 0.3654291819291818], [0.6287388167388168, 0.3712611832611833], [0.5796607142857142, 0.42033928571428575], [0.6064737207237207, 0.39352627927627937], [0.6070575396825396, 0.3929424603174605]]}}