{"test": {"ids": ["46", "55", "2", "17", "33", "54", "15", "52", "7", "16", "44", "13"], "labels": [0, 1, 0, 0, 1, 1, 1, 1, 1, 1, 0, 0], "predicted_labels": [0, 0, 0, 0, 0, 0, 0, 0, 0, 0, 1, 0], "confidence_scores": [[0.5652938944672422, 0.43470610553275774], [0.5985985288920527, 0.40140147110794744], [0.625971883634991, 0.37402811636500916], [0.5929745195094617, 0.4070254804905382], [0.5814998380905289, 0.4185001619094712], [0.5987805454120557, 0.4012194545879442], [0.5966472483004872, 0.4033527516995127], [0.619382388977463, 0.380617611022537], [0.5998348794986182, 0.40016512050138175], [0.6069122486184838, 0.39308775138151625], [0.6428184008058765, 0.3571815991941235], [0.6039481173555696, 0.3960518826444305]]}, "rewritten": {"ids": ["2", "7", "13", "15", "16", "17", "33", "44", "46", "52", "54", "55"], "labels": [0, 1, 0, 1, 1, 0, 1, 0, 0, 1, 1, 1], "predicted_labels": [0, 0, 0, 0, 0, 0, 0, 0, 0, 0, 0, 0], "confidence_scores": [[0.5954511715837928, 0.40454882841620715], [0.5980571184248062, 0.40194288157519364], [0.5923646210034863, 0.4076353789965136], [0.5994291895401501, 0.4005708104598499], [0.5929868844767731, 0.4070131155232269], [0.5970212463643311, 0.40297875363566893], [0.5903561435687031, 0.4096438564312969], [0.6266352835278843, 0.3733647164721156], [0.5848034478806061, 0.4151965521193939], [0.6032319328421878, 0.39676806715781227], [0.612837977189119, 0.38716202281088097], [0.5945689751110614, 0.4054310248889387]]}}