{"test": {"ids": ["6", "47", "56", "50", "7", "37", "0", "30", "48", "13", "5", "4"], "labels": [1, 1, 0, 1, 0, 1, 1, 1, 0, 1, 0, 1], "predicted_labels": [1, 0, 1, 1, 0, 0, 0, 0, 1, 0, 0, 1], "confidence_scores": [[0.48364774947274947, 0.5163522505272504], [0.5386513847263849, 0.46134861527361526], [0.4687605061605062, 0.5312394938394938], [0.46857290764790777, 0.5314270923520924], [0.5032230380730383, 0.49677696192696175], [0.5251651154401155, 0.4748348845598845], [0.6196642357642361, 0.3803357642357642], [0.5381161616161618, 0.4618838383838384], [0.49505388222888214, 0.5049461177711179], [0.5147343434343434, 0.4852656565656565], [0.536458707958708, 0.46354129204129213], [0.4358450077700076, 0.5641549922299924]]}, "rewritten": {"ids": ["0", "4", "5", "6", "7", "13", "30", "37", "47", "48", "50", "56"], "labels": [1, 1, 0, 1, 0, 1, 1, 1, 1, 0, 1, 0], "predicted_labels": [1, 1, 1, 1, 1, 1, 1, 1, 1, 1, 1, 1], "confidence_scores": [[0.458123398823399, 0.541876601176601], [0.43595734543234527, 0.5640426545676547], [0.4960900876900878, 0.5039099123099122], [0.4007166666666667, 0.5992833333333333], [0.430785497835498, 0.5692145021645022], [0.4074553973803974, 0.5925446026196028], [0.3412476412476413, 0.6587523587523586], [0.4548266955266955, 0.5451733044733046], [0.490635447885448, 0.5093645521145521], [0.36524399766899773, 0.6347560023310026], [0.44425468975468985, 0.5557453102453102], [0.4464295093795095, 0.5535704906204906]]}}