{"test": {"ids": ["58", "22", "6", "27", "12", "4", "24", "57", "56", "23", "48", "21"], "labels": [0, 1, 1, 1, 0, 0, 1, 0, 0, 0, 1, 1], "predicted_labels": [0, 0, 0, 1, 1, 0, 1, 0, 1, 0, 0, 1], "confidence_scores": [[0.6501049957347191, 0.3498950042652809], [0.8275167274333264, 0.1724832725666736], [0.8765422422344867, 0.12345775776551328], [0.41832401148176535, 0.5816759885182347], [0.19692865003900595, 0.803071349960994], [0.9127111036260905, 0.08728889637390946], [0.2468210384888032, 0.7531789615111968], [0.9151727813134575, 0.08482721868654257], [0.2134822689321061, 0.7865177310678939], [0.5390708989907045, 0.46092910100929557], [0.9151727813134575, 0.08482721868654257], [0.16006614325762858, 0.8399338567423714]]}, "rewritten": {"ids": ["4", "6", "12", "21", "22", "23", "24", "27", "48", "56", "57", "58"], "labels": [0, 1, 0, 1, 1, 0, 1, 1, 1, 0, 0, 0], "predicted_labels": [0, 0, 1, 1, 0, 1, 0, 1, 0, 1, 0, 0], "confidence_scores": [[0.9164878747327607, 0.0835121252672393], [0.8869636137927488, 0.11303638620725118], [0.15947422273907674, 0.8405257772609233], [0.21053736588543515, 0.7894626341145649], [0.8060989314790308, 0.19390106852096922], [0.22900611250628167, 0.7709938874937183], [0.8343475268942007, 0.16565247310579928], [0.19394430050697542, 0.8060556994930246], [0.8798897046754242, 0.1201102953245759], [0.1546222754102985, 0.8453777245897015], [0.7465003590586551, 0.2534996409413449], [0.6021667022183892, 0.39783329778161075]]}}