{"test": {"ids": ["25", "1", "32", "30", "16", "10", "58", "13", "40", "21", "20", "0"], "labels": [1, 0, 0, 1, 1, 1, 0, 0, 0, 1, 1, 1], "predicted_labels": [1, 1, 0, 0, 1, 1, 1, 0, 1, 0, 1, 1], "confidence_scores": [[0.39358942700191735, 0.6064105729980827], [0.3327374237572458, 0.6672625762427542], [0.631094383693973, 0.36890561630602703], [0.949942796737067, 0.05005720326293292], [0.23708096846679927, 0.7629190315332007], [0.05607126251001482, 0.9439287374899852], [0.15530528032833502, 0.844694719671665], [0.6224683009001333, 0.3775316990998668], [0.49588788500212755, 0.5041121149978725], [0.8941047580953818, 0.10589524190461816], [0.07295995460678606, 0.9270400453932139], [0.3473617789430429, 0.6526382210569571]]}, "rewritten": {"ids": ["0", "1", "10", "13", "16", "20", "21", "25", "30", "32", "40", "58"], "labels": [1, 0, 1, 0, 1, 1, 1, 1, 1, 0, 0, 0], "predicted_labels": [1, 1, 1, 0, 1, 1, 0, 1, 0, 0, 0, 1], "confidence_scores": [[0.06137881030055603, 0.938621189699444], [0.459917104989897, 0.540082895010103], [0.09441817362128313, 0.9055818263787169], [0.6496781180702548, 0.3503218819297452], [0.27563255571433887, 0.7243674442856611], [0.04709824719481759, 0.9529017528051824], [0.8743382276954733, 0.1256617723045267], [0.3226839699630575, 0.6773160300369425], [0.9933832859605835, 0.006616714039416539], [0.8427441895583322, 0.15725581044166784], [0.9008643273504738, 0.09913567264952614], [0.05640099213837291, 0.9435990078616271]]}}