{"test": {"ids": ["19", "51", "42", "3", "1", "9", "5", "48", "45", "20", "44", "23"], "labels": [1, 0, 0, 1, 0, 0, 1, 1, 1, 0, 0, 0], "predicted_labels": [1, 1, 0, 0, 0, 0, 1, 0, 0, 0, 1, 1], "confidence_scores": [[0.5735224110885678, 0.42647758891143217], [0.6048692845040701, 0.3951307154959301], [0.5704105597699574, 0.4295894402300427], [0.532877680339769, 0.46712231966023116], [0.5676140918798589, 0.4323859081201409], [0.5398846920795123, 0.4601153079204878], [0.5840598607680547, 0.41594013923194534], [0.5716146938549999, 0.42838530614500026], [0.5553405687209497, 0.4446594312790504], [0.5647286629007452, 0.43527133709925486], [0.6071002195728006, 0.39289978042719936], [0.5907743024748907, 0.4092256975251095]]}, "rewritten": {"ids": ["1", "3", "5", "9", "19", "20", "23", "42", "44", "45", "48", "51"], "labels": [0, 1, 1, 0, 1, 0, 0, 0, 0, 1, 1, 0], "predicted_labels": [0, 0, 1, 0, 1, 0, 1, 0, 1, 0, 1, 1], "confidence_scores": [[0.5660219859136699, 0.43397801408632997], [0.524338788479201, 0.47566121152079893], [0.5939416852263121, 0.40605831477368787], [0.5415980918367719, 0.4584019081632282], [0.5951597572895034, 0.4048402427104965], [0.5672572871957114, 0.4327427128042886], [0.6095093888875653, 0.39049061111243466], [0.5640604479582023, 0.4359395520417975], [0.6195458298170509, 0.3804541701829491], [0.5601413960138073, 0.4398586039861927], [0.59280962153844, 0.4071903784615601], [0.6065780898315627, 0.39342191016843714]]}}