{"test": {"ids": ["45", "32", "55", "20", "14", "7", "3", "30", "24", "15", "51", "13"], "labels": [1, 0, 1, 0, 1, 1, 0, 1, 0, 1, 1, 1], "predicted_labels": [1, 0, 1, 1, 1, 0, 1, 0, 1, 1, 1, 0], "confidence_scores": [[0.07048852716732901, 0.929511472832671], [0.9798244994549267, 0.020175500545073305], [0.019684277854222887, 0.9803157221457771], [0.034049006939330884, 0.9659509930606691], [0.019684277854222887, 0.9803157221457771], [0.9723486743782679, 0.027651325621732073], [0.019684277854222887, 0.9803157221457771], [0.8796799074196516, 0.12032009258034833], [0.29528681268081336, 0.7047131873191866], [0.019684277854222887, 0.9803157221457771], [0.019684277854222887, 0.9803157221457771], [0.9798244994549267, 0.020175500545073305]]}, "rewritten": {"ids": ["3", "7", "13", "14", "15", "20", "24", "30", "32", "45", "51", "55"], "labels": [0, 1, 1, 1, 1, 0, 0, 1, 0, 1, 1, 1], "predicted_labels": [0, 0, 0, 0, 1, 1, 1, 0, 0, 1, 1, 1], "confidence_scores": [[0.9798244994549267, 0.020175500545073305], [0.9798244994549267, 0.020175500545073305], [0.9798244994549267, 0.020175500545073305], [0.9798244994549267, 0.020175500545073305], [0.019684277854222887, 0.9803157221457771], [0.019684277854222887, 0.9803157221457771], [0.019684277854222887, 0.9803157221457771], [0.9798244994549267, 0.020175500545073305], [0.9798244994549267, 0.020175500545073305], [0.10534166253009736, 0.8946583374699026], [0.019684277854222887, 0.9803157221457771], [0.019684277854222887, 0.9803157221457771]]}}