{"test": {"ids": ["7", "21", "11", "2", "48", "9", "28", "58", "3", "24", "50", "14"], "labels": [0, 0, 0, 1, 0, 1, 1, 1, 1, 0, 1, 1], "predicted_labels": [1, 1, 1, 0, 0, 1, 0, 1, 1, 1, 1, 1], "confidence_scores": [[0.4792721696088569, 0.5207278303911431], [0.4476673792495772, 0.5523326207504231], [0.4512049918004252, 0.548795008199575], [0.6080413853088774, 0.3919586146911222], [0.5007249643631221, 0.49927503563687786], [0.45530755758689206, 0.5446924424131082], [0.5042525103465503, 0.49574748965344967], [0.46918896975057983, 0.5308110302494203], [0.45932385207671583, 0.5406761479232846], [0.4769728105228104, 0.5230271894771897], [0.4796513759116702, 0.5203486240883298], [0.4637164733443372, 0.536283526655663]]}, "rewritten": {"ids": ["2", "3", "7", "9", "11", "14", "21", "24", "28", "48", "50", "58"], "labels": [1, 1, 0, 1, 0, 1, 0, 0, 1, 0, 1, 1], "predicted_labels": [0, 1, 1, 1, 1, 1, 1, 0, 1, 0, 1, 1], "confidence_scores": [[0.5240130941555865, 0.47598690584441333], [0.4242144979805195, 0.5757855020194812], [0.4736514748924965, 0.5263485251075035], [0.49956443649230015, 0.5004355635076998], [0.42129617839161176, 0.578703821608389], [0.44529189590938817, 0.5547081040906122], [0.41273309882412035, 0.58726690117588], [0.5005808065601407, 0.49941919343985935], [0.47654068959935814, 0.5234593104006422], [0.5214081395212973, 0.4785918604787028], [0.47920231571833743, 0.5207976842816626], [0.4895236300764939, 0.510476369923506]]}}