{"test": {"ids": ["34", "22", "23", "51", "44", "18", "52", "42", "30", "6", "4", "41"], "labels": [0, 1, 0, 0, 0, 1, 0, 0, 1, 1, 1, 1], "predicted_labels": [1, 1, 0, 1, 0, 1, 1, 1, 1, 0, 0, 1], "confidence_scores": [[0.29792817535875504, 0.702071824641245], [0.20871915299643695, 0.791280847003563], [0.554667217889675, 0.44533278211032495], [0.2880547575678578, 0.7119452424321422], [0.7332385774610681, 0.2667614225389318], [0.37937824320530233, 0.6206217567946977], [0.24944969984210963, 0.7505503001578904], [0.29728944985876293, 0.7027105501412371], [0.33036084888806594, 0.6696391511119341], [0.5000514898709274, 0.4999485101290726], [0.5614258346977831, 0.43857416530221693], [0.32024724947422567, 0.6797527505257743]]}}