{"test": {"ids": ["40", "28", "17", "16", "19", "37", "5", "4", "56", "15", "7", "18"], "labels": [0, 1, 1, 1, 0, 1, 0, 1, 0, 0, 0, 1], "predicted_labels": [0, 1, 0, 1, 0, 1, 1, 1, 0, 1, 1, 1], "confidence_scores": [[0.5556638569763569, 0.4443361430236432], [0.354261460226724, 0.645738539773276], [0.5813541208340902, 0.4186458791659098], [0.37414228433897223, 0.6258577156610278], [0.624583344439862, 0.3754166555601381], [0.37344856416373423, 0.6265514358362654], [0.4323367414748994, 0.5676632585251007], [0.41663929609914185, 0.5833607039008583], [0.5029801018791891, 0.49701989812081104], [0.40723216251205463, 0.5927678374879453], [0.3821566752391056, 0.6178433247608944], [0.4592053346357687, 0.5407946653642316]]}, "rewritten": {"ids": ["4", "5", "7", "15", "16", "17", "18", "19", "28", "37", "40", "56"], "labels": [1, 0, 0, 0, 1, 1, 1, 0, 1, 1, 0, 0], "predicted_labels": [1, 1, 1, 1, 1, 1, 1, 0, 1, 1, 1, 1], "confidence_scores": [[0.3805408835467818, 0.6194591164532178], [0.3336560106560107, 0.6663439893439896], [0.3984969913557375, 0.6015030086442625], [0.39413047639924564, 0.6058695236007543], [0.32389232596401385, 0.6761076740359863], [0.47689595127095125, 0.5231040487290488], [0.4217196523591646, 0.5782803476408351], [0.6260616910416605, 0.37393830895833946], [0.3768371395761101, 0.6231628604238898], [0.3302461946378353, 0.6697538053621644], [0.44999024586524583, 0.5500097541347541], [0.4702990106943276, 0.5297009893056722]]}}