{"test": {"ids": ["6", "44", "28", "15", "11", "24", "25", "34", "50", "57", "56", "17"], "labels": [1, 0, 1, 0, 0, 0, 1, 0, 1, 1, 0, 1], "predicted_labels": [1, 1, 0, 1, 1, 1, 0, 1, 1, 1, 1, 1], "confidence_scores": [[0.3234392392966352, 0.6765607607033648], [0.43596744930846254, 0.5640325506915375], [0.8901754967716816, 0.10982450322831838], [0.007801844940725888, 0.9921981550592741], [0.0011474978950682946, 0.9988525021049317], [0.34059927235286935, 0.6594007276471306], [0.8649561394106514, 0.13504386058934856], [0.38491536674809035, 0.6150846332519097], [0.30405644216661953, 0.6959435578333805], [0.10327782474660907, 0.8967221752533909], [0.011614370258697715, 0.9883856297413023], [0.368746109155105, 0.631253890844895]]}, "rewritten": {"ids": ["6", "11", "15", "17", "24", "25", "28", "34", "44", "50", "56", "57"], "labels": [1, 0, 0, 1, 0, 1, 1, 0, 0, 1, 0, 1], "predicted_labels": [1, 1, 1, 1, 1, 1, 0, 0, 1, 1, 1, 1], "confidence_scores": [[0.0004864360519896138, 0.9995135639480104], [0.00015766702216046813, 0.9998423329778395], [0.01945306116709855, 0.9805469388329014], [0.0006296576620740124, 0.999370342337926], [1.7446010791899447e-05, 0.9999825539892081], [0.1926596616922689, 0.8073403383077311], [0.5365140454662679, 0.4634859545337321], [0.6604347831288793, 0.33956521687112073], [0.2233227768802235, 0.7766772231197765], [0.0021088646586342463, 0.9978911353413658], [3.659903892927474e-05, 0.9999634009610707], [0.0001450967883310783, 0.9998549032116689]]}}