{"test": {"ids": ["15", "55", "2", "44", "43", "25", "21", "16", "37", "50", "28", "9"], "labels": [1, 1, 1, 1, 1, 0, 1, 1, 1, 1, 0, 1], "predicted_labels": [0, 0, 1, 0, 1, 1, 0, 0, 1, 1, 0, 0], "confidence_scores": [[0.5160689348428982, 0.48393106515710177], [0.5021073731797137, 0.4978926268202863], [0.439556418705636, 0.560443581294364], [0.6276785341699013, 0.37232146583009873], [0.47111824086892384, 0.5288817591310762], [0.42006132573324406, 0.5799386742667559], [0.5816759316486835, 0.4183240683513165], [0.571931769557407, 0.428068230442593], [0.39445551131281387, 0.6055444886871861], [0.39632004369060003, 0.6036799563094], [0.6347679089012497, 0.3652320910987504], [0.5763201788695052, 0.4236798211304948]]}, "rewritten": {"ids": ["2", "9", "15", "16", "21", "25", "28", "37", "43", "44", "50", "55"], "labels": [1, 1, 1, 1, 1, 0, 0, 1, 1, 1, 1, 1], "predicted_labels": [1, 1, 0, 0, 0, 1, 0, 1, 1, 0, 0, 1], "confidence_scores": [[0.439556418705636, 0.560443581294364], [0.44509067424591076, 0.5549093257540892], [0.612864844127363, 0.3871351558726371], [0.571931769557407, 0.428068230442593], [0.5211045872608228, 0.47889541273917724], [0.42024850367590627, 0.5797514963240937], [0.6348695116052923, 0.3651304883947077], [0.38674846178174094, 0.6132515382182591], [0.43812487137470835, 0.5618751286252917], [0.6348695116052923, 0.3651304883947077], [0.5763260477884106, 0.42367395221158943], [0.4207297795315662, 0.5792702204684338]]}}