{"test": {"ids": ["35", "36", "5", "42", "53", "54", "24", "13", "14", "12", "43", "51"], "labels": [0, 0, 0, 0, 1, 0, 0, 1, 1, 1, 1, 0], "predicted_labels": [0, 1, 0, 1, 1, 0, 1, 0, 0, 1, 1, 1], "confidence_scores": [[0.9714301815013401, 0.028569818498659954], [0.0008180583364642002, 0.9991819416635358], [0.9788587752099029, 0.021141224790097023], [0.1944765321311367, 0.8055234678688633], [0.06637087009118392, 0.9336291299088161], [0.9821530234721072, 0.01784697652789282], [0.009359602958278423, 0.9906403970417216], [0.9821238732653601, 0.01787612673463987], [0.9992126934988725, 0.0007873065011274804], [4.357674441313186e-05, 0.9999564232555869], [0.12290922823045869, 0.8770907717695413], [0.25907159908188204, 0.740928400918118]]}, "rewritten": {"ids": ["5", "12", "13", "14", "24", "35", "36", "42", "43", "51", "53", "54"], "labels": [0, 1, 1, 1, 0, 0, 0, 0, 1, 0, 1, 0], "predicted_labels": [0, 1, 0, 0, 1, 0, 1, 1, 1, 0, 1, 1], "confidence_scores": [[0.968790209524752, 0.03120979047524794], [1.0299651868606041e-05, 0.9999897003481314], [0.9925054036466398, 0.007494596353360251], [0.9981146730323927, 0.0018853269676073973], [0.01768856404165131, 0.9823114359583487], [0.9734509198262569, 0.026549080173743158], [0.002021402509299608, 0.9979785974907004], [0.030525693434271695, 0.9694743065657283], [0.3270585810822393, 0.6729414189177607], [0.6710588426017905, 0.32894115739820956], [0.19871666174124325, 0.8012833382587567], [0.33721399534049024, 0.6627860046595098]]}}