{"test": {"ids": ["27", "38", "11", "37", "43", "52", "1", "41", "44", "19", "53", "24"], "labels": [1, 0, 0, 1, 1, 1, 0, 1, 1, 0, 1, 0], "predicted_labels": [0, 1, 1, 0, 0, 1, 1, 1, 1, 0, 1, 1], "confidence_scores": [[0.6669837129460912, 0.3330162870539088], [0.0009139489143611401, 0.9990860510856389], [0.04875013664375771, 0.9512498633562423], [0.6056988059030557, 0.39430119409694425], [0.6324829665467031, 0.36751703345329684], [0.003426097575275344, 0.9965739024247247], [0.0417021415605473, 0.9582978584394527], [0.016146338699726037, 0.983853661300274], [0.24469996275547556, 0.7553000372445244], [0.7844723482890976, 0.2155276517109024], [0.1333405983499465, 0.8666594016500535], [0.2586904248403502, 0.7413095751596498]]}, "rewritten": {"ids": ["1", "11", "19", "24", "27", "37", "38", "41", "43", "44", "52", "53"], "labels": [0, 0, 0, 0, 1, 1, 0, 1, 1, 1, 1, 1], "predicted_labels": [1, 1, 0, 1, 0, 0, 1, 1, 0, 1, 1, 1], "confidence_scores": [[0.005923691928213515, 0.9940763080717865], [0.21622204636740983, 0.7837779536325902], [0.7192686621448209, 0.2807313378551791], [0.13273287992240834, 0.8672671200775917], [0.6110630748683664, 0.3889369251316336], [0.5895616732313991, 0.410438326768601], [0.050030724966864004, 0.949969275033136], [0.010792589316218626, 0.9892074106837814], [0.677641234713636, 0.322358765286364], [0.02349073199463747, 0.9765092680053625], [0.0027501807255937427, 0.9972498192744063], [0.12340799017902115, 0.8765920098209788]]}}