{"test": {"ids": ["52", "9", "37", "3", "30", "2", "4", "50", "53", "5", "14", "51"], "labels": [1, 0, 0, 1, 0, 0, 0, 1, 0, 1, 0, 0], "predicted_labels": [0, 1, 0, 1, 0, 0, 1, 0, 0, 1, 1, 1], "confidence_scores": [[0.9815667320124227, 0.018433267987577256], [0.3671286735215249, 0.6328713264784751], [0.9774440114525005, 0.022555988547499514], [0.15668787292682163, 0.8433121270731784], [0.9815667320124227, 0.018433267987577256], [0.9815667320124227, 0.018433267987577256], [0.06541446494227587, 0.9345855350577241], [0.9773952351702154, 0.02260476482978461], [0.5463422358675141, 0.453657764132486], [0.07567904622844057, 0.9243209537715594], [0.020921455220214047, 0.979078544779786], [0.04781888022055991, 0.9521811197794401]]}, "rewritten": {"ids": ["2", "3", "4", "5", "9", "14", "30", "37", "50", "51", "52", "53"], "labels": [0, 1, 0, 1, 0, 0, 0, 0, 1, 0, 1, 0], "predicted_labels": [0, 1, 1, 1, 1, 1, 1, 1, 0, 1, 1, 1], "confidence_scores": [[0.9756347470789493, 0.024365252921050688], [0.34938445887713543, 0.6506155411228646], [0.12100468387430607, 0.8789953161256939], [0.02597944898971183, 0.9740205510102882], [0.15633310687827873, 0.8436668931217213], [0.049189300985119866, 0.9508106990148801], [0.026119036263012374, 0.9738809637369876], [0.0612784058976974, 0.9387215941023026], [0.969608170298448, 0.03039182970155193], [0.03251116117325936, 0.9674888388267406], [0.06086252574187445, 0.9391374742581255], [0.06089406350702642, 0.9391059364929736]]}}