{"test": {"ids": ["34", "28", "20", "55", "49", "9", "45", "35", "43", "5", "32", "24"], "labels": [0, 1, 0, 0, 0, 1, 1, 0, 1, 0, 0, 0], "predicted_labels": [1, 1, 1, 1, 1, 1, 1, 1, 1, 1, 1, 1], "confidence_scores": [[0.3887205628650677, 0.6112794371349329], [0.41311938553362687, 0.5868806144663732], [0.4485512027703981, 0.5514487972296023], [0.32866110119670505, 0.6713388988032951], [0.44978706293706305, 0.5502129370629371], [0.32130603771014005, 0.6786939622898601], [0.3854573947294536, 0.6145426052705467], [0.43006016195706626, 0.5699398380429347], [0.4053338430403447, 0.5946661569596559], [0.41321768471466636, 0.5867823152853344], [0.4431578900373793, 0.5568421099626208], [0.495219736146207, 0.5047802638537929]]}, "rewritten": {"ids": ["5", "9", "20", "24", "28", "32", "34", "35", "43", "45", "49", "55"], "labels": [0, 1, 0, 0, 1, 0, 0, 0, 1, 1, 0, 0], "predicted_labels": [1, 1, 1, 1, 1, 1, 1, 1, 1, 1, 1, 1], "confidence_scores": [[0.4526469939589134, 0.547353006041087], [0.39927456949655116, 0.6007254305034491], [0.35955054268916514, 0.6404494573108349], [0.37915889698536787, 0.6208411030146324], [0.3578540282558859, 0.6421459717441145], [0.3867351226774603, 0.6132648773225401], [0.377005142879137, 0.6229948571208637], [0.3848649426510887, 0.6151350573489125], [0.4178418550747498, 0.5821581449252508], [0.39685740244447704, 0.6031425975555235], [0.46914725480917463, 0.5308527451908257], [0.3333235332263197, 0.6666764667736803]]}}