{"test": {"ids": ["22", "12", "55", "43", "49", "24", "20", "11", "39", "2", "25", "17"], "labels": [1, 0, 1, 0, 0, 1, 0, 0, 0, 0, 0, 0], "predicted_labels": [1, 1, 0, 1, 0, 1, 1, 0, 0, 1, 1, 0], "confidence_scores": [[0.49833365245865247, 0.5016663475413475], [0.4972739898989898, 0.50272601010101], [0.5355637626262627, 0.4644362373737374], [0.4805051366117542, 0.5194948633882458], [0.5535944749694752, 0.44640552503052483], [0.491722492784993, 0.508277507215007], [0.46224034992784996, 0.5377596500721501], [0.5361092755283933, 0.46389072447160673], [0.5805019841269841, 0.4194980158730159], [0.4992987012987013, 0.5007012987012986], [0.44429563492063506, 0.5557043650793649], [0.5532708333333334, 0.44672916666666657]]}, "rewritten": {"ids": ["2", "11", "17", "20", "22", "24", "25", "43", "49", "55"], "labels": [0, 0, 0, 0, 1, 1, 0, 0, 0, 1], "predicted_labels": [1, 0, 0, 0, 1, 1, 1, 1, 1, 0], "confidence_scores": [[0.49420866225278004, 0.50579133774722], [0.525714434258552, 0.474285565741448], [0.5156966991341991, 0.48430330086580087], [0.5205773809523808, 0.4794226190476191], [0.38396825396825407, 0.6160317460317462], [0.4342383658008658, 0.5657616341991342], [0.3968335137085138, 0.6031664862914863], [0.44147432428682426, 0.5585256757131756], [0.47700501867413636, 0.5229949813258636], [0.5362512626262624, 0.46374873737373745]]}}