{"test": {"ids": ["8", "44", "9", "2", "4", "11", "32", "38", "29", "33", "42"], "labels": [0, 1, 1, 1, 1, 0, 0, 0, 1, 0, 0], "predicted_labels": [1, 1, 1, 1, 1, 1, 1, 1, 1, 1, 1], "confidence_scores": [[0.5991184155325496, 0.40088158446745015], [0.434335819693413, 0.565664180306587], [0.5510382705703155, 0.4489617294296845], [0.43669144227812945, 0.5633085577218707], [0.5323257772283005, 0.46767422277169957], [0.5346572179207217, 0.46534278207927826], [0.4098344845272063, 0.5901655154727936], [0.5247953744133929, 0.47520462558660725], [0.5299968934575582, 0.4700031065424419], [0.47549303439722007, 0.52450696560278], [0.5320807412282895, 0.4679192587717106]]}, "rewritten": {"ids": ["2", "4", "8", "9", "11", "29", "32", "33", "38", "42", "44"], "labels": [1, 1, 0, 1, 0, 1, 0, 0, 0, 0, 1], "predicted_labels": [1, 1, 1, 1, 1, 1, 1, 1, 1, 1, 1], "confidence_scores": [[0.5749244353084244, 0.4250755646915754], [0.5483884442282606, 0.4516115557717393], [0.6773490837451364, 0.32265091625486353], [0.5794104025986826, 0.4205895974013174], [0.55195809428926, 0.44804190571074015], [0.5152945381456394, 0.48470546185436075], [0.5971345032444261, 0.402865496755574], [0.5556122864106379, 0.4443877135893622], [0.63111465787698, 0.3688853421230202], [0.543703302149586, 0.456296697850414], [0.5086939331371425, 0.4913060668628577]]}}