{"test": {"ids": ["36", "50", "53", "24", "48", "22", "51", "40", "19", "57", "34", "25"], "labels": [0, 1, 0, 0, 0, 1, 0, 0, 0, 1, 0, 1], "predicted_labels": [1, 1, 1, 1, 0, 1, 1, 0, 0, 1, 1, 0], "confidence_scores": [[0.3254378222539056, 0.6745621777460944], [0.3042224400307353, 0.6957775599692647], [0.26044949207684387, 0.7395505079231561], [0.3999641045471348, 0.6000358954528652], [0.6054327230399386, 0.39456727696006144], [0.21407311704644083, 0.7859268829535592], [0.46663824896847916, 0.5333617510315208], [0.8338778897638099, 0.1661221102361901], [0.5445779583887369, 0.4554220416112631], [0.3212171081876335, 0.6787828918123665], [0.30576580459293445, 0.6942341954070655], [0.5648121696689206, 0.43518783033107944]]}, "rewritten": {"ids": ["19", "22", "24", "25", "34", "36", "40", "48", "50", "51", "53", "57"], "labels": [0, 1, 0, 1, 0, 0, 0, 0, 1, 0, 0, 1], "predicted_labels": [1, 1, 1, 0, 1, 1, 0, 1, 1, 1, 1, 1], "confidence_scores": [[0.34652948740926826, 0.6534705125907317], [0.4395914183338393, 0.5604085816661607], [0.48148986851539755, 0.5185101314846025], [0.5447159490407791, 0.45528405095922087], [0.23248629532774956, 0.7675137046722504], [0.2067028549361407, 0.7932971450638593], [0.6399609891436435, 0.36003901085635653], [0.43386442052000185, 0.5661355794799982], [0.2843800610395347, 0.7156199389604653], [0.34369105258543675, 0.6563089474145632], [0.44267150980681946, 0.5573284901931805], [0.40432284637715776, 0.5956771536228422]]}}