{"test": {"ids": ["17", "43", "3", "27", "11", "23", "28", "12", "36", "19", "40", "37"], "labels": [1, 1, 1, 1, 0, 0, 1, 1, 0, 0, 0, 1], "predicted_labels": [1, 0, 1, 1, 1, 1, 0, 0, 0, 0, 0, 1], "confidence_scores": [[0.4159865245865248, 0.5840134754134751], [0.513465354775084, 0.48653464522491613], [0.4974180742176638, 0.5025819257823361], [0.43714043017096416, 0.5628595698290357], [0.4041173653845868, 0.5958826346154129], [0.451198613886114, 0.548801386113886], [0.5374420393435259, 0.4625579606564743], [0.5551664090670827, 0.4448335909329178], [0.5356221521097295, 0.46437784789027037], [0.5275105207528972, 0.472489479247103], [0.5918251377965003, 0.4081748622034999], [0.457690577408201, 0.5423094225917989]]}}