{"test": {"ids": ["57", "3", "16", "6", "12", "22", "27", "23", "4", "51", "45", "56"], "labels": [1, 1, 1, 0, 1, 1, 1, 1, 1, 0, 1, 0], "predicted_labels": [1, 1, 0, 1, 1, 0, 1, 0, 0, 0, 1, 1], "confidence_scores": [[0.09884392771120958, 0.9011560722887905], [0.22107226704249752, 0.7789277329575024], [0.6871990067490807, 0.3128009932509191], [0.16562457315744203, 0.834375426842558], [0.10127814557002214, 0.8987218544299777], [0.9634996094630106, 0.03650039053698935], [0.30963548643901023, 0.6903645135609897], [0.8825351956603879, 0.11746480433961198], [0.8089312269944945, 0.19106877300550554], [0.6408902357177476, 0.35910976428225233], [0.40405269620352524, 0.595947303796475], [0.3869133631739289, 0.6130866368260711]]}, "rewritten": {"ids": ["3", "4", "6", "12", "16", "22", "23", "27", "45", "51", "56", "57"], "labels": [1, 1, 0, 1, 1, 1, 1, 1, 1, 0, 0, 1], "predicted_labels": [1, 0, 1, 1, 0, 0, 0, 1, 1, 0, 1, 1], "confidence_scores": [[0.3593492385269377, 0.6406507614730623], [0.779714709509745, 0.220285290490255], [0.24401096257832072, 0.7559890374216793], [0.06289033914090485, 0.9371096608590952], [0.8164839827455723, 0.18351601725442773], [0.8579535484247401, 0.14204645157525977], [0.936220744288545, 0.0637792557114551], [0.2771588492882536, 0.7228411507117464], [0.4418710155869093, 0.5581289844130906], [0.8615869644388615, 0.1384130355611384], [0.27560944117249403, 0.7243905588275062], [0.09698537532843647, 0.9030146246715635]]}}