{"test": {"ids": ["25", "49", "3", "47", "11", "30", "51", "2", "37", "34", "15", "57"], "labels": [1, 0, 1, 1, 0, 1, 0, 0, 1, 0, 0, 1], "predicted_labels": [0, 0, 1, 1, 1, 0, 1, 0, 1, 1, 0, 1], "confidence_scores": [[0.9202862134292106, 0.07971378657078947], [0.8302153714906005, 0.1697846285093996], [0.38637021462894966, 0.6136297853710503], [0.3609163491950654, 0.6390836508049346], [0.5, 0.5], [0.809257600704668, 0.19074239929533196], [0.4172161081037509, 0.582783891896249], [0.6621231802637437, 0.3378768197362563], [0.35306417039603094, 0.6469358296039691], [0.4837037346220705, 0.5162962653779294], [0.5749017410556758, 0.4250982589443243], [0.5, 0.5]]}, "rewritten": {"ids": ["2", "3", "11", "15", "25", "30", "34", "37", "47", "49", "51", "57"], "labels": [0, 1, 0, 0, 1, 1, 0, 1, 1, 0, 0, 1], "predicted_labels": [0, 1, 1, 1, 1, 0, 1, 0, 1, 0, 1, 1], "confidence_scores": [[0.7385723849275652, 0.2614276150724349], [0.131862957984405, 0.8681370420155948], [0.06557647326282137, 0.9344235267371787], [0.14417616302665517, 0.8558238369733447], [0.3086549820153409, 0.691345017984659], [0.7641740002293386, 0.23582599977066135], [0.40981523599634895, 0.5901847640036508], [0.6213391400783967, 0.37866085992160337], [0.17728090853350612, 0.8227190914664939], [0.8715331013125575, 0.12846689868744263], [0.11987308698824702, 0.880126913011753], [0.43716307116656544, 0.5628369288334346]]}}