{"test": {"ids": ["3", "24", "35", "38", "15", "13", "29", "52", "44", "46", "51", "36"], "labels": [1, 0, 0, 1, 0, 1, 1, 0, 0, 0, 0, 0], "predicted_labels": [1, 1, 1, 1, 1, 1, 1, 0, 1, 0, 0, 1], "confidence_scores": [[0.1327970872763008, 0.8672029127236992], [0.21179725077346923, 0.7882027492265308], [0.3342223789120584, 0.6657776210879416], [0.07305350564072466, 0.9269464943592753], [0.08824283494962581, 0.9117571650503742], [0.005739896162623381, 0.9942601038373766], [0.07041099265803119, 0.9295890073419688], [0.6469293126599326, 0.3530706873400674], [0.49937689520121253, 0.5006231047987875], [0.9685471148228372, 0.031452885177162854], [0.8589205328334358, 0.1410794671665642], [0.07108585233439468, 0.9289141476656053]]}, "rewritten": {"ids": ["3", "13", "15", "24", "29", "35", "36", "38", "44", "46", "51", "52"], "labels": [1, 1, 0, 0, 1, 0, 0, 1, 0, 0, 0, 0], "predicted_labels": [1, 1, 0, 0, 0, 1, 1, 1, 0, 0, 0, 1], "confidence_scores": [[0.08655155874218745, 0.9134484412578125], [0.4118702248953676, 0.5881297751046324], [0.6536123205045914, 0.34638767949540855], [0.9059087319844543, 0.09409126801554567], [0.5388948060780496, 0.4611051939219504], [0.13067101697623118, 0.8693289830237688], [0.4979674436946281, 0.5020325563053719], [0.32214859899621884, 0.6778514010037812], [0.7357434982386858, 0.2642565017613142], [0.6382125823909695, 0.3617874176090305], [0.8318220674780292, 0.16817793252197072], [0.1570136037870945, 0.8429863962129055]]}}