{"test": {"ids": ["12", "24", "37", "33", "45", "5", "6", "38", "44", "17", "8", "55"], "labels": [0, 1, 0, 1, 1, 1, 1, 0, 0, 0, 1, 1], "predicted_labels": [1, 0, 1, 0, 1, 1, 0, 1, 1, 0, 0, 0], "confidence_scores": [[0.060650084491206235, 0.9393499155087938], [0.7204721863047445, 0.2795278136952555], [0.045951677048876816, 0.9540483229511232], [0.9774481628375644, 0.022551837162435622], [0.10035651109199806, 0.8996434889080019], [0.44310081192043227, 0.5568991880795677], [0.9345479699056878, 0.06545203009431227], [0.06864452876667915, 0.9313554712333209], [0.3034934340398219, 0.6965065659601781], [0.9766507526281756, 0.023349247371824457], [0.9328275548727594, 0.06717244512724066], [0.9059109334622162, 0.09408906653778376]]}, "rewritten": {"ids": ["5", "6", "8", "12", "17", "24", "33", "37", "38", "44", "45", "55"], "labels": [1, 1, 1, 0, 0, 1, 1, 0, 0, 0, 1, 1], "predicted_labels": [0, 0, 1, 1, 1, 0, 0, 1, 1, 1, 0, 0], "confidence_scores": [[0.9629596149928511, 0.03704038500714887], [0.5106086950122899, 0.48939130498771016], [0.4747017382381036, 0.5252982617618964], [0.0808873984065841, 0.9191126015934159], [0.1066636005199667, 0.8933363994800333], [0.5485273978953433, 0.4514726021046566], [0.7204721863047445, 0.2795278136952555], [0.03887571475002338, 0.9611242852499766], [0.040334327514090496, 0.9596656724859095], [0.03156215492903813, 0.9684378450709619], [0.9246244791085115, 0.07537552089148845], [0.6939613215123352, 0.3060386784876647]]}}