{"test": {"ids": ["30", "21", "57", "55", "0", "11", "9", "25", "38", "43", "50"], "labels": [1, 1, 1, 1, 1, 0, 1, 1, 1, 1, 1], "predicted_labels": [0, 0, 1, 1, 1, 0, 0, 1, 0, 1, 0], "confidence_scores": [[0.9885219786846404, 0.011478021315359537], [0.8395397321675862, 0.1604602678324138], [0.4370147665569629, 0.5629852334430371], [0.059694216493008656, 0.9403057835069913], [0.29208158656923455, 0.7079184134307654], [0.9319027684956895, 0.06809723150431046], [0.6285614870673493, 0.3714385129326508], [0.36406304851134363, 0.6359369514886564], [0.516727003113663, 0.48327299688633696], [0.4719919053759887, 0.5280080946240113], [0.843755549532681, 0.15624445046731908]]}, "rewritten": {"ids": ["0", "9", "11", "21", "25", "30", "38", "43", "50", "55", "57"], "labels": [1, 1, 0, 1, 1, 1, 1, 1, 1, 1, 1], "predicted_labels": [0, 0, 0, 0, 0, 0, 1, 0, 0, 1, 0], "confidence_scores": [[0.9110252209767882, 0.08897477902321181], [0.8779552244881498, 0.12204477551185026], [0.8623620188722948, 0.1376379811277052], [0.9389340720384493, 0.06106592796155072], [0.5051619243607484, 0.4948380756392517], [0.9678763342404347, 0.03212366575956529], [0.19423755876024906, 0.8057624412397509], [0.847787749747715, 0.152212250252285], [0.9168714482748122, 0.08312855172518789], [0.14686270821164293, 0.8531372917883571], [0.5204231894534946, 0.47957681054650536]]}}