{"test": {"ids": ["53", "50", "23", "56", "32", "11", "16", "58", "4", "41", "54", "21"], "labels": [1, 1, 0, 0, 0, 0, 1, 1, 1, 1, 0, 0], "predicted_labels": [0, 1, 1, 1, 0, 1, 1, 1, 0, 1, 1, 1], "confidence_scores": [[0.5069219807969808, 0.4930780192030192], [0.4857293956043955, 0.5142706043956046], [0.48710119047619044, 0.5128988095238096], [0.34774432511932524, 0.6522556748806748], [0.5656738261738261, 0.4343261738261739], [0.45795193695193687, 0.5420480630480631], [0.46768111055611045, 0.5323188894438894], [0.3967398226773228, 0.6032601773226771], [0.5042789640914641, 0.495721035908536], [0.476733336108336, 0.523266663891664], [0.4648787323787323, 0.5351212676212677], [0.4414768217893218, 0.5585231782106781]]}, "rewritten": {"ids": ["4", "11", "16", "21", "23", "32", "41", "50", "53", "54", "56", "58"], "labels": [1, 0, 1, 0, 0, 0, 1, 1, 1, 0, 0, 1], "predicted_labels": [0, 1, 1, 1, 0, 0, 1, 1, 0, 1, 1, 1], "confidence_scores": [[0.5386530483405483, 0.46134695165945167], [0.394974025974026, 0.6050259740259739], [0.4335202158952158, 0.5664797841047844], [0.4624333513708514, 0.5375666486291486], [0.5071199356199356, 0.49288006438006443], [0.5421907814407813, 0.4578092185592185], [0.48777442002441984, 0.5122255799755802], [0.4933467643467642, 0.5066532356532357], [0.5413277347652345, 0.4586722652347654], [0.4475216450216451, 0.5524783549783548], [0.3362251221001221, 0.663774877899878], [0.465624923687424, 0.5343750763125761]]}}