{"test": {"ids": ["14", "45", "29", "17", "0", "47", "9", "33", "20", "38", "6", "48"], "labels": [1, 1, 1, 1, 1, 1, 1, 0, 1, 1, 0, 0], "predicted_labels": [0, 0, 0, 0, 0, 0, 0, 0, 0, 0, 0, 1], "confidence_scores": [[0.846692352681067, 0.15330764731893295], [0.6343547905563015, 0.3656452094436985], [0.6031729597181181, 0.3968270402818818], [0.840012306611133, 0.15998769338886698], [0.8941053362548224, 0.10589466374517767], [0.6488678617130802, 0.3511321382869198], [0.5254519937818038, 0.4745480062181962], [0.8555036132829488, 0.14449638671705128], [0.6089186736594872, 0.3910813263405129], [0.6839656852173956, 0.3160343147826043], [0.8875196901569451, 0.11248030984305486], [0.4676659762317913, 0.5323340237682087]]}, "rewritten": {"ids": ["0", "6", "9", "14", "17", "20", "29", "33", "38", "45", "47", "48"], "labels": [1, 0, 1, 1, 1, 1, 1, 0, 1, 1, 1, 0], "predicted_labels": [0, 0, 0, 0, 0, 0, 0, 1, 1, 1, 0, 0], "confidence_scores": [[0.5269138443121195, 0.47308615568788054], [0.6100238441992873, 0.38997615580071265], [0.6975713654219526, 0.3024286345780474], [0.7280599499441127, 0.27194005005588734], [0.6640467711220128, 0.33595322887798723], [0.6463584216370484, 0.35364157836295157], [0.6819493358681705, 0.31805066413182953], [0.47244100708460535, 0.5275589929153947], [0.12857768715167617, 0.8714223128483238], [0.31831956436650943, 0.6816804356334906], [0.9132087583720444, 0.0867912416279556], [0.6786344531431605, 0.3213655468568395]]}}