{"test": {"ids": ["11", "51", "37", "50", "20", "1", "10", "8", "2", "0", "58", "34"], "labels": [0, 0, 1, 1, 1, 0, 1, 1, 0, 1, 0, 0], "predicted_labels": [1, 0, 1, 1, 0, 1, 1, 0, 0, 1, 1, 1], "confidence_scores": [[0.27160953527412357, 0.7283904647258764], [0.9480911502320307, 0.05190884976796923], [0.13229186243061974, 0.8677081375693803], [0.15879055994616809, 0.8412094400538319], [0.676946102958689, 0.323053897041311], [0.2385081609105918, 0.7614918390894082], [0.037799587392459144, 0.9622004126075409], [0.6508446973453986, 0.3491553026546014], [0.6887606309806142, 0.3112393690193858], [0.1100431342371212, 0.8899568657628788], [0.18324928459108392, 0.8167507154089161], [0.30717227692243576, 0.6928277230775642]]}, "rewritten": {"ids": ["0", "1", "2", "8", "10", "11", "20", "34", "37", "50", "51", "58"], "labels": [1, 0, 0, 1, 1, 0, 1, 0, 1, 1, 0, 0], "predicted_labels": [1, 1, 0, 1, 1, 1, 1, 1, 0, 1, 0, 0], "confidence_scores": [[0.009029174102830217, 0.9909708258971698], [0.3055564149366927, 0.6944435850633073], [0.8144650945002814, 0.18553490549971866], [0.09501457352391796, 0.904985426476082], [0.04236719731745531, 0.9576328026825447], [0.1596822915629944, 0.8403177084370056], [0.044538511698469785, 0.9554614883015302], [0.4957011658774598, 0.5042988341225402], [0.525800848145292, 0.474199151854708], [0.06404950873923321, 0.9359504912607668], [0.9741036824699064, 0.025896317530093593], [0.5032468292301698, 0.49675317076983017]]}}