{"test": {"ids": ["57", "11", "40", "32", "2", "20", "54", "46", "42", "4", "48", "47"], "labels": [0, 0, 1, 0, 0, 0, 1, 0, 0, 0, 1, 1], "predicted_labels": [0, 0, 1, 1, 0, 1, 0, 0, 0, 0, 0, 0], "confidence_scores": [[0.519096514837328, 0.48090348516267195], [0.4675969886269977, 0.5324030113730024], [0.6390382803611439, 0.36096171963885626], [0.6933017741058184, 0.30669822589418166], [0.4327001935461897, 0.5672998064538103], [0.6533134856110562, 0.34668651438894377], [0.5650854550733513, 0.4349145449266489], [0.5, 0.5], [0.5232675317540603, 0.4767324682459398], [0.5454373646478639, 0.45456263535213615], [0.41386154062468766, 0.5861384593753123], [0.5582702691977486, 0.44172973080225125]]}, "rewritten": {"ids": ["2", "4", "11", "20", "32", "40", "42", "46", "47", "48", "54", "57"], "labels": [0, 0, 0, 0, 0, 1, 0, 0, 1, 1, 1, 0], "predicted_labels": [0, 1, 1, 1, 0, 0, 0, 0, 1, 0, 1, 0], "confidence_scores": [[0.46188630110385637, 0.5381136988961437], [0.6613505910647248, 0.3386494089352752], [0.6682847562873292, 0.3317152437126708], [0.6646792983358231, 0.33532070166417693], [0.5731455515181034, 0.4268544484818966], [0.5191080352293288, 0.4808919647706712], [0.5578886679895797, 0.4421113320104204], [0.5971862893720561, 0.4028137106279439], [0.6549957588146446, 0.34500424118535544], [0.5116942667501019, 0.4883057332498982], [0.6339129219480405, 0.36608707805195956], [0.5874133350820882, 0.4125866649179118]]}}