{"test": {"ids": ["15", "23", "58", "14", "28", "19", "25", "32", "18", "39", "56", "1"], "labels": [0, 0, 1, 1, 1, 0, 1, 0, 1, 1, 0, 0], "predicted_labels": [1, 0, 0, 0, 1, 1, 0, 0, 0, 0, 0, 1], "confidence_scores": [[0.3422093531122259, 0.6577906468877741], [0.6139348196199764, 0.3860651803800236], [0.5860793800098834, 0.4139206199901166], [0.6139322559066227, 0.3860677440933773], [0.4544710411834071, 0.5455289588165929], [0.377905955480471, 0.622094044519529], [0.5860793800098834, 0.4139206199901166], [0.5762999396013626, 0.4237000603986374], [0.5352154317775111, 0.464784568222489], [0.6139322559066227, 0.3860677440933773], [0.5860793800098834, 0.4139206199901166], [0.42007841481677444, 0.5799215851832256]]}, "rewritten": {"ids": ["1", "14", "15", "18", "19", "23", "25", "28", "32", "39", "56", "58"], "labels": [0, 1, 0, 1, 0, 0, 1, 1, 0, 1, 0, 1], "predicted_labels": [1, 1, 1, 0, 1, 0, 1, 1, 0, 0, 1, 1], "confidence_scores": [[0.42011203876175196, 0.579887961238248], [0.36901840762736027, 0.6309815923726397], [0.40902973676207033, 0.5909702632379297], [0.5860793800098834, 0.4139206199901166], [0.377905955480471, 0.622094044519529], [0.5677646169690608, 0.4322353830309392], [0.3709124840902489, 0.6290875159097511], [0.38037095432051793, 0.6196290456794821], [0.5672481786008936, 0.43275182139910634], [0.5860793800098834, 0.4139206199901166], [0.3422093531122259, 0.6577906468877741], [0.38040348480413844, 0.6195965151958616]]}}