{"test": {"ids": ["3", "28", "1", "11", "54", "2", "36", "19", "24", "58", "33", "12"], "labels": [0, 0, 0, 0, 0, 1, 0, 0, 0, 0, 0, 1], "predicted_labels": [1, 1, 1, 1, 1, 1, 1, 1, 1, 1, 1, 1], "confidence_scores": [[0.31217601566623643, 0.6878239843337636], [0.31217601566623643, 0.6878239843337636], [0.31217601566623643, 0.6878239843337636], [0.31217601566623643, 0.6878239843337636], [0.32096329386325373, 0.6790367061367463], [0.31217601566623643, 0.6878239843337636], [0.31217601566623643, 0.6878239843337636], [0.31217601566623643, 0.6878239843337636], [0.31217601566623643, 0.6878239843337636], [0.31217601566623643, 0.6878239843337636], [0.45150066195373495, 0.548499338046265], [0.31217601566623643, 0.6878239843337636]]}, "rewritten": {"ids": ["1", "2", "3", "11", "12", "19", "24", "28", "33", "36", "54", "58"], "labels": [0, 1, 0, 0, 1, 0, 0, 0, 0, 0, 0, 0], "predicted_labels": [1, 1, 1, 1, 1, 1, 1, 1, 1, 1, 1, 1], "confidence_scores": [[0.31217601566623643, 0.6878239843337636], [0.31217601566623643, 0.6878239843337636], [0.31217601566623643, 0.6878239843337636], [0.31217601566623643, 0.6878239843337636], [0.31217601566623643, 0.6878239843337636], [0.31217601566623643, 0.6878239843337636], [0.31217601566623643, 0.6878239843337636], [0.31217601566623643, 0.6878239843337636], [0.31217601566623643, 0.6878239843337636], [0.31217601566623643, 0.6878239843337636], [0.37418730255748145, 0.6258126974425186], [0.31217601566623643, 0.6878239843337636]]}}