{"test": {"ids": ["12", "10", "27", "32", "28", "20", "22", "47", "8", "51", "53", "52"], "labels": [0, 0, 1, 0, 1, 0, 1, 1, 1, 0, 0, 1], "predicted_labels": [0, 1, 0, 0, 0, 0, 1, 0, 0, 0, 1, 0], "confidence_scores": [[0.8976940984336798, 0.1023059015663202], [0.14043823419282375, 0.8595617658071762], [0.9167589397183032, 0.08324106028169673], [0.9167589397183032, 0.08324106028169673], [0.8796568656725001, 0.1203431343274999], [0.8796568656725001, 0.1203431343274999], [0.19120372050355605, 0.808796279496444], [0.8619827132060843, 0.1380172867939157], [0.897034353384567, 0.10296564661543291], [0.8796568656725001, 0.1203431343274999], [0.18669207665460175, 0.8133079233453983], [0.8921821220617075, 0.10781787793829245]]}, "rewritten": {"ids": ["8", "10", "12", "20", "22", "27", "28", "32", "47", "51", "52"], "labels": [1, 0, 0, 0, 1, 1, 1, 0, 1, 0, 1], "predicted_labels": [1, 1, 1, 0, 0, 0, 0, 0, 0, 0, 0], "confidence_scores": [[0.14141727242332114, 0.8585827275766789], [0.23009009639628064, 0.7699099036037194], [0.3468676752257852, 0.6531323247742148], [0.834774407573408, 0.16522559242659196], [0.897034353384567, 0.10296564661543291], [0.8796568656725001, 0.1203431343274999], [0.8796568656725001, 0.1203431343274999], [0.8387800672646875, 0.16121993273531257], [0.8868637069359436, 0.11313629306405641], [0.8796568656725001, 0.1203431343274999], [0.8459662548031117, 0.15403374519688826]]}}