{"test": {"ids": ["10", "7", "3", "25", "52", "45", "50", "35", "51", "54", "21", "55"], "labels": [1, 0, 1, 1, 0, 1, 1, 0, 0, 0, 0, 0], "predicted_labels": [1, 1, 1, 1, 1, 1, 1, 1, 0, 1, 1, 1], "confidence_scores": [[0.2802736029297709, 0.7197263970702291], [0.3940256220992906, 0.6059743779007094], [0.10105336067230186, 0.8989466393276981], [0.40187238487836374, 0.5981276151216363], [0.3046516759767388, 0.6953483240232612], [0.42810064529218983, 0.5718993547078102], [0.23847562832537894, 0.7615243716746211], [0.29995265158310414, 0.7000473484168959], [0.5317119440416186, 0.4682880559583814], [0.1530646142218236, 0.8469353857781764], [0.13070181031201744, 0.8692981896879826], [0.2600621712899047, 0.7399378287100953]]}, "rewritten": {"ids": ["3", "7", "10", "21", "25", "35", "45", "50", "51", "52", "54", "55"], "labels": [1, 0, 1, 0, 1, 0, 1, 1, 0, 0, 0, 0], "predicted_labels": [1, 1, 1, 1, 1, 1, 1, 1, 1, 1, 1, 1], "confidence_scores": [[0.12266221124703136, 0.8773377887529686], [0.2787871668100953, 0.7212128331899047], [0.24565426673669555, 0.7543457332633045], [0.30267009620561713, 0.6973299037943829], [0.2518670755235394, 0.7481329244764606], [0.23580234639997844, 0.7641976536000216], [0.4397809445572799, 0.5602190554427201], [0.34035025839289457, 0.6596497416071054], [0.35419465133718686, 0.6458053486628131], [0.3959618953420535, 0.6040381046579465], [0.1449781104307637, 0.8550218895692363], [0.36778475378187914, 0.6322152462181209]]}}