{"test": {"ids": ["18", "20", "29", "56", "7", "39", "48", "6", "32", "43", "17", "58"], "labels": [1, 0, 1, 0, 0, 1, 0, 1, 0, 1, 1, 1], "predicted_labels": [1, 1, 1, 1, 1, 1, 1, 1, 1, 1, 1, 1], "confidence_scores": [[0.6133545512669403, 0.38664544873305995], [0.6161191448724196, 0.38388085512758047], [0.6150013409923505, 0.38499865900764974], [0.6149809539730923, 0.3850190460269077], [0.615358541409216, 0.38464145859078414], [0.612234680093101, 0.3877653199068989], [0.6146472073375934, 0.38535279266240663], [0.6167986599375913, 0.3832013400624087], [0.6093924625444141, 0.3906075374555857], [0.61390115760821, 0.38609884239179004], [0.6192658325239057, 0.38073416747609423], [0.6121085584515323, 0.38789144154846755]]}, "rewritten": {"ids": ["6", "7", "17", "18", "20", "29", "32", "39", "43", "48", "56", "58"], "labels": [1, 0, 1, 1, 0, 1, 0, 1, 1, 0, 0, 1], "predicted_labels": [1, 1, 1, 1, 1, 1, 1, 1, 1, 1, 1, 1], "confidence_scores": [[0.6142695758360148, 0.3857304241639852], [0.6132777061515681, 0.3867222938484319], [0.6172859441160128, 0.3827140558839872], [0.6123550793110055, 0.3876449206889944], [0.6159201271639677, 0.38407987283603234], [0.6148840063606243, 0.3851159936393756], [0.6090287784903862, 0.39097122150961383], [0.6107173476623805, 0.3892826523376194], [0.612656367359289, 0.3873436326407112], [0.6161855423347161, 0.38381445766528394], [0.615091251824574, 0.384908748175426], [0.61205923424075, 0.38794076575924985]]}}