{"test": {"ids": ["38", "9", "22", "13", "12", "37", "42", "39", "57", "1", "56", "3"], "labels": [0, 1, 1, 1, 1, 1, 0, 1, 1, 0, 0, 0], "predicted_labels": [1, 1, 1, 0, 1, 0, 0, 1, 1, 1, 1, 1], "confidence_scores": [[0.033120047266279706, 0.9668799527337203], [0.013065380793570669, 0.9869346192064293], [0.15829019463709193, 0.8417098053629081], [0.8285571004009151, 0.1714428995990849], [0.06226746584785958, 0.9377325341521404], [0.6349214560667211, 0.3650785439332789], [0.5745619850297948, 0.42543801497020517], [0.1611948580194439, 0.8388051419805561], [0.12881621120254327, 0.8711837887974567], [0.051848308046972935, 0.9481516919530271], [0.018926245383558027, 0.981073754616442], [0.16579232546618228, 0.8342076745338177]]}, "rewritten": {"ids": ["1", "3", "9", "12", "13", "22", "37", "38", "39", "42", "56", "57"], "labels": [0, 0, 1, 1, 1, 1, 1, 0, 1, 0, 0, 1], "predicted_labels": [1, 1, 1, 1, 0, 0, 0, 1, 1, 1, 1, 1], "confidence_scores": [[0.07280934086377033, 0.9271906591362297], [0.10439710439990924, 0.8956028956000908], [0.007446163850830634, 0.9925538361491694], [0.10607626465062481, 0.8939237353493752], [0.8125206659544189, 0.1874793340455812], [0.5628518090886463, 0.43714819091135376], [0.6091251398216584, 0.39087486017834155], [0.0026003269843634103, 0.9973996730156366], [0.09760351880805163, 0.9023964811919484], [0.3837579845234891, 0.6162420154765109], [0.03472935906645569, 0.9652706409335443], [0.0712157365878614, 0.9287842634121386]]}}