{"test": {"ids": ["18", "7", "20", "5", "10", "19", "36", "27", "58", "17", "55", "50"], "labels": [0, 1, 0, 1, 0, 1, 1, 1, 0, 0, 1, 1], "predicted_labels": [0, 0, 0, 0, 0, 1, 0, 0, 0, 0, 0, 0], "confidence_scores": [[0.9841045862273092, 0.015895413772690777], [0.9770775516856364, 0.022922448314363627], [0.9555375657215404, 0.044462434278459674], [0.9436273547578873, 0.05637264524211272], [0.9760436582692088, 0.02395634173079115], [0.023346650367225052, 0.976653349632775], [0.9647445491397816, 0.03525545086021842], [0.9841045862273092, 0.015895413772690777], [0.9691290525222508, 0.03087094747774922], [0.9841045862273092, 0.015895413772690777], [0.9621401040138716, 0.037859895986128336], [0.9841045862273092, 0.015895413772690777]]}, "rewritten": {"ids": ["5", "7", "10", "17", "18", "19", "20", "27", "36", "50", "55", "58"], "labels": [1, 1, 0, 0, 0, 1, 0, 1, 1, 1, 1, 0], "predicted_labels": [0, 0, 0, 0, 0, 1, 0, 0, 0, 0, 0, 0], "confidence_scores": [[0.9436273547578873, 0.05637264524211272], [0.9770775516856364, 0.022922448314363627], [0.9795456561701394, 0.02045434382986051], [0.944263564471867, 0.05573643552813305], [0.9757895921248473, 0.02421040787515271], [0.023346650367225052, 0.976653349632775], [0.9535240233562646, 0.0464759766437354], [0.975151159385833, 0.024848840614167055], [0.9647445491397816, 0.03525545086021842], [0.9841045862273092, 0.015895413772690777], [0.9604476465788563, 0.03955235342114375], [0.9621401040138716, 0.037859895986128336]]}}