{"test": {"ids": ["32", "20", "22", "30", "55", "53", "24", "45", "50", "34", "41", "35"], "labels": [0, 0, 1, 1, 0, 1, 0, 1, 1, 0, 1, 0], "predicted_labels": [1, 1, 1, 0, 1, 0, 0, 1, 1, 1, 1, 1], "confidence_scores": [[0.5473925090540962, 0.45260749094590386], [0.44281275026171807, 0.5571872497382819], [0.34608324465039386, 0.6539167553496061], [0.5655227427884999, 0.43447725721150016], [0.27568434230910965, 0.7243156576908906], [0.828177697839109, 0.17182230216089098], [0.8988784168596957, 0.10112158314030431], [0.5, 0.5], [0.4550509862306693, 0.5449490137693306], [0.29638684003508353, 0.7036131599649164], [0.35314969684296166, 0.6468503031570384], [0.4880678009556524, 0.5119321990443474]]}}