{"test": {"ids": ["23", "52", "46", "35", "22", "7", "6", "16", "14", "44", "9", "49"], "labels": [0, 1, 0, 0, 1, 1, 1, 1, 0, 0, 0, 0], "predicted_labels": [1, 0, 0, 1, 1, 0, 0, 0, 1, 1, 0, 1], "confidence_scores": [[0.315544656484418, 0.684455343515582], [0.8648650654379072, 0.1351349345620928], [0.9589736986443503, 0.041026301355649684], [0.03340269366650894, 0.9665973063334911], [0.1418989284795209, 0.8581010715204791], [0.9785291725445288, 0.021470827455471242], [0.71558226848292, 0.28441773151708005], [0.762343684593672, 0.23765631540632806], [0.4457469311561564, 0.5542530688438436], [0.0832974019314785, 0.9167025980685215], [0.9789202030023878, 0.021079796997612154], [0.46515605945413563, 0.5348439405458644]]}, "rewritten": {"ids": ["6", "7", "9", "14", "16", "22", "23", "35", "44", "46", "49", "52"], "labels": [1, 1, 0, 0, 1, 1, 0, 0, 0, 0, 0, 1], "predicted_labels": [0, 0, 0, 0, 0, 1, 1, 1, 1, 0, 1, 0], "confidence_scores": [[0.7755906944040944, 0.22440930559590555], [0.9739101311088594, 0.026089868891140594], [0.9704825997779699, 0.029517400222030123], [0.6701315323577601, 0.3298684676422399], [0.8448580214654523, 0.15514197853454773], [0.05296307625268737, 0.9470369237473126], [0.4167154023049361, 0.5832845976950639], [0.03879064532544452, 0.9612093546745555], [0.08178587729578235, 0.9182141227042177], [0.9294147287901691, 0.07058527120983091], [0.03190401982332469, 0.9680959801766753], [0.5647593904183461, 0.4352406095816539]]}}