{"test": {"ids": ["45", "25", "29", "0", "53", "28", "33", "11", "1", "22", "58", "50"], "labels": [1, 0, 1, 0, 1, 0, 0, 0, 0, 1, 0, 1], "predicted_labels": [0, 1, 1, 1, 1, 0, 0, 1, 1, 0, 1, 1], "confidence_scores": [[0.5018755079993024, 0.49812449200069764], [0.28094025099539965, 0.7190597490046003], [0.26785890055292094, 0.7321410994470791], [0.2607574681177811, 0.7392425318822189], [0.44142918280929766, 0.5585708171907023], [0.5411170210898246, 0.4588829789101753], [0.8613904881450639, 0.13860951185493606], [0.25069766722979314, 0.7493023327702069], [0.36954346925308235, 0.6304565307469177], [0.54969481443628, 0.45030518556372], [0.1941225097940703, 0.8058774902059297], [0.23690991181736598, 0.763090088182634]]}, "rewritten": {"ids": ["0", "1", "11", "22", "25", "28", "29", "33", "45", "50", "53", "58"], "labels": [0, 0, 0, 1, 0, 0, 1, 0, 1, 1, 1, 0], "predicted_labels": [1, 1, 1, 1, 1, 0, 1, 0, 0, 1, 1, 1], "confidence_scores": [[0.13502267366839282, 0.8649773263316072], [0.44468774330946337, 0.5553122566905366], [0.21855929892690318, 0.7814407010730968], [0.3757342875368328, 0.6242657124631672], [0.25487661781141435, 0.7451233821885856], [0.5792831307546701, 0.4207168692453299], [0.16643956138759142, 0.8335604386124086], [0.6460981088768755, 0.35390189112312453], [0.5208498455453057, 0.4791501544546943], [0.1026189952783726, 0.8973810047216274], [0.34053944497762434, 0.6594605550223757], [0.13135984718877358, 0.8686401528112264]]}}