{"test": {"ids": ["43", "29", "14", "15", "24", "36", "44", "22", "32", "54", "13", "19"], "labels": [1, 1, 1, 0, 0, 0, 0, 1, 0, 0, 1, 0], "predicted_labels": [1, 1, 1, 1, 1, 1, 1, 1, 1, 1, 0, 1], "confidence_scores": [[0.4127256457395144, 0.5872743542604856], [0.4618826947870903, 0.5381173052129097], [0.43414103972548324, 0.5658589602745168], [0.4696882477290142, 0.5303117522709858], [0.45153850066329615, 0.5484614993367039], [0.4147477702975133, 0.5852522297024867], [0.45963197210236706, 0.5403680278976329], [0.4422815378882723, 0.5577184621117277], [0.4362904087871792, 0.5637095912128208], [0.399326312652883, 0.600673687347117], [0.5093366368611617, 0.4906633631388383], [0.45030200526615216, 0.5496979947338478]]}, "rewritten": {"ids": ["13", "14", "15", "19", "22", "24", "29", "32", "36", "43", "44", "54"], "labels": [1, 1, 0, 0, 1, 0, 1, 0, 0, 1, 0, 0], "predicted_labels": [0, 1, 1, 1, 1, 0, 1, 1, 0, 1, 1, 1], "confidence_scores": [[0.5271183371886404, 0.47288166281135957], [0.43414103972548324, 0.5658589602745168], [0.49125326236147837, 0.5087467376385216], [0.37841659801820837, 0.6215834019817916], [0.45200002288328545, 0.5479999771167146], [0.5271183371886404, 0.47288166281135957], [0.4264546440647259, 0.5735453559352741], [0.4127256457395144, 0.5872743542604856], [0.5093366368611617, 0.4906633631388383], [0.4127256457395144, 0.5872743542604856], [0.37841599834717177, 0.6215840016528282], [0.48144241794880993, 0.5185575820511901]]}}