{"test": {"ids": ["28", "20", "48", "55", "15", "44", "2", "17", "57", "0", "53", "11"], "labels": [1, 1, 0, 1, 0, 1, 0, 1, 1, 1, 0, 0], "predicted_labels": [1, 1, 0, 1, 1, 0, 0, 0, 1, 1, 1, 0], "confidence_scores": [[0.4543921855921857, 0.5456078144078144], [0.37532667332667335, 0.6246733266733268], [0.5560391275391274, 0.44396087246087257], [0.4441632756132754, 0.5558367243867248], [0.4559605838605838, 0.5440394161394163], [0.5600329503829503, 0.43996704961704974], [0.5583159229659229, 0.4416840770340771], [0.5193278221778221, 0.4806721778221779], [0.3705377788877789, 0.629462221112221], [0.49856428571428546, 0.5014357142857147], [0.4835325063825065, 0.5164674936174934], [0.5342590853590853, 0.46574091464091466]]}, "rewritten": {"ids": ["0", "2", "11", "15", "17", "20", "28", "44", "48", "53", "55", "57"], "labels": [1, 0, 0, 0, 1, 1, 1, 1, 0, 0, 1, 1], "predicted_labels": [1, 0, 0, 1, 0, 1, 1, 0, 0, 0, 1, 1], "confidence_scores": [[0.45845653790653795, 0.5415434620934619], [0.521559645909646, 0.47844035409035407], [0.5019656288156288, 0.4980343711843712], [0.4625921356421356, 0.5374078643578644], [0.5036565379065377, 0.4963434620934622], [0.4329694583194585, 0.5670305416805418], [0.4666277777777779, 0.5333722222222224], [0.55033663003663, 0.4496633699633699], [0.5307028638028636, 0.46929713619713614], [0.5121551171051172, 0.48784488289488287], [0.4814729936729936, 0.5185270063270065], [0.4923803474303475, 0.5076196525696526]]}}