{"test": {"ids": ["16", "27", "44", "19", "43", "13", "50", "49", "55", "38", "12", "48"], "labels": [1, 1, 1, 0, 1, 1, 1, 0, 1, 0, 1, 0], "predicted_labels": [1, 1, 1, 1, 1, 1, 1, 1, 1, 1, 1, 1], "confidence_scores": [[0.5891743452434492, 0.41082565475655075], [0.5866434996377623, 0.41335650036223776], [0.5904088838236133, 0.4095911161763867], [0.5884616376350512, 0.4115383623649488], [0.5883652445438876, 0.4116347554561125], [0.5897541227167832, 0.41024587728321676], [0.5893912451072632, 0.41060875489273696], [0.5879821722262634, 0.4120178277737365], [0.5886287744946289, 0.4113712255053711], [0.58877750148769, 0.41122249851231013], [0.5882703956343251, 0.4117296043656748], [0.5890465246382356, 0.4109534753617645]]}, "rewritten": {"ids": ["12", "13", "16", "19", "27", "38", "43", "44", "48", "49", "50", "55"], "labels": [1, 1, 1, 0, 1, 0, 1, 1, 0, 0, 1, 1], "predicted_labels": [1, 1, 1, 1, 1, 1, 1, 1, 1, 1, 1, 1], "confidence_scores": [[0.5889788967904109, 0.41102110320958923], [0.588160989604909, 0.4118390103950911], [0.588076691926216, 0.4119233080737842], [0.58844709342139, 0.4115529065786101], [0.5874755373352322, 0.4125244626647679], [0.5887252078074949, 0.41127479219250507], [0.5883741370612089, 0.411625862938791], [0.5889946953927085, 0.4110053046072915], [0.5887821401589313, 0.41121785984106873], [0.5886635493862397, 0.41133645061376023], [0.5881025837394452, 0.4118974162605547], [0.5888199960391803, 0.4111800039608197]]}}