{"test": {"ids": ["15", "49", "30", "17", "47", "12", "19", "57", "54", "48", "41", "33"], "labels": [0, 0, 1, 1, 1, 1, 0, 1, 0, 0, 0, 0], "predicted_labels": [1, 0, 0, 0, 1, 1, 0, 1, 1, 0, 1, 0], "confidence_scores": [[0.3789417108436854, 0.6210582891563146], [0.7967724660533709, 0.203227533946629], [0.7438568499308743, 0.25614315006912564], [0.940761103198339, 0.05923889680166088], [0.4107426740450186, 0.5892573259549814], [0.16215466272742904, 0.8378453372725708], [0.9915906668766271, 0.00840933312337284], [0.6013462127968301, 0.3986537872031701], [0.22324745915191888, 0.7767525408480811], [0.9534023032086815, 0.046597696791318505], [0.21972057001668152, 0.7802794299833186], [0.9364806434502574, 0.06351935654974251]]}, "rewritten": {"ids": ["15", "17", "19", "30", "33", "41", "47", "48", "49", "54", "57"], "labels": [0, 1, 0, 1, 0, 0, 1, 0, 0, 0, 1], "predicted_labels": [1, 0, 0, 0, 0, 1, 1, 0, 0, 1, 1], "confidence_scores": [[0.27059519162729545, 0.7294048083727045], [0.976434916043434, 0.023565083956565896], [0.9630687464636641, 0.03693125353633591], [0.7481992471874094, 0.25180075281259057], [0.8459696435486537, 0.15403035645134602], [0.12309168271141992, 0.87690831728858], [0.48451938896343655, 0.5154806110365635], [0.993211721023939, 0.006788278976060959], [0.8482034389468623, 0.15179656105313777], [0.13444318158695892, 0.865556818413041], [0.5552116451247154, 0.4447883548752845]]}}