{"test": {"ids": ["11", "5", "27", "29", "51", "53", "38", "2", "43", "6", "24"], "labels": [0, 0, 1, 1, 0, 0, 1, 0, 1, 0, 0], "predicted_labels": [1, 1, 0, 0, 0, 0, 1, 0, 1, 1, 1], "confidence_scores": [[0.40737697661713956, 0.5926230233828604], [0.39596792470482867, 0.6040320752951713], [0.5445632038466967, 0.45543679615330335], [0.5293305482821922, 0.47066945171780783], [0.5445632038466967, 0.45543679615330335], [0.5246635274741238, 0.47533647252587613], [0.41524883401901835, 0.5847511659809816], [0.5445632038466967, 0.45543679615330335], [0.39596792470482867, 0.6040320752951713], [0.40728612969038136, 0.5927138703096186], [0.39596792470482867, 0.6040320752951713]]}, "rewritten": {"ids": ["2", "5", "6", "11", "24", "27", "29", "38", "43", "51", "53"], "labels": [0, 0, 0, 0, 0, 1, 1, 1, 1, 0, 0], "predicted_labels": [0, 1, 1, 1, 1, 1, 1, 0, 1, 1, 0], "confidence_scores": [[0.5445632038466967, 0.45543679615330335], [0.39596792470482867, 0.6040320752951713], [0.4073315021310825, 0.5926684978689175], [0.4073570596600671, 0.5926429403399329], [0.39596792470482867, 0.6040320752951713], [0.4073315021310825, 0.5926684978689175], [0.39944231231962046, 0.6005576876803795], [0.5365460351206984, 0.46345396487930157], [0.39596792470482867, 0.6040320752951713], [0.4266526725808102, 0.5733473274191898], [0.5446711740568273, 0.4553288259431727]]}}