{"test": {"ids": ["0", "20", "9", "41", "16", "25", "13", "38", "47", "28", "3", "6"], "labels": [1, 0, 1, 1, 1, 1, 1, 1, 1, 1, 1, 1], "predicted_labels": [1, 0, 1, 1, 0, 0, 0, 1, 0, 1, 1, 1], "confidence_scores": [[0.3546472157585062, 0.6453527842414938], [0.952186753237432, 0.04781324676256804], [0.03429071054808952, 0.9657092894519105], [0.4943994976602818, 0.5056005023397182], [0.8964996486633579, 0.10350035133664212], [0.5447260606633912, 0.45527393933660876], [0.6664607663678752, 0.3335392336321248], [0.15037289842111334, 0.8496271015788867], [0.9196237349027186, 0.08037626509728135], [0.25960828115634993, 0.7403917188436501], [0.09645786422121083, 0.9035421357787892], [0.390368584737136, 0.609631415262864]]}}