{"test": {"ids": ["44", "45", "27", "6", "20", "43", "38", "50", "14", "35", "49", "19"], "labels": [0, 1, 1, 1, 0, 1, 1, 1, 1, 0, 0, 0], "predicted_labels": [0, 1, 0, 1, 1, 0, 1, 1, 0, 0, 0, 0], "confidence_scores": [[0.46546110537821245, 0.5345388946217876], [0.5058851962483845, 0.4941148037516155], [0.4821029880745655, 0.5178970119254345], [0.5, 0.5], [0.5, 0.5], [0.466760254117271, 0.533239745882729], [0.5737738245101209, 0.4262261754898791], [0.5, 0.5], [0.472242739155855, 0.5277572608441451], [0.46417788430044343, 0.5358221156995565], [0.47358201146420326, 0.5264179885357967], [0.47737814676978285, 0.522621853230217]]}, "rewritten": {"ids": ["6", "14", "19", "20", "27", "35", "38", "43", "44", "45", "49", "50"], "labels": [1, 1, 0, 0, 1, 0, 1, 1, 0, 1, 0, 1], "predicted_labels": [0, 0, 0, 1, 0, 0, 1, 0, 0, 1, 1, 0], "confidence_scores": [[0.481385958239398, 0.5186140417606018], [0.4646356342714091, 0.5353643657285908], [0.45856306414500986, 0.5414369358549902], [0.5, 0.5], [0.4747506882644616, 0.5252493117355386], [0.46255049460325787, 0.537449505396742], [0.5575819770444259, 0.4424180229555741], [0.45760724400288916, 0.5423927559971107], [0.4580064612574758, 0.5419935387425243], [0.505753949421017, 0.4942460505789831], [0.5, 0.5], [0.46148606614812426, 0.5385139338518756]]}}