{"test": {"ids": ["53", "28", "27", "49", "50", "21", "29", "1", "4", "51", "46", "36"], "labels": [1, 0, 1, 0, 1, 1, 1, 0, 1, 1, 1, 0], "predicted_labels": [1, 1, 1, 1, 1, 1, 1, 1, 1, 1, 1, 1], "confidence_scores": [[0.5535569206171392, 0.44644307938286076], [0.5525411462240141, 0.447458853775986], [0.5539358968660031, 0.44606410313399686], [0.554975909513245, 0.44502409048675495], [0.5577654813170084, 0.4422345186829916], [0.550474129441042, 0.44952587055895804], [0.5533960713856594, 0.44660392861434056], [0.5525206155778499, 0.4474793844221502], [0.5506685580525393, 0.44933144194746083], [0.5564147104318643, 0.44358528956813575], [0.556630444456231, 0.4433695555437692], [0.5538100943919865, 0.44618990560801364]]}, "rewritten": {"ids": ["1", "4", "21", "27", "28", "29", "36", "46", "49", "50", "51", "53"], "labels": [0, 1, 1, 1, 0, 1, 0, 1, 0, 1, 1, 1], "predicted_labels": [1, 1, 1, 1, 1, 1, 1, 1, 1, 1, 1, 1], "confidence_scores": [[0.5534456855542395, 0.44655431444576077], [0.5510148977654369, 0.448985102234563], [0.5502424928520661, 0.449757507147934], [0.5554393352113082, 0.4445606647886918], [0.5535495658125422, 0.4464504341874579], [0.5532510885784667, 0.4467489114215331], [0.5545504401726556, 0.44544955982734435], [0.5559352101159343, 0.44406478988406556], [0.553972821874178, 0.446027178125822], [0.5548892812991502, 0.44511071870084995], [0.5556823547668255, 0.4443176452331746], [0.553189873642741, 0.4468101263572592]]}}