{"test": {"ids": ["4", "17", "2", "50", "33", "43", "58", "52", "54", "47", "12", "35"], "labels": [1, 1, 1, 1, 0, 1, 1, 0, 0, 1, 1, 0], "predicted_labels": [0, 1, 0, 0, 0, 1, 0, 1, 0, 0, 1, 0], "confidence_scores": [[0.5282652454800638, 0.4717347545199362], [0.4856406939505787, 0.5143593060494214], [0.5334706306590107, 0.46652936934098926], [0.5118963708257044, 0.48810362917429556], [0.5113896234394408, 0.48861037656055906], [0.4944728084696715, 0.5055271915303284], [0.5, 0.5], [0.5, 0.5], [0.5519712127291478, 0.4480287872708523], [0.5631967451325378, 0.436803254867462], [0.4805013706758237, 0.5194986293241763], [0.5478703478858509, 0.45212965211414924]]}, "rewritten": {"ids": ["2", "4", "12", "17", "33", "35", "43", "47", "50", "52", "54", "58"], "labels": [1, 1, 1, 1, 0, 0, 1, 1, 1, 0, 0, 1], "predicted_labels": [0, 0, 1, 0, 0, 0, 0, 0, 0, 0, 0, 1], "confidence_scores": [[0.5422913878136547, 0.4577086121863453], [0.5232080142104052, 0.476791985789595], [0.49139467053310487, 0.5086053294668952], [0.521365599851623, 0.47863440014837705], [0.5076107798168205, 0.49238922018317954], [0.52431826698696, 0.47568173301303995], [0.5125080494911634, 0.4874919505088367], [0.5525078674119781, 0.4474921325880219], [0.5458933490380816, 0.45410665096191855], [0.507771379979158, 0.4922286200208422], [0.5392888578173064, 0.4607111421826936], [0.5, 0.5]]}}