{"test": {"ids": ["18", "6", "22", "30", "35", "40", "33", "12", "11", "36", "2", "47"], "labels": [1, 1, 1, 1, 0, 0, 0, 1, 0, 0, 1, 1], "predicted_labels": [1, 1, 1, 1, 1, 1, 1, 1, 1, 1, 1, 1], "confidence_scores": [[0.5491681076289593, 0.4508318923710406], [0.5500481368543956, 0.44995186314560465], [0.5484654172133586, 0.4515345827866413], [0.5477504529522728, 0.45224954704772713], [0.54837997571448, 0.45162002428552], [0.5479836721590274, 0.4520163278409726], [0.5450229007046898, 0.4549770992953102], [0.5499119913997008, 0.4500880086002991], [0.5507200681623854, 0.4492799318376148], [0.5515050304196736, 0.4484949695803265], [0.5478183439810159, 0.45218165601898425], [0.5481922702601113, 0.4518077297398887]]}, "rewritten": {"ids": ["2", "6", "11", "12", "18", "22", "30", "33", "35", "36", "40", "47"], "labels": [1, 1, 0, 1, 1, 1, 1, 0, 0, 0, 0, 1], "predicted_labels": [1, 1, 1, 1, 1, 1, 1, 1, 1, 1, 1, 1], "confidence_scores": [[0.5496296851611594, 0.45037031483884077], [0.5499376520254478, 0.4500623479745522], [0.5516270103154546, 0.44837298968454536], [0.5488976678126894, 0.45110233218731055], [0.5490813064905583, 0.45091869350944197], [0.5497456372553238, 0.45025436274467606], [0.5493754155879662, 0.45062458441203374], [0.5495277494076032, 0.4504722505923967], [0.5501976638406412, 0.4498023361593588], [0.5496859360382476, 0.45031406396175244], [0.5495093251398366, 0.45049067486016336], [0.5499633255773206, 0.4500366744226795]]}}