{"test": {"ids": ["41", "58", "44", "47", "34", "38", "28", "5", "0", "16", "11", "8"], "labels": [1, 1, 0, 1, 0, 1, 1, 0, 1, 1, 0, 0], "predicted_labels": [0, 1, 1, 0, 1, 0, 1, 1, 1, 1, 1, 1], "confidence_scores": [[0.5758446128882182, 0.42415538711178186], [0.30445415832941103, 0.695545841670589], [0.08843615317930575, 0.9115638468206942], [0.8084350458165546, 0.19156495418344538], [0.2577530249090524, 0.7422469750909476], [0.7112924122646238, 0.28870758773537625], [0.28474548766519625, 0.7152545123348037], [0.04097982598676875, 0.9590201740132313], [0.4057861629039674, 0.5942138370960326], [0.17149779931007314, 0.8285022006899269], [0.3812394883928246, 0.6187605116071754], [0.14274906834767753, 0.8572509316523225]]}, "rewritten": {"ids": ["0", "5", "8", "11", "16", "28", "34", "38", "41", "44", "47", "58"], "labels": [1, 0, 0, 0, 1, 1, 0, 1, 1, 0, 1, 1], "predicted_labels": [1, 0, 1, 1, 1, 1, 0, 1, 0, 1, 0, 0], "confidence_scores": [[0.4057861629039674, 0.5942138370960326], [0.9309881834982394, 0.06901181650176055], [0.019284808123899322, 0.9807151918761007], [0.12749305002402977, 0.8725069499759702], [0.07223260663045805, 0.927767393369542], [0.28474548766519625, 0.7152545123348037], [0.9305812487484107, 0.06941875125158926], [0.28718384052041757, 0.7128161594795824], [0.5758446128882182, 0.42415538711178186], [0.21448448099939843, 0.7855155190006016], [0.5309473053817871, 0.46905269461821286], [0.8992933356370123, 0.10070666436298768]]}}