{"test": {"ids": ["11", "2", "43", "3", "17", "6", "34", "32", "51", "24", "49", "47"], "labels": [0, 1, 1, 1, 1, 1, 0, 0, 0, 0, 0, 1], "predicted_labels": [1, 0, 1, 1, 0, 1, 1, 0, 1, 0, 0, 1], "confidence_scores": [[0.4071845620775929, 0.5928154379224073], [0.5504185942609164, 0.44958140573908373], [0.42611522997814, 0.5738847700218596], [0.37181899621758424, 0.6281810037824159], [0.5612183137124316, 0.4387816862875685], [0.4148094349498185, 0.5851905650501817], [0.41615033490589187, 0.5838496650941079], [0.5038310046340045, 0.4961689953659955], [0.4611019789744215, 0.5388980210255785], [0.5442751304251304, 0.4557248695748695], [0.523336680716944, 0.47666331928305594], [0.3970319010458141, 0.6029680989541861]]}, "rewritten": {"ids": ["2", "3", "6", "11", "17", "24", "32", "34", "43", "47", "49", "51"], "labels": [1, 1, 1, 0, 1, 0, 0, 0, 1, 1, 0, 0], "predicted_labels": [1, 1, 1, 1, 1, 1, 1, 1, 1, 1, 1, 1], "confidence_scores": [[0.4637851627457513, 0.5362148372542489], [0.40655405226696284, 0.5934459477330372], [0.4186215216006979, 0.581378478399302], [0.45505057197704246, 0.5449494280229579], [0.471726082236141, 0.5282739177638589], [0.49422757756519387, 0.505772422434806], [0.4966806526273865, 0.5033193473726135], [0.445302672927348, 0.554697327072652], [0.44832245558930967, 0.5516775444106901], [0.41814622307569366, 0.5818537769243064], [0.4833526247402408, 0.5166473752597592], [0.4230995042716219, 0.5769004957283779]]}}