{"test": {"ids": ["48", "25", "37", "46", "38", "54", "28", "36", "43", "55", "22", "40"], "labels": [0, 1, 1, 0, 1, 0, 1, 0, 1, 1, 1, 0], "predicted_labels": [0, 1, 1, 0, 1, 1, 1, 0, 1, 0, 0, 0], "confidence_scores": [[0.5482596936662797, 0.4517403063337203], [0.45667097728848294, 0.5433290227115171], [0.4563204135107237, 0.5436795864892763], [0.5110956865474932, 0.4889043134525069], [0.48828239030021714, 0.5117176096997829], [0.4163259535271381, 0.5836740464728619], [0.4163259535271381, 0.5836740464728619], [0.5206397925902433, 0.47936020740975666], [0.4163259535271381, 0.5836740464728619], [0.5206397925902433, 0.47936020740975666], [0.5433596076625764, 0.45664039233742354], [0.5485051690403799, 0.45149483095962006]]}, "rewritten": {"ids": ["22", "25", "28", "36", "37", "38", "40", "43", "46", "48", "54", "55"], "labels": [1, 1, 1, 0, 1, 1, 0, 1, 0, 0, 0, 1], "predicted_labels": [0, 1, 1, 0, 1, 1, 0, 1, 1, 0, 0, 1], "confidence_scores": [[0.5206397925902433, 0.47936020740975666], [0.4163259535271381, 0.5836740464728619], [0.4884342212942925, 0.5115657787057075], [0.5206397925902433, 0.47936020740975666], [0.4563204135107237, 0.5436795864892763], [0.48828239030021714, 0.5117176096997829], [0.5206397925902433, 0.47936020740975666], [0.4163259535271381, 0.5836740464728619], [0.4517885734269338, 0.5482114265730662], [0.5482596936662797, 0.4517403063337203], [0.5206397925902433, 0.47936020740975666], [0.4751695409782648, 0.5248304590217352]]}}