{"test": {"ids": ["15", "36", "48", "20", "14", "51", "10", "53", "47", "35", "45", "37"], "labels": [1, 0, 0, 0, 1, 1, 0, 1, 1, 0, 1, 1], "predicted_labels": [0, 1, 0, 0, 1, 1, 1, 1, 0, 0, 1, 1], "confidence_scores": [[0.7175900604812553, 0.28240993951874477], [0.0015442464939834366, 0.9984557535060166], [0.9946790887339961, 0.005320911266003879], [0.9531860510794739, 0.046813948920526205], [0.48046879450654933, 0.5195312054934507], [0.005314755519619352, 0.9946852444803806], [0.0007635354308941356, 0.9992364645691059], [0.3925928844491007, 0.6074071155508993], [0.9964177332512939, 0.0035822667487061073], [0.8039485375005654, 0.19605146249943461], [0.13114199533803772, 0.8688580046619623], [0.168231905015358, 0.831768094984642]]}, "rewritten": {"ids": ["10", "14", "15", "20", "35", "36", "37", "45", "47", "48", "51", "53"], "labels": [0, 1, 1, 0, 0, 0, 1, 1, 1, 0, 1, 1], "predicted_labels": [1, 0, 0, 0, 0, 1, 0, 1, 0, 0, 1, 1], "confidence_scores": [[0.0009562572707874084, 0.9990437427292126], [0.6079616791196216, 0.39203832088037843], [0.7768984878274875, 0.2231015121725125], [0.94624034884006, 0.05375965115993996], [0.8621386144487138, 0.1378613855512863], [0.000433421451027316, 0.9995665785489727], [0.5423161184250183, 0.45768388157498174], [0.08465411640145792, 0.9153458835985421], [0.8831405131603518, 0.11685948683964824], [0.9936359258712587, 0.006364074128741273], [0.017776273677179266, 0.9822237263228207], [0.47805880263589917, 0.5219411973641008]]}}