{"test": {"ids": ["43", "8", "2", "57", "34", "17", "41", "22", "33", "28", "38", "0"], "labels": [1, 0, 1, 1, 0, 1, 1, 1, 0, 1, 1, 1], "predicted_labels": [1, 1, 0, 1, 0, 0, 0, 0, 0, 0, 1, 1], "confidence_scores": [[0.4600138888888888, 0.5399861111111112], [0.4819909812409812, 0.5180090187590188], [0.6542409812409814, 0.34575901875901877], [0.4055377677877678, 0.5944622322122322], [0.575667304917305, 0.42433269508269505], [0.5059610528360529, 0.4940389471639472], [0.5718957431457432, 0.4281042568542568], [0.6156467282717282, 0.3843532717282718], [0.5016027167277168, 0.4983972832722833], [0.537511433011433, 0.462488566988567], [0.29681529581529575, 0.7031847041847044], [0.45068660506160496, 0.5493133949383949]]}}