{"test": {"ids": ["44", "40", "15", "4", "49", "9", "37", "41", "32", "0", "25", "23"], "labels": [0, 1, 1, 0, 0, 0, 0, 0, 0, 0, 0, 0], "predicted_labels": [1, 1, 0, 1, 0, 1, 1, 1, 1, 1, 0, 0], "confidence_scores": [[0.487339063138444, 0.5126609368615562], [0.49095111175845463, 0.5090488882415455], [0.5212382081759691, 0.4787617918240309], [0.44528970833559617, 0.5547102916644038], [0.5723625733532752, 0.42763742664672444], [0.4925402664719902, 0.5074597335280099], [0.4836506592354018, 0.5163493407645984], [0.45127137009876966, 0.5487286299012305], [0.4924596608031491, 0.5075403391968509], [0.4082375122946228, 0.5917624877053771], [0.513619683670303, 0.4863803163296969], [0.515577709201703, 0.4844222907982971]]}, "rewritten": {"ids": ["0", "4", "9", "15", "23", "25", "32", "37", "40", "41", "44", "49"], "labels": [0, 0, 0, 1, 0, 0, 0, 0, 1, 0, 0, 0], "predicted_labels": [1, 1, 0, 1, 0, 1, 1, 1, 1, 1, 1, 1], "confidence_scores": [[0.461924094829735, 0.5380759051702649], [0.4477683975209517, 0.5522316024790482], [0.503555291935003, 0.4964447080649971], [0.4869037312837523, 0.5130962687162478], [0.521975317475782, 0.4780246825242182], [0.44904049015140335, 0.5509595098485963], [0.4687333981979493, 0.5312666018020507], [0.4625952260634823, 0.537404773936518], [0.48568706208264023, 0.51431293791736], [0.41971415091616354, 0.5802858490838365], [0.47156989876779903, 0.5284301012322012], [0.48433616798190143, 0.5156638320180987]]}}