{"test": {"ids": ["30", "13", "41", "25", "16", "39", "54", "42", "37", "44", "32", "56"], "labels": [1, 0, 0, 1, 1, 1, 0, 0, 1, 1, 0, 0], "predicted_labels": [0, 0, 1, 1, 0, 1, 1, 1, 1, 1, 1, 0], "confidence_scores": [[0.545881226110002, 0.454118773889998], [0.527885044229824, 0.4721149557701761], [0.4429922840864934, 0.5570077159135066], [0.441517060894275, 0.558482939105725], [0.5084533799447941, 0.4915466200552059], [0.41503830012569864, 0.5849616998743014], [0.41541504926040984, 0.5845849507395902], [0.41503830012569864, 0.5849616998743014], [0.3974234336125887, 0.6025765663874113], [0.3974234336125887, 0.6025765663874113], [0.425665013864983, 0.574334986135017], [0.545881226110002, 0.454118773889998]]}, "rewritten": {"ids": ["13", "16", "25", "30", "32", "37", "39", "41", "42", "44", "54", "56"], "labels": [0, 1, 1, 1, 0, 1, 1, 0, 0, 1, 0, 0], "predicted_labels": [0, 0, 0, 0, 0, 1, 1, 1, 1, 0, 1, 1], "confidence_scores": [[0.545881226110002, 0.454118773889998], [0.545881226110002, 0.454118773889998], [0.545881226110002, 0.454118773889998], [0.545881226110002, 0.454118773889998], [0.545881226110002, 0.454118773889998], [0.3974234336125887, 0.6025765663874113], [0.40698612615034, 0.59301387384966], [0.4429922840864934, 0.5570077159135066], [0.41503830012569864, 0.5849616998743014], [0.536004795896178, 0.46399520410382195], [0.4706042478456042, 0.5293957521543958], [0.3974234336125887, 0.6025765663874113]]}}