{"test": {"ids": ["35", "54", "11", "52", "36", "13", "55", "45", "22", "34", "25", "3"], "labels": [0, 0, 0, 1, 0, 1, 1, 1, 1, 0, 0, 0], "predicted_labels": [1, 1, 1, 1, 1, 1, 1, 1, 1, 1, 1, 1], "confidence_scores": [[0.4528301767676768, 0.5471698232323231], [0.4159198162948161, 0.5840801837051839], [0.40470100732600733, 0.5952989926739928], [0.45836150654900665, 0.5416384934509935], [0.37372140359640355, 0.6262785964035965], [0.40042198773448784, 0.5995780122655122], [0.4123602994227995, 0.5876397005772005], [0.35094011544011544, 0.6490598845598845], [0.38479044566544574, 0.6152095543345544], [0.4201441544566545, 0.5798558455433455], [0.4182495976245977, 0.5817504023754023], [0.3908241480741483, 0.6091758519258519]]}, "rewritten": {"ids": ["3", "11", "13", "22", "25", "34", "35", "36", "45", "52", "54", "55"], "labels": [0, 0, 1, 1, 0, 0, 0, 0, 1, 1, 0, 1], "predicted_labels": [1, 1, 1, 1, 1, 1, 1, 1, 1, 1, 1, 1], "confidence_scores": [[0.3270836385836385, 0.6729163614163614], [0.36687476412476405, 0.6331252358752361], [0.35786042429792436, 0.6421395757020756], [0.3484007936507936, 0.6515992063492064], [0.4364254634254635, 0.5635745365745365], [0.4190323010323011, 0.5809676989676991], [0.39496608946608946, 0.6050339105339106], [0.293157412032412, 0.7068425879675877], [0.32602970640470647, 0.6739702935952936], [0.4056356768231768, 0.5943643231768232], [0.4101473110223109, 0.5898526889776892], [0.4395115995115995, 0.5604884004884005]]}}