{"test": {"ids": ["30", "10", "53", "43", "57", "29", "50", "36", "49", "58", "54", "14"], "labels": [1, 1, 1, 1, 1, 1, 1, 0, 0, 1, 0, 1], "predicted_labels": [1, 0, 1, 0, 0, 0, 0, 1, 1, 1, 0, 1], "confidence_scores": [[0.10409444854941308, 0.8959055514505869], [0.9083381348793513, 0.09166186512064863], [0.10409444854941308, 0.8959055514505869], [0.8784385706165648, 0.12156142938343513], [0.885337622468868, 0.114662377531132], [0.9083381348793513, 0.09166186512064863], [0.9083381348793513, 0.09166186512064863], [0.2623786147598206, 0.7376213852401794], [0.16895717543376698, 0.831042824566233], [0.3928318641529214, 0.6071681358470786], [0.8378328996437514, 0.1621671003562486], [0.2150208836361881, 0.7849791163638119]]}, "rewritten": {"ids": ["10", "14", "29", "30", "36", "43", "49", "50", "53", "54", "57", "58"], "labels": [1, 1, 1, 1, 0, 1, 0, 1, 1, 0, 1, 1], "predicted_labels": [0, 1, 0, 0, 1, 0, 0, 0, 1, 0, 0, 1], "confidence_scores": [[0.9083381348793513, 0.09166186512064863], [0.2148421584274559, 0.7851578415725441], [0.9083381348793513, 0.09166186512064863], [0.8846472115832975, 0.11535278841670255], [0.24112750299810193, 0.7588724970018981], [0.8520176531200502, 0.1479823468799498], [0.9083381348793513, 0.09166186512064863], [0.9083381348793513, 0.09166186512064863], [0.13053691135517875, 0.8694630886448212], [0.9083381348793513, 0.09166186512064863], [0.9083381348793513, 0.09166186512064863], [0.4509759521942044, 0.5490240478057956]]}}