PC,term,estimate,std.error,statistic,p.value,conf.low,conf.high
complexity,(Intercept),16.777407578035053,1.109607778287025,15.120124341535751,4.944998644058865e-25,14.602616295626978,18.952198860443126
complexity,time,-8.841432249082623e-4,6.028617115350935e-5,-14.665771734896369,2.946695494001719e-24,-0.001002301949134958,-7.659845006815665e-4
complexity,ONSET_chatgpt,-0.04270055079483742,0.11001878430365367,-0.3881205474601791,0.6989707309469889,-0.25833340565287916,0.1729323040632043
complexity,POST_chatgpt,-0.0014667287749343006,2.2138371485683827e-4,-6.625278539041532,3.853909630030738e-9,-0.0019006328828173884,-0.0010328246670512128
