lags_list,p_values,p_values_reverse,col_values
1,0.7414849460633783,0.6981142423477591,complexity
2,0.5273553195979648,0.8015254785490212,complexity
3,0.6284940908172896,0.05142148696377165,complexity
4,0.49228093914906446,0.10899986812027675,complexity
5,0.5913788173458779,0.16439189909203422,complexity
6,0.6334272133891516,0.026960462882384736,complexity
7,0.17312771339151534,0.05787988288667139,complexity
8,0.10594151657838867,0.024245118338093428,complexity
9,0.13456134032107825,0.024667663435619394,complexity
10,0.18493522158638315,0.05567875960567493,complexity
11,0.18896208824665434,0.010398026248785112,complexity
12,0.10272057590808605,0.005763629793640088,complexity
13,0.07978547231442637,0.006824834929089962,complexity
14,0.03301020748461987,0.0038447444699306276,complexity
15,0.05495771288014679,0.004017444719185057,complexity
16,0.07143459543078651,0.015494567269070739,complexity
17,0.05576203564748539,0.026960479345674755,complexity
18,0.052127112105384524,0.016259637106792887,complexity
19,0.10750414629428794,0.03731936936959475,complexity
20,0.1025954573649357,0.06856678440894151,complexity
