PC,term,estimate,std.error,statistic,p.value,conf.low,conf.high
complexity,(Intercept),4.338543011434277,2.5329131576013704,1.7128668617848748,0.09065937780170494,-0.6258755534320333,9.302961576300588
complexity,time,-2.2534713539475257e-4,1.3761586672712817e-4,-1.6375083829656247,0.10550175517531137,-4.950692778811877e-4,4.437500709168253e-5
complexity,ONSET_chatgpt,0.4161131381889017,0.2511410173928573,1.65689038974458,0.10150822584675914,-0.07611421094184584,0.9083404873196492
complexity,POST_chatgpt,-0.0021122306130980143,5.053548967592999e-4,-4.179697528693519,7.481762696909289e-5,-0.003102708010157199,-0.0011217532160388295
