{"test": {"ids": ["370", "97", "324", "620", "689", "516", "657", "222", "472", "218", "485", "605", "470", "684", "538", "2", "338", "670", "566", "506", "41", "656", "596", "163", "416", "42", "233", "358", "667", "368", "128", "183", "50", "14", "602", "295", "146", "149", "544", "484", "438", "96", "312", "399", "352", "567", "448", "709", "10", "123", "30", "489", "170", "615", "76", "113", "63", "79", "362", "236", "246", "341", "95", "450", "316", "357", "578", "481", "679", "639", "301", "408", "517", "536", "115", "622", "58", "94", "662", "248", "348", "591", "86", "535", "593", "456", "672", "333", "59", "687", "643", "443", "264", "151", "520", "261", "446", "449", "136", "554", "138", "287", "441", "673", "369", "289", "570", "635", "488", "243", "7", "682", "498", "627", "548", "74", "424", "372", "421", "71", "1", "355", "327", "189", "618", "227", "592", "127", "56", "394", "412", "104", "521", "563", "581", "664", "335", "454", "37", "495", "464", "692", "457"], "labels": [0, 0, 0, 0, 0, 0, 0, 1, 1, 1, 0, 1, 1, 0, 0, 0, 0, 0, 1, 1, 1, 0, 1, 0, 0, 1, 1, 0, 0, 0, 0, 1, 1, 0, 1, 1, 0, 0, 0, 0, 0, 0, 1, 0, 0, 1, 0, 0, 0, 0, 1, 0, 0, 0, 1, 1, 1, 1, 0, 1, 0, 0, 0, 0, 1, 0, 1, 0, 0, 0, 1, 0, 0, 0, 1, 1, 1, 0, 0, 0, 0, 1, 0, 0, 1, 1, 0, 0, 1, 1, 0, 0, 1, 0, 0, 0, 0, 0, 0, 1, 0, 1, 0, 0, 0, 1, 1, 1, 0, 1, 0, 0, 1, 1, 0, 1, 0, 0, 0, 1, 0, 0, 0, 1, 0, 1, 1, 0, 1, 0, 0, 0, 0, 1, 1, 0, 0, 1, 1, 0, 1, 0, 1], "predicted_labels": [0, 0, 0, 1, 0, 0, 1, 1, 1, 1, 1, 1, 0, 1, 0, 0, 0, 0, 1, 1, 1, 0, 1, 0, 0, 1, 1, 0, 0, 0, 0, 1, 1, 0, 1, 1, 1, 0, 0, 1, 0, 0, 1, 0, 1, 0, 0, 0, 0, 0, 0, 0, 0, 1, 1, 1, 1, 0, 0, 1, 0, 0, 0, 1, 1, 0, 1, 1, 0, 0, 1, 0, 1, 0, 1, 0, 1, 1, 1, 0, 0, 1, 0, 0, 1, 1, 1, 0, 1, 1, 1, 0, 1, 0, 1, 0, 1, 1, 0, 1, 0, 1, 0, 0, 0, 1, 1, 1, 0, 1, 0, 0, 1, 0, 0, 0, 1, 1, 0, 0, 1, 0, 0, 1, 1, 1, 1, 0, 1, 0, 1, 1, 0, 1, 1, 0, 1, 1, 0, 0, 1, 0, 1], "confidence_scores": [[0.6220108200285814, 0.3779891799714185], [0.5743907825059431, 0.4256092174940569], [0.5321042417750557, 0.46789575822494434], [0.3443882547989492, 0.6556117452010508], [0.7036719185194138, 0.2963280814805865], [0.6203787224091429, 0.37962127759085706], [0.23660382336276783, 0.7633961766372321], [0.4783380737257308, 0.5216619262742692], [0.5, 0.5], [0.36572783255928726, 0.6342721674407127], [0.3233449292070371, 0.6766550707929629], [0.3157504291845694, 0.6842495708154306], [0.6084873416949149, 0.391512658305085], [0.3146025262190578, 0.6853974737809422], [0.7605648093423818, 0.239435190657618], [0.5750919588345175, 0.42490804116548253], [0.8867273861126, 0.1132726138874], [0.8005610523149724, 0.1994389476850273], [0.23561957687848362, 0.7643804231215166], [0.346080739908348, 0.6539192600916521], [0.24268574810378538, 0.7573142518962146], [0.5404626455071517, 0.45953735449284827], [0.0898685051814599, 0.9101314948185402], [0.9109614482649121, 0.08903855173508775], [0.6562586480886718, 0.3437413519113282], [0.19375609051898393, 0.8062439094810159], [0.444904499691575, 0.5550955003084249], [0.7795666191276651, 0.22043338087233497], [0.7880290812312252, 0.21197091876877486], [0.7927767311667466, 0.2072232688332534], [0.8414305050758986, 0.15856949492410155], [0.4258746538686735, 0.5741253461313266], [0.34581259741185455, 0.6541874025881456], [0.8955670545366062, 0.104432945463394], [0.15664301357983038, 0.8433569864201697], [0.1566881096486385, 0.8433118903513617], [0.29987287884299957, 0.7001271211570003], [0.8259377149464645, 0.17406228505353571], [0.8496967904526118, 0.15030320954738824], [0.48014100941015625, 0.5198589905898439], [0.5344228125939233, 0.4655771874060766], [0.761265219492114, 0.23873478050788605], [0.24904277885240542, 0.7509572211475944], [0.7819141064797663, 0.21808589352023375], [0.3808174619266957, 0.6191825380733044], [0.5185275970282623, 0.4814724029717378], [0.703327315760313, 0.2966726842396869], [0.7694335655737835, 0.23056643442621658], [0.842417066578226, 0.15758293342177412], [0.6402264657107518, 0.35977353428924824], [0.5525020783962628, 0.4474979216037373], [0.5816550056877378, 0.4183449943122624], [0.9756649270849893, 0.024335072915010657], [0.13974928387164334, 0.8602507161283565], [0.2507369978500262, 0.7492630021499739], [0.148907245114888, 0.8510927548851118], [0.3786628032515145, 0.6213371967484854], [0.6018528894047892, 0.3981471105952108], [0.8353380523423585, 0.1646619476576415], [0.2038679084199426, 0.7961320915800574], [0.6011117764549959, 0.3988882235450041], [0.8139351216058327, 0.18606487839416733], [0.7638133312083492, 0.236186668791651], [0.4926060878738546, 0.5073939121261452], [0.26364198025758223, 0.736358019742418], [0.6939430143632268, 0.30605698563677336], [0.1005688711361966, 0.8994311288638034], [0.48520482885106353, 0.5147951711489365], [0.6780579063643944, 0.32194209363560544], [0.6720777861209266, 0.32792221387907344], [0.12769687091539794, 0.8723031290846021], [0.5277537203779228, 0.4722462796220772], [0.481756862470865, 0.518243137529135], [0.5589870220383689, 0.4410129779616311], [0.47498878707775843, 0.5250112129222417], [0.9264683092644992, 0.07353169073550078], [0.25131400247472085, 0.748685997525279], [0.5084707936869002, 0.4915292063130999], [0.3540500551303777, 0.6459499448696223], [0.7612809374631588, 0.23871906253684105], [0.5797448347817895, 0.4202551652182105], [0.42218779426192626, 0.5778122057380736], [0.9644636704580324, 0.03553632954196752], [0.6304626935057669, 0.36953730649423316], [0.4274415864518748, 0.572558413548125], [0.18073961351350304, 0.8192603864864969], [0.30755081759077224, 0.6924491824092275], [0.9226761011227969, 0.07732389887720302], [0.3432746431572266, 0.6567253568427732], [0.5, 0.5], [0.4854754381932813, 0.5145245618067186], [0.6679355172374634, 0.3320644827625366], [0.20852534383489563, 0.7914746561651043], [0.9510762434479997, 0.04892375655200041], [0.281575609958418, 0.7184243900415822], [0.8923043041012899, 0.10769569589870996], [0.48613230358974996, 0.51386769641025], [0.2610393881359688, 0.7389606118640312], [0.9404066265934673, 0.05959337340653288], [0.384397727450241, 0.615602272549759], [0.7120287760541965, 0.2879712239458036], [0.07659052425211475, 0.923409475747885], [0.6392018470553887, 0.36079815294461115], [0.5860804323108001, 0.4139195676892002], [0.8155540691889479, 0.1844459308110521], [0.24535607346077076, 0.7546439265392292], [0.10440568520892893, 0.8955943147910712], [0.3291879899820632, 0.6708120100179367], [0.5802401787343884, 0.41975982126561145], [0.11751279947326444, 0.8824872005267355], [0.8706929445667003, 0.12930705543329957], [0.7596295140422663, 0.24037048595773358], [0.10523787716315296, 0.894762122836847], [0.7354276221493055, 0.26457237785069454], [0.7530343529695953, 0.2469656470304049], [0.7469316732921435, 0.2530683267078563], [0.5, 0.5], [0.4811102287004794, 0.5188897712995206], [0.8472976268923063, 0.15270237310769363], [0.5165400124358035, 0.4834599875641964], [0.40096645119102114, 0.599033548808979], [0.8720126034281943, 0.12798739657180566], [0.5945063858442066, 0.4054936141557936], [0.40840686984033714, 0.5915931301596628], [0.20157465786134446, 0.7984253421386555], [0.30908197833624645, 0.6909180216637535], [0.26332942658827807, 0.7366705734117219], [0.8435148198467989, 0.15648518015320115], [0.10003364703745557, 0.8999663529625446], [0.7354801644013648, 0.26451983559863546], [0.35354835367715, 0.6464516463228501], [0.315334437441532, 0.6846655625584682], [0.5913466593360747, 0.4086533406639254], [0.13027094692038033, 0.8697290530796197], [0.15561408319708842, 0.8443859168029116], [0.7607324603413934, 0.2392675396586065], [0.382134084320223, 0.6178659156797769], [0.14861680189559373, 0.8513831981044062], [0.6979226152322995, 0.30207738476770035], [0.6575295295772302, 0.3424704704227698], [0.10739182457947162, 0.8926081754205282], [0.7135043164937077, 0.28649568350629234], [0.1387747872247177, 0.8612252127752824]]},