{"test": {"ids": ["262", "400", "94", "500", "696", "588", "453", "607", "231", "467", "440", "202", "162", "103", "597", "335", "497", "595", "381", "644", "638", "574", "555", "455", "250", "545", "12", "130", "473", "68", "347", "507", "232", "576", "207", "140", "386", "193", "598", "591", "558", "650", "338", "186", "389", "491", "662", "209", "164", "243", "45", "451", "539", "217", "384", "236", "443", "337", "249", "705", "375", "578", "160", "448", "138", "624", "669", "660", "82", "462", "620", "385", "523", "252", "22", "577", "661", "606", "203", "546", "48", "710", "493", "632", "470", "365", "126", "33", "354", "113", "32", "74", "528", "562", "659", "363", "700", "697", "105", "564", "521", "334", "425", "466", "87", "366", "223", "165", "414", "27", "456", "159", "19", "599", "419", "102", "109", "437", "211", "38", "259", "325", "689", "181", "359", "391", "30", "579", "287", "0", "129", "412", "537", "40", "489", "450", "300", "372", "649", "239", "180", "96", "383"], "labels": [1, 1, 0, 0, 1, 0, 0, 0, 0, 0, 1, 0, 1, 0, 0, 1, 0, 0, 1, 0, 0, 0, 1, 0, 1, 0, 0, 1, 0, 1, 1, 0, 0, 0, 0, 1, 1, 0, 0, 0, 0, 0, 1, 0, 1, 0, 0, 0, 1, 0, 0, 0, 1, 0, 1, 0, 1, 1, 1, 1, 1, 0, 1, 0, 1, 1, 0, 0, 1, 0, 0, 1, 1, 1, 0, 0, 0, 0, 0, 0, 0, 0, 1, 0, 0, 1, 1, 0, 1, 1, 0, 1, 1, 0, 0, 1, 1, 1, 0, 0, 1, 1, 1, 0, 0, 1, 0, 1, 1, 0, 0, 1, 0, 0, 1, 0, 1, 1, 0, 0, 1, 1, 1, 0, 1, 1, 0, 0, 0, 1, 1, 1, 1, 0, 0, 0, 0, 1, 0, 0, 0, 0, 1], "predicted_labels": [0, 0, 1, 0, 0, 0, 0, 0, 0, 1, 0, 0, 0, 0, 0, 1, 0, 0, 0, 0, 0, 0, 0, 0, 0, 0, 0, 1, 0, 0, 0, 0, 0, 0, 0, 1, 1, 0, 0, 0, 0, 0, 1, 0, 0, 0, 0, 0, 1, 0, 1, 0, 0, 0, 1, 0, 0, 0, 0, 1, 1, 0, 0, 0, 0, 0, 0, 1, 0, 0, 0, 0, 1, 1, 0, 0, 0, 0, 0, 0, 1, 0, 1, 1, 0, 1, 1, 0, 1, 1, 0, 1, 0, 0, 0, 0, 1, 0, 1, 0, 0, 1, 0, 1, 1, 1, 0, 1, 1, 1, 0, 1, 0, 0, 0, 1, 0, 0, 0, 0, 0, 0, 1, 0, 1, 0, 0, 0, 0, 0, 1, 0, 0, 0, 0, 0, 0, 1, 0, 0, 0, 0, 0], "confidence_scores": [[0.5780053879127407, 0.421994612087259], [0.5732582972582974, 0.42674170274170253], [0.48884907665433985, 0.5111509233456603], [0.6425418747918746, 0.3574581252081253], [0.5199166666666668, 0.4800833333333332], [0.6813213675213677, 0.31867863247863243], [0.7154861768950003, 0.2845138231049997], [0.6386331668331667, 0.36136683316683316], [0.6568047896547893, 0.3431952103452102], [0.47899745254745274, 0.5210025474525474], [0.6270700188700188, 0.3729299811299811], [0.7005076978576977, 0.29949230214230205], [0.603946103896104, 0.39605389610389596], [0.6887209734709738, 0.3112790265290266], [0.6391631535131538, 0.3608368464868464], [0.43316161616161636, 0.5668383838383839], [0.6864274753024749, 0.31357252469752456], [0.5707755688755692, 0.4292244311244311], [0.53280646020646, 0.46719353979354006], [0.592164341214341, 0.40783565878565875], [0.6723370129870129, 0.3276629870129869], [0.6680455266955265, 0.3319544733044732], [0.6882090742590743, 0.3117909257409257], [0.6844581807081808, 0.31554181929181935], [0.6951628205128204, 0.30483717948717953], [0.6666475468975472, 0.3333524531024531], [0.6182926406926407, 0.3817073593073593], [0.44546865356865345, 0.5545313464313467], [0.5853620268620268, 0.41463797313797324], [0.5163394882894883, 0.4836605117105117], [0.5190314851814852, 0.4809685148185148], [0.6102577922077924, 0.38974220779220775], [0.6080335625159154, 0.3919664374840845], [0.6495910977910977, 0.35040890220890225], [0.7059666777666778, 0.2940333222333221], [0.47552618492618487, 0.524473815073815], [0.4769724719724719, 0.523027528027528], [0.7009117180205413, 0.29908828197945847], [0.5643314574314575, 0.4356685425685425], [0.5540191863691862, 0.4459808136308136], [0.5366438394938395, 0.46335616050616046], [0.6277922577422577, 0.37220774225774234], [0.4391210900210899, 0.5608789099789101], [0.5980921356421356, 0.40190786435786435], [0.6607698412698413, 0.33923015873015877], [0.5126125057948586, 0.48738749420514144], [0.6235162781662783, 0.3764837218337218], [0.5500420801420801, 0.4499579198579197], [0.48186286491286484, 0.5181371350871352], [0.6085042568542569, 0.391495743145743], [0.4683224331224332, 0.5316775668775668], [0.6978753635253634, 0.30212463647463655], [0.6108795093795093, 0.3891204906204907], [0.7726282828282831, 0.22737171717171728], [0.46016208236208245, 0.5398379176379174], [0.6692438672438673, 0.33075613275613286], [0.6223547468871, 0.37764525311290015], [0.528469769119769, 0.471530230880231], [0.5533579198579197, 0.4466420801420802], [0.4639267621267621, 0.5360732378732378], [0.38032109002109, 0.6196789099789097], [0.7307152141975672, 0.26928478580243287], [0.6260615995115991, 0.3739384004884003], [0.5458866541954779, 0.4541133458045221], [0.5103225385725383, 0.48967746142746166], [0.6478916583416581, 0.35210834165834165], [0.5824007048507045, 0.41759929514929517], [0.4940772727272725, 0.5059227272727276], [0.5002146464646465, 0.4997853535353536], [0.5855944222444223, 0.4144055777555781], [0.6162240648240648, 0.3837759351759351], [0.5424862193362192, 0.4575137806637806], [0.4762018037518037, 0.5237981962481963], [0.48503242705007416, 0.5149675729499259], [0.6365175047175047, 0.3634824952824955], [0.6423524975024975, 0.35764750249750243], [0.6041746753246754, 0.39582532467532455], [0.5603454545454544, 0.4396545454545456], [0.6172326023649553, 0.3827673976350448], [0.5627446608946608, 0.43725533910533926], [0.49977371517371527, 0.5002262848262846], [0.5442336829836828, 0.4557663170163169], [0.3937029359529357, 0.6062970640470642], [0.4944158785658787, 0.5055841214341213], [0.5538636807636809, 0.44613631923631913], [0.4468196969696971, 0.553180303030303], [0.2761485070485071, 0.7238514929514928], [0.5072694380782616, 0.4927305619217384], [0.4523117105117103, 0.5476882894882894], [0.4538052075375605, 0.5461947924624394], [0.5404481240981241, 0.4595518759018758], [0.40383958818958826, 0.5961604118104121], [0.6864584915084917, 0.31354150849150847], [0.6095552593605225, 0.3904447406394776], [0.5578799866799866, 0.4421200133200134], [0.5245337662337665, 0.47546623376623365], [0.4870680153180151, 0.5129319846819849], [0.5148165870077634, 0.4851834129922366], [0.494871828171828, 0.505128171828172], [0.6678430014430018, 0.33215699855699865], [0.5108280441780441, 0.48917195582195594], [0.33447878787878776, 0.6655212121212122], [0.5324105339105338, 0.46758946608946605], [0.4446383449883451, 0.5553616550116551], [0.46725953654188956, 0.5327404634581107], [0.4746478433846854, 0.5253521566153146], [0.7404378732378734, 0.2595621267621268], [0.4321488083811613, 0.5678511916188387], [0.4732938505938506, 0.5267061494061493], [0.4505641192141192, 0.5494358807858808], [0.6020141913641911, 0.3979858086358087], [0.47189870684870655, 0.5281012931512935], [0.658960317460317, 0.3410396825396824], [0.5837602397602402, 0.4162397602397602], [0.582424642024642, 0.41757535797535794], [0.47539178044178065, 0.5246082195582192], [0.5648339826839827, 0.4351660173160173], [0.5693934676434678, 0.43060653235653235], [0.6664825063825063, 0.33351749361749367], [0.524772823581647, 0.475227176418353], [0.5527120990120988, 0.447287900987901], [0.5526700466200463, 0.4473299533799534], [0.36967557083439434, 0.6303244291656055], [0.7178508824508821, 0.2821491175491175], [0.35622879897879905, 0.6437712010212011], [0.5691337995337995, 0.4308662004662005], [0.6398954192006825, 0.36010458079931773], [0.5655524420024419, 0.4344475579975582], [0.6402129509379508, 0.35978704906204906], [0.5514625097125094, 0.4485374902874905], [0.419639615939616, 0.5803603840603844], [0.6090833333333333, 0.39091666666666663], [0.605347213897214, 0.3946527861027862], [0.5950773504273504, 0.4049226495726496], [0.6201421689421689, 0.379857831057831], [0.6433895826395826, 0.3566104173604172], [0.5116725829725828, 0.48832741702741705], [0.382790331890332, 0.617209668109668], [0.7075970085470086, 0.29240299145299165], [0.596138455988456, 0.4038615440115439], [0.6703598346098347, 0.3296401653901652], [0.5482583694083695, 0.45174163059163075], [0.5563758297258298, 0.4436241702741701]]}}