{"test": {"ids": ["297", "182", "382", "364", "611", "176", "530", "444", "479", "459", "208", "247", "172", "225", "111", "284", "117", "104", "273", "296", "311", "576", "524", "66", "492", "201", "147", "486", "286", "607", "222", "543", "542", "533", "332", "394", "161", "372", "689", "200", "258", "326", "335", "682", "186", "288", "146", "171", "120", "405", "579", "207", "608", "74", "572", "154", "75", "7", "287", "548", "127", "449", "615", "419", "93", "77", "29", "48", "256", "224", "525", "443", "148", "371", "174", "605", "473", "634", "140", "498", "537", "614", "35", "268", "678", "56", "684", "141", "453", "276", "228", "522", "177", "633", "230", "667", "654", "109", "644", "89", "221", "640", "90", "301", "631", "417", "358", "130", "38", "428", "566", "430", "590", "504", "31", "378", "50", "694", "39", "600", "421", "325", "4", "553", "285", "135", "316", "540", "490", "464", "40", "415", "15", "220", "374", "23", "376", "396", "165", "129", "160"], "labels": [0, 0, 0, 0, 0, 0, 1, 0, 0, 0, 0, 0, 1, 0, 1, 0, 1, 1, 0, 0, 0, 0, 1, 0, 0, 0, 1, 0, 0, 0, 0, 1, 1, 1, 0, 1, 1, 0, 1, 0, 0, 0, 0, 1, 0, 0, 1, 1, 1, 1, 0, 0, 0, 0, 0, 1, 0, 1, 0, 1, 1, 0, 0, 1, 1, 0, 0, 1, 0, 0, 1, 1, 1, 0, 0, 0, 0, 1, 1, 0, 1, 0, 0, 0, 1, 1, 1, 1, 0, 0, 0, 1, 0, 1, 0, 1, 1, 1, 1, 1, 0, 1, 1, 0, 1, 1, 0, 1, 1, 1, 0, 1, 0, 0, 0, 1, 1, 1, 1, 0, 1, 0, 0, 1, 0, 1, 0, 1, 0, 0, 1, 1, 1, 0, 0, 0, 0, 1, 1, 1, 1], "predicted_labels": [0, 0, 1, 1, 0, 0, 0, 1, 1, 0, 0, 0, 1, 0, 0, 0, 0, 0, 1, 0, 0, 0, 0, 0, 1, 0, 0, 1, 1, 1, 0, 1, 1, 0, 0, 1, 1, 0, 1, 0, 0, 0, 0, 1, 1, 1, 0, 1, 1, 0, 0, 1, 0, 0, 1, 1, 0, 0, 0, 0, 1, 0, 0, 0, 1, 0, 0, 1, 0, 0, 0, 1, 0, 0, 0, 1, 1, 0, 1, 0, 0, 0, 1, 0, 1, 1, 0, 1, 0, 0, 0, 1, 0, 1, 0, 1, 1, 0, 1, 0, 0, 0, 1, 0, 1, 0, 0, 1, 0, 1, 0, 1, 0, 0, 1, 0, 1, 1, 0, 0, 1, 1, 1, 0, 0, 1, 0, 1, 1, 0, 0, 1, 0, 1, 1, 0, 0, 1, 1, 1, 1], "confidence_scores": [[0.6382779828171943, 0.3617220171828058], [0.6400278732963879, 0.359972126703612], [0.47659815110684134, 0.5234018488931588], [0.4492949128212449, 0.550705087178755], [0.5604965700110003, 0.43950342998899966], [0.5446828366907467, 0.45531716330925315], [0.5503018969207439, 0.44969810307925623], [0.48730345191368485, 0.512696548086315], [0.48648861294340934, 0.5135113870565907], [0.6578791401275206, 0.3421208598724795], [0.6496518994636037, 0.35034810053639626], [0.680794812501536, 0.3192051874984641], [0.5, 0.5], [0.5279473167163515, 0.47205268328364847], [0.5531678089410131, 0.4468321910589869], [0.6008928581018995, 0.3991071418981005], [0.5778136734951427, 0.42218632650485743], [0.68662708362549, 0.31337291637451004], [0.45725782138320276, 0.5427421786167971], [0.6806438155547747, 0.3193561844452255], [0.6535332364477001, 0.3464667635522999], [0.5631085164101877, 0.43689148358981245], [0.6572588022589128, 0.34274119774108724], [0.7359090337534024, 0.2640909662465977], [0.4527044609557123, 0.5472955390442877], [0.6989630999538521, 0.3010369000461478], [0.5510987753446319, 0.44890122465536814], [0.5157568416276427, 0.48424315837235726], [0.5098979117511623, 0.49010208824883755], [0.5, 0.5], [0.7512454045895612, 0.24875459541043876], [0.45492849488188203, 0.5450715051181179], [0.4115460167445637, 0.5884539832554364], [0.6508596702039133, 0.3491403297960865], [0.570121179045524, 0.42987882095447594], [0.27195106365897104, 0.7280489363410287], [0.4596513177399016, 0.5403486822600984], [0.5982175345889713, 0.40178246541102863], [0.4009673365838459, 0.599032663416154], [0.6934939439827598, 0.30650605601723996], [0.6316633542397319, 0.3683366457602681], [0.5804672025459826, 0.4195327974540175], [0.5289904701845621, 0.47100952981543776], [0.4112828709162015, 0.5887171290837985], [0.47985581377646785, 0.520144186223532], [0.47050935885177136, 0.5294906411482289], [0.533650317868131, 0.46634968213186917], [0.2735282884190608, 0.7264717115809394], [0.5057176726434389, 0.4942823273565611], [0.5660203165705572, 0.4339796834294428], [0.6575455683337473, 0.34245443166625256], [0.5195642824803386, 0.4804357175196613], [0.6629232938894857, 0.3370767061105143], [0.5371395149501837, 0.4628604850498163], [0.4316490287515748, 0.5683509712484253], [0.40363748127698484, 0.5963625187230153], [0.5750644101520088, 0.42493558984799135], [0.7078868757538732, 0.2921131242461267], [0.713193693176888, 0.2868063068231118], [0.542839114500355, 0.4571608854996449], [0.46844190502443783, 0.5315580949755622], [0.6765423785091121, 0.3234576214908877], [0.6644540777682092, 0.3355459222317908], [0.5875322309703279, 0.4124677690296721], [0.3603431213168194, 0.6396568786831807], [0.5639134084746437, 0.4360865915253563], [0.5914399874253905, 0.40856001257460955], [0.3961249188479266, 0.6038750811520736], [0.6848657924347454, 0.3151342075652546], [0.5787048768601484, 0.4212951231398517], [0.6686485997172494, 0.3313514002827505], [0.4872588312741139, 0.5127411687258862], [0.5345498059459403, 0.46545019405405985], [0.5506930493869159, 0.44930695061308407], [0.5812231726313264, 0.4187768273686736], [0.4369256048031096, 0.5630743951968903], [0.5, 0.5], [0.6122859655116993, 0.3877140344883007], [0.41694176012626877, 0.5830582398737311], [0.6107199902523145, 0.38928000974768556], [0.6717176032908988, 0.3282823967091011], [0.5631756319083969, 0.4368243680916031], [0.45384521411366624, 0.5461547858863338], [0.5926334327487858, 0.4073665672512143], [0.30556043831658325, 0.6944395616834168], [0.34877486351762044, 0.6512251364823795], [0.5743310101633365, 0.42566898983666335], [0.32820224010216703, 0.6717977598978329], [0.5446701181920394, 0.4553298818079607], [0.6442637749868915, 0.35573622501310853], [0.5580299372171105, 0.44197006278288936], [0.43366815519464197, 0.566331844805358], [0.5591772271590804, 0.4408227728409197], [0.5086796511369658, 0.4913203488630341], [0.7229118458638844, 0.2770881541361157], [0.31146439118272085, 0.6885356088172792], [0.5162656643663809, 0.4837343356336191], [0.6036250681863335, 0.3963749318136665], [0.3496297425352344, 0.6503702574647656], [0.5312562218910387, 0.4687437781089613], [0.5737171479773744, 0.42628285202262545], [0.7067206528091508, 0.29327934719084914], [0.3762864920758107, 0.6237135079241893], [0.5935253755516798, 0.40647462444832017], [0.3957776983429837, 0.6042223016570162], [0.6248219660482494, 0.37517803395175064], [0.5637352688472901, 0.43626473115270986], [0.2336839179749625, 0.7663160820250375], [0.600736136298927, 0.39926386370107303], [0.3744553973848277, 0.6255446026151724], [0.6593872790648131, 0.3406127209351867], [0.35536503541095144, 0.6446349645890487], [0.6629039182816542, 0.3370960817183457], [0.5555934698782556, 0.44440653012174447], [0.516784477515566, 0.4832155224844341], [0.5782328385218235, 0.42176716147817656], [0.45409323585480477, 0.5459067641451953], [0.4679717684223793, 0.5320282315776206], [0.5207335453308501, 0.4792664546691498], [0.580929528620894, 0.41907047137910597], [0.4545985977890078, 0.5454014022109924], [0.484099546245213, 0.5159004537547869], [0.5, 0.5], [0.6782099508127006, 0.3217900491872994], [0.7116338009850768, 0.2883661990149231], [0.27297573886249, 0.7270242611375102], [0.5774562989591807, 0.42254370104081923], [0.5, 0.5], [0.3737338647452637, 0.6262661352547364], [0.7274837433598642, 0.27251625664013573], [0.6423144698520316, 0.35768553014796856], [0.4924555896290788, 0.5075444103709211], [0.6170480365698333, 0.3829519634301667], [0.5130149291336956, 0.4869850708663042], [0.46562031215815736, 0.5343796878418428], [0.6293146178886546, 0.37068538211134533], [0.6877727286576845, 0.31222727134231526], [0.2682958919485886, 0.7317041080514116], [0.247402048853496, 0.7525979511465042], [0.298142566547924, 0.701857433452076], [0.409971746071659, 0.590028253928341]]},