{"test": {"ids": ["509", "209", "183", "35", "593", "535", "622", "230", "92", "456", "466", "221", "164", "547", "539", "43", "42", "274", "199", "403", "31", "704", "577", "461", "625", "44", "404", "90", "596", "304", "578", "706", "309", "601", "587", "650", "136", "475", "478", "299", "325", "72", "21", "412", "353", "350", "240", "579", "462", "519", "6", "66", "392", "391", "259", "278", "658", "218", "318", "620", "659", "286", "241", "368", "349", "366", "562", "384", "493", "365", "187", "501", "273", "277", "74", "645", "161", "111", "396", "477", "175", "2", "597", "338", "64", "288", "108", "413", "699", "390", "687", "438", "463", "80", "372", "235", "8", "272", "394", "566", "236", "406", "158", "217", "208", "276", "296", "180", "698", "307", "262", "54", "89", "146", "103", "546", "34", "669", "610", "541", "440", "376", "282", "604", "401", "252", "160", "302", "580", "328", "345", "361", "123", "536", "295", "114", "516", "640", "550", "194", "414", "167", "647"], "labels": [1, 1, 1, 1, 1, 0, 1, 1, 0, 1, 1, 1, 0, 0, 0, 1, 1, 1, 1, 0, 1, 0, 1, 1, 1, 1, 0, 0, 1, 1, 1, 0, 1, 1, 1, 0, 0, 1, 1, 1, 0, 1, 1, 0, 0, 0, 1, 1, 1, 0, 0, 1, 0, 0, 0, 1, 0, 1, 1, 0, 0, 1, 1, 0, 0, 0, 1, 1, 0, 0, 1, 1, 1, 1, 1, 0, 0, 1, 0, 1, 1, 0, 1, 0, 1, 1, 1, 0, 0, 0, 1, 0, 1, 1, 0, 1, 0, 1, 0, 1, 1, 0, 0, 1, 1, 1, 1, 1, 0, 1, 0, 1, 0, 0, 0, 0, 1, 0, 0, 1, 0, 0, 1, 1, 0, 1, 0, 1, 1, 0, 0, 0, 0, 0, 1, 1, 0, 0, 0, 1, 0, 0, 0], "predicted_labels": [1, 1, 0, 1, 0, 1, 0, 1, 0, 0, 0, 0, 0, 1, 1, 1, 0, 1, 1, 0, 0, 0, 0, 1, 1, 0, 1, 1, 1, 0, 1, 1, 1, 0, 0, 0, 0, 1, 1, 1, 1, 1, 0, 0, 0, 0, 1, 1, 0, 0, 0, 1, 0, 0, 0, 0, 0, 0, 1, 0, 0, 0, 1, 0, 0, 0, 1, 0, 0, 0, 1, 1, 1, 1, 0, 0, 1, 0, 0, 1, 1, 0, 0, 0, 0, 1, 1, 0, 0, 0, 1, 0, 1, 1, 0, 1, 1, 1, 0, 0, 1, 0, 0, 1, 1, 0, 1, 1, 0, 1, 0, 1, 0, 1, 0, 0, 1, 1, 0, 1, 0, 0, 1, 1, 1, 0, 0, 1, 1, 0, 0, 0, 1, 0, 0, 1, 1, 0, 0, 1, 0, 1, 1], "confidence_scores": [[0.34390705404054034, 0.6560929459594597], [0.0818399385994002, 0.9181600614005998], [0.8500897693453159, 0.1499102306546841], [0.1271907733119635, 0.8728092266880365], [0.8228243016411789, 0.17717569835882105], [0.3124197937117875, 0.6875802062882125], [0.7077392437241699, 0.2922607562758301], [0.07768942440208515, 0.9223105755979149], [0.8297184910737634, 0.17028150892623664], [0.6049700539081708, 0.39502994609182923], [0.5596913056050266, 0.44030869439497344], [0.9413091946171576, 0.058690805382842444], [0.6670531265393644, 0.33294687346063556], [0.14993598984604872, 0.8500640101539513], [0.1254211741836999, 0.8745788258163001], [0.3357082227496341, 0.6642917772503659], [0.8561170003014518, 0.1438829996985482], [0.34812073281815115, 0.6518792671818489], [0.16285549863180127, 0.8371445013681987], [0.7635521304323662, 0.2364478695676337], [0.8806049324944485, 0.11939506750555157], [0.8576196317476622, 0.1423803682523378], [0.8605385972919009, 0.13946140270809912], [0.13828391212615343, 0.8617160878738466], [0.4365678206219735, 0.5634321793780265], [0.8846030965909576, 0.11539690340904239], [0.06044309553582772, 0.9395569044641723], [0.31044566989468547, 0.6895543301053145], [0.20399710538627236, 0.7960028946137276], [0.6525020696852513, 0.34749793031474874], [0.37028693968044823, 0.6297130603195518], [0.4598782431710807, 0.5401217568289193], [0.44715429124748907, 0.5528457087525109], [0.8527040245917287, 0.1472959754082713], [0.7176059467062319, 0.28239405329376804], [0.6590237222769988, 0.3409762777230012], [0.9653912166286898, 0.03460878337131029], [0.055718817268505694, 0.9442811827314943], [0.24704389270682225, 0.7529561072931777], [0.49626369012023863, 0.5037363098797614], [0.41878490320620454, 0.5812150967937955], [0.08860944397933956, 0.9113905560206604], [0.6549800401958881, 0.34501995980411193], [0.7848183369231156, 0.2151816630768844], [0.9753772272746852, 0.024622772725314726], [0.659091607934168, 0.34090839206583207], [0.17187205497845082, 0.8281279450215492], [0.30048850805798344, 0.6995114919420166], [0.8281142136871853, 0.17188578631281473], [0.6894672592669515, 0.31053274073304843], [0.8646217590241632, 0.1353782409758369], [0.07407082165669421, 0.9259291783433058], [0.7542168636235893, 0.24578313637641064], [0.892774191751291, 0.10722580824870899], [0.5742358046957601, 0.4257641953042399], [0.6445520698266447, 0.35544793017335524], [0.5222040697017404, 0.4777959302982596], [0.8322346085405166, 0.16776539145948346], [0.36797605400442923, 0.6320239459955708], [0.8144450495874582, 0.1855549504125418], [0.9618144016197578, 0.0381855983802421], [0.5951087333935658, 0.4048912666064341], [0.46456552487736946, 0.5354344751226305], [0.8838049210010142, 0.1161950789989858], [0.710093059840041, 0.28990694015995894], [0.8696673422944476, 0.13033265770555233], [0.28272781312009154, 0.7172721868799085], [0.970453623919018, 0.029546376080981953], [0.6591355245780486, 0.3408644754219514], [0.872382924154383, 0.12761707584561696], [0.2601230157313894, 0.7398769842686106], [0.1756034733094607, 0.8243965266905393], [0.4205159698407698, 0.5794840301592302], [0.33290242390354086, 0.6670975760964591], [0.6440523305418289, 0.3559476694581711], [0.8282075849667578, 0.1717924150332422], [0.048962743844465084, 0.9510372561555349], [0.7673942890557799, 0.23260571094422008], [0.9494297474644053, 0.05057025253559471], [0.10644925503907687, 0.8935507449609231], [0.0822087377091767, 0.9177912622908233], [0.9353323858688667, 0.0646676141311333], [0.9545333515840564, 0.04546664841594357], [0.6034551205585381, 0.39654487944146194], [0.6166038003485023, 0.38339619965149774], [0.022655396233261627, 0.9773446037667384], [0.3194683512328793, 0.6805316487671207], [0.6358285579715526, 0.3641714420284474], [0.6215502636017958, 0.3784497363982042], [0.8820846361338909, 0.11791536386610915], [0.18025692527999504, 0.819743074720005], [0.9406516265478436, 0.05934837345215637], [0.14093075253395804, 0.859069247466042], [0.0963048417693364, 0.9036951582306636], [0.5925903917036465, 0.40740960829635353], [0.19918546558312022, 0.8008145344168798], [0.4524600603629788, 0.5475399396370212], [0.2694996408165534, 0.7305003591834466], [0.7518017311838687, 0.24819826881613127], [0.7938717031574011, 0.2061282968425989], [0.18831109461398343, 0.8116889053860166], [0.818302996736309, 0.18169700326369095], [0.9900332204989263, 0.009966779501073731], [0.06697573609602459, 0.9330242639039754], [0.3633806905937318, 0.6366193094062682], [0.7365662459519025, 0.26343375404809755], [0.321854601617352, 0.678145398382648], [0.22457967324693828, 0.7754203267530617], [0.8913503353498977, 0.10864966465010223], [0.48747996011373007, 0.5125200398862699], [0.7107202403685435, 0.2892797596314565], [0.4115553953273744, 0.5884446046726256], [0.7272550220743748, 0.2727449779256252], [0.16042624017904483, 0.8395737598209552], [0.5301814553891857, 0.4698185446108143], [0.8796434225163707, 0.12035657748362931], [0.14083879789608866, 0.8591612021039113], [0.2694301123061129, 0.7305698876938871], [0.5406709555202652, 0.45932904447973477], [0.10487415946182499, 0.895125840538175], [0.7261731489387104, 0.2738268510612896], [0.6975157957085122, 0.3024842042914878], [0.3657758878340285, 0.6342241121659715], [0.26866516529295503, 0.731334834707045], [0.1952822547938211, 0.8047177452061789], [0.6058248623149778, 0.3941751376850222], [0.8730108473649315, 0.12698915263506846], [0.39950009405225084, 0.6004999059477492], [0.24110629799822403, 0.758893702001776], [0.7875328070581126, 0.21246719294188746], [0.9149822907452069, 0.08501770925479313], [0.5756249693857152, 0.4243750306142848], [0.31127163730503404, 0.688728362694966], [0.7405239194223412, 0.25947608057765886], [0.9292048251654528, 0.07079517483454727], [0.01914245429537187, 0.9808575457046281], [0.17169166985639905, 0.828308330143601], [0.8284626175252745, 0.17153738247472547], [0.8015023759187885, 0.19849762408121147], [0.06198647326760287, 0.9380135267323971], [0.8431632359082714, 0.15683676409172867], [0.4872901116488716, 0.5127098883511284], [0.15872271211265132, 