{"test": {"ids": ["24", "187", "509", "661", "181", "226", "416", "86", "414", "256", "162", "12", "335", "513", "451", "49", "184", "166", "527", "247", "366", "688", "425", "18", "576", "143", "129", "336", "20", "71", "98", "93", "623", "268", "9", "374", "352", "138", "151", "699", "127", "647", "303", "457", "295", "631", "126", "314", "559", "200", "109", "461", "588", "546", "442", "633", "614", "264", "142", "380", "520", "404", "176", "672", "252", "239", "8", "265", "394", "94", "421", "157", "65", "312", "525", "25", "549", "325", "436", "343", "521", "657", "386", "45", "227", "267", "690", "173", "320", "210", "84", "276", "540", "523", "443", "216", "522", "419", "259", "208", "676", "387", "334", "167", "260", "19", "231", "178", "470", "510", "396", "511"], "labels": [0, 0, 0, 1, 0, 0, 1, 0, 1, 0, 1, 1, 0, 0, 0, 1, 0, 1, 1, 0, 0, 0, 1, 0, 0, 1, 1, 0, 0, 0, 1, 1, 1, 0, 1, 0, 0, 1, 1, 1, 1, 1, 0, 0, 0, 1, 1, 0, 0, 0, 1, 0, 0, 1, 1, 1, 0, 0, 1, 1, 1, 1, 0, 1, 1, 0, 1, 0, 1, 1, 1, 1, 0, 0, 1, 0, 1, 0, 1, 0, 1, 1, 1, 1, 0, 0, 1, 1, 0, 0, 0, 0, 1, 1, 1, 0, 1, 1, 0, 0, 1, 1, 0, 1, 0, 0, 0, 0, 0, 0, 1, 0], "predicted_labels": [1, 0, 0, 0, 0, 0, 1, 1, 0, 0, 1, 0, 0, 0, 1, 1, 0, 1, 0, 0, 1, 1, 0, 0, 0, 0, 1, 1, 0, 1, 0, 1, 0, 0, 0, 0, 0, 1, 1, 1, 1, 0, 0, 0, 0, 1, 1, 1, 0, 0, 0, 0, 1, 1, 0, 1, 1, 0, 1, 1, 0, 0, 1, 1, 0, 1, 0, 0, 1, 0, 0, 0, 0, 0, 0, 0, 0, 1, 1, 1, 0, 0, 1, 1, 0, 1, 0, 1, 0, 0, 1, 0, 1, 0, 0, 0, 1, 0, 0, 0, 0, 1, 1, 1, 0, 1, 0, 0, 1, 0, 1, 1], "confidence_scores": [[0.4871719775839063, 0.5128280224160938], [0.6115163182878134, 0.38848368171218667], [0.7591019442083698, 0.2408980557916302], [0.5352571389176264, 0.4647428610823735], [0.7867812126940679, 0.21321878730593227], [0.6686729705873057, 0.3313270294126944], [0.5068774500693035, 0.4931225499306965], [0.26859011527170296, 0.7314098847282969], [0.5451782291798963, 0.4548217708201036], [0.6003225543572726, 0.39967744564272734], [0.4004410891451626, 0.5995589108548374], [0.5229311345195162, 0.47706886548048366], [0.6135389052872315, 0.3864610947127685], [0.5480515064167689, 0.45194849358323114], [0.4547469672649596, 0.5452530327350404], [0.38076687971500023, 0.6192331202849998], [0.6838047881788761, 0.31619521182112387], [0.3029234850029009, 0.697076514997099], [0.5561642837388489, 0.4438357162611511], [0.5427442349067458, 0.45725576509325405], [0.42736261415010757, 0.5726373858498924], [0.3483515727074869, 0.6516484272925133], [0.7054896170688114, 0.29451038293118836], [0.6814215499784988, 0.31857845002150104], [0.5880549601351526, 0.41194503986484726], [0.5925719416009296, 0.4074280583990705], [0.34686005320558694, 0.6531399467944129], [0.5, 0.5], [0.5305400590116515, 0.46945994098834853], [0.3907880911327984, 0.6092119088672018], [0.6887727645710104, 0.31122723542898934], [0.4060005131526135, 0.5939994868473867], [0.7128757580573146, 0.2871242419426853], [0.6116359282831275, 0.3883640717168725], [0.6833158717338923, 0.3166841282661076], [0.5900803765976883, 0.40991962340231153], [0.5604777533959147, 0.4395222466040855], [0.39077796810841314, 0.6092220318915869], [0.4839901603086484, 0.5160098396913516], [0.4488328776976666, 0.5511671223023332], [0.4197630175982608, 0.5802369824017392], [0.5296305387925229, 0.4703694612074774], [0.5411597280862777, 0.45884027191372245], [0.5846167262631136, 0.41538327373688644], [0.5517155053340959, 0.44828449466590414], [0.5, 0.5], [0.3645969768228459, 0.6354030231771541], [0.4824504975374847, 0.5175495024625153], [0.5706523132213569, 0.429347686778643], [0.6900373200949096, 0.3099626799050904], [0.6109401760349763, 0.38905982396502375], [0.6886683817684105, 0.3113316182315896], [0.47440150974548057, 0.5255984902545197], [0.48648684007144116, 0.5135131599285587], [0.5421593806102335, 0.4578406193897666], [0.43369086330264583, 0.5663091366973542], [0.5, 0.5], [0.5472332438497901, 0.4527667561502101], [0.3757619857599565, 0.6242380142400435], [0.508228369140006, 0.491771630859994], [0.6830766582177797, 0.31692334178222], [0.5338825154974343, 0.4661174845025658], [0.5, 0.5], [0.3485190715848432, 0.6514809284151567], [0.5495909327964129, 0.45040906720358714], [0.4455532581160254, 0.5544467418839746], [0.6192390693239315, 0.3807609306760685], [0.565340761130679, 0.434659238869321], [0.4201200592794676, 0.5798799407205324], [0.7014473461309388, 0.2985526538690615], [0.5886718426554958, 0.4113281573445043], [0.5237832672194356, 0.4762167327805644], [0.6029408137789013, 0.3970591862210987], [0.7277205400561086, 0.27227945994389124], [0.6174735449918358, 0.38252645500816435], [0.5586010103942493, 0.4413989896057509], [0.598161664641009, 0.4018383353589912], [0.5071726632422533, 0.49282733675774665], [0.3899720203951507, 0.6100279796048493], [0.49069335874565856, 0.5093066412543413], [0.5442631993558048, 0.4557368006441952], [0.5849250739059856, 0.41507492609401436], [0.2583500771869821, 0.7416499228130179], [0.5, 0.5], [0.5444814069558098, 0.45551859304419023], [0.5, 0.5], [0.6295327763932578, 0.37046722360674217], [0.5085694642182396, 0.4914305357817603], [0.5516999006471821, 0.4483000993528179], [0.5890457207889731, 0.41095427921102673], [0.47725717797810824, 0.5227428220218917], [0.634745365830098, 0.36525463416990206], [0.483711679269602, 0.516288320730398], [0.619710655869791, 0.38028934413020893], [0.5620420345433237, 0.4379579654566765], [0.6704513174034052, 0.3295486825965947], [0.4420133008551411, 0.5579866991448591], [0.5355643395128696, 0.4644356604871303], [0.7244317832430838, 0.2755682167569162], [0.6243452556260061, 0.37565474437399404], [0.5516490426191767, 0.44835095738082315], [0.38691989082084904, 0.6130801091791508], [0.4173782521065058, 0.5826217478934941], [0.33593789796959395, 0.6640621020304062], [0.5508638553967872, 0.44913614460321266], [0.5057916591918634, 0.49420834080813636], [0.5565745480801905, 0.4434254519198094], [0.6207005126008076, 0.37929948739919234], [0.45074748408985815, 0.5492525159101418], [0.5519609574563792, 0.44803904254362076], [0.3796149713405687, 0.6203850286594312], [0.5223314207758001, 0.47766857922420014]]}, "rewritten": {"ids": ["8", "9", "12", "18", "19", "20", "24", "25", "45", "49", "65", "71", "84", "86", "93", "94", "98", "109", "126", "127", "129", "138", "142", "143", "151", "157", "162", "166", "167", "173", "176", "178", "181", "184", "187", "200", "208", "210", "216", "226", "227", "231", "239", "247", "252", "256", "259", "260", "264", "265", "267", "268", "276", "295", "303", "312", "314", "320", "325", "334", "335", "336", "343", "352", "366", "374", "380", "386", "387", "394", "396", "404", "414", "416", "419", "421", "425", "436", "442", "443", "451", "457", "461", "470", "509", "510", "511", "513", "520", "521", "522", "523", "525", "527", "540", "546", "549", "559", "576", "588", "614", "623", "631", "633", "647", "657", "661", "672", "676", "688", "690", "699"], "labels": [1, 1, 1, 0, 0, 0, 0, 0, 1, 1, 0, 0, 0, 0, 1, 1, 1, 1, 1, 1, 1, 1, 1, 1, 1, 1, 1, 1, 1, 1, 0, 0, 0, 0, 0, 0, 0, 0, 0, 0, 0, 0, 0, 0, 1, 0, 0, 0, 0, 0, 0, 0, 0, 0, 0, 0, 0, 0, 0, 0, 0, 0, 0, 0, 0, 0, 1, 1, 1, 1, 1, 1, 1, 1, 1, 1, 1, 1, 1, 1, 0, 0, 0, 0, 0, 0, 0, 0, 1, 1, 1, 1, 1, 1, 1, 1, 1, 0, 0, 0, 0, 1, 1, 1, 1, 1, 1, 1, 1, 0, 1, 1], "predicted_labels": [0, 0, 0, 0, 1, 0, 1, 0, 1, 1, 0, 1, 1, 1, 1, 0, 0, 1, 1, 1, 1, 1, 1, 0, 1, 1, 1, 1, 1, 1, 1, 0, 0, 0, 0, 0, 0, 0, 0, 0, 0, 0, 1, 1, 1, 0, 0, 1, 0, 0, 0, 1, 0, 1, 0, 0, 0, 1, 0, 1, 0, 1, 1, 0, 1, 0, 1, 1, 1, 1, 1, 0, 0, 1, 0, 0, 0, 1, 0, 1, 0, 0, 0, 1, 0, 1, 0, 1, 0, 1, 1, 0, 0, 0, 0, 1, 0, 0, 0, 1, 1, 0, 0, 1, 1, 1, 0, 1, 1, 1, 0, 1],