{"test": {"ids": ["581", "529", "457", "324", "231", "357", "594", "128", "599", "551", "564", "708", "577", "468", "519", "66", "487", "372", "21", "635", "346", "364", "225", "430", "498", "555", "376", "26", "466", "304", "705", "96", "640", "297", "191", "310", "541", "1", "427", "268", "436", "283", "207", "245", "14", "501", "595", "413", "171", "602", "620", "121", "343", "88", "552", "663", "102", "608", "410", "148", "142", "65", "170", "458", "216", "653", "7", "668", "637", "575", "13", "426", "536", "416", "243", "617", "503", "623", "168", "262", "565", "570", "162", "58", "655", "665", "203", "230", "423", "125", "284", "397", "540", "16", "470", "616", "680", "392", "469", "394", "179", "43", "698", "462", "73", "85", "683", "569", "367", "180", "333", "370", "104", "229", "275", "202", "329", "406", "76", "670", "6", "197", "336", "249", "480", "178", "580", "632", "568", "140", "694", "4", "181", "691", "327", "211", "291", "41", "628", "354", "196"], "labels": [0, 0, 0, 1, 0, 1, 0, 1, 0, 0, 0, 1, 0, 0, 1, 0, 0, 1, 0, 0, 1, 1, 0, 1, 0, 1, 1, 0, 0, 0, 1, 1, 1, 0, 0, 0, 1, 1, 1, 0, 1, 0, 0, 0, 1, 0, 0, 1, 1, 0, 0, 1, 1, 1, 0, 1, 1, 0, 1, 1, 1, 0, 1, 0, 0, 1, 1, 1, 1, 0, 1, 1, 0, 1, 0, 0, 0, 1, 1, 0, 0, 0, 1, 0, 1, 1, 0, 0, 1, 1, 0, 1, 0, 1, 0, 0, 1, 1, 0, 1, 0, 0, 1, 0, 0, 1, 1, 0, 1, 0, 1, 1, 1, 0, 0, 0, 1, 1, 0, 1, 1, 0, 1, 0, 0, 0, 0, 0, 0, 1, 1, 0, 0, 1, 1, 0, 0, 0, 1, 1, 0], "predicted_labels": [0, 1, 0, 1, 0, 0, 1, 1, 0, 0, 1, 0, 0, 0, 0, 0, 1, 1, 1, 0, 0, 1, 0, 0, 0, 0, 1, 1, 0, 0, 1, 1, 1, 0, 0, 0, 0, 0, 0, 1, 1, 0, 0, 0, 1, 0, 0, 1, 0, 0, 0, 0, 1, 1, 1, 0, 1, 0, 1, 1, 1, 0, 0, 0, 1, 1, 0, 1, 0, 0, 1, 1, 0, 0, 0, 0, 1, 0, 0, 0, 1, 0, 1, 1, 0, 0, 1, 0, 1, 1, 1, 0, 1, 0, 1, 0, 0, 1, 1, 0, 1, 1, 0, 1, 0, 1, 1, 1, 1, 0, 1, 0, 0, 0, 0, 1, 1, 1, 0, 1, 1, 1, 1, 1, 0, 0, 0, 0, 1, 0, 0, 0, 0, 1, 0, 1, 0, 1, 0, 0, 1], "confidence_scores": [[0.8803335745733907, 0.11966642542660937], [0.46364023598521575, 0.5363597640147842], [0.562143449313772, 0.43785655068622803], [0.20090493941139775, 0.7990950605886022], [0.7333547571787467, 0.2666452428212533], [0.6062641014105901, 0.39373589858940994], [0.30618249417520094, 0.6938175058247991], [0.35516928716659224, 0.6448307128334078], [0.980327491057497, 0.01967250894250304], [0.9793441991463318, 0.020655800853668235], [0.44910207181476836, 0.5508979281852316], [0.5042074922918253, 0.49579250770817473], [0.993331997629426, 0.0066680023705740004], [0.8239591508485317, 0.17604084915146834], [0.7468304235079981, 0.2531695764920019], [0.8242522427681953, 0.17574775723180475], [0.03645812323347497, 0.963541876766525], [0.21505573135879208, 0.7849442686412079], [0.22272748893504335, 0.7772725110649567], [0.5968590817124705, 0.4031409182875295], [0.7125306011665034, 0.2874693988334966], [0.16236271825740545, 0.8376372817425946], [0.6475773711071926, 0.3524226288928074], [0.5799756665976974, 0.42002433340230266], [0.6983733430273965, 0.3016266569726035], [0.8258667270223765, 0.17413327297762343], [0.2381295576546283, 0.7618704423453717], [0.25206577789466234, 0.7479342221053377], [0.8758978385528721, 0.12410216144712793], [0.6390440949942915, 0.36095590500570857], [0.10316392348370207, 0.8968360765162979], [0.10509542694972063, 0.8949045730502794], [0.24466166802777067, 0.7553383319722293], [0.8789187148144241, 0.12108128518557591], [0.7928863626590429, 0.20711363734095714], [0.8041787271877241, 0.19582127281227593], [0.675478234260249, 0.32452176573975106], [0.9448054338464207, 0.055194566153579296], [0.6489310847244915, 0.35106891527550854], [0.4242271793472784, 0.5757728206527216], [0.07137338060898313, 0.9286266193910169], [0.6919020096979489, 0.3080979903020511], [0.9585724834814522, 0.041427516518547765], [0.9540969143936535, 0.045903085606346525], [0.30647387829904904, 0.693526121700951], [0.8665605765092383, 0.1334394234907617], [0.6593646619954415, 0.3406353380045585], [0.18613356053351637, 0.8138664394664836], [0.9609673875308937, 0.03903261246910632], [0.6799844561569612, 0.32001554384303876], [0.9705870194362413, 0.02941298056375876], [0.5446112013125931, 0.4553887986874069], [0.36301163722745133, 0.6369883627725487], [0.10540213546898314, 0.8945978645310169], [0.4571151969904437, 0.5428848030095563], [0.8283133465062096, 0.1716866534937904], [0.13211456138570954, 0.8678854386142905], [0.9026402535844111, 0.0973597464155889], [0.2625929544177953, 0.7374070455822047], [0.09104367423985915, 0.9089563257601408], [0.2104186712243461, 0.7895813287756539], [0.7820643109887252, 0.21793568901127477], [0.7022748340800579, 0.29772516591994214], [0.573227023603289, 0.42677297639671097], [0.15052448409103647, 0.8494755159089635], [0.2103193519963089, 0.7896806480036911], [0.9770514706871203, 0.02294852931287968], [0.013316411369673098, 0.9866835886303269], [0.9638250262292846, 0.036174973770715484], [0.6918434290876821, 0.30815657091231785], [0.16442475708465543, 0.8355752429153446], [0.271153556713544, 0.728846443286456], [0.6367506518984604, 0.36324934810153964], [0.5550020639001834, 0.44499793609981664], [0.950981833449485, 0.04901816655051506], [0.6008523486193997, 0.39914765138060027], [0.12057089851496261, 0.8794291014850374], [0.7925874688989769, 0.20741253110102306], [0.7611287909103757, 0.23887120908962434], [0.9453060710325855, 0.054693928967414526], [0.0863289333805658, 0.9136710666194342], [0.6610530049772367, 0.3389469950227632], [0.1402553343413665, 0.8597446656586335], [0.4680264228920943, 0.5319735771079057], [0.7816247610852952, 0.21837523891470478], [0.8658961980888757, 0.1341038019111243], [0.2390875694642568, 0.7609124305357432], [0.7591262991284661, 0.24087370087153395], [0.05602640661192804, 0.943973593388072], [0.4025797308350606, 0.5974202691649394], [0.2505290164254006, 0.7494709835745994], [0.5535985169967872, 0.44640148300321275], [0.06729525112046864, 0.9327047488795314], [0.9185263590704782, 0.08147364092952185], [0.0786980090046765, 0.9213019909953235], [0.9146640318781446, 0.08533596812185539], [0.7677366418212288, 0.2322633581787712], [0.10042282040758621, 0.8995771795924138], [0.013374801818895943, 0.9866251981811041], [0.663354335176779, 0.33664566482322095], [0.1661882249024832, 0.8338117750975168], [0.35846842314708316, 0.6415315768529168], [0.9244633460963538, 0.07553665390364614], [0.4589008376284247, 0.5410991623715753], [0.7122711724414612, 0.2877288275585388], [0.4237630862183003, 0.5762369137816997], [0.1392685584579022, 0.8607314415420978], [0.3356124507495334, 0.6643875492504666], [0.20751760897327776, 0.7924823910267222], [0.5325914550408544, 0.4674085449591456], [0.258399560084417, 0.741600439915583], [0.5850531991814822, 0.4149468008185178], [0.7129157797115252, 0.2870842202884748], [0.6235293706609479, 0.3764706293390521], [0.9058776777027258, 0.09412232229727421], [0.4946048093665326, 0.5053951906334674], [0.30800310897942573, 0.6919968910205743], [0.19539637373787544, 0.8046036262621246], [0.5620118452415973, 0.4379881547584027], [0.0683118145578192, 0.9316881854421808], [0.09582478846125764, 0.9041752115387424], [0.481490527466815, 0.518509472533185], [0.028379922456514883, 0.9716200775434851], [0.10456009474353911, 0.8954399052564609], [0.8459448025744734, 0.1540551974255266], [0.8391780576233423, 0.16082194237665773], [0.976356710374228, 0.023643289625771956], [0.9166717454495573, 0.08332825455044264], [0.40443902333148496, 0.595560976668515], [0.6543731762734095, 0.34562682372659054], [0.5110765590015998, 0.4889234409984002], [0.8457400562396367, 0.15425994376036334], [0.7586141732800443, 0.2413858267199557], [0.0398771274670594, 0.9601228725329406], [0.9786572488146977, 0.021342751185302284], [0.20825220195317284, 0.7917477980468272], [0.916352497201326, 0.08364750279867395], [0.2787432673397183, 0.7212567326602817], [0.6203865051703605, 0.3796134948296394], [0.646194432440546, 0.3538055675594541], [0.12208247131243699, 0.877917528687563]]},