{"test": {"ids": ["504", "337", "265", "612", "627", "586", "459", "351", "174", "530", "662", "475", "531", "560", "258", "197", "116", "455", "587", "161", "545", "499", "693", "697", "370", "311", "23", "33", "577", "304", "652", "153", "358", "388", "456", "227", "129", "217", "597", "405", "357", "382", "416", "599", "150", "317", "629", "385", "406", "297", "185", "614", "191", "127", "371", "661", "82", "469", "407", "352", "653", "529", "543", "610", "550", "338", "318", "447", "313", "181", "61", "70", "16", "496", "135", "401", "56", "101", "645", "14", "535", "486", "9", "136", "399", "80", "331", "446", "624", "196", "220", "83", "517", "376", "149", "481", "71", "166", "347", "413", "274", "30", "24", "640", "269", "215", "668", "479", "95", "332", "356", "618", "81", "114", "186", "286", "573", "533", "254", "361", "316", "452", "343", "390", "126", "55", "420", "453", "288", "440", "480", "485", "118", "567", "622", "212", "476", "206", "650", "322", "616", "93", "466"], "labels": [0, 1, 0, 0, 1, 0, 0, 1, 0, 1, 0, 0, 1, 0, 1, 0, 1, 0, 0, 1, 0, 0, 1, 1, 1, 0, 0, 0, 0, 0, 0, 1, 1, 1, 0, 0, 1, 0, 0, 1, 1, 1, 1, 0, 1, 0, 1, 1, 1, 0, 0, 0, 0, 1, 1, 0, 1, 0, 1, 1, 0, 1, 1, 0, 0, 1, 0, 0, 0, 0, 1, 1, 1, 1, 1, 1, 0, 0, 0, 0, 1, 0, 0, 1, 1, 1, 1, 0, 1, 0, 0, 1, 1, 1, 1, 0, 1, 1, 1, 1, 0, 0, 0, 0, 0, 0, 0, 0, 0, 1, 1, 0, 1, 1, 0, 0, 0, 1, 1, 1, 0, 0, 1, 1, 1, 0, 1, 0, 0, 1, 0, 0, 1, 0, 1, 0, 0, 0, 0, 0, 0, 0, 0], "predicted_labels": [0, 0, 0, 0, 1, 1, 0, 1, 0, 0, 0, 0, 0, 0, 0, 0, 1, 0, 0, 0, 0, 0, 1, 0, 1, 1, 0, 0, 0, 0, 0, 0, 1, 0, 0, 0, 1, 0, 0, 1, 1, 1, 1, 0, 1, 0, 1, 1, 0, 0, 0, 0, 0, 0, 1, 0, 0, 0, 0, 1, 0, 0, 0, 0, 0, 1, 0, 0, 0, 0, 1, 1, 1, 0, 1, 0, 1, 1, 0, 0, 0, 1, 0, 1, 1, 1, 1, 0, 0, 0, 0, 1, 1, 1, 0, 0, 1, 0, 1, 1, 0, 0, 0, 0, 0, 0, 0, 0, 0, 1, 1, 0, 1, 0, 0, 0, 0, 0, 0, 0, 0, 0, 1, 0, 0, 1, 1, 0, 0, 0, 0, 0, 0, 1, 0, 1, 0, 0, 0, 0, 0, 0, 1], "confidence_scores": [[0.8571203991096239, 0.14287960089037582], [0.6334177487534985, 0.3665822512465017], [0.6807060131305824, 0.31929398686941746], [0.6575924967175595, 0.34240750328244046], [0.15863414692954653, 0.8413658530704535], [0.2551944016619131, 0.744805598338087], [0.8503178231391664, 0.14968217686083382], [0.20225086982852816, 0.7977491301714716], [0.819059842421822, 0.18094015757817816], [0.47955884595976284, 0.5204411540402372], [0.6582577332576278, 0.3417422667423723], [0.7183988185208942, 0.2816011814791061], [0.7508951954989105, 0.2491048045010895], [0.9162618959358443, 0.0837381040641556], [0.7219176036261968, 0.27808239637380305], [0.8480440630063862, 0.15195593699361387], [0.34417095289438826, 0.6558290471056116], [0.9147529705859825, 0.08524702941401763], [0.6126016528558598, 0.38739834714414045], [0.5, 0.5], [0.6429342780867139, 0.3570657219132861], [0.870818259442422, 0.12918174055757803], [0.407311606696115, 0.5926883933038849], [0.8134678751448366, 0.1865321248551635], [0.3181996544297793, 0.6818003455702208], [0.17739730702145037, 0.8226026929785496], [0.6261440973377024, 0.3738559026622976], [0.7477304669266212, 0.25226953307337885], [0.7930875709909813, 0.2069124290090188], [0.8896705678597222, 0.1103294321402779], [0.9695390296432662, 0.03046097035673377], [0.5869372271436563, 0.4130627728563437], [0.09894605179005442, 0.9010539482099456], [0.5901870071360324, 0.40981299286396755], [0.5585017265806141, 0.44149827341938586], [0.7487663573124228, 0.2512336426875771], [0.06435496258425652, 0.9356450374157432], [0.9389692338725115, 0.06103076612748856], [0.5799398274828867, 0.42006017251711314], [0.35507632312103227, 0.644923676878968], [0.20947159538381466, 0.7905284046161852], [0.39857640992152343, 0.6014235900784766], [0.38085281624913336, 0.6191471837508665], [0.7630802682036837, 0.23691973179631629], [0.36019360501176617, 0.6398063949882338], [0.7570159090121799, 0.24298409098781984], [0.28959498383131627, 0.7104050161686837], [0.11188420610852437, 0.8881157938914757], [0.6619275973597992, 0.33807240264020066], [0.9320580880047689, 0.06794191199523122], [0.5674317437476807, 0.4325682562523195], [0.6339372270921585, 0.36606277290784145], [0.9397292628638547, 0.060270737136145315], [0.47963521450572494, 0.5203647854942749], [0.20775254672920423, 0.7922474532707959], [0.83360265263912, 0.1663973473608798], [0.8845360825932174, 0.11546391740678269], [0.8407303388073858, 0.1592696611926143], [0.708665787068866, 0.291334212931134], [0.18021422607251128, 0.819785773927489], [0.5371266321514123, 0.4628733678485878], [0.7784747395350894, 0.22152526046491064], [0.5, 0.5], [0.5820790085129517, 0.4179209914870483], [0.6138970023971809, 0.38610299760281913], [0.37521194489488174, 0.6247880551051183], [0.9058036223837795, 0.09419637761622024], [0.73149762665668, 0.26850237334331983], [0.896330464614448, 0.10366953538555204], [0.8752166611184594, 0.12478333888154064], [0.3139689004418879, 0.6860310995581124], [0.40756072948361033, 0.5924392705163894], [0.41375877823290214, 0.5862412217670979], [0.6115551952578566, 0.3884448047421435], [0.1132013990940903, 0.8867986009059097], [0.572203174800114, 0.4277968251998862], [0.37460265482251925, 0.6253973451774807], [0.09494798771165545, 0.9050520122883443], [0.8790546465497546, 0.12094535345024511], [0.8917796285863557, 0.10822037141364417], [0.8867858032843358, 0.11321419671566407], [0.17069074634831824, 0.8293092536516818], [0.775949347926411, 0.22405065207358904], [0.12848663070085573, 0.8715133692991441], [0.17186296414053262, 0.8281370358594674], [0.4243664464592137, 0.5756335535407864], [0.25499661948490554, 0.7450033805150944], [0.5068544860202482, 0.4931455139797518], [0.5840345623478125, 0.41596543765218763], [0.7254937474550422, 0.2745062525449575], [0.7413014869451855, 0.2586985130548143], [0.13348244346332955, 0.8665175565366705], [0.3588972518861499, 0.64110274811385], [0.21776877458624885, 0.7822312254137511], [0.4781905725828603, 0.5218094274171398], [0.5870858626476897, 0.41291413735231036], [0.05920103023239859, 0.9407989697676015], [0.5091771266163504, 0.4908228733836496], [0.2281752205160225, 0.7718247794839775], [0.23698708072806815, 0.7630129192719318], [0.8898513393803932, 0.11014866061960692], [0.7261285835004873, 0.27387141649951297], [0.6770293371492833, 0.32297066285071646], [0.9653952848909264, 0.03460471510907356], [0.7161689633119757, 0.2838310366880244], [0.7984869406133149, 0.20151305938668493], [0.9601556864768171, 0.039844313523182844], [0.5395366177579222, 0.46046338224207783], [0.8641929146373271, 0.1358070853626729], [0.13214375824662403, 0.8678562417533762], [0.19290798689966, 0.8070920131003398], [0.5588343896761079, 0.4411656103238921], [0.19416241132694964, 0.8058375886730503], [0.856008609632073, 0.1439913903679268], [0.9041714416385874, 0.09582855836141263], [0.7346949819369523, 0.2653050180630475], [0.8973703594577324, 0.10262964054226752], [0.4795666124341242, 0.5204333875658759], [0.8965433250502461, 0.10345667494975387], [0.6516042840758098, 0.34839571592419005], [0.6437867896423421, 0.3562132103576579], [0.6585967477038535, 0.3414032522961465], [0.41758574398534326, 0.5824142560146567], [0.5312606541170756, 0.46873934588292443], [0.5144061604264305, 0.48559383957356933], [0.28046756789676164, 0.7195324321032386], [0.2880403701437543, 0.7119596298562458], [0.9488875999979084, 0.051112400002091725], [0.8804838937043868, 0.11951610629561299], [0.4795213588392526, 0.5204786411607474], [0.7768518146123156, 0.22314818538768436], [0.6055030898483542, 0.39449691015164584], [0.5427917446929736, 0.45720825530702625], [0.35262615565310096, 0.647373844346899], [0.6902212933686168, 0.3097787066313831], [0.44107992187229905, 0.5589200781277011], [0.775394199241814, 0.2246058007581861], [0.9677888970427588, 0.03221110295724103], [0.8071764728854115, 0.19282352711458867], [0.9501302446037825, 0.04986975539621755], [0.8782881406606831, 0.12171185933931708], [0.49467433146086576, 0.5053256685391344], [0.21618143577941712, 0.7838185642205829]]},