{"test": {"ids": ["44", "262", "13", "175", "375", "8", "578", "389", "380", "515", "28", "136", "669", "126", "209", "180", "623", "5", "576", "55", "611", "33", "225", "107", "540", "522", "319", "261", "289", "24", "300", "213", "698", "447", "231", "385", "263", "692", "152", "94", "255", "217", "66", "656", "533", "431", "318", "131", "313", "304", "499", "703", "663", "68", "265", "633", "292", "11", "584", "541", "664", "554", "388", "326", "341", "1", "534", "490", "221", "204", "363", "438", "59", "29", "346", "403", "296", "405", "478", "99", "460", "266", "697", "37", "154", "575", "163", "83", "64", "408", "401", "599", "686", "333", "282", "65", "61", "492", "284", "457", "52", "440", "297", "528", "222", "676", "406", "475", "108", "259", "236", "78", "232", "244", "351", "84", "183", "551", "76", "394", "549", "422", "705", "193", "550", "420", "365", "57", "342", "614", "696", "35", "450", "293", "672", "260", "143", "574", "147", "206", "315"], "labels": [1, 0, 0, 1, 0, 0, 1, 0, 1, 0, 1, 0, 0, 0, 1, 1, 1, 0, 1, 1, 0, 1, 1, 0, 0, 0, 1, 0, 1, 1, 1, 1, 0, 0, 1, 0, 0, 0, 0, 0, 0, 1, 1, 0, 0, 0, 1, 0, 1, 1, 1, 0, 0, 1, 1, 0, 1, 0, 1, 1, 0, 1, 0, 0, 0, 0, 0, 1, 1, 1, 0, 0, 1, 1, 0, 0, 1, 0, 1, 0, 1, 1, 0, 1, 0, 1, 0, 0, 1, 0, 0, 1, 1, 0, 1, 1, 1, 1, 1, 1, 1, 0, 1, 0, 1, 0, 0, 1, 1, 0, 1, 1, 1, 1, 0, 0, 1, 0, 1, 0, 0, 0, 0, 1, 0, 0, 0, 1, 0, 0, 0, 1, 0, 1, 0, 0, 0, 1, 0, 1, 1], "predicted_labels": [1, 1, 1, 0, 1, 1, 1, 0, 1, 1, 0, 0, 0, 0, 0, 0, 0, 0, 1, 1, 1, 1, 0, 0, 1, 0, 0, 0, 1, 1, 1, 1, 0, 0, 1, 1, 0, 1, 0, 0, 1, 1, 1, 1, 1, 0, 1, 0, 1, 1, 1, 0, 1, 1, 1, 0, 1, 1, 0, 1, 0, 1, 0, 0, 1, 1, 0, 1, 1, 0, 1, 0, 0, 0, 1, 0, 0, 1, 1, 1, 1, 0, 0, 0, 1, 1, 1, 0, 1, 1, 1, 1, 1, 0, 0, 1, 1, 1, 1, 1, 1, 1, 1, 0, 1, 0, 0, 1, 1, 1, 0, 1, 0, 1, 0, 1, 1, 1, 1, 0, 1, 0, 0, 1, 1, 0, 0, 1, 0, 1, 1, 0, 0, 0, 1, 0, 1, 0, 1, 1, 0], "confidence_scores": [[0.36472708007798604, 0.635272919922014], [0.041987930187737166, 0.9580120698122628], [0.24402621593747353, 0.7559737840625265], [0.8517955688050239, 0.1482044311949761], [0.008382495583288407, 0.9916175044167116], [0.46931930582958314, 0.5306806941704169], [0.07722574788641556, 0.9227742521135844], [0.9744534948985274, 0.025546505101472602], [0.3837085091875252, 0.6162914908124748], [0.0005768935310020984, 0.9994231064689979], [0.9448304692359405, 0.05516953076405948], [0.9177121530715829, 0.08228784692841708], [0.8778455744366265, 0.12215442556337354], [0.88888613773256, 0.11111386226744001], [0.6882818409889581, 0.31171815901104194], [0.7989554575284032, 0.2010445424715967], [0.8343862134744668, 0.1656137865255332], [0.9475512309879501, 0.05244876901204982], [9.661849588937788e-05, 0.9999033815041106], [0.004837621394656266, 0.9951623786053437], [0.49522619143991553, 0.5047738085600845], [0.14136486555687322, 0.8586351344431268], [0.9270677294942797, 0.07293227050572032], [0.7997687887775178, 0.20023121122248222], [0.05186426625536644, 0.9481357337446336], [0.9993498662958537, 0.0006501337041463892], [0.6127374875589657, 0.3872625124410343], [0.8062229786906643, 0.1937770213093357], [0.2407340223838461, 0.7592659776161539], [0.455423890360651, 0.544576109639349], [0.35251173674739766, 0.6474882632526023], [0.14543133594431257, 0.8545686640556874], [0.9921779786317501, 0.007822021368249894], [0.9013127810601728, 0.09868721893982726], [0.007837909203738724, 0.9921620907962613], [0.21737464426514486, 0.7826253557348551], [0.8584970030473247, 0.14150299695267538], [0.39804353515357926, 0.6019564648464207], [0.9998853786188642, 0.00011462138113586184], [0.6875728275886946, 0.31242717241130535], [0.31730328439779365, 0.6826967156022063], [0.029714172926299187, 0.9702858270737008], [5.656190358960256e-05, 0.9999434380964104], [0.034841905623804514, 0.9651580943761955], [0.4538421431619365, 0.5461578568380635], [0.9997326539147219, 0.00026734608527817163], [0.2634438151006967, 0.7365561848993033], [0.8279443379935659, 0.1720556620064341], [0.17186821423957532, 0.8281317857604247], [0.21452373379912015, 0.7854762662008798], [0.26572444751125446, 0.7342755524887455], [0.7376116165386328, 0.2623883834613672], [0.19614325852080194, 0.8038567414791981], [0.0015235927012482442, 0.9984764072987518], [0.011884042328483502, 0.9881159576715165], [0.8720171070916061, 0.12798289290839396], [0.05996123892826988, 0.9400387610717301], [0.22756956124944194, 0.7724304387505581], [0.5044820459456656, 0.49551795405433435], [0.2335228875355635, 0.7664771124644365], [0.9874969796794337, 0.012503020320566252], [0.2367852160317243, 0.7632147839682757], [0.9700287473684814, 0.02997125263151853], [0.9505382293998534, 0.04946177060014651], [0.1120228687364292, 0.8879771312635708], [0.13535098967289816, 0.8646490103271018], [0.8457054457484767, 0.15429455425152327], [0.021707030152734452, 0.9782929698472655], [0.03532125913809192, 0.9646787408619081], [0.8317098359550918, 0.16829016404490815], [0.1773922813710318, 0.8226077186289682], [0.540076052422449, 0.459923947577551], [0.9268289428369882, 0.07317105716301178], [0.9734024698834107, 0.02659753011658923], [0.3217757096406375, 0.6782242903593625], [0.7699943104292111, 0.2300056895707889], [0.6486898834165322, 0.3513101165834677], [0.07182824817675659, 0.9281717518232434], [0.454476298991349, 0.545523701008651], [0.04318478010796445, 0.9568152198920356], [0.09774314421337404, 0.902256855786626], [0.6771459359879219, 0.3228540640120781], [0.5728028133774359, 0.4271971866225641], [0.9487137383972518, 0.05128626160274818], [0.10694516029031942, 0.8930548397096806], [0.29365082393682673, 0.7063491760631733], [0.1357893357501484, 0.8642106642498516], [0.6501704460944301, 0.3498295539055699], [0.42865783535867974, 0.5713421646413203], [0.23841746267430208, 0.7615825373256979], [0.25129877401129563, 0.7487012259887044], [0.14814009203283174, 0.8518599079671683], [0.08992805974334339, 0.9100719402566566], [0.984749971773115, 0.015250028226884984], [0.98991056969354, 0.010089430306460085], [0.019473478732901284, 0.9805265212670987], [0.06292194816731256, 0.9370780518326874], [0.11247478592419302, 0.887525214075807], [0.0032482645082614336, 0.9967517354917386], [0.0022010176860113306, 0.9977989823139887], [0.03148209529850521, 0.9685179047014948], [0.4452779989269927, 0.5547220010730073], [0.028601331148548126, 0.9713986688514519], [0.9017314064799941, 0.0982685935200059], [0.14517921886656848, 0.8548207811334315], [0.9542952563313912, 0.04570474366860881], [0.9600442188632637, 0.039955781136736285], [0.2201346298130502, 0.7798653701869498], [0.024912219474993003, 0.975087780525007], [0.3907548529901391, 0.6092451470098609], [0.7829166367396574, 0.21708336326034264], [0.10057941386226144, 0.8994205861377386], [0.8014015609502745, 0.19859843904972554], [0.015442927544037754, 0.9845570724559622], [0.9191050347383684, 0.0808949652616316], [0.02389196882252409, 0.9761080311774759], [0.13612995938483585, 0.8638700406151641], [0.005299991864757825, 0.9947000081352422], [0.41639160252726104, 0.583608397472739], [0.879311806118957, 0.120688193881043], [0.1498637019340342, 0.8501362980659658], [0.8398566145025909, 0.16014338549740914], [0.9930641346402795, 0.0069358653597204655], [0.06132491026220199, 0.938675089737798], [0.0018078652411128715, 0.9981921347588871], [0.8124498436694199, 0.18755015633058017], [0.7016020887772049, 0.29839791122279513], [0.006791287612621932, 0.9932087123873781], [0.9173821374449609, 0.08261786255503907], [0.0008876078650054131, 0.9991123921349946], [0.05800306234663477, 0.9419969376533652], [0.7924137568471366, 0.20758624315286348], [0.9969156651280439, 0.0030843348719561585], [0.7711674977033789, 0.22883250229662105], [0.0346482498879509, 0.9653517501120491], [0.7886784026435465, 0.21132159735645353], [0.03358693518791378, 0.9664130648120862], [0.5541483997115455, 0.44585160028845444], [0.030342724984445457, 0.9696572750155545], [0.004463107523048571, 0.9955368924769514], [0.9984578754925975, 0.001542124507402591]]},