{"test": {"ids": ["638", "635", "684", "221", "537", "572", "552", "386", "353", "205", "273", "381", "417", "406", "175", "25", "521", "198", "57", "12", "213", "259", "316", "612", "262", "446", "338", "433", "694", "78", "443", "508", "178", "286", "281", "610", "683", "140", "251", "260", "545", "560", "603", "272", "172", "346", "385", "677", "432", "173", "112", "71", "159", "554", "181", "686", "493", "328", "41", "637", "477", "22", "146", "168", "97", "643", "4", "709", "280", "219", "291", "685", "703", "538", "642", "565", "65", "115", "548", "398", "674", "511", "364", "563", "623", "539", "6", "144", "588", "544", "315", "295", "37", "699", "85", "197", "349", "224", "102", "483", "133", "632", "535", "486", "255", "169", "228", "208", "622", "106", "333", "14", "58", "680", "347", "613", "90", "524", "649", "28", "546", "650", "495", "542", "10", "119", "279", "171", "201", "319", "438", "356", "397", "222", "225", "473", "352", "556", "95", "39", "424"], "labels": [0, 1, 0, 1, 0, 1, 0, 0, 0, 1, 1, 1, 0, 0, 1, 1, 0, 1, 1, 0, 1, 0, 1, 0, 0, 0, 0, 0, 0, 1, 0, 1, 1, 1, 1, 0, 0, 0, 1, 0, 0, 1, 1, 1, 0, 0, 0, 0, 0, 0, 1, 1, 0, 1, 1, 1, 0, 0, 1, 0, 1, 1, 0, 0, 0, 0, 0, 0, 1, 1, 1, 1, 0, 0, 0, 1, 1, 1, 0, 0, 0, 1, 0, 1, 1, 0, 0, 0, 1, 0, 1, 1, 1, 0, 0, 1, 0, 1, 0, 0, 0, 0, 0, 0, 0, 0, 1, 1, 1, 0, 0, 0, 1, 0, 0, 0, 0, 0, 0, 1, 0, 0, 0, 1, 0, 1, 1, 0, 1, 1, 0, 0, 0, 1, 1, 1, 0, 1, 0, 1, 0], "predicted_labels": [0, 1, 0, 1, 1, 1, 1, 1, 0, 1, 1, 1, 0, 0, 0, 0, 0, 0, 0, 0, 1, 0, 0, 0, 1, 0, 0, 0, 0, 1, 1, 1, 1, 1, 1, 1, 1, 0, 1, 0, 1, 1, 1, 1, 1, 0, 0, 0, 1, 1, 1, 0, 0, 1, 1, 0, 0, 0, 0, 1, 1, 0, 0, 1, 0, 1, 1, 0, 1, 0, 1, 0, 0, 1, 1, 0, 1, 1, 1, 0, 0, 0, 0, 0, 0, 1, 0, 0, 1, 1, 0, 1, 0, 0, 1, 1, 0, 1, 0, 1, 1, 1, 0, 0, 1, 0, 1, 1, 0, 1, 1, 0, 0, 1, 1, 1, 0, 0, 1, 0, 0, 0, 1, 0, 1, 0, 0, 1, 0, 0, 1, 0, 0, 0, 0, 1, 0, 1, 0, 1, 0], "confidence_scores": [[0.6843717310161384, 0.31562826898386165], [0.42386204465469185, 0.5761379553453082], [0.5274686218346344, 0.4725313781653655], [0.4215888360006008, 0.5784111639993994], [0.47244711856770694, 0.5275528814322931], [0.4406381827323006, 0.5593618172676994], [0.35509589507499706, 0.6449041049250033], [0.4811612073942567, 0.5188387926057433], [0.5601021980044679, 0.43989780199553224], [0.3990297630474101, 0.6009702369525898], [0.4438821460703035, 0.5561178539296963], [0.45854399155482733, 0.5414560084451728], [0.6780325131984276, 0.32196748680157294], [0.6428947896690713, 0.35710521033092857], [0.5294190597757935, 0.47058094022420643], [0.6468469180486733, 0.3531530819513268], [0.5611141339170145, 0.4388858660829855], [0.6035674268696563, 0.39643257313034375], [0.7928724674958111, 0.20712753250418886], [0.5764059961280548, 0.4235940038719449], [0.3642029853273663, 0.635797014672634], [0.5395782331763153, 0.46042176682368485], [0.6046281673658298, 0.3953718326341701], [0.5149664600897675, 0.48503353991023246], [0.44312759100802596, 0.556872408991974], [0.523835076487553, 0.47616492351244694], [0.5905257663732902, 0.4094742336267105], [0.6636713188491865, 0.33632868115081427], [0.643879842981236, 0.35612015701876387], [0.47547908614719775, 0.5245209138528022], [0.4659876438157297, 0.5340123561842701], [0.429174998082438, 0.5708250019175624], [0.3989527574919064, 0.6010472425080935], [0.4353201675861122, 0.5646798324138881], [0.4872108780108779, 0.512789121989122], [0.4886136946919237, 0.5113863053080763], [0.4459893224269487, 0.5540106775730512], [0.6351329261191389, 0.36486707388086104], [0.4527394458482692, 0.5472605541517307], [0.5961397142835627, 0.40386028571643723], [0.28986636761930884, 0.7101336323806916], [0.39219370861598324, 0.6078062913840171], [0.4529696251460959, 0.547030374853904], [0.4293760295260296, 0.5706239704739703], [0.4576099162275633, 0.5423900837724368], [0.610142377796595, 0.3898576222034051], [0.6136665662502648, 0.386333433749735], [0.6261296923127672, 0.3738703076872326], [0.45317653468062685, 0.5468234653193735], [0.3825632406923432, 0.6174367593076573], [0.3740312881562881, 0.625968711843712], [0.5870351424700399, 0.41296485752996037], [0.5250910747233505, 0.4749089252766496], [0.2302858396070161, 0.7697141603929841], [0.29405379519031705, 0.705946204809683], [0.507398963672493, 0.49260103632750685], [0.6199879697034125, 0.38001203029658787], [0.6445065622045287, 0.3554934377954722], [0.7273628939590644, 0.27263710604093566], [0.422068208623162, 0.5779317913768379], [0.43517129563247187, 0.5648287043675281], [0.6253692850439448, 0.3746307149560552], [0.7089275910897677, 0.29107240891023184], [0.4833184125463161, 0.5166815874536839], [0.6221102088090789, 0.3778897911909215], [0.487956839524574, 0.512043160475426], [0.44992890601142943, 0.5500710939885705], [0.6739620112411034, 0.3260379887588966], [0.44892225769399674, 0.5510777423060029], [0.5355400781966568, 0.4644599218033429], [0.4304805635540927, 0.569519436445907], [0.5859367870091, 0.4140632129909007], [0.6508229251226924, 0.34917707487730676], [0.48426471394962095, 0.515735286050379], [0.4472745831224159, 0.5527254168775837], [0.6890563160506503, 0.31094368394934946], [0.478131407656098, 0.5218685923439019], [0.40703721330995235, 0.5929627866900479], [0.24969960738465857, 0.7503003926153421], [0.5286484982696646, 0.47135150173033546], [0.5983946150463408, 0.40160538495365944], [0.6461829736783885, 0.3538170263216124], [0.607113384897094, 0.39288661510290646], [0.6960736693526635, 0.30392633064733665], [0.5629718659988003, 0.43702813400119944], [0.3175698853434148, 0.6824301146565858], [0.6699605956359492, 0.33003940436405116], [0.5767182218250547, 0.4232817781749447], [0.4314001551510068, 0.5685998448489936], [0.45667691285322853, 0.5433230871467714], [0.5928468726835605, 0.40715312731644], [0.3027075249913485, 0.6972924750086519], [0.6702348836691415, 0.3297651163308589], [0.5179083989508119, 0.48209160104918797], [0.48146269004473335, 0.5185373099552667], [0.4647839234492717, 0.5352160765507282], [0.5384173481317442, 0.4615826518682559], [0.45245109854785764, 0.5475489014521424], [0.7158532705189102, 0.2841467294810898], [0.37619472085648575, 0.6238052791435144], [0.3458987411281531, 0.6541012588718477], [0.44163289316462684, 0.5583671068353727], [0.6917459279126785, 0.30825407208732125], [0.6409963815540057, 0.35900361844599393], [0.37566492429139486, 0.6243350757086052], [0.7669881552108022, 0.23301184478919787], [0.28336903392960683, 0.7166309660703933], [0.34992933127991366, 0.6500706687200866], [0.6253143543539365, 0.3746856456460636], [0.41615577873279097, 0.5838442212672093], [0.4883225482855338, 0.5116774517144662], [0.6629591588617332, 0.33704084113826666], [0.5336852771667097, 0.4663147228332902], [0.3023371751436968, 0.6976628248563036], [0.3593170789135183, 0.6406829210864812], [0.2744662118926825, 0.7255337881073173], [0.7561831073527066, 0.24381689264729398], [0.7418223280293403, 0.25817767197065933], [0.46913916569326825, 0.5308608343067317], [0.5328348143797695, 0.46716518562023046], [0.5494039455642398, 0.4505960544357601], [0.597960956398263, 0.4020390436017375], [0.4990107088817614, 0.5009892911182386], [0.640510039268064, 0.3594899607319364], [0.34244769838005135, 0.6575523016199486], [0.6186432947292931, 0.38135670527070664], [0.5437715622708634, 0.4562284377291366], [0.3551440002378083, 0.6448559997621919], [0.5525426249189404, 0.44745737508105954], [0.5144872932622931, 0.48551270673770663], [0.4332090669134786, 0.5667909330865214], [0.7092398093621778, 0.29076019063782216], [0.687672985958, 0.31232701404200014], [0.5208663994588142, 0.4791336005411858], [0.6060870597784379, 0.3939129402215619], [0.43595730981436875, 0.5640426901856314], [0.6492557411919517, 0.3507442588080476], [0.4567622405372401, 0.5432377594627602], [0.5512667610167606, 0.4487332389832387], [0.46996497363916234, 0.5300350263608378], [0.5796864553321075, 0.4203135446678926]]},