{"test": {"ids": ["503", "112", "173", "8", "207", "621", "597", "393", "4", "355", "526", "97", "354", "73", "282", "339", "115", "545", "16", "472", "417", "82", "158", "403", "194", "167", "363", "86", "593", "606", "384", "636", "52", "96", "319", "695", "255", "652", "196", "569", "49", "465", "252", "237", "649", "377", "62", "125", "231", "320", "100", "702", "160", "704", "643", "488", "324", "633", "628", "650", "92", "336", "98", "420", "114", "351", "361", "459", "570", "535", "705", "273", "15", "370", "265", "68", "27", "505", "644", "607", "117", "367", "238", "483", "574", "205", "345", "662", "647", "591", "303", "106", "494", "267", "464", "350", "166", "602", "563", "655", "181", "213", "424", "335", "284", "374", "469", "293", "532", "477", "669", "451", "343", "70", "88", "375", "120", "269", "510", "577", "287", "612", "455", "404", "50", "192", "434", "281", "534", "254", "24", "560", "699", "162", "439", "224", "260", "59", "413", "481", "105", "538", "292"], "labels": [0, 1, 1, 1, 0, 1, 0, 1, 0, 1, 1, 1, 1, 0, 0, 1, 1, 0, 1, 0, 1, 1, 1, 1, 0, 1, 1, 0, 0, 0, 1, 0, 0, 1, 0, 1, 0, 1, 0, 0, 0, 0, 1, 0, 1, 1, 0, 1, 0, 0, 1, 1, 1, 1, 1, 0, 1, 0, 1, 1, 1, 1, 1, 1, 1, 1, 1, 0, 0, 0, 1, 0, 1, 1, 0, 0, 0, 0, 1, 0, 1, 1, 0, 0, 0, 0, 1, 1, 1, 0, 0, 1, 1, 0, 0, 1, 1, 0, 0, 1, 0, 0, 1, 1, 0, 1, 0, 0, 0, 0, 1, 0, 1, 0, 1, 1, 1, 0, 0, 0, 0, 0, 0, 1, 0, 0, 1, 0, 0, 1, 0, 0, 1, 1, 1, 0, 0, 0, 1, 0, 1, 0, 0], "predicted_labels": [0, 0, 1, 1, 0, 1, 0, 1, 0, 1, 1, 1, 1, 0, 0, 0, 0, 1, 1, 1, 1, 1, 1, 1, 0, 1, 1, 1, 0, 0, 1, 1, 1, 1, 0, 1, 0, 1, 1, 0, 1, 0, 1, 0, 1, 1, 0, 1, 0, 0, 1, 1, 1, 0, 1, 0, 1, 1, 1, 1, 1, 1, 1, 0, 0, 1, 0, 0, 0, 0, 1, 0, 1, 1, 0, 0, 0, 0, 1, 0, 0, 0, 0, 0, 0, 0, 0, 1, 1, 0, 0, 0, 1, 0, 0, 1, 1, 0, 0, 0, 0, 0, 1, 1, 0, 1, 0, 0, 0, 0, 1, 0, 1, 1, 1, 1, 1, 0, 0, 0, 0, 0, 0, 1, 0, 0, 1, 0, 0, 0, 0, 0, 1, 1, 1, 0, 1, 0, 1, 0, 1, 1, 0], "confidence_scores": [[0.59708056399739, 0.4029194360026101], [0.8722159349112105, 0.1277840650887894], [0.2700422143963618, 0.7299577856036383], [0.4481837061888615, 0.5518162938111385], [0.7725456169947269, 0.22745438300527307], [0.2637155357586208, 0.7362844642413793], [0.827862347793301, 0.17213765220669877], [0.31865621554964346, 0.6813437844503564], [0.9259187144593979, 0.07408128554060221], [0.3940675664006772, 0.6059324335993228], [0.4066521446477379, 0.5933478553522622], [0.41224732827686267, 0.5877526717231373], [0.16545330781808998, 0.8345466921819099], [0.8910022215972205, 0.10899777840277966], [0.8859245970779457, 0.11407540292205419], [0.6316692558536556, 0.3683307441463444], [0.6000062689681634, 0.39999373103183666], [0.14940646274546654, 0.8505935372545335], [0.13290079121403142, 0.8670992087859686], [0.46963646586625146, 0.5303635341337485], [0.48558135418784015, 0.5144186458121597], [0.15556790334745846, 0.8444320966525415], [0.1703544079378312, 0.8296455920621687], [0.08530439094701915, 0.914695609052981], [0.77317625396198, 0.22682374603802022], [0.10701775293027817, 0.8929822470697217], [0.06108829713222343, 0.9389117028677766], [0.36151221792047056, 0.6384877820795295], [0.8851703723479863, 0.11482962765201384], [0.6410833706526629, 0.3589166293473372], [0.3524823717021746, 0.6475176282978254], [0.4351115741698719, 0.5648884258301281], [0.10623701148805453, 0.8937629885119452], [0.30604908503000827, 0.6939509149699916], [0.9685299486751904, 0.03147005132480966], [0.3058559106372399, 0.69414408936276], [0.8352907985651468, 0.16470920143485315], [0.07956695808365884, 0.9204330419163413], [0.2715735963869218, 0.7284264036130782], [0.9389708061865784, 0.06102919381342167], [0.35639356997217375, 0.6436064300278262], [0.8640040570121241, 0.13599594298787587], [0.3758120160694931, 0.624187983930507], [0.9183853894423785, 0.0816146105576214], [0.40524605501081856, 0.5947539449891813], [0.21960615760553454, 0.7803938423944655], [0.5183403814431683, 0.48165961855683176], [0.021672499636005167, 0.978327500363995], [0.7108662837647213, 0.28913371623527884], [0.7014305865771806, 0.2985694134228194], [0.17611729686399014, 0.8238827031360098], [0.3422579105001953, 0.657742089499805], [0.12349546146506386, 0.8765045385349363], [0.7037237475567831, 0.29627625244321687], [0.18301640952331705, 0.816983590476683], [0.7377301777825733, 0.2622698222174269], [0.41824140358239725, 0.5817585964176026], [0.22549178669601785, 0.7745082133039822], [0.16509820834472597, 0.834901791655274], [0.11029357368339775, 0.8897064263166024], [0.23759631498426045, 0.7624036850157394], [0.13538210098374442, 0.8646178990162554], [0.3601586585538608, 0.6398413414461391], [0.748040798137352, 0.25195920186264786], [0.5845047863079995, 0.4154952136920005], [0.11513845698778608, 0.8848615430122139], [0.7650463410913719, 0.23495365890862804], [0.9003907560722019, 0.09960924392779805], [0.9736025034198804, 0.026397496580119476], [0.8449780806833308, 0.15502191931666925], [0.17875040925970564, 0.8212495907402944], [0.5666023834674273, 0.4333976165325728], [0.3960277529596754, 0.6039722470403244], [0.23236381694027794, 0.7676361830597223], [0.7176102120380989, 0.2823897879619011], [0.7505417793143806, 0.2494582206856192], [0.5459744941105197, 0.4540255058894804], [0.618845868019072, 0.38115413198092796], [0.2458211559276792, 0.7541788440723208], [0.801035072816514, 0.19896492718348602], [0.5385785545014957, 0.4614214454985044], [0.5154698179024684, 0.4845301820975317], [0.8666420595252738, 0.13335794047472624], [0.6707295290610533, 0.3292704709389465], [0.8294061906435888, 0.17059380935641114], [0.9792245735199218, 0.020775426480078203], [0.5414396646161239, 0.4585603353838763], [0.29941846871399647, 0.7005815312860031], [0.45922193151999813, 0.5407780684800019], [0.8567145436321539, 0.14328545636784612], [0.8666887478592683, 0.13331125214073175], [0.580238255304264, 0.41976174469573607], [0.04563566033194838, 0.9543643396680518], [0.8474994119333875, 0.15250058806661249], [0.9611089742140502, 0.038891025785949745], [0.17688409669616498, 0.823115903303835], [0.3069941391994261, 0.6930058608005738], [0.6639695264897909, 0.3360304735102091], [0.9538168535334258, 0.04618314646657435], [0.5738550077520451, 0.42614499224795493], [0.8699049099244703, 0.13009509007552955], [0.9070207606769711, 0.09297923932302898], [0.3672563370685796, 0.6327436629314205], [0.10387066899242296, 0.8961293310075771], [0.7063549845285798, 0.29364501547142025], [0.10820676240532477, 0.8917932375946752], [0.6252211554493222, 0.3747788445506776], [0.9330108743281673, 0.06698912567183268], [0.6304763919025501, 0.3695236080974499], [0.611718865100093, 0.38828113489990695], [0.24075616617286674, 0.7592438338271335], [0.9282990604889835, 0.07170093951101666], [0.13026987643579543, 0.8697301235642044], [0.2986301963338475, 0.7013698036661526], [0.2782873243806962, 0.7217126756193037], [0.2052536116337487, 0.7947463883662511], [0.19852391828517713, 0.8014760817148225], [0.5367962116306533, 0.46320378836934684], [0.6990957520689598, 0.30090424793104], [0.8367608636023521, 0.1632391363976479], [0.9493834801392705, 0.050616519860729535], [0.9834493604095035, 0.016550639590496533], [0.9697335416194974, 0.030266458380502393], [0.0759313369374041, 0.9240686630625958], [0.9053245998283151, 0.09467540017168484], [0.81130028925582, 0.18869971074417996], [0.4568209690847558, 0.5431790309152442], [0.9699300506035057, 0.03006994939649447], [0.8172253788047408, 0.18277462119525945], [0.687358650874009, 0.31264134912599095], [0.5119734729401726, 0.48802652705982746], [0.9339334270104487, 0.06606657298955132], [0.02209027955345327, 0.9779097204465464], [0.08377020514027196, 0.916229794859728], [0.3177522086671245, 0.6822477913328755], [0.708985912857577, 0.2910140871424234], [0.39169602244772544, 0.6083039775522745], [0.5244775805564866, 0.4755224194435132], [0.2430289086314946, 0.7569710913685054], [0.598914872815145, 0.40108512718485506], [0.1341689974534429, 0.8658310025465571], [0.16179510785800252, 0.8382048921419976], [0.7365854986392778, 0.26341450136072225]]},