{"test": {"ids": ["101", "418", "668", "422", "591", "383", "60", "518", "91", "215", "13", "214", "251", "315", "570", "637", "460", "408", "219", "451", "351", "346", "492", "313", "263", "469", "203", "636", "26", "69", "465", "653", "40", "381", "670", "658", "107", "363", "491", "86", "650", "236", "217", "519", "173", "708", "446", "639", "8", "288", "62", "227", "500", "525", "389", "225", "241", "168", "11", "538", "166", "604", "429", "243", "709", "420", "209", "490", "151", "4", "416", "281", "521", "372", "137", "605", "1", "649", "470", "54", "297", "89", "369", "652", "212", "554", "370", "44", "261", "19", "501", "235", "31", "488", "359", "413", "371", "528", "16", "664", "634", "293", "620", "198", "266", "644", "503", "550", "455", "468", "411", "153", "496", "336", "679", "419", "230", "393", "629", "159", "309", "475", "674", "340", "180", "356", "142", "547", "29", "125", "683", "384", "30", "63", "97", "425", "541", "553", "194"], "labels": [0, 0, 0, 0, 1, 1, 1, 0, 0, 1, 0, 1, 1, 1, 1, 0, 1, 0, 1, 1, 0, 0, 1, 1, 0, 1, 1, 1, 1, 1, 1, 0, 1, 1, 0, 0, 0, 0, 1, 0, 0, 1, 1, 0, 0, 0, 0, 0, 0, 1, 1, 1, 1, 0, 0, 1, 1, 0, 0, 0, 0, 1, 0, 1, 0, 0, 1, 1, 0, 0, 0, 1, 0, 0, 0, 1, 0, 0, 1, 1, 1, 0, 0, 0, 1, 1, 0, 1, 0, 1, 1, 1, 1, 0, 0, 0, 0, 0, 1, 0, 1, 1, 0, 1, 1, 0, 1, 0, 1, 1, 0, 0, 0, 0, 0, 0, 1, 0, 1, 0, 1, 1, 0, 0, 1, 0, 0, 0, 1, 0, 0, 1, 1, 1, 0, 0, 1, 0, 1], "predicted_labels": [1, 0, 1, 0, 1, 1, 1, 0, 1, 1, 0, 1, 0, 0, 0, 0, 1, 1, 1, 1, 1, 0, 0, 1, 0, 0, 1, 1, 0, 1, 0, 0, 0, 1, 0, 0, 1, 1, 0, 0, 0, 0, 0, 0, 1, 1, 1, 0, 0, 0, 0, 1, 0, 1, 0, 0, 1, 0, 1, 1, 0, 0, 1, 0, 0, 0, 1, 0, 1, 0, 1, 0, 1, 1, 1, 0, 1, 1, 1, 0, 1, 0, 0, 1, 0, 1, 0, 1, 0, 0, 0, 0, 1, 0, 0, 1, 0, 0, 1, 0, 1, 1, 0, 0, 1, 1, 0, 1, 0, 0, 0, 0, 0, 1, 0, 0, 1, 0, 1, 0, 0, 0, 1, 0, 0, 0, 0, 0, 0, 0, 0, 0, 0, 0, 0, 1, 1, 1, 1], "confidence_scores": [[0.21732504506683759, 0.7826749549331624], [0.744056026574583, 0.255943973425417], [0.45836507489796563, 0.5416349251020344], [0.7544563308985324, 0.2455436691014677], [0.24672575621495751, 0.7532742437850425], [0.08142337777000952, 0.9185766222299905], [0.3033603096269909, 0.6966396903730091], [0.8506935127419784, 0.1493064872580217], [0.2215597097600811, 0.7784402902399189], [0.08418271563791824, 0.9158172843620818], [0.9715788614801942, 0.028421138519805784], [0.07406366345410986, 0.9259363365458901], [0.5972244713136461, 0.40277552868635386], [0.9160470309317406, 0.0839529690682595], [0.8358337018410045, 0.16416629815899553], [0.8966234506015673, 0.10337654939843267], [0.06901955467496212, 0.9309804453250379], [0.3417983593733023, 0.6582016406266977], [0.025247469614144036, 0.974752530385856], [0.17792150121668948, 0.8220784987833105], [0.3190155658747139, 0.6809844341252861], [0.9876089182737156, 0.012391081726284392], [0.9533225847497792, 0.0466774152502208], [0.2731596934522482, 0.7268403065477518], [0.9202122586295161, 0.07978774137048399], [0.9789750105063082, 0.02102498949369185], [0.3757793435928032, 0.6242206564071968], [0.030391156201606928, 0.9696088437983931], [0.6566904237903097, 0.3433095762096902], [0.13444121823947808, 0.8655587817605219], [0.9725298727921268, 0.027470127207873275], [0.7390291810248157, 0.2609708189751842], [0.9986056885580428, 0.001394311441957248], [0.15379872703621544, 0.8462012729637846], [0.5266061424841696, 0.4733938575158304], [0.8518145249754714, 0.14818547502452867], [0.04719340525361482, 0.9528065947463852], [0.008503847027561129, 0.9914961529724389], [0.9993008955497216, 0.000699104450278436], [0.996448800887251, 0.0035511991127490394], [0.9116720165483734, 0.08832798345162665], [0.6408576691576147, 0.3591423308423854], [0.9583063140526686, 0.04169368594733134], [0.9530960995142742, 0.0469039004857258], [0.18278441367033182, 0.8172155863296682], [0.27551965268540535, 0.7244803473145947], [0.012553180291313915, 0.9874468197086861], [0.993337559161718, 0.006662440838282008], [0.9167692783432847, 0.08323072165671533], [0.986920723006601, 0.013079276993399], [0.7302381154284521, 0.269761884571548], [0.27322509159670194, 0.7267749084032981], [0.9355797379935774, 0.0644202620064226], [0.02135124386202003, 0.97864875613798], [0.8724678806640507, 0.12753211933594935], [0.9588755328856124, 0.04112446711438751], [0.05009101057264986, 0.9499089894273501], [0.7586329678394365, 0.24136703216056357], [0.4372544358079501, 0.5627455641920499], [0.14307782433758653, 0.8569221756624135], [0.9981944896026117, 0.001805510397388244], [0.8096321191862076, 0.1903678808137924], [0.4619025654879614, 0.5380974345120386], [0.5589779914555332, 0.4410220085444668], [0.9978424549609878, 0.002157545039012229], [0.8501428281738768, 0.14985717182612324], [0.22874525422974878, 0.7712547457702512], [0.9860222888889291, 0.013977711111070918], [0.19849479885213994, 0.8015052011478601], [0.9851626599492427, 0.01483734005075734], [0.39458044858051067, 0.6054195514194893], [0.8696825447094174, 0.1303174552905826], [0.3704301415718999, 0.6295698584281001], [0.012961963131910337, 0.9870380368680897], [0.025046028569831513, 0.9749539714301685], [0.5494305608815124, 0.45056943911848757], [0.3133544675905414, 0.6866455324094586], [0.4648423273926783, 0.5351576726073217], [0.1189978893558793, 0.8810021106441207], [0.6383443710954145, 0.36165562890458547], [0.011744534550396923, 0.9882554654496031], [0.9926525768112671, 0.007347423188732975], [0.8982036078491606, 0.10179639215083941], [0.10061951194564323, 0.8993804880543568], [0.9348279873483272, 0.0651720126516728], [0.04713798072126607, 0.9528620192787339], [0.6077936467076241, 0.3922063532923758], [0.02868856550511445, 0.9713114344948856], [0.7860094186576014, 0.21399058134239854], [0.9989127016193446, 0.0010872983806553078], [0.9116247447597192, 0.08837525524028075], [0.5693674439750753, 0.4306325560249247], [0.46489298817054603, 0.535107011829454], [0.5081572244979196, 0.4918427755020805], [0.9116076015588044, 0.08839239844119558], [0.17938231204775335, 0.8206176879522467], [0.8804096977752318, 0.11959030222476817], [0.8536058542778254, 0.14639414572217455], [0.03367469009139723, 0.9663253099086028], [0.9747867374674895, 0.02521326253251053], [0.1559118581434592, 0.8440881418565408], [0.12331691631185115, 0.8766830836881488], [0.5893181196194418, 0.4106818803805582], [0.8378172818722597, 0.16218271812774035], [0.402370941662443, 0.597629058337557], [0.21364384321312713, 0.7863561567868729], [0.9874522433023307, 0.012547756697669247], [0.004722726828207624, 0.9952772731717924], [0.6131520111184543, 0.38684798888154576], [0.9983724295789286, 0.0016275704210714005], [0.9697357684430051, 0.030264231556994904], [0.6002335495250262, 0.3997664504749738], [0.825215095007561, 0.17478490499243904], [0.040575123826089854, 0.9594248761739101], [0.6865184319015604, 0.31348156809843963], [0.7946847129788427, 0.20531528702115728], [0.4623653830496326, 0.5376346169503674], [0.989597368352769, 0.01040263164723097], [0.024541150466801054, 0.975458849533199], [0.8657541766546504, 0.1342458233453496], [0.9979660150306771, 0.0020339849693229973], [0.9806211546496403, 0.01937884535035974], [0.09190602815516402, 0.908093971844836], [0.672320023261517, 0.327679976738483], [0.6917190832350454, 0.3082809167649546], [0.9879463367235322, 0.012053663276467803], [0.8177093638373706, 0.18229063616262944], [0.995218702031677, 0.004781297968323054], [0.764578250735912, 0.23542174926408804], [0.9965210884760495, 0.003478911523950557], [0.8061161174046123, 0.19388388259538775], [0.7395802382203165, 0.2604197617796835], [0.9998074950572368, 0.00019250494276322033], [0.9034687377537317, 0.09653126224626828], [0.8549667588957359, 0.14503324110426413], [0.02614131321432267, 0.9738586867856773], [0.4537422193713536, 0.5462577806286464], [0.16609541952805718, 0.8339045804719428], [0.4898764020017554, 0.5101235979982446]]},