{"test": {"ids": ["162", "233", "317", "443", "586", "632", "217", "236", "642", "606", "674", "178", "348", "402", "109", "646", "290", "555", "327", "457", "227", "212", "350", "294", "510", "514", "698", "318", "638", "558", "359", "656", "447", "279", "481", "224", "266", "219", "610", "185", "38", "431", "692", "524", "399", "710", "371", "61", "594", "648", "179", "344", "520", "487", "297", "307", "625", "39", "432", "556", "106", "79", "186", "552", "532", "442", "213", "144", "665", "341", "48", "306", "125", "664", "389", "201", "503", "623", "320", "225", "533", "117", "14", "500", "529", "575", "138", "164", "187", "528", "537", "311", "618", "444", "385", "277", "439", "149", "363", "141", "433", "242", "325", "9", "232", "694", "158", "567", "408", "57", "622", "96", "624", "151", "423", "539", "29", "176", "286", "426", "298", "19", "80", "593", "264", "64", "686", "595", "360", "47", "435", "702", "93", "152", "612", "172", "91", "400", "257"], "labels": [1, 0, 0, 1, 0, 1, 0, 0, 1, 0, 1, 0, 0, 1, 1, 1, 0, 1, 0, 0, 0, 0, 0, 0, 0, 1, 1, 0, 1, 0, 0, 1, 0, 0, 0, 0, 0, 0, 0, 0, 1, 1, 1, 1, 1, 0, 0, 0, 0, 1, 0, 0, 1, 0, 0, 0, 1, 1, 1, 0, 1, 0, 0, 1, 1, 1, 0, 1, 1, 0, 1, 0, 1, 1, 1, 0, 0, 1, 0, 0, 1, 1, 1, 0, 1, 0, 1, 1, 0, 1, 1, 0, 0, 0, 1, 0, 1, 1, 0, 1, 1, 0, 0, 1, 0, 1, 1, 0, 1, 1, 1, 1, 1, 1, 1, 1, 0, 0, 0, 1, 0, 0, 0, 0, 0, 0, 1, 0, 0, 1, 1, 1, 1, 1, 0, 1, 1, 1, 0], "predicted_labels": [1, 0, 1, 0, 0, 0, 0, 1, 0, 0, 1, 0, 1, 0, 0, 0, 0, 1, 0, 0, 0, 0, 0, 1, 0, 0, 1, 0, 0, 1, 0, 0, 0, 0, 0, 1, 1, 0, 0, 0, 0, 0, 0, 0, 1, 1, 0, 1, 0, 1, 1, 0, 0, 0, 1, 0, 1, 0, 0, 1, 1, 1, 1, 0, 1, 1, 1, 1, 1, 1, 0, 0, 1, 1, 0, 1, 0, 1, 0, 0, 0, 0, 1, 0, 0, 0, 0, 0, 0, 0, 0, 0, 0, 1, 1, 0, 0, 0, 1, 1, 1, 1, 0, 0, 0, 0, 0, 0, 0, 1, 0, 0, 0, 0, 1, 0, 0, 1, 0, 1, 0, 0, 1, 0, 1, 0, 1, 0, 1, 1, 0, 0, 1, 0, 0, 0, 1, 0, 1], "confidence_scores": [[0.2608442248033762, 0.7391557751966238], [0.5084191127542427, 0.4915808872457573], [0.42553774037826153, 0.5744622596217385], [0.6100075810679404, 0.38999241893205955], [0.720879496255257, 0.27912050374474295], [0.5464189181293992, 0.4535810818706007], [0.5514949220596295, 0.4485050779403706], [0.35657114552075053, 0.6434288544792495], [0.682486209160935, 0.31751379083906495], [0.822430618774554, 0.177569381225446], [0.26109290106084293, 0.7389070989391571], [0.7992728031210687, 0.20072719687893126], [0.2661686518931886, 0.7338313481068114], [0.5500879483892547, 0.4499120516107454], [0.5116234009595768, 0.48837659904042313], [0.6683554524940385, 0.33164454750596145], [0.7200548402765954, 0.27994515972340456], [0.3236156894932255, 0.6763843105067745], [0.7315936542278632, 0.2684063457721369], [0.6742269752510848, 0.32577302474891523], [0.674476179726405, 0.32552382027359505], [0.596232022869619, 0.403767977130381], [0.7049681391401382, 0.29503186085986177], [0.4991210823427559, 0.5008789176572441], [0.5242239405575574, 0.4757760594424426], [0.5130867654582816, 0.48691323454171836], [0.34826238288531974, 0.6517376171146803], [0.7570332907549971, 0.24296670924500283], [0.5215669802488929, 0.4784330197511071], [0.4375435775549146, 0.5624564224450854], [0.6264721179212616, 0.37352788207873844], [0.5643174751349506, 0.43568252486504944], [0.5943435881094759, 0.4056564118905242], [0.561069907986179, 0.438930092013821], [0.6882947055027695, 0.31170529449723045], [0.48087562064857936, 0.5191243793514206], [0.43985391390530837, 0.5601460860946916], [0.5972108210386076, 0.40278917896139244], [0.6013462456952599, 0.39865375430474015], [0.7345098788704838, 0.26549012112951614], [0.5569212615947163, 0.4430787384052836], [0.6385659933088746, 0.36143400669112535], [0.5961825783862011, 0.4038174216137989], [0.5523165440982913, 0.4476834559017087], [0.472294525975932, 0.527705474024068], [0.47354678302798314, 0.5264532169720169], [0.6196808175035081, 0.3803191824964919], [0.1670919403361084, 0.8329080596638916], [0.6693936162403573, 0.3306063837596427], [0.25527712921533396, 0.744722870784666], [0.3816285364139389, 0.6183714635860611], [0.7842583720174718, 0.21574162798252813], [0.5762452754984424, 0.42375472450155766], [0.5857174638700944, 0.41428253612990557], [0.4894971838369587, 0.5105028161630413], [0.5983699589162063, 0.40163004108379374], [0.4518116964752442, 0.5481883035247558], [0.5945298287741589, 0.40547017122584106], [0.626747203239558, 0.37325279676044204], [0.3723728208921112, 0.6276271791078888], [0.35088651190275444, 0.6491134880972456], [0.4216415500085029, 0.5783584499914971], [0.4122763562441172, 0.5877236437558828], [0.5372905495103699, 0.46270945048963], [0.40731487946306066, 0.5926851205369393], [0.48715807643068054, 0.5128419235693195], [0.45432879762042067, 0.5456712023795793], [0.48793574371300097, 0.512064256286999], [0.41532019953386035, 0.5846798004661397], [0.3996089799402667, 0.6003910200597333], [0.711669069580388, 0.28833093041961194], [0.7681468718676054, 0.23185312813239453], [0.2906245997909088, 0.7093754002090912], [0.4859407276786144, 0.5140592723213856], [0.6818448960230844, 0.3181551039769156], [0.12877893088601533, 0.8712210691139847], [0.8165695690027157, 0.18343043099728432], [0.49548385740140566, 0.5045161425985943], [0.6553304078713688, 0.34466959212863124], [0.602281350595445, 0.397718649404555], [0.7086067560452146, 0.2913932439547854], [0.5281512315664445, 0.4718487684335555], [0.36801602107571707, 0.6319839789242829], [0.6978383884444381, 0.30216161155556187], [0.8085138037921044, 0.19148619620789567], [0.8352836716098448, 0.16471632839015518], [0.5173744393718872, 0.4826255606281128], [0.6006292325324112, 0.3993707674675888], [0.7356005205675336, 0.26439947943246644], [0.7878734191433083, 0.21212658085669167], [0.5807394182632246, 0.4192605817367754], [0.6680288976057251, 0.33197110239427485], [0.6134807060643989, 0.38651929393560114], [0.3686276553384269, 0.6313723446615731], [0.34498521230758283, 0.6550147876924172], [0.5135734622307911, 0.48642653776920886], [0.5295384292760749, 0.47046157072392514], [0.622930230254146, 0.37706976974585404], [0.4512897912091608, 0.5487102087908392], [0.46086202438047263, 0.5391379756195274], [0.36807423478904555, 0.6319257652109544], [0.49449328905032586, 0.5055067109496741], [0.6961434498255151, 0.3038565501744849], [0.6188616777680563, 0.38113832223194366], [0.6629165236840995, 0.33708347631590047], [0.5131038834322961, 0.4868961165677039], [0.5342053076082018, 0.4657946923917981], [0.7482013461121215, 0.2517986538878785], [0.5357734191309054, 0.4642265808690947], [0.3828964879851344, 0.6171035120148656], [0.6455952736908983, 0.3544047263091017], [0.6318645663307898, 0.36813543366921014], [0.5190250704707442, 0.48097492952925575], [0.6376286531888202, 0.36237134681117983], [0.48017688083753896, 0.519823119162461], [0.5794366316243631, 0.4205633683756369], [0.7850658583195833, 0.21493414168041663], [0.4066860526621283, 0.5933139473378717], [0.7480393754749531, 0.25196062452504686], [0.4746046915914115, 0.5253953084085885], [0.5461277172704935, 0.45387228272950647], [0.5172358631192384, 0.48276413688076164], [0.3419214780844019, 0.6580785219155981], [0.8124070152455464, 0.1875929847544536], [0.46031512842256717, 0.5396848715774328], [0.5313154218553834, 0.4686845781446166], [0.41228909077619513, 0.5877109092238049], [0.7171165516761676, 0.2828834483238324], [0.4810593486673195, 0.5189406513326805], [0.13523436365879604, 0.864765636341204], [0.6141704683726387, 0.38582953162736133], [0.7885067585866168, 0.21149324141338324], [0.48068289400898534, 0.5193171059910147], [0.6217794590297612, 0.3782205409702388], [0.5225881525601677, 0.47741184743983234], [0.6101368847109565, 0.38986311528904355], [0.4643978733888712, 0.5356021266111288], [0.6082069575897784, 0.3917930424102216], [0.4694549254952165, 0.5305450745047835]]},