{"test": {"ids": ["65", "572", "123", "676", "528", "275", "414", "521", "614", "509", "441", "558", "98", "633", "412", "588", "495", "279", "27", "631", "426", "11", "513", "326", "198", "380", "700", "419", "556", "270", "195", "105", "597", "494", "682", "74", "146", "166", "160", "216", "78", "285", "260", "477", "616", "64", "690", "187", "77", "611", "394", "612", "44", "126", "32", "646", "202", "603", "529", "621", "85", "392", "142", "10", "487", "411", "470", "640", "647", "51", "301", "455", "684", "41", "22", "508", "531", "625", "602", "510", "89", "137", "672", "183", "444", "19", "443", "228", "168", "369", "360", "63", "608", "423", "463", "595", "467", "119", "701", "266", "16", "515", "73", "171", "17", "48", "454", "115", "539", "635", "127", "615", "668", "250"], "labels": [0, 0, 1, 1, 0, 0, 1, 1, 0, 0, 1, 0, 1, 0, 1, 0, 1, 0, 0, 0, 1, 1, 0, 1, 0, 1, 1, 1, 0, 0, 0, 1, 0, 1, 1, 0, 1, 1, 1, 0, 0, 0, 0, 0, 0, 0, 1, 0, 0, 0, 1, 0, 0, 1, 0, 1, 0, 0, 0, 1, 1, 1, 1, 1, 0, 1, 0, 1, 1, 0, 0, 0, 1, 0, 0, 0, 0, 1, 0, 0, 1, 1, 1, 0, 0, 0, 1, 0, 1, 1, 1, 0, 0, 1, 0, 0, 0, 1, 1, 0, 1, 0, 0, 1, 1, 0, 0, 1, 0, 0, 1, 0, 1, 1], "predicted_labels": [0, 0, 0, 1, 0, 0, 0, 0, 0, 0, 1, 1, 0, 1, 1, 1, 0, 1, 1, 0, 0, 1, 0, 0, 0, 1, 1, 0, 0, 1, 0, 0, 1, 1, 1, 1, 1, 1, 0, 1, 1, 0, 0, 0, 0, 1, 0, 0, 1, 0, 1, 0, 1, 1, 1, 1, 0, 0, 0, 0, 1, 0, 1, 1, 0, 0, 0, 0, 0, 0, 0, 0, 1, 1, 0, 0, 0, 0, 0, 0, 1, 0, 0, 0, 0, 1, 0, 0, 1, 0, 1, 0, 1, 0, 0, 1, 0, 1, 0, 0, 1, 1, 1, 1, 0, 1, 0, 1, 0, 0, 1, 0, 1, 1], "confidence_scores": [[0.5776985473635335, 0.42230145263646646], [0.7530008629761278, 0.24699913702387216], [0.7331612329577671, 0.26683876704223286], [0.43101730344515543, 0.5689826965548446], [0.7191622945793992, 0.2808377054206009], [0.6302063914253162, 0.36979360857468385], [0.7321180883659095, 0.2678819116340905], [0.6823556476549332, 0.3176443523450668], [0.5625384151706857, 0.4374615848293143], [0.636223305150968, 0.3637766948490319], [0.37590460866215836, 0.6240953913378416], [0.3066623597224891, 0.6933376402775109], [0.625363890486504, 0.374636109513496], [0.3871145211861813, 0.6128854788138187], [0.41405834852517565, 0.5859416514748244], [0.4493346090817223, 0.5506653909182777], [0.6826184644418998, 0.31738153555810017], [0.483244205754084, 0.516755794245916], [0.39892438054878565, 0.6010756194512143], [0.5441849225010438, 0.45581507749895617], [0.5536057426159318, 0.44639425738406824], [0.4298931711753621, 0.5701068288246379], [0.6445946300482748, 0.35540536995172517], [0.6220331420111778, 0.37796685798882224], [0.5834871954373102, 0.41651280456268985], [0.23442151755977225, 0.7655784824402277], [0.25294235464449777, 0.7470576453555022], [0.8565656072735894, 0.14343439272641054], [0.7168592463402765, 0.28314075365972347], [0.3735559636960041, 0.6264440363039959], [0.6933383910821405, 0.3066616089178595], [0.5428585048792332, 0.45714149512076685], [0.379816552497102, 0.620183447502898], [0.29805005571124843, 0.7019499442887516], [0.4168501312969033, 0.5831498687030967], [0.16157532005939634, 0.8384246799406037], [0.46395729778291384, 0.5360427022170862], [0.48619065888919877, 0.5138093411108012], [0.5319921540118133, 0.4680078459881867], [0.35579395285875803, 0.644206047141242], [0.46098007077666314, 0.5390199292233369], [0.7569693500843803, 0.2430306499156197], [0.676643750538308, 0.323356249461692], [0.6901995804723841, 0.30980041952761594], [0.6210171194932952, 0.37898288050670476], [0.48162454544761013, 0.5183754545523899], [0.7222424709188731, 0.277757529081127], [0.6007617778545428, 0.39923822214545723], [0.3453893901156272, 0.6546106098843728], [0.6834558532177117, 0.31654414678228826], [0.24594443142818878, 0.7540555685718112], [0.7119871304240291, 0.28801286957597094], [0.2715240793156848, 0.7284759206843152], [0.2660245512204128, 0.7339754487795872], [0.34887167832256216, 0.6511283216774378], [0.2583042485838425, 0.7416957514161575], [0.5446862680463771, 0.45531373195362296], [0.8416876845250774, 0.15831231547492258], [0.6655150353229542, 0.33448496467704586], [0.5845620201945407, 0.4154379798054592], [0.4924228813510193, 0.5075771186489807], [0.6891369558941971, 0.3108630441058029], [0.24310677143008297, 0.756893228569917], [0.371110687111024, 0.628889312888976], [0.7314551547044125, 0.26854484529558753], [0.7830867688795328, 0.21691323112046726], [0.507344295258692, 0.49265570474130804], [0.7870650546865263, 0.21293494531347368], [0.5633822885283237, 0.43661771147167633], [0.630752806135928, 0.36924719386407207], [0.5048225688829336, 0.49517743111706636], [0.7891318082414182, 0.21086819175858185], [0.3385979558149116, 0.6614020441850884], [0.3210514753177681, 0.6789485246822319], [0.5083356796672669, 0.4916643203327331], [0.7588609108413252, 0.24113908915867474], [0.7156821911437616, 0.28431780885623836], [0.6290669878538218, 0.3709330121461783], [0.505045777049004, 0.494954222950996], [0.5513354585621741, 0.4486645414378259], [0.23104955221345913, 0.7689504477865409], [0.5921704287704684, 0.40782957122953156], [0.7369478226800998, 0.2630521773199002], [0.5624574197800488, 0.4375425802199512], [0.5117056721530404, 0.4882943278469596], [0.4862935204162764, 0.5137064795837236], [0.7408522690326647, 0.2591477309673353], [0.7163688345299363, 0.28363116547006373], [0.4319604231973827, 0.5680395768026173], [0.5191525585808385, 0.4808474414191614], [0.45031786216697767, 0.5496821378330223], [0.5973379087689525, 0.4026620912310474], [0.44268086021232267, 0.5573191397876773], [0.7483309302325347, 0.25166906976746534], [0.7745803095064949, 0.22541969049350508], [0.46384324512565467, 0.5361567548743453], [0.5386070307621867, 0.46139296923781326], [0.43540986178335184, 0.5645901382166482], [0.5210176512380933, 0.4789823487619067], [0.6991277494588151, 0.300872250541185], [0.15237550317168613, 0.8476244968283139], [0.4886761095081512, 0.5113238904918488], [0.4102941831163831, 0.5897058168836169], [0.27189929525199996, 0.728100704748], [0.655690982601514, 0.3443090173984859], [0.475984447842532, 0.524015552157468], [0.5930395050889637, 0.40696049491103625], [0.4104563624081988, 0.5895436375918012], [0.6614861025250226, 0.3385138974749774], [0.7203186633634725, 0.2796813366365275], [0.2348158718480512, 0.7651841281519488], [0.6371531616518133, 0.36284683834818665], [0.3381497158880433, 0.6618502841119567], [0.39861931290859165, 0.6013806870914084]]}, "rewritten": {"ids": ["10", "11", "16", "17", "19", "22", "27", "32", "41", "44", "48", "51", "63", "64", "65", "73", "74", "77", "78", "85", "89", "98", "105", "115", "119", "123", "126", "127", "137", "142", "146", "160", "166", "168", "171", "183", "187", "195", "198", "202", "216", "228", "250", "260", "266", "270", "275", "279", "285", "301", "326", "360", "369", "380", "392", "394", "411", "412", "414", "419", "423", "426", "441", "443", "444", "454", "455", "463", "467", "470", "477", "487", "494", "495", "508", "509", "510", "513", "515", "521", "528", "529", "531", "539", "556", "558", "572", "588", "595", "597", "602", "603", "608", "611", "612", "614", "615", "616", "621", "625", "631", "633", "635", "640", "646", "647", "668", "672", "676", "682", "684", "690", "700", "701"], "labels": [1, 1, 1, 1, 0, 0, 0, 0, 0, 0, 0, 0, 0, 0, 0, 0, 0, 0, 0, 1, 1, 1, 1, 1, 1, 1, 1, 1, 1, 1, 1, 1, 1, 1, 1, 0, 0, 0, 0, 0, 0, 0, 1, 0, 0, 0, 0, 0, 0, 0, 1, 1, 1, 1, 1, 1, 1, 1, 1, 1, 1, 1, 1, 1, 0, 0, 0, 0, 0, 0, 0, 0, 1, 1, 0, 0, 0, 0, 0, 1, 0, 0, 0, 0, 0, 0, 0, 0, 0, 0, 0, 0, 0, 0, 0, 0, 0, 0, 1, 1, 0, 0, 0, 1, 1, 1, 1, 1, 1, 1, 1, 1, 1, 1], "predicted_labels": [0, 0, 1, 0, 0, 0, 0, 1, 0, 1, 1, 0, 0, 0, 1, 1, 0, 0, 0, 1, 0, 1, 0, 1, 1, 0, 1, 0, 0, 1, 0, 0, 0, 0, 1, 0, 0, 0, 0, 0, 0, 1, 1, 1, 0, 0, 0, 0, 0, 0, 0, 0, 0, 1, 0, 1, 0, 0, 0, 0, 0, 0, 1, 0, 0, 0, 0, 0, 1, 0, 1, 0, 1, 0, 0, 1, 1, 1, 1, 1, 0, 0, 0, 0, 0, 1, 0, 0, 1, 0, 0, 0, 1, 0, 0, 1, 0, 0, 1, 0, 0, 1, 0, 1, 1, 1, 1, 0, 1, 1, 1, 0, 1, 1],