{"test": {"ids": ["319", "320", "86", "264", "415", "467", "479", "379", "489", "171", "211", "628", "246", "265", "443", "632", "251", "548", "140", "674", "87", "142", "305", "686", "665", "366", "206", "134", "96", "89", "676", "502", "5", "290", "196", "474", "551", "559", "380", "51", "501", "191", "557", "65", "509", "449", "124", "166", "41", "98", "156", "257", "291", "225", "370", "385", "637", "574", "231", "408", "23", "212", "145", "426", "266", "198", "37", "250", "688", "536", "405", "152", "678", "235", "401", "457", "259", "505", "578", "699", "109", "617", "241", "108", "517", "331", "354", "199", "473", "3", "583", "277", "340", "451", "645", "192", "222", "70", "454", "670", "183", "614", "179", "369", "236", "254", "381", "510", "413", "387", "77", "16", "223", "635", "518", "416", "103", "345", "217", "466", "376", "622", "274", "604", "351", "130", "95", "705", "471", "477", "521", "592", "629", "115", "693", "398", "364", "151", "627", "94", "493", "447", "522"], "labels": [0, 0, 0, 0, 1, 0, 0, 1, 0, 1, 0, 1, 0, 0, 1, 1, 1, 1, 1, 1, 0, 1, 0, 1, 1, 0, 0, 1, 1, 1, 1, 0, 1, 0, 0, 0, 1, 0, 1, 1, 0, 0, 0, 0, 0, 0, 1, 1, 1, 1, 1, 0, 0, 0, 0, 1, 1, 0, 0, 1, 0, 0, 1, 1, 0, 0, 1, 1, 0, 1, 1, 1, 1, 0, 1, 0, 0, 0, 0, 1, 1, 0, 0, 1, 1, 0, 0, 0, 0, 0, 0, 0, 0, 0, 1, 0, 0, 0, 0, 1, 0, 0, 0, 0, 0, 1, 0, 0, 1, 1, 0, 0, 0, 1, 1, 1, 1, 0, 0, 0, 0, 1, 0, 0, 0, 1, 1, 1, 0, 0, 1, 0, 1, 1, 1, 1, 0, 1, 1, 1, 1, 0, 1], "predicted_labels": [0, 1, 0, 1, 0, 1, 1, 0, 0, 1, 0, 0, 1, 0, 1, 0, 1, 0, 1, 1, 1, 1, 0, 0, 1, 1, 0, 1, 0, 1, 1, 0, 1, 1, 1, 0, 0, 0, 0, 1, 0, 0, 0, 0, 0, 1, 1, 1, 0, 0, 0, 1, 1, 1, 0, 1, 1, 0, 0, 0, 0, 1, 1, 1, 1, 0, 1, 1, 0, 1, 1, 1, 1, 0, 0, 0, 1, 1, 0, 1, 1, 1, 0, 0, 1, 0, 0, 0, 1, 0, 0, 0, 0, 0, 1, 0, 0, 0, 0, 1, 0, 1, 0, 0, 0, 0, 1, 0, 1, 0, 1, 1, 0, 0, 0, 1, 1, 1, 0, 1, 0, 1, 0, 0, 0, 1, 0, 0, 0, 0, 0, 0, 1, 0, 0, 1, 0, 0, 1, 1, 1, 0, 0], "confidence_scores": [[0.7621999763596036, 0.23780002364039646], [0.3333823149863632, 0.6666176850136368], [0.8225581643546872, 0.17744183564531285], [0.3929782477095036, 0.6070217522904966], [0.5456568535855658, 0.4543431464144341], [0.38955204149768097, 0.6104479585023193], [0.5074918576560423, 0.4925081423439578], [0.787115354455105, 0.212884645544895], [0.5338595082654957, 0.46614049173450445], [0.38248718975964774, 0.6175128102403522], [0.7841544488172157, 0.21584555118278428], [0.7448541804354106, 0.2551458195645893], [0.3606248107500458, 0.6393751892499542], [0.515905666243174, 0.4840943337568259], [0.32386006583086246, 0.6761399341691378], [0.5139847919022285, 0.48601520809777154], [0.40040840077519413, 0.5995915992248059], [0.6242868830093735, 0.37571311699062643], [0.398699930307254, 0.6013000696927462], [0.4102450143622998, 0.5897549856377003], [0.2701075563396267, 0.7298924436603731], [0.13116808753625345, 0.8688319124637466], [0.5454330513735807, 0.4545669486264193], [0.7263183433181324, 0.27368165668186795], [0.08033263470133659, 0.9196673652986633], [0.35201154268150237, 0.6479884573184974], [0.8568220580926204, 0.1431779419073795], [0.14050943275667055, 0.8594905672433295], [0.5664559428995009, 0.43354405710049915], [0.3056882022842721, 0.6943117977157277], [0.35550579782931585, 0.6444942021706842], [0.7631403289149441, 0.2368596710850558], [0.40597648571558653, 0.5940235142844135], [0.4613315835692436, 0.5386684164307562], [0.42968946302906136, 0.5703105369709387], [0.5778869615889383, 0.4221130384110616], [0.6367299800385956, 0.3632700199614043], [0.7771444101510362, 0.22285558984896386], [0.8481474801314427, 0.1518525198685573], [0.2889091216665082, 0.7110908783334917], [0.7956123870836288, 0.20438761291637134], [0.6579988699172459, 0.3420011300827541], [0.8492875062269939, 0.1507124937730059], [0.6392128982149684, 0.3607871017850315], [0.5785738399390167, 0.4214261600609833], [0.30048805898402425, 0.6995119410159759], [0.2316574408494178, 0.7683425591505821], [0.3335726673096957, 0.6664273326903043], [0.5133985443537962, 0.4866014556462038], [0.7303806503661796, 0.26961934963382045], [0.5361678748411021, 0.4638321251588979], [0.2440344863114877, 0.7559655136885123], [0.4709208534148342, 0.5290791465851657], [0.42564290700444046, 0.5743570929955595], [0.9048887539151417, 0.09511124608485833], [0.34488884679588744, 0.6551111532041124], [0.3556516441573491, 0.644348355842651], [0.9184439757396213, 0.08155602426037893], [0.8149782126965456, 0.18502178730345473], [0.6595484712448789, 0.34045152875512097], [0.7261357435107773, 0.2738642564892227], [0.382323364799174, 0.6176766352008262], [0.42220719383301997, 0.5777928061669801], [0.2565691098036539, 0.7434308901963461], [0.5061135571770482, 0.4938864428229519], [0.5169501646360324, 0.4830498353639675], [0.430687500177068, 0.569312499822932], [0.3221046646343634, 0.6778953353656366], [0.6007060209695715, 0.3992939790304285], [0.5085893662060758, 0.4914106337939242], [0.4808818193349145, 0.5191181806650856], [0.28195384093378445, 0.7180461590662155], [0.131578242559431, 0.8684217574405692], [0.7859750876447578, 0.2140249123552423], [0.6231609029809765, 0.37683909701902346], [0.5196647450406108, 0.4803352549593892], [0.4851562967561628, 0.5148437032438371], [0.4864984939245311, 0.5135015060754687], [0.5877889053729867, 0.4122110946270134], [0.22104089202107394, 0.7789591079789262], [0.2849481686970956, 0.7150518313029045], [0.44084296096658826, 0.5591570390334117], [0.6130258263269229, 0.386974173673077], [0.6395113892944225, 0.3604886107055774], [0.38353460346215823, 0.6164653965378416], [0.5836129525782446, 0.4163870474217553], [0.845590233324001, 0.15440976667599896], [0.6326766151250843, 0.36732338487491567], [0.46456883793302034, 0.5354311620669797], [0.6793095826153457, 0.3206904173846543], [0.6687220168118692, 0.3312779831881308], [0.6563847370702911, 0.3436152629297088], [0.8687892834500898, 0.13121071654991026], [0.8479382977717059, 0.1520617022282942], [0.23777546315625964, 0.7622245368437403], [0.8661710849707062, 0.13382891502929378], [0.6114480738890027, 0.38855192611099715], [0.9111653044974722, 0.08883469550252776], [0.8348097000147849, 0.1651902999852151], [0.44726673738919115, 0.5527332626108088], [0.5405233090807454, 0.4594766909192546], [0.4070406883851456, 0.5929593116148545], [0.7340085432336974, 0.26599145676630265], [0.8146773579406577, 0.18532264205934232], [0.8225073492729487, 0.17749265072705137], [0.9299241615955712, 0.07007583840442864], [0.3245423010677719, 0.6754576989322284], [0.5996734359364788, 0.40032656406352124], [0.5, 0.5], [0.6433512910444915, 0.35664870895550854], [0.5070405996099083, 0.4929594003900914], [0.14202544892372138, 0.8579745510762786], [0.8655358398132615, 0.13446416018673832], [0.6490757532986812, 0.35092424670131894], [0.7293351167068913, 0.2706648832931087], [0.40713167025884794, 0.5928683297411519], [0.385117588325325, 0.6148824116746751], [0.47267921769322635, 0.5273207823067738], [0.8717449691536269, 0.12825503084637305], [0.48203739220470665, 0.5179626077952934], [0.8943126715130897, 0.10568732848691041], [0.23415142674037756, 0.7658485732596225], [0.6521506380662428, 0.34784936193375726], [0.5953538572891911, 0.4046461427108088], [0.6258012853363191, 0.374198714663681], [0.19579950188238013, 0.8042004981176197], [0.6302151811761862, 0.36978481882381387], [0.5320637468515736, 0.4679362531484261], [0.7866443072556605, 0.21335569274433952], [0.6059316776745273, 0.39406832232547273], [0.5847418775790845, 0.41525812242091553], [0.5263586538912152, 0.47364134610878483], [0.40080004299714034, 0.5991999570028596], [0.7155252743874493, 0.2844747256125511], [0.7921813687891224, 0.20781863121087785], [0.5, 0.5], [0.7811377158223995, 0.2188622841776005], [0.543396628606647, 0.45660337139335305], [0.2494315451901306, 0.7505684548098693], [0.20806837155552452, 0.7919316284444754], [0.3072435357812989, 0.692756464218701], [0.8845054839891647, 0.11549451601083537], [0.8919492290739033, 0.1080507709260966]]},