{"test": {"ids": ["623", "549", "254", "581", "5", "635", "692", "395", "131", "640", "576", "234", "598", "490", "438", "575", "709", "377", "106", "675", "259", "672", "487", "595", "181", "587", "457", "170", "439", "363", "302", "629", "642", "301", "0", "435", "330", "488", "201", "415", "250", "347", "370", "85", "10", "266", "360", "462", "494", "274", "680", "64", "486", "649", "599", "210", "248", "366", "24", "460", "125", "465", "451", "641", "539", "288", "292", "107", "355", "105", "382", "285", "693", "590", "342", "14", "54", "379", "425", "684", "386", "182", "677", "42", "416", "176", "361", "626", "90", "613", "519", "700", "687", "620", "513", "25", "140", "294", "601", "594", "304", "2", "481", "408", "614", "150", "338", "242", "545", "606", "52", "553", "291", "88", "15", "547", "351", "591", "12", "668", "142", "108", "356", "625", "608", "40", "70", "320", "516", "251", "143", "410", "44", "4", "299", "102", "283", "420", "632", "533", "238"], "labels": [1, 1, 1, 0, 1, 1, 1, 1, 1, 1, 0, 0, 0, 0, 1, 0, 1, 0, 1, 1, 0, 1, 0, 0, 0, 0, 0, 1, 1, 0, 0, 1, 1, 0, 0, 1, 0, 0, 0, 1, 1, 0, 0, 0, 1, 0, 0, 0, 0, 0, 1, 0, 0, 1, 0, 0, 0, 0, 0, 0, 1, 0, 0, 1, 1, 0, 0, 1, 0, 1, 0, 0, 1, 0, 0, 1, 1, 1, 1, 1, 1, 0, 1, 1, 1, 0, 0, 1, 1, 0, 1, 1, 1, 0, 0, 0, 1, 0, 0, 0, 0, 0, 0, 1, 0, 1, 0, 0, 1, 0, 1, 1, 0, 1, 1, 1, 0, 0, 1, 1, 1, 1, 0, 1, 0, 1, 0, 0, 1, 1, 1, 1, 1, 0, 0, 1, 0, 1, 1, 1, 0], "predicted_labels": [0, 0, 0, 0, 0, 0, 0, 0, 0, 0, 0, 1, 0, 1, 0, 0, 1, 1, 0, 0, 0, 1, 0, 1, 0, 0, 0, 1, 1, 0, 0, 1, 1, 0, 0, 0, 0, 0, 1, 0, 0, 0, 1, 0, 0, 0, 1, 0, 1, 0, 0, 0, 0, 0, 0, 0, 1, 1, 1, 0, 1, 0, 0, 0, 0, 1, 0, 0, 0, 1, 1, 0, 0, 1, 0, 0, 1, 0, 0, 0, 1, 0, 0, 1, 0, 1, 0, 1, 1, 1, 0, 1, 0, 0, 0, 0, 0, 1, 0, 0, 0, 1, 0, 1, 0, 1, 1, 0, 0, 0, 1, 0, 0, 1, 0, 1, 1, 0, 0, 1, 1, 0, 0, 0, 0, 0, 1, 1, 1, 0, 0, 1, 1, 0, 1, 0, 0, 1, 1, 1, 0], "confidence_scores": [[0.7690663592401069, 0.23093364075989328], [0.7664838011545796, 0.23351619884542024], [0.602125363260379, 0.397874636739621], [0.918870638208449, 0.08112936179155095], [0.5266783949072312, 0.47332160509276877], [0.6562372563163179, 0.34376274368368226], [0.6957531548998852, 0.3042468451001148], [0.626858382315044, 0.3731416176849562], [0.6564734055910998, 0.34352659440890027], [0.7190238942854573, 0.2809761057145425], [0.8805636561229367, 0.11943634387706326], [0.48716879469608215, 0.5128312053039178], [0.7530537132383601, 0.24694628676163974], [0.4236950189085844, 0.5763049810914157], [0.5816423687683947, 0.4183576312316055], [0.5702439782938086, 0.4297560217061915], [0.40019353056361895, 0.5998064694363809], [0.39618110735922435, 0.6038188926407756], [0.5786399914208662, 0.4213600085791339], [0.6513338149726944, 0.34866618502730545], [0.5568012854636245, 0.4431987145363755], [0.28372578232343226, 0.7162742176765675], [0.6159666889909632, 0.3840333110090368], [0.45295821465179764, 0.5470417853482024], [0.6546612661382709, 0.34533873386172914], [0.729299749341447, 0.27070025065855313], [0.6908208027719014, 0.3091791972280985], [0.20390887100825836, 0.7960911289917415], [0.5, 0.5], [0.671992728036769, 0.32800727196323104], [0.6486927548820349, 0.351307245117965], [0.44942980416441963, 0.5505701958355803], [0.3263173460963561, 0.6736826539036439], [0.6834187977122614, 0.3165812022877385], [0.5880033593530908, 0.4119966406469092], [0.5229900960492585, 0.4770099039507414], [0.6291455335301341, 0.3708544664698657], [0.7492542686898336, 0.2507457313101665], [0.410211123452507, 0.589788876547493], [0.5242445691876303, 0.47575543081236965], [0.5326830091834966, 0.4673169908165032], [0.5711417168614507, 0.42885828313854935], [0.46067054937197327, 0.5393294506280268], [0.5523384376314355, 0.44766156236856464], [0.660192496572499, 0.33980750342750093], [0.5498680546450415, 0.4501319453549582], [0.4594150927269393, 0.5405849072730607], [0.7226498625764204, 0.2773501374235796], [0.19083147795551464, 0.8091685220444852], [0.6323241055432055, 0.36767589445679444], [0.623455548567826, 0.376544451432174], [0.5815988614750568, 0.4184011385249431], [0.5942780283790869, 0.40572197162091284], [0.536225547456868, 0.463774452543132], [0.6460326998978461, 0.35396730010215405], [0.6114875073045796, 0.3885124926954205], [0.47003039315801964, 0.5299696068419806], [0.34071581577825477, 0.6592841842217451], [0.4178031964472745, 0.5821968035527254], [0.8623007739430544, 0.13769922605694568], [0.17953656165982493, 0.8204634383401752], [0.6936100057431438, 0.3063899942568562], [0.6260488856154891, 0.3739511143845108], [0.7302072862859734, 0.26979271371402663], [0.6952768323592523, 0.3047231676407474], [0.34240289497825127, 0.6575971050217486], [0.5716315298260581, 0.4283684701739418], [0.5309656498795337, 0.4690343501204664], [0.6860330068448017, 0.3139669931551983], [0.4805946042210993, 0.5194053957789007], [0.46361342305211256, 0.5363865769478874], [0.7108274334805537, 0.2891725665194461], [0.5980932821038653, 0.40190671789613475], [0.513247700942242, 0.4867522990577581], [0.7265187411569665, 0.2734812588430336], [0.5278504596821587, 0.4721495403178414], [0.3945275732875137, 0.6054724267124864], [0.7438645518012045, 0.2561354481987956], [0.660323479404898, 0.33967652059510195], [0.635603800139765, 0.3643961998602349], [0.3505098968924108, 0.6494901031075893], [0.5943678885966515, 0.40563211140334876], [0.5275100842279501, 0.47248991577204996], [0.2492327406683219, 0.7507672593316781], [0.5545352551226551, 0.44546474487734494], [0.36358460201412807, 0.6364153979858719], [0.6184162309666825, 0.3815837690333173], [0.5, 0.5], [0.4589991907403785, 0.5410008092596217], [0.4462960676343349, 0.5537039323656651], [0.5326411673671301, 0.46735883263286987], [0.4314817358410567, 0.5685182641589435], [0.5602548600666153, 0.43974513993338465], [0.6450863917377907, 0.35491360826220925], [0.5545141008201357, 0.44548589917986414], [0.5544563258777895, 0.44554367412221046], [0.6246035612642218, 0.3753964387357782], [0.4581238385766399, 0.54187616142336], [0.6792776241752758, 0.32072237582472407], [0.703352991119541, 0.296647008880459], [0.6923372833082521, 0.30766271669174805], [0.48285574916628704, 0.5171442508337128], [0.5918688550441766, 0.40813114495582337], [0.3756538573589685, 0.6243461426410315], [0.5423540367673344, 0.4576459632326655], [0.31185595762747226, 0.6881440423725276], [0.5, 0.5], [0.8330177921110316, 0.16698220788896853], [0.6424382295830079, 0.35756177041699216], [0.641767277422847, 0.3582327225771529], [0.5, 0.5], [0.5952949180385163, 0.40470508196148364], [0.7149858130128284, 0.2850141869871718], [0.22624310023887356, 0.7737568997611264], [0.7193425683658001, 0.2806574316341999], [0.32705100759297095, 0.672948992407029], [0.48057127432798175, 0.5194287256720184], [0.6058331315788626, 0.39416686842113735], [0.664828377003276, 0.33517162299672393], [0.35857381981356895, 0.6414261801864309], [0.44650958657554324, 0.5534904134244567], [0.6194103113963066, 0.3805896886036933], [0.6430706787612664, 0.3569293212387336], [0.5751423731090828, 0.4248576268909172], [0.7383598593603148, 0.26164014063968527], [0.6938940534640956, 0.30610594653590434], [0.46065210990462646, 0.5393478900953736], [0.5, 0.5], [0.5, 0.5], [0.6063092565859006, 0.39369074341409943], [0.6570457179853515, 0.3429542820146485], [0.4899692604509535, 0.5100307395490467], [0.26323689052812116, 0.736763109471879], [0.638848870657878, 0.361151129342122], [0.3971979551620443, 0.6028020448379557], [0.637907435763716, 0.36209256423628405], [0.5927342040162742, 0.407265795983726], [0.46410956540675025, 0.5358904345932498], [0.3861306267557323, 0.6138693732442677], [0.47709667654529075, 0.5229033234547094], [0.7758895117576261, 0.22411048824237392]]},