{"test": {"ids": ["271", "597", "341", "530", "12", "229", "363", "648", "605", "418", "572", "458", "690", "449", "226", "689", "456", "116", "214", "591", "155", "433", "525", "627", "393", "31", "1", "24", "645", "278", "358", "471", "698", "386", "260", "9", "66", "475", "361", "301", "550", "472", "336", "240", "503", "616", "570", "611", "287", "153", "490", "620", "452", "549", "420", "126", "703", "84", "435", "316", "82", "262", "523", "105", "440", "107", "184", "646", "439", "353", "284", "4", "663", "292", "344", "219", "443", "367", "594", "330", "615", "351", "160", "236", "285", "133", "74", "88", "72", "519", "642", "283", "610", "261", "527", "638", "125", "239", "159", "235", "352", "431", "532", "427", "441", "459", "704", "189", "307", "114", "76", "222", "78", "696", "688", "268", "220", "706", "61", "17", "23", "62", "55", "329", "647", "45", "707", "492", "345", "87", "328", "121", "83", "560", "146", "359", "148", "437", "310", "309", "131", "203", "432"], "labels": [0, 0, 1, 1, 0, 0, 1, 0, 0, 1, 0, 0, 1, 0, 0, 1, 0, 1, 0, 0, 1, 1, 1, 1, 1, 0, 1, 0, 0, 0, 1, 0, 1, 1, 1, 0, 1, 0, 1, 0, 0, 0, 1, 0, 0, 0, 0, 0, 0, 1, 0, 0, 0, 0, 1, 1, 1, 1, 1, 0, 1, 1, 1, 0, 1, 1, 0, 0, 1, 1, 0, 0, 0, 0, 1, 0, 1, 1, 0, 1, 0, 1, 1, 0, 0, 1, 1, 1, 1, 1, 0, 0, 0, 1, 1, 0, 1, 0, 1, 0, 1, 1, 1, 1, 1, 0, 1, 0, 0, 1, 1, 0, 1, 1, 0, 0, 0, 1, 1, 1, 0, 1, 0, 1, 0, 0, 1, 0, 1, 0, 1, 1, 1, 0, 1, 1, 1, 1, 0, 0, 1, 0, 1], "predicted_labels": [0, 0, 1, 0, 0, 0, 1, 1, 0, 1, 0, 1, 1, 0, 1, 1, 0, 1, 0, 0, 1, 0, 0, 1, 1, 1, 0, 0, 1, 0, 1, 0, 1, 0, 1, 0, 1, 0, 0, 0, 0, 1, 1, 0, 0, 0, 0, 1, 0, 1, 1, 1, 0, 1, 1, 1, 0, 1, 0, 0, 1, 1, 1, 0, 0, 0, 0, 0, 0, 1, 0, 0, 0, 1, 1, 0, 0, 1, 0, 1, 0, 1, 1, 0, 0, 0, 1, 1, 1, 1, 0, 0, 0, 1, 1, 0, 1, 0, 1, 0, 1, 0, 0, 1, 0, 0, 1, 0, 0, 0, 0, 0, 0, 0, 0, 1, 0, 1, 1, 0, 0, 0, 0, 1, 1, 0, 0, 1, 0, 0, 1, 1, 1, 0, 0, 1, 1, 1, 1, 0, 0, 0, 1], "confidence_scores": [[0.7189422893193894, 0.2810577106806106], [0.9798848072694692, 0.0201151927305308], [0.0011644732303738303, 0.9988355267696262], [0.8908294426747189, 0.10917055732528118], [0.9999715862457956, 2.8413754204331343e-05], [0.9499431064623702, 0.05005689353762977], [2.1048942335233356e-05, 0.9999789510576648], [0.4341677385593412, 0.5658322614406588], [0.9991620982633773, 0.0008379017366226327], [0.006058935216681993, 0.993941064783318], [0.5209264086382248, 0.47907359136177513], [0.010234508584682223, 0.9897654914153178], [9.502767808200474e-07, 0.9999990497232192], [0.9977335862859208, 0.0022664137140791796], [0.36241376645505996, 0.63758623354494], [0.003545795556943787, 0.9964542044430562], [0.7493470129329465, 0.2506529870670535], [4.015899270259915e-05, 0.9999598410072974], [0.9999853048174366, 1.4695182563334376e-05], [0.9994907028790723, 0.0005092971209277171], [0.0018754239187215305, 0.9981245760812785], [0.9994550167642562, 0.0005449832357437998], [0.8269380961505938, 0.17306190384940623], [0.00017246890857203212, 0.999827531091428], [0.019898850230180676, 0.9801011497698193], [0.0550732781478539, 0.9449267218521461], [0.9982056961447345, 0.0017943038552654504], [0.888981937509092, 0.11101806249090798], [0.06310302947274016, 0.9368969705272598], [0.9999739298793563, 2.607012064365282e-05], [0.01473193708735987, 0.9852680629126401], [0.9897702057182981, 0.010229794281701853], [0.00257733433639884, 0.9974226656636012], [0.7375796207383635, 0.2624203792616365], [0.0005944205747187015, 0.9994055794252813], [0.9992029617114989, 0.0007970382885010335], [0.0875627794111068, 0.9124372205888932], [0.9999998229638709, 1.7703612910311783e-07], [0.9273369587278913, 0.07266304127210867], [0.996715730195643, 0.0032842698043569806], [0.9999582974639228, 4.170253607715576e-05], [0.3334705845767788, 0.6665294154232212], [0.003285770983022185, 0.9967142290169778], [0.999832167569901, 0.00016783243009899014], [0.9993757215058806, 0.0006242784941193779], [0.5869006662172851, 0.41309933378271496], [0.9115095028964746, 0.08849049710352544], [0.013922840765199451, 0.9860771592348005], [0.9994518067777288, 0.0005481932222711681], [0.004880344229071798, 0.9951196557709282], [0.07529530721726951, 0.9247046927827305], [0.025529841217892812, 0.9744701587821072], [0.9999931746462829, 6.825353717109178e-06], [0.01190922828724117, 0.9880907717127588], [0.0006840330009996176, 0.9993159669990004], [0.05133976062457024, 0.9486602393754298], [0.9998316350009403, 0.00016836499905968465], [0.00024717763672632564, 0.9997528223632737], [0.9625616813707667, 0.03743831862923334], [0.9999360014226851, 6.399857731487069e-05], [0.01478740082930008, 0.9852125991706999], [0.00010370387529945457, 0.9998962961247005], [0.14166457114313535, 0.8583354288568646], [0.9954576831622369, 0.0045423168377631004], [0.9987439802054144, 0.0012560197945856097], [0.9404971278826055, 0.059502872117394454], [0.9998047190076687, 0.00019528099233134808], [0.8271523971167544, 0.17284760288324566], [0.9963073170706225, 0.003692682929377478], [0.0008624007607845874, 0.9991375992392154], [0.9999991934028882, 8.065971117154111e-07], [0.9751608963782512, 0.024839103621748793], [0.9981492968609743, 0.0018507031390256588], [0.3186739417424729, 0.6813260582575271], [6.5683537338046e-05, 0.999934316462662], [0.9999927122450455, 7.287754954550366e-06], [0.9276392060679581, 0.07236079393204191], [0.004548988340298377, 0.9954510116597016], [0.9999952653803986, 4.734619601367929e-06], [0.00033087745289983594, 0.9996691225471002], [0.9998892144307279, 0.00011078556927211251], [1.3062471511560148e-05, 0.9999869375284884], [0.018184111097821698, 0.9818158889021783], [0.9997379261265884, 0.0002620738734115469], [0.9995551247370025, 0.0004448752629975462], [0.9999553647720246, 4.463522797532536e-05], [0.007254151280514209, 0.9927458487194858], [0.00033325582511167795, 0.9996667441748883], [0.01689954929794646, 0.9831004507020535], [0.00013672327446057064, 0.9998632767255394], [0.902770649038189, 0.09722935096181101], [0.9064686595046695, 0.09353134049533053], [0.9999855338228095, 1.4466177190526618e-05], [0.22602328942400352, 0.7739767105759965], [2.295188426337802e-05, 0.9999770481157366], [0.9756177842572274, 0.024382215742772516], [1.0761311898255244e-06, 0.9999989238688102], [0.5408632631356574, 0.45913673686434264], [0.47852334151548515, 0.5214766584845149], [0.999992600601173, 7.399398827021866e-06], [0.0055693683929112225, 0.9944306316070888], [0.7540576292290577, 0.24594237077094233], [0.9408360080784426, 0.05916399192155743], [0.4825791566033195, 0.5174208433966805], [0.9549778445160249, 0.04502215548397515], [0.9883234230446486, 0.01167657695535143], [0.1388235217989896, 0.8611764782010104], [0.9999995270679514, 4.729320486109883e-07], [0.8014987027763152, 0.19850129722368484], [0.663799742271517, 0.336200257728483], [0.9973790619430362, 0.002620938056963836], [0.770977032034178, 0.22902296796582206], [0.85031328717074, 0.14968671282926005], [0.8769517967796162, 0.1230482032203838], [0.8000829209777279, 0.19991707902227204], [0.09746288899034183, 0.9025371110096582], [0.9994749643250445, 0.0005250356749555095], [0.0022392895013738645, 0.9977607104986261], [0.4111799978531794, 0.5888200021468206], [0.9930920624891916, 0.006907937510808445], [0.5003258808785332, 0.49967411912146675], [0.8578718725908201, 0.14212812740917985], [0.9992590697883114, 0.0007409302116886932], [6.438172207468007e-06, 0.9999935618277925], [0.4697261180325568, 0.5302738819674432], [0.9959625755625999, 0.0040374244374000974], [0.9940514349707813, 0.0059485650292186625], [0.11136571626133118, 0.8886342837386688], [0.9035992516734886, 0.09640074832651135], [0.6775623699755051, 0.3224376300244949], [0.06911666991242282, 0.9308833300875772], [6.04926853955412e-05, 0.9999395073146045], [0.477415365908582, 0.522584634091418], [0.9792231445603755, 0.02077685543962454], [0.8001980827868324, 0.19980191721316765], [0.0003467096224267774, 0.9996532903775732], [0.0009518951333530312, 0.999048104866647], [0.3266651117305922, 0.6733348882694078], [0.02241775899354337, 