{"test": {"ids": ["464", "324", "538", "245", "490", "131", "204", "375", "0", "674", "537", "691", "222", "183", "323", "457", "508", "368", "589", "668", "560", "14", "106", "644", "45", "484", "635", "43", "214", "553", "581", "305", "199", "681", "269", "556", "438", "516", "592", "487", "636", "689", "447", "416", "165", "4", "609", "71", "583", "20", "667", "206", "367", "548", "334", "371", "593", "39", "63", "362", "474", "468", "444", "378", "123", "46", "522", "135", "265", "412", "503", "337", "414", "101", "607", "658", "86", "545", "421", "328", "136", "321", "2", "185", "338", "298", "574", "92", "138", "424", "403", "706", "3", "626", "638", "147", "170", "213", "642", "477", "208", "388", "200", "286", "454", "50", "287", "84", "443", "555", "614", "620", "500", "683", "235", "709", "448", "89", "491", "496", "575", "24", "252", "631", "601", "346", "192", "107", "114", "270", "492", "392", "102", "628", "239", "29", "176", "690", "511", "257", "302"], "labels": [0, 0, 1, 0, 0, 1, 0, 0, 0, 1, 1, 1, 0, 0, 0, 0, 0, 0, 0, 1, 0, 1, 1, 1, 1, 0, 1, 1, 0, 1, 0, 0, 0, 1, 0, 0, 1, 1, 0, 0, 1, 1, 0, 1, 1, 0, 0, 0, 0, 0, 1, 0, 0, 1, 0, 0, 0, 1, 0, 0, 0, 0, 0, 1, 1, 1, 1, 1, 0, 1, 0, 0, 1, 1, 0, 1, 0, 1, 1, 0, 1, 0, 0, 0, 0, 0, 0, 1, 1, 1, 1, 1, 0, 1, 1, 1, 1, 0, 1, 0, 0, 1, 0, 0, 0, 1, 0, 0, 1, 1, 0, 0, 0, 1, 0, 1, 0, 1, 0, 1, 0, 0, 1, 1, 0, 0, 0, 1, 1, 0, 0, 1, 1, 1, 0, 0, 0, 1, 0, 0, 0], "predicted_labels": [0, 0, 1, 0, 1, 0, 0, 0, 0, 0, 0, 1, 1, 0, 0, 1, 0, 1, 1, 1, 0, 1, 0, 1, 1, 1, 0, 1, 0, 0, 0, 1, 0, 1, 1, 1, 0, 0, 0, 1, 0, 1, 1, 0, 1, 0, 0, 1, 0, 0, 0, 1, 0, 0, 0, 0, 0, 0, 0, 0, 0, 0, 1, 0, 1, 1, 0, 1, 1, 0, 1, 0, 1, 1, 0, 0, 1, 0, 1, 0, 1, 0, 1, 0, 0, 0, 0, 0, 1, 1, 0, 1, 0, 0, 1, 0, 1, 0, 0, 0, 0, 1, 0, 0, 0, 0, 1, 0, 0, 0, 1, 0, 0, 0, 0, 1, 0, 1, 0, 1, 0, 0, 0, 0, 0, 0, 0, 0, 0, 0, 0, 1, 1, 0, 0, 1, 1, 1, 1, 0, 0], "confidence_scores": [[0.5095540854484851, 0.490445914551515], [0.5634085359913894, 0.43659146400861076], [0.46763411552472883, 0.532365884475271], [0.7144142951834266, 0.2855857048165737], [0.3786159965204241, 0.621384003479576], [0.6993220415256334, 0.300677958474367], [0.5338719612241267, 0.4661280387758734], [0.8033839622901572, 0.19661603770984282], [0.6953531999180705, 0.3046468000819295], [0.5109799656343487, 0.4890200343656512], [0.769086716748267, 0.23091328325173316], [0.19297996163629655, 0.8070200383637036], [0.35744324094268487, 0.6425567590573151], [0.6442557345276718, 0.3557442654723283], [0.5975548320260744, 0.4024451679739256], [0.46893216838728996, 0.53106783161271], [0.7205405911671062, 0.27945940883289383], [0.4917818889135411, 0.508218111086459], [0.3481415868390686, 0.6518584131609314], [0.32930653754834166, 0.6706934624516582], [0.703520380694053, 0.29647961930594696], [0.2864943110189614, 0.7135056889810385], [0.7595818203504635, 0.24041817964953657], [0.1998547356543758, 0.8001452643456244], [0.45359897282766626, 0.5464010271723336], [0.3647099354929442, 0.6352900645070559], [0.5380050730801677, 0.46199492691983224], [0.25448267958693643, 0.7455173204130635], [0.5942515853245681, 0.40574841467543193], [0.5723476061694612, 0.42765239383053866], [0.7403081130239674, 0.2596918869760326], [0.4216749347736382, 0.5783250652263617], [0.6407438400811317, 0.3592561599188682], [0.3465053584465289, 0.6534946415534711], [0.4844114210371483, 0.5155885789628517], [0.4274518753911755, 0.5725481246088245], [0.5268793880751038, 0.47312061192489613], [0.6086941794015885, 0.3913058205984114], [0.5148949204390023, 0.4851050795609977], [0.3797969098126047, 0.6202030901873953], [0.6375191431392411, 0.3624808568607589], [0.4160078678958235, 0.5839921321041763], [0.49291694694277877, 0.5070830530572211], [0.5304207507136501, 0.46957924928634986], [0.4075104379870188, 0.5924895620129813], [0.5323944849238387, 0.4676055150761612], [0.6618674190457593, 0.3381325809542408], [0.3153200416028883, 0.6846799583971118], [0.512520599188276, 0.4874794008117239], [0.5276647859997143, 0.47233521400028583], [0.5294399645505524, 0.4705600354494476], [0.46215824517302545, 0.5378417548269747], [0.5265243886513326, 0.47347561134866734], [0.6663525147527597, 0.33364748524724025], [0.6328613034715801, 0.36713869652841996], [0.6603299065639164, 0.33967009343608356], [0.6611088566548646, 0.3388911433451355], [0.5528897998713936, 0.4471102001286066], [0.5679299737344168, 0.4320700262655832], [0.7462749973807268, 0.2537250026192731], [0.8150314903715027, 0.1849685096284972], [0.5710459313360399, 0.4289540686639602], [0.28522487098741905, 0.7147751290125812], [0.6863604531843981, 0.31363954681560186], [0.20992682051375314, 0.7900731794862467], [0.36567593516581426, 0.6343240648341857], [0.590051609720273, 0.40994839027972707], [0.25980255551327175, 0.7401974444867283], [0.46428659552407736, 0.5357134044759226], [0.5450701565664078, 0.45492984343359205], [0.39505824162403036, 0.6049417583759696], [0.6978003781236543, 0.3021996218763456], [0.42761221996690496, 0.5723877800330951], [0.4249126034549194, 0.5750873965450806], [0.6188375626065938, 0.38116243739340605], [0.5457623144551623, 0.45423768554483773], [0.36828778336904416, 0.631712216630956], [0.6847330378276021, 0.31526696217239786], [0.2560837104626055, 0.7439162895373946], [0.589801195560084, 0.410198804439916], [0.47679788075355034, 0.5232021192464495], [0.5810921205978727, 0.4189078794021272], [0.3652251910924238, 0.6347748089075763], [0.7085689731020225, 0.29143102689797773], [0.5452849814961052, 0.45471501850389484], [0.7219509352523531, 0.27804906474764707], [0.6383385982906175, 0.36166140170938244], [0.5388182102653968, 0.46118178973460316], [0.4256374048115226, 0.5743625951884774], [0.43192716685475435, 0.5680728331452456], [0.666259158764072, 0.33374084123592807], [0.46025351170585094, 0.5397464882941492], [0.7145346825379113, 0.2854653174620885], [0.8067759370355562, 0.1932240629644438], [0.3059887527695827, 0.6940112472304172], [0.6135036566161832, 0.3864963433838169], [0.5, 0.5], [0.6972868526219096, 0.3027131473780904], [0.7188179623582474, 0.28118203764175226], [0.5928976042742656, 0.4071023957257344], [0.6233591517094512, 0.3766408482905487], [0.24091138365619652, 0.7590886163438034], [0.6572087839434327, 0.3427912160565673], [0.8406002415306638, 0.15939975846933607], [0.817471777511298, 0.18252822248870204], [0.5663049867401256, 0.4336950132598744], [0.4753229297136934, 0.5246770702863066], [0.6559234947401162, 0.3440765052598838], [0.5625275726814288, 0.4374724273185712], [0.5966561474744763, 0.4033438525255237], [0.4806811301464244, 0.5193188698535756], [0.7683291690405393, 0.23167083095946056], [0.6016128514155943, 0.3983871485844058], [0.5596429291308315, 0.44035707086916864], [0.8521672142640212, 0.14783278573597894], [0.4268090903573184, 0.5731909096426816], [0.5237631228673202, 0.47623687713267965], [0.3227331150032283, 0.6772668849967717], [0.5174962557292547, 0.4825037442707453], [0.2780273362324533, 0.7219726637675468], [0.7906889446441522, 0.20931105535584793], [0.7828571772311869, 0.2171428227688131], [0.6611464312411226, 0.33885356875887757], [0.5956412528355657, 0.4043587471644343], [0.7737275932863604, 0.22627240671363957], [0.5941130245536407, 0.4058869754463594], [0.5580473168942164, 0.44195268310578345], [0.538234067471992, 0.4617659325280081], [0.8263529796321494, 0.1736470203678506], [0.6963753462420406, 0.30362465375795955], [0.6012023991997798, 0.3987976008002203], [0.2992862582823707, 0.7007137417176296], [0.30038825698983146, 0.6996117430101688], [0.7001273118284246, 0.29987268817157525], [0.5925073317088756, 0.4074926682911245], [0.33207453591234004, 0.6679254640876603], [0.4534794234654787, 0.5465205765345212], [0.26576179229431107, 0.734238207705689], [0.39018016988824167, 0.6098198301117584], [0.5729038245453787, 0.42709617545462136], [0.6109882422500107, 0.38901175774998936]]},