{"test": {"ids": ["138", "22", "512", "420", "456", "226", "543", "187", "528", "602", "585", "407", "609", "225", "93", "185", "538", "201", "144", "106", "282", "65", "478", "314", "250", "122", "83", "220", "307", "523", "509", "688", "329", "588", "550", "536", "66", "416", "615", "153", "630", "522", "389", "243", "554", "516", "604", "332", "598", "338", "6", "219", "392", "500", "10", "493", "390", "267", "662", "77", "434", "70", "683", "395", "634", "612", "85", "143", "180", "43", "191", "199", "275", "40", "192", "684", "336", "312", "327", "380", "304", "281", "91", "9", "320", "627", "171", "638", "73", "139", "108", "446", "301", "625", "441", "611", "530", "377", "121", "324", "595", "435", "632", "410", "690", "113", "133", "508", "175", "702", "94", "272", "652", "659"], "labels": [1, 0, 0, 1, 0, 0, 1, 0, 0, 0, 0, 1, 0, 0, 1, 0, 0, 0, 1, 1, 0, 0, 0, 0, 1, 1, 1, 0, 0, 1, 0, 0, 1, 0, 0, 0, 0, 1, 0, 1, 1, 1, 1, 0, 1, 1, 0, 1, 0, 1, 1, 0, 1, 0, 1, 1, 1, 0, 1, 0, 1, 0, 1, 1, 0, 0, 1, 1, 0, 0, 0, 0, 0, 1, 0, 1, 1, 0, 1, 1, 0, 0, 1, 1, 0, 1, 1, 1, 0, 1, 0, 0, 0, 1, 1, 0, 0, 1, 1, 1, 0, 1, 0, 1, 1, 1, 1, 0, 0, 1, 1, 0, 1, 1], "predicted_labels": [1, 0, 0, 0, 0, 0, 1, 0, 0, 0, 1, 0, 1, 0, 1, 0, 1, 0, 1, 0, 0, 0, 0, 0, 1, 0, 0, 0, 1, 0, 0, 1, 0, 1, 0, 0, 0, 0, 0, 1, 0, 1, 0, 0, 0, 0, 0, 0, 0, 1, 0, 0, 1, 0, 1, 1, 1, 0, 1, 0, 0, 1, 0, 0, 0, 0, 1, 0, 0, 1, 0, 1, 0, 0, 0, 1, 1, 1, 0, 0, 0, 0, 0, 0, 1, 1, 1, 0, 1, 1, 1, 0, 0, 0, 1, 0, 0, 1, 1, 1, 0, 0, 1, 0, 1, 1, 0, 0, 0, 1, 0, 0, 0, 1], "confidence_scores": [[0.3172281070835148, 0.6827718929164854], [0.6717070945772224, 0.3282929054227776], [0.6462966107653109, 0.3537033892346892], [0.5706486462005537, 0.42935135379944617], [0.5573472157590728, 0.4426527842409273], [0.6687045054703101, 0.3312954945296899], [0.3699907506001339, 0.6300092493998661], [0.6430028740425092, 0.35699712595749067], [0.6397992953561878, 0.3602007046438121], [0.5815233339497123, 0.41847666605028777], [0.4694035832297737, 0.5305964167702262], [0.5475575874749454, 0.4524424125250547], [0.5132668229972648, 0.48673317700273533], [0.5475004811849469, 0.4524995188150531], [0.3874642147362426, 0.6125357852637574], [0.6288251806877286, 0.3711748193122714], [0.42699094223276546, 0.5730090577672345], [0.7727075776691125, 0.22729242233088767], [0.3086848489781532, 0.6913151510218466], [0.5330620375640142, 0.4669379624359859], [0.622041042979445, 0.3779589570205551], [0.6091225882092376, 0.3908774117907625], [0.5309030045234716, 0.4690969954765285], [0.6315740889743439, 0.3684259110256561], [0.3672335190587971, 0.6327664809412029], [0.6328945393828386, 0.3671054606171615], [0.6175462544615977, 0.3824537455384023], [0.7130904623178882, 0.2869095376821119], [0.4259281520355508, 0.5740718479644492], [0.6542244088314626, 0.3457755911685375], [0.750748797910405, 0.2492512020895949], [0.5, 0.5], [0.5471587904358728, 0.4528412095641271], [0.5, 0.5], [0.7706809288201887, 0.22931907117981123], [0.6826026811828245, 0.3173973188171755], [0.7293521766329051, 0.2706478233670953], [0.6504076772189257, 0.3495923227810744], [0.648547538914262, 0.351452461085738], [0.29872494200283306, 0.7012750579971669], [0.5479909536555111, 0.4520090463444889], [0.3880049896010493, 0.6119950103989508], [0.6140283870123913, 0.3859716129876088], [0.5630527366437174, 0.4369472633562828], [0.7835659272565522, 0.21643407274344792], [0.5778313092286282, 0.4221686907713718], [0.7007270784119415, 0.2992729215880585], [0.7803092025685749, 0.21969079743142492], [0.6277505475654074, 0.37224945243459256], [0.41535629998458773, 0.5846437000154124], [0.6305092306020844, 0.3694907693979157], [0.6191183277590041, 0.38088167224099595], [0.27260416524391157, 0.7273958347560883], [0.6105006058810681, 0.389499394118932], [0.4599987022304096, 0.5400012977695904], [0.2872311884403865, 0.7127688115596136], [0.22582995760741267, 0.7741700423925872], [0.6347499195802647, 0.3652500804197353], [0.45098311721117207, 0.5490168827888281], [0.5498294008655914, 0.4501705991344085], [0.5780837572225079, 0.42191624277749207], [0.3440993735222796, 0.6559006264777202], [0.5878821000949143, 0.4121178999050858], [0.5269246994690211, 0.4730753005309788], [0.7637197273174208, 0.23628027268257917], [0.7857140290496477, 0.21428597095035254], [0.44404647297048394, 0.555953527029516], [0.6635511724946548, 0.3364488275053452], [0.6946666642524071, 0.3053333357475928], [0.32463379879252524, 0.6753662012074747], [0.5896266924451115, 0.4103733075548884], [0.4803216075180321, 0.5196783924819678], [0.7178559746622861, 0.28214402533771377], [0.6252636483224084, 0.37473635167759156], [0.60437644918822, 0.39562355081178], [0.5, 0.5], [0.43678394645701096, 0.563216053542989], [0.4764334553684485, 0.5235665446315516], [0.591951288314475, 0.4080487116855252], [0.6213434125483654, 0.37865658745163455], [0.6488791503813273, 0.3511208496186727], [0.7033809408648116, 0.29661905913518855], [0.5711363124417989, 0.4288636875582011], [0.7652599435560397, 0.23474005644396023], [0.4239322129370114, 0.5760677870629888], [0.35411513961977015, 0.6458848603802299], [0.3474672603634497, 0.6525327396365502], [0.7473454260398346, 0.2526545739601656], [0.5, 0.5], [0.3283148344730451, 0.6716851655269548], [0.4056986331995094, 0.5943013668004905], [0.6587692273504502, 0.34123077264954976], [0.6481177310334317, 0.35188226896656816], [0.7542681443692569, 0.24573185563074326], [0.4707515621577878, 0.5292484378422122], [0.6194136308700444, 0.3805863691299556], [0.6415316203199466, 0.3584683796800535], [0.27058702847280813, 0.7294129715271916], [0.21018743587021851, 0.7898125641297813], [0.4181381899060501, 0.5818618100939501], [0.5726942762906875, 0.4273057237093125], [0.514552292644599, 0.48544770735540116], [0.36229520694494616, 0.6377047930550539], [0.5254394156636103, 0.47456058433638976], [0.4229079243002967, 0.5770920756997033], [0.4796470211836306, 0.5203529788163694], [0.5725527980261214, 0.42744720197387864], [0.7255498551354945, 0.2744501448645052], [0.585131220296871, 0.4148687797031291], [0.5, 0.5], [0.566609984140877, 0.433390015859123], [0.6410882169506139, 0.35891178304938604], [0.5376856035220305, 0.46231439647796946], [0.509379653879378, 0.4906203461206219]]}, "rewritten": {"ids": ["6", "9", "10", "22", "40", "43", "65", "66", "70", "73", "77", "83", "85", "91", "93", "94", "106", "108", "113", "121", "122", "133", "138", "139", "143", "144", "153", "171", "175", "180", "185", "187", "191", "192", "199", "201", "219", "220", "225", "226", "243", "250", "267", "272", "275", "281", "282", "301", "304", "307", "312", "314", "320", "324", "327", "329", "332", "336", "338", "377", "380", "389", "390", "392", "395", "407", "410", "416", "420", "434", "435", "441", "446", "456", "478", "493", "500", "508", "509", "512", "516", "522", "523", "528", "530", "536", "538", "543", "550", "554", "585", "588", "595", "598", "602", "604", "609", "611", "612", "615", "625", "627", "630", "632", "634", "638", "652", "659", "662", "683", "684", "688", "690", "702"], "labels": [1, 1, 1, 0, 1, 0, 0, 0, 0, 0, 0, 1, 1, 1, 1, 1, 1, 0, 1, 1, 1, 1, 1, 1, 1, 1, 1, 1, 0, 0, 0, 0, 0, 0, 0, 0, 0, 0, 0, 0, 0, 1, 0, 0, 0, 0, 0, 0, 0, 0, 0, 0, 0, 1, 1, 1, 1, 1, 1, 1, 1, 1, 1, 1, 1, 1, 1, 1, 1, 1, 1, 1, 0, 0, 0, 1, 0, 0, 0, 0, 1, 1, 1, 0, 0, 0, 0, 1, 0, 1, 0, 0, 0, 0, 0, 0, 0, 0, 0, 0, 1, 1, 1, 0, 0, 1, 1, 1, 1, 1, 1, 0, 1, 1], "predicted_labels": [0, 0, 1, 0, 0, 0, 0, 0, 1, 0, 0, 0, 1, 0, 1, 0, 1, 1, 0, 1, 0, 0, 1, 1, 0, 1, 1, 1, 0, 0, 0, 0, 0, 0, 1, 0, 0, 0, 0, 0, 0, 1, 0, 0, 0, 0, 0, 0, 0, 1, 1, 0, 1, 1, 0, 0, 0, 1, 1, 1, 0, 0, 1, 1, 1, 1, 0, 0, 0, 0, 1, 0, 0, 0, 0, 1, 0, 0, 0, 0, 0, 1, 0, 0, 0, 0, 1, 1, 0, 0, 0, 0, 0, 0, 0, 0, 1, 1, 0, 0, 0, 1, 1, 1, 0, 0, 1, 1, 1, 0, 1, 0, 1, 1],