{"test": {"ids": ["422", "679", "345", "228", "582", "229", "242", "240", "396", "230", "115", "44", "365", "469", "201", "499", "412", "436", "697", "11", "86", "707", "52", "664", "493", "451", "420", "445", "588", "580", "48", "543", "561", "135", "205", "232", "417", "555", "631", "562", "80", "203", "149", "330", "165", "216", "262", "696", "526", "505", "605", "594", "392", "651", "618", "558", "277", "328", "705", "694", "590", "371", "25", "234", "137", "124", "639", "18", "622", "647", "455", "550", "574", "148", "97", "539", "37", "110", "66", "467", "693", "477", "386", "120", "484", "101", "399", "620", "547", "368", "363", "452", "303", "278", "188", "672", "633", "507", "636", "355", "45", "553", "157", "428", "103", "512", "309", "563", "116", "226", "460", "665", "502", "515", "339", "111", "301", "26", "683", "138", "243", "255", "617", "387", "544", "310", "566", "654", "581", "700", "680", "437", "653", "132", "29", "667", "430", "586", "380", "296", "244", "322", "390"], "labels": [1, 1, 0, 0, 0, 0, 0, 0, 1, 0, 1, 1, 0, 0, 0, 0, 1, 1, 1, 1, 0, 1, 1, 1, 1, 0, 1, 0, 0, 0, 1, 1, 0, 1, 0, 0, 1, 1, 1, 0, 0, 0, 1, 0, 1, 0, 0, 1, 1, 0, 0, 0, 1, 1, 0, 0, 0, 0, 1, 1, 0, 0, 0, 0, 1, 1, 1, 0, 1, 1, 0, 1, 0, 1, 1, 1, 1, 1, 0, 0, 1, 0, 1, 1, 0, 1, 1, 0, 1, 0, 0, 0, 0, 0, 0, 1, 1, 0, 1, 0, 1, 1, 1, 1, 1, 0, 0, 0, 1, 0, 0, 1, 0, 0, 0, 1, 0, 0, 1, 1, 0, 0, 0, 1, 1, 0, 0, 1, 0, 1, 1, 1, 1, 1, 0, 1, 1, 0, 1, 0, 0, 0, 1], "predicted_labels": [1, 1, 0, 1, 0, 0, 0, 1, 1, 0, 1, 1, 0, 0, 1, 0, 1, 1, 0, 0, 1, 0, 0, 1, 1, 0, 1, 0, 0, 0, 0, 0, 0, 1, 0, 0, 1, 0, 1, 0, 0, 0, 1, 0, 1, 0, 0, 0, 0, 1, 1, 0, 1, 1, 0, 0, 0, 0, 0, 0, 0, 0, 1, 0, 0, 0, 0, 0, 1, 1, 0, 0, 0, 1, 0, 0, 1, 0, 0, 1, 1, 0, 1, 1, 1, 0, 1, 0, 0, 0, 1, 0, 0, 0, 0, 1, 1, 0, 1, 1, 1, 0, 1, 1, 0, 0, 0, 0, 1, 0, 0, 0, 0, 0, 0, 1, 0, 0, 1, 1, 1, 0, 0, 1, 1, 1, 0, 1, 0, 1, 1, 0, 1, 1, 0, 1, 1, 1, 0, 0, 0, 0, 1], "confidence_scores": [[0.0004016820448421443, 0.9995983179551579], [1.2788526583262794e-06, 0.9999987211473417], [0.993240241915627, 0.006759758084372974], [0.3208223070880264, 0.6791776929119736], [0.999909492765053, 9.050723494691695e-05], [0.7237493904985269, 0.27625060950147307], [0.9999999999134531, 8.654691435294222e-11], [0.04320171532920691, 0.9567982846707931], [1.3632338110025621e-05, 0.99998636766189], [0.9999999999989087, 1.0913694387813328e-12], [0.03554948915393896, 0.964450510846061], [3.693421844253031e-06, 0.9999963065781557], [0.9998924319814624, 0.00010756801853762483], [0.9942999598748443, 0.005700040125155634], [0.3534813904117957, 0.6465186095882043], [0.9999979310290739, 2.0689709260987655e-06], [0.02893389130970847, 0.9710661086902915], [0.0012362923975973716, 0.9987637076024026], [0.9644217622841512, 0.03557823771584881], [0.9850900142389639, 0.014909985761036035], [1.6970971059571127e-06, 0.999998302902894], [0.9999836376044595, 1.6362395540490532e-05], [0.9999233002094884, 7.669979051166214e-05], [0.03657037639254612, 0.9634296236074539], [2.1121052090622427e-06, 0.9999978878947909], [0.9999999897606905, 1.0239309485926034e-08], [0.0006652690611159695, 0.999334730938884], [0.9999989365054697, 1.0634945303702433e-06], [0.6431721555112762, 0.3568278444887238], [0.9999999599830339, 4.001696610719422e-08], [0.9943791248912586, 0.005620875108741438], [0.9998745014907184, 0.0001254985092815837], [0.9999999991536824, 8.463175320321251e-10], [3.8417957703984484e-10, 0.9999999996158204], [0.9999999999552343, 4.476574124188062e-11], [0.9999727614534685, 2.723854653147454e-05], [0.01232503305150967, 0.9876749669484903], [0.9961735775422274, 0.0038264224577726], [0.3900716398065849, 0.6099283601934151], [0.9999999999977263, 2.2737739577286035e-12], [0.9530825826760805, 0.046917417323919464], [0.9999966531894867, 3.3468105133256844e-06], [6.408051866912956e-11, 0.9999999999359195], [0.9998378095038384, 0.0001621904961616706], [2.0497408103059556e-06, 0.9999979502591897], [0.999999999859137, 1.4086297850113142e-10], [0.9837201674516078, 0.016279832548392204], [0.9999712906952659, 2.8709304734075694e-05], [0.9999997323839885, 2.676160114439249e-07], [0.003811574251731842, 0.9961884257482682], [4.937762583256955e-07, 0.9999995062237417], [0.9999999966272459, 3.372754092172148e-09], [0.2334810850311091, 0.7665189149688909], [2.4028105238826925e-07, 0.9999997597189476], [0.9977656730810763, 0.0022343269189236477], [0.9999964069137671, 3.59308623288596e-06], [0.9911463578270171, 0.00885364217298285], [0.9999120921730972, 8.790782690282433e-05], [0.9986329573477156, 0.0013670426522843404], [0.9999995213422368, 4.786577632308155e-07], [0.9999976531181036, 2.346881896397287e-06], [0.9999798724321007, 2.012756789923255e-05], [5.346672617534409e-05, 0.9999465332738247], [0.9792343307543324, 0.020765669245667553], [0.685967953582897, 0.31403204641710303], [0.934401991321228, 0.06559800867877198], [0.9131694282653944, 0.08683057173460562], [0.9999990911360601, 9.088639398520335e-07], [0.026875375815949343, 0.9731246241840507], [1.0749188650294172e-07, 0.9999998925081135], [0.9999786069438078, 2.1393056192202357e-05], [0.9999997899046297, 2.100953702764412e-07], [0.9999066360520785, 9.336394792145833e-05], [7.55083907035825e-05, 0.9999244916092964], [0.9992467394186735, 0.0007532605813264858], [0.9999999770412011, 2.2958798856389663e-08], [0.00016556428527914058, 0.9998344357147209], [0.6874293649339369, 0.31257063506606303], [0.9999997656040304, 2.3439596966186522e-07], [1.1856422177380921e-08, 0.9999999881435778], [0.15196108927606256, 0.8480389107239374], [0.6107619589327343, 0.38923804106726567], [8.009420093824104e-07, 0.9999991990579906], [2.788422348576347e-08, 0.9999999721157765], [5.295969339313977e-05, 0.9999470403066069], [0.9997375537130173, 0.00026244628698263536], [4.338263082104277e-11, 0.9999999999566174], [0.9999886652279331, 1.1334772066962198e-05], [0.9296278654510867, 0.07037213454891338], [0.9986042593122748, 0.0013957406877251684], [0.0492449487950839, 0.9507550512049161], [0.9999997749546765, 2.2504532348764488e-07], [0.98497962437541, 0.015020375624590018], [0.9998799063111191, 0.00012009368888093011], [0.9999661358070584, 3.386419294160448e-05], [1.7951408789906864e-05, 0.9999820485912101], [0.47028086132096925, 0.5297191386790308], [0.972548567527983, 0.027451432472016937], [0.012709504088028845, 0.9872904959119712], [0.002790595202367019, 0.997209404797633], [9.047196155131942e-06, 0.9999909528038449], [0.9999999919248488, 8.075151161697567e-09], [4.100861593303584e-06, 0.9999958991384067], [3.223872751756396e-06, 0.9999967761272482], [0.9999537233694263, 4.627663057371372e-05], [0.9992892599213644, 0.0007107400786355599], [0.9999999998383663, 1.6163367774465196e-10], [0.9999999986781831, 1.3218169068544013e-09], [0.0006941350688285386, 0.9993058649311715], [0.9999978156959642, 2.1843040357906285e-06], [0.9994384857018038, 0.0005615142981961803], [0.6500239225352716, 0.34997607746472836], [0.7926681527490468, 0.20733184725095322], [0.9996973164083691, 0.0003026835916308924], [0.9999995939711804, 4.060288195319777e-07], [0.03651793265358649, 0.9634820673464135], [0.9999996499459343, 3.5005406578846874e-07], [0.9878321727290518, 0.01216782727094827], [6.675895861540937e-05, 0.9999332410413846], [1.251923994360915e-06, 0.9999987480760056], [0.14099348791602895, 0.859006512083971], [0.9996253979196552, 0.00037460208034475253], [0.6663164660697214, 0.33368353393027866], [6.878115298325493e-05, 0.9999312188470167], [0.0905422588470206, 0.9094577411529794], [0.0052854062483712605, 0.9947145937516287], [0.9999999649745955, 3.5025404479883705e-08], [6.726275592328079e-05, 0.9999327372440767], [0.9999995757939286, 4.2420607142486913e-07], [1.6735459545835774e-05, 0.9999832645404542], [4.939045815943732e-05, 0.9999506095418406], [0.9954178311435973, 0.0045821688564027605], [0.0002807245399650826, 0.9997192754600349], [2.482581456630939e-05, 0.9999751741854337], [0.9989882017000372, 0.0010117982999627826], [3.743509335851769e-08, 0.9999999625649066], [2.63241650699797e-10,