{"test": {"ids": ["679", "650", "365", "333", "430", "395", "3", "91", "36", "366", "142", "564", "13", "245", "233", "232", "19", "369", "694", "122", "282", "357", "394", "502", "408", "595", "556", "524", "464", "317", "99", "460", "307", "12", "119", "455", "241", "488", "255", "501", "310", "211", "368", "441", "590", "633", "222", "323", "60", "658", "627", "77", "705", "178", "194", "202", "415", "316", "110", "487", "689", "472", "220", "351", "254", "160", "538", "468", "37", "639", "163", "511", "390", "576", "90", "528", "604", "440", "279", "504", "539", "336", "109", "377", "153", "204", "598", "140", "654", "15", "669", "49", "121", "589", "463", "224", "338", "637", "54", "407", "111", "175", "177", "592", "546", "682", "531", "0", "525", "35", "512", "466", "575", "118", "505", "388", "389", "246", "184", "492", "27", "102", "207", "152", "22", "157", "192", "196", "84", "605", "514", "692", "303", "693", "703", "315", "406", "280", "360", "275", "521", "89", "378"], "labels": [1, 1, 0, 0, 1, 1, 0, 1, 1, 0, 1, 0, 1, 0, 0, 0, 0, 0, 1, 1, 0, 0, 1, 0, 1, 0, 0, 1, 0, 0, 1, 0, 0, 1, 1, 0, 0, 0, 0, 0, 0, 0, 0, 1, 0, 1, 0, 0, 0, 1, 1, 0, 1, 0, 0, 0, 1, 0, 1, 0, 1, 0, 0, 0, 1, 1, 1, 0, 1, 1, 1, 0, 1, 0, 1, 1, 0, 1, 0, 0, 1, 0, 1, 0, 1, 0, 0, 1, 1, 1, 1, 1, 1, 0, 0, 0, 0, 1, 1, 1, 1, 0, 0, 0, 1, 1, 1, 0, 1, 0, 0, 0, 0, 1, 0, 1, 1, 0, 0, 0, 0, 1, 0, 1, 0, 1, 0, 0, 0, 0, 1, 1, 0, 1, 1, 0, 1, 0, 0, 0, 1, 1, 1], "predicted_labels": [1, 1, 0, 1, 1, 1, 0, 0, 1, 0, 1, 0, 0, 0, 1, 0, 0, 0, 1, 0, 0, 0, 1, 0, 0, 1, 0, 1, 0, 0, 0, 0, 1, 0, 0, 1, 0, 0, 0, 0, 1, 0, 1, 1, 0, 1, 0, 1, 0, 1, 1, 1, 0, 0, 0, 0, 1, 0, 0, 0, 1, 1, 0, 1, 0, 1, 1, 1, 0, 1, 1, 0, 1, 0, 1, 0, 0, 0, 0, 0, 0, 1, 0, 0, 1, 1, 0, 1, 1, 1, 0, 1, 1, 0, 0, 0, 0, 1, 1, 1, 1, 0, 0, 0, 1, 1, 0, 1, 0, 0, 0, 1, 0, 1, 0, 1, 0, 0, 0, 1, 1, 0, 0, 1, 0, 1, 0, 0, 1, 1, 1, 0, 1, 1, 0, 1, 1, 0, 1, 0, 1, 0, 0], "confidence_scores": [[0.13661622073005739, 0.8633837792699427], [0.20956528274540687, 0.7904347172545932], [0.5156153793838095, 0.4843846206161905], [0.44446497786986777, 0.5555350221301323], [0.1541005892545308, 0.8458994107454693], [0.1527060132604896, 0.8472939867395103], [0.979650038314722, 0.02034996168527816], [0.7703821638583376, 0.2296178361416625], [0.3678457227179869, 0.632154277282013], [0.5930884043065571, 0.40691159569344293], [0.16536247055159906, 0.8346375294484008], [0.9289819895444955, 0.0710180104555043], [0.9190648835976912, 0.08093511640230878], [0.6412272220197526, 0.35877277798024737], [0.42557405307438806, 0.574425946925612], [0.5309282487758733, 0.46907175122412675], [0.5910121360192703, 0.40898786398072967], [0.7427438675946564, 0.25725613240534373], [0.4353815931255962, 0.5646184068744039], [0.7465632525485213, 0.2534367474514788], [0.9273945454563389, 0.07260545454366112], [0.8217518774114635, 0.17824812258853637], [0.042351592323607475, 0.9576484076763925], [0.5891136686691737, 0.4108863313308261], [0.5753190315044853, 0.4246809684955148], [0.31738323537962615, 0.6826167646203738], [0.9919311366818739, 0.008068863318126045], [0.4631784014565755, 0.5368215985434244], [0.9578710243840848, 0.0421289756159154], [0.7573109720155271, 0.24268902798447284], [0.7508272555462436, 0.24917274445375648], [0.6677084547549021, 0.33229154524509785], [0.202774745949899, 0.797225254050101], [0.5590135482737948, 0.4409864517262053], [0.9765504496720234, 0.023449550327976416], [0.40414128800286625, 0.5958587119971337], [0.6402798798219254, 0.35972012017807453], [0.6706495548393242, 0.3293504451606758], [0.8215991732841751, 0.17840082671582497], [0.850451874231006, 0.14954812576899404], [0.22014345723442338, 0.7798565427655768], [0.9217807084331555, 0.07821929156684448], [0.3891852261826677, 0.6108147738173324], [0.3163519752543582, 0.683648024745642], [0.6808603342632042, 0.3191396657367959], [0.2941936345604976, 0.7058063654395023], [0.8649468917075502, 0.13505310829244968], [0.38656327248971967, 0.6134367275102803], [0.8445493068121397, 0.15545069318786017], [0.21377495892376971, 0.7862250410762304], [0.033021943584103125, 0.966978056415897], [0.4463747714827561, 0.5536252285172439], [0.9063776422541394, 0.09362235774586061], [0.9682948264050935, 0.03170517359490653], [0.7660077452860854, 0.23399225471391458], [0.9347260783046479, 0.06527392169535239], [0.050350276355895104, 0.949649723644105], [0.48149063030913347, 0.5185093696908665], [0.5190392692914444, 0.4809607307085556], [0.7999613678086187, 0.20003863219138118], [0.21244109288903093, 0.787558907110969], [0.2816503587374119, 0.7183496412625879], [0.7124946250734995, 0.2875053749265005], [0.46185322446562355, 0.5381467755343762], [0.5720519343194076, 0.4279480656805925], [0.30083276856545965, 0.6991672314345403], [0.4216416129156562, 0.5783583870843437], [0.43286748913753836, 0.5671325108624617], [0.8623103147536173, 0.13768968524638267], [0.2890086225917768, 0.7109913774082234], [0.08046786353829333, 0.9195321364617066], [0.6066251229666118, 0.39337487703338825], [0.14874903692187316, 0.851250963078127], [0.9970548269660963, 0.002945173033903879], [0.11187977491132471, 0.8881202250886754], [0.4799229582889009, 0.5200770417110991], [0.722714286389959, 0.27728571361004106], [0.8967519356998463, 0.1032480643001538], [0.8064206600767704, 0.19357933992322962], [0.8381366624683709, 0.161863337531629], [0.926087996964087, 0.07391200303591301], [0.10912340298046883, 0.8908765970195313], [0.6725224334828523, 0.32747756651714754], [0.5965262661898361, 0.4034737338101639], [0.045896871741912794, 0.9541031282580873], [0.31400447445771745, 0.6859955255422828], [0.9953346840568932, 0.004665315943106931], [0.3993690275550945, 0.6006309724449056], [0.4606645486605756, 0.5393354513394245], [0.14366083020411952, 0.8563391697958805], [0.5756820446944875, 0.4243179553055126], [0.10160167664311438, 0.8983983233568855], [0.007139285068788852, 0.9928607149312111], [0.5645979894523837, 0.43540201054761646], [0.9797740826983611, 0.020225917301638877], [0.5432233926353349, 0.45677660736466497], [0.5115802211878347, 0.4884197788121655], [0.16212566656539218, 0.8378743334346078], [0.262565458094316, 0.7374345419056841], [0.46286525294946845, 0.5371347470505314], [0.31356934753790344, 0.6864306524620966], [0.899712304007656, 0.10028769599234383], [0.6345373212470715, 0.3654626787529285], [0.8596420117575232, 0.14035798824247692], [0.09675540310464106, 0.903244596895359], [0.27272375364077217, 0.7272762463592279], [0.9363142888114853, 0.0636857111885148], [0.2745830076721534, 0.7254169923278467], [0.8974172324380365, 0.1025827675619634], [0.7826027874921779, 0.21739721250782207], [0.8065600706076851, 0.19343992939231494], [0.43554617025206765, 0.5644538297479322], [0.9937536932695517, 0.006246306730448347], [0.17331308016170135, 0.8266869198382986], [0.9096804901636086, 0.09031950983639137], [0.22909958375006226, 0.7709004162499378], [0.739540577423513, 0.2604594225764869], [0.6981020036528713, 0.30189799634712877], [0.9398755674060641, 0.06012443259393583], [0.1878052674002027, 0.8121947325997975], [0.20207174975972203, 0.797928250240278], [0.8619761514008202, 0.13802384859917985], [0.9104702794980758, 0.08952972050192416], [0.026494186951174715, 0.9735058130488252], [0.9253567079796935, 0.07464329202030635], [0.18693653777739938, 0.8130634622226006], [0.8526033671526596, 0.14739663284734045], [0.6065311453603937, 0.39346885463960635], [0.06543334644466917, 0.9345666535553309], [0.37518358857249656, 0.6248164114275034], [0.2673362988886946, 0.7326637011113052], [0.5668562524509727, 0.43314374754902724], [0.11336419753389607, 0.886635802466104], [0.23262218454450534, 0.7673778154554948], [0.7313378121866924, 0.2686621878133076], [0.41602921062262915, 0.5839707893773709], [0.31344687950114414, 0.6865531204988562], [0.9496735036169007, 0.05032649638309915], [0.3958138642872165, 0.6041861357127832], [0.7736541516109222, 0.22634584838907784], [0.4473264239769485, 0.5526735760230513], [0.5992055618161186, 0.40079443818388144], [0.6937671000378488, 