{"test": {"ids": ["220", "74", "370", "558", "682", "564", "520", "688", "118", "439", "49", "418", "264", "221", "152", "477", "416", "590", "145", "568", "232", "675", "242", "163", "514", "569", "659", "304", "226", "178", "550", "522", "700", "175", "572", "109", "384", "360", "279", "617", "166", "648", "395", "280", "245", "69", "570", "223", "64", "422", "93", "674", "236", "537", "184", "181", "615", "343", "117", "571", "528", "185", "554", "14", "241", "376", "365", "309", "545", "616", "430", "87", "632", "303", "561", "108", "329", "502", "470", "177", "363", "473", "598", "157", "457", "643", "469", "77", "540", "546", "539", "387", "71", "509", "635", "219", "317", "210", "265", "20", "529", "247", "689", "425", "481", "437", "102", "698", "32", "23", "50", "523"], "labels": [0, 1, 1, 0, 0, 0, 1, 0, 1, 1, 0, 1, 0, 0, 1, 0, 1, 0, 1, 0, 0, 0, 0, 1, 0, 0, 0, 0, 0, 0, 0, 1, 1, 0, 0, 1, 1, 1, 0, 0, 1, 0, 1, 0, 0, 1, 0, 0, 1, 1, 0, 0, 0, 1, 0, 0, 0, 1, 1, 0, 1, 0, 1, 0, 0, 1, 1, 0, 0, 0, 1, 0, 0, 0, 0, 0, 1, 0, 0, 0, 1, 0, 0, 1, 0, 0, 0, 1, 1, 0, 1, 1, 1, 0, 0, 0, 0, 0, 0, 0, 1, 1, 1, 1, 0, 1, 0, 1, 0, 0, 0, 1], "predicted_labels": [0, 1, 0, 0, 0, 0, 0, 1, 0, 0, 1, 0, 0, 0, 0, 0, 0, 0, 1, 0, 0, 0, 0, 1, 0, 0, 1, 0, 0, 1, 0, 1, 1, 0, 0, 0, 0, 1, 0, 1, 1, 0, 1, 0, 0, 1, 0, 0, 0, 0, 1, 0, 0, 0, 0, 0, 0, 1, 0, 0, 0, 0, 0, 1, 0, 1, 1, 0, 0, 0, 1, 0, 1, 0, 0, 0, 0, 0, 0, 0, 0, 0, 1, 0, 0, 0, 0, 0, 1, 0, 0, 0, 1, 1, 0, 0, 0, 1, 1, 0, 0, 0, 0, 0, 0, 0, 1, 1, 1, 1, 0, 1], "confidence_scores": [[0.7775256809737904, 0.2224743190262096], [0.30522090733473217, 0.6947790926652678], [0.5845991026115003, 0.41540089738849967], [0.5331453519278201, 0.4668546480721799], [0.6240346058622896, 0.3759653941377103], [0.8369654249804415, 0.16303457501955854], [0.6668003279711283, 0.3331996720288717], [0.4972893343127315, 0.5027106656872685], [0.6275532441744687, 0.37244675582553133], [0.5558599452841184, 0.4441400547158815], [0.16503249079913862, 0.8349675092008614], [0.5399245838719406, 0.4600754161280593], [0.6603184209612989, 0.33968157903870105], [0.8446999877571142, 0.15530001224288584], [0.6740365622615776, 0.32596343773842235], [0.5758504665998174, 0.4241495334001826], [0.7659401829883508, 0.2340598170116492], [0.6412023857405744, 0.3587976142594256], [0.4204805942077754, 0.5795194057922246], [0.6433282316328713, 0.35667176836712866], [0.5325074050749073, 0.46749259492509265], [0.6883907316358171, 0.3116092683641829], [0.6520620936622638, 0.34793790633773625], [0.18976970597771825, 0.8102302940222817], [0.7368249291940148, 0.2631750708059852], [0.777846571488888, 0.22215342851111197], [0.3442831765752653, 0.6557168234247347], [0.6815379298106712, 0.31846207018932887], [0.577771741345513, 0.42222825865448704], [0.49553954960945445, 0.5044604503905455], [0.7762332239846911, 0.22376677601530895], [0.15495156127496357, 0.8450484387250364], [0.33388822109037597, 0.666111778909624], [0.7320882777877067, 0.26791172221229326], [0.6879506842231033, 0.3120493157768966], [0.7432036530711863, 0.25679634692881365], [0.5240840898838424, 0.47591591011615764], [0.2934870043746153, 0.7065129956253847], [0.6652215074276502, 0.3347784925723498], [0.48851695958053576, 0.5114830404194642], [0.46217906793708285, 0.5378209320629171], [0.7048831037163208, 0.2951168962836792], [0.49834766706646394, 0.5016523329335361], [0.6919009343983105, 0.30809906560168954], [0.9128865499722564, 0.08711345002774364], [0.3906321353822827, 0.6093678646177173], [0.54692003573468, 0.4530799642653201], [0.6699706996208782, 0.3300293003791218], [0.5364942618949786, 0.4635057381050214], [0.6067058095725375, 0.3932941904274625], [0.33368871863849214, 0.6663112813615079], [0.7902884024437222, 0.20971159755627777], [0.6091193755259214, 0.39088062447407856], [0.7173479648798112, 0.28265203512018877], [0.8683354862675903, 0.13166451373240975], [0.8511156111284797, 0.14888438887152033], [0.7304445146197311, 0.26955548538026886], [0.30098690483724333, 0.6990130951627567], [0.7372525274926056, 0.2627474725073944], [0.6844658187238672, 0.3155341812761328], [0.8567861063962317, 0.14321389360376838], [0.7236931697647493, 0.2763068302352507], [0.7970295875638302, 0.2029704124361697], [0.36531850045058045, 0.6346814995494195], [0.5904146412874214, 0.4095853587125786], [0.4464641753731221, 0.5535358246268779], [0.3509724312824616, 0.6490275687175384], [0.5370895052693011, 0.4629104947306989], [0.6719041509544117, 0.3280958490455883], [0.834859161460132, 0.16514083853986805], [0.28168377224345875, 0.7183162277565412], [0.7832874825546268, 0.2167125174453732], [0.42427246328050816, 0.5757275367194918], [0.7267719508421935, 0.2732280491578066], [0.7886316488421324, 0.21136835115786756], [0.5249766674827907, 0.47502333251720935], [0.5425794386445624, 0.45742056135543757], [0.5365166372340073, 0.46348336276599267], [0.7125465009064844, 0.28745349909351564], [0.5049184661403302, 0.4950815338596698], [0.57636648578243, 0.42363351421757], [0.5326097552211122, 0.46739024477888785], [0.3822633591705682, 0.6177366408294318], [0.7594153360451985, 0.24058466395480155], [0.8161055725327595, 0.18389442746724047], [0.8437769190840649, 0.1562230809159351], [0.5679059423357193, 0.4320940576642807], [0.6776927963166035, 0.32230720368339655], [0.3287979064597396, 0.6712020935402604], [0.646856153540182, 0.353143846459818], [0.6657583378896166, 0.33424166211038336], [0.6387781397969629, 0.36122186020303715], [0.3191665573889876, 0.6808334426110124], [0.3982138700938592, 0.6017861299061408], [0.7621034007158471, 0.23789659928415283], [0.6806982855325346, 0.31930171446746536], [0.7190555127179006, 0.2809444872820995], [0.4929840670258072, 0.5070159329741928], [0.4276438745051413, 0.5723561254948587], [0.6225118455224814, 0.37748815447751854], [0.5791544964134228, 0.4208455035865772], [0.5046016820733685, 0.4953983179266315], [0.5080753058485954, 0.4919246941514046], [0.617723400829504, 0.3822765991704959], [0.5707418472937196, 0.4292581527062805], [0.5716629462739438, 0.4283370537260562], [0.3743527220502548, 0.6256472779497452], [0.39481545453664724, 0.6051845454633528], [0.4077143510326432, 0.5922856489673568], [0.4501380403161117, 0.5498619596838883], [0.6341846055428904, 0.3658153944571097], [0.4000587159484451, 0.5999412840515549]]}, "rewritten": {"ids": ["14", "20", "23", "32", "49", "50", "64", "69", "71", "74", "77", "87", "93", "102", "108", "109", "117", "118", "145", "152", "157", "163", "166", "175", "177", "178", "181", "184", "185", "210", "219", "220", "221", "223", "226", "232", "236", "241", "242", "245", "247", "264", "265", "279", "280", "303", "304", "309", "317", "329", "343", "360", "363", "365", "370", "376", "384", "387", "395", "416", "418", "422", "425", "430", "437", "439", "457", "469", "470", "473", "477", "481", "502", "509", "514", "520", "522", "523", "528", "529", "537", "539", "540", "545", "546", "550", "554", "558", "561", "564", "568", "569", "570", "571", "572", "590", "598", "615", "616", "617", "632", "635", "643", "648", "659", "674", "675", "682", "688", "689", "698", "700"], "labels": [0, 0, 0, 0, 0, 0, 1, 1, 1, 1, 1, 0, 0, 0, 0, 1, 1, 1, 1, 1, 1, 1, 1, 0, 0, 0, 0, 0, 0, 0, 0, 0, 0, 0, 0, 0, 0, 0, 0, 0, 1, 0, 0, 0, 0, 0, 0, 0, 0, 1, 1, 1, 1, 1, 1, 1, 1, 1, 1, 1, 1, 1, 1, 1, 1, 1, 0, 0, 0, 0, 0, 0, 0, 0, 0, 1, 1, 1, 1, 1, 1, 1, 1, 0, 0, 0, 1, 0, 0, 0, 0, 0, 0, 0, 0, 0, 0, 0, 0, 0, 0, 0, 0, 0, 0, 0, 0, 0, 0, 1, 1, 1], "predicted_labels": [1, 0, 0, 0, 1, 0, 1, 0, 1, 0, 1, 0, 1, 1, 1, 0, 1, 1, 1, 1, 1, 1, 1, 0, 0, 0, 0, 0, 0, 0, 0, 0, 0, 0, 0, 0, 0, 0, 0, 0, 1, 0, 0, 0, 0, 0, 0, 1, 0, 0, 1, 1, 0, 0, 0, 1, 1, 1, 0, 0, 1, 0, 0, 1, 0, 1, 0, 0, 0, 0, 1, 1, 0, 1, 0, 0, 1, 1, 0, 0, 0, 0, 1, 0, 1, 0, 0, 0, 0, 0, 0, 0, 0, 0, 0, 0, 0, 0, 0, 0, 0, 0, 0, 0, 1, 0, 0, 0, 0, 1, 1, 1],