{"test": {"ids": ["192", "321", "358", "635", "569", "120", "88", "327", "431", "493", "632", "467", "52", "571", "313", "310", "287", "262", "209", "58", "278", "207", "294", "469", "617", "157", "394", "116", "362", "532", "369", "391", "211", "573", "671", "598", "428", "678", "426", "244", "563", "338", "223", "545", "470", "104", "595", "354", "25", "377", "143", "123", "525", "186", "366", "82", "296", "140", "239", "170", "136", "441", "165", "627", "307", "490", "640", "524", "268", "275", "201", "650", "213", "325", "380", "210", "455", "236", "683", "73", "121", "183", "687", "488", "619", "76", "131", "522", "496", "16", "695", "516", "631", "215", "311", "181", "324", "418", "64", "43", "597", "267", "160", "174", "374", "276", "112", "480", "318", "442", "356", "629", "427", "39", "135", "657", "473", "214", "605", "370", "147", "665", "182", "547", "530", "557", "319", "197", "621", "28", "504", "304", "408", "387", "523", "476", "291", "624", "644", "279", "337", "62", "333"], "labels": [0, 0, 0, 1, 0, 1, 1, 0, 1, 1, 1, 0, 1, 0, 0, 0, 0, 0, 0, 1, 0, 0, 0, 0, 0, 1, 1, 1, 0, 1, 0, 1, 0, 0, 1, 0, 1, 1, 1, 0, 0, 0, 0, 1, 0, 1, 0, 0, 0, 0, 1, 1, 1, 0, 0, 1, 0, 1, 0, 1, 1, 1, 1, 1, 0, 0, 1, 1, 0, 0, 0, 1, 0, 0, 1, 0, 0, 0, 1, 0, 1, 0, 1, 0, 0, 0, 1, 1, 1, 0, 1, 1, 1, 0, 0, 0, 0, 1, 0, 1, 0, 0, 1, 0, 0, 0, 1, 0, 0, 1, 0, 1, 1, 1, 1, 1, 0, 0, 0, 0, 1, 1, 0, 1, 1, 0, 0, 0, 1, 0, 0, 0, 1, 1, 1, 0, 0, 1, 1, 0, 0, 0, 0], "predicted_labels": [0, 0, 0, 0, 0, 1, 0, 0, 1, 1, 1, 1, 0, 0, 0, 0, 0, 0, 0, 0, 0, 0, 0, 1, 0, 1, 1, 1, 1, 1, 0, 0, 0, 0, 0, 0, 1, 1, 1, 0, 0, 0, 0, 1, 1, 0, 0, 1, 0, 1, 1, 1, 0, 0, 0, 1, 0, 1, 1, 1, 1, 1, 1, 1, 1, 0, 0, 0, 0, 0, 0, 1, 0, 0, 0, 0, 0, 0, 0, 0, 1, 0, 0, 0, 0, 0, 1, 0, 0, 1, 0, 0, 1, 0, 0, 0, 0, 0, 0, 1, 0, 0, 1, 0, 0, 0, 1, 0, 0, 1, 0, 1, 1, 1, 1, 0, 1, 0, 0, 0, 1, 1, 0, 0, 1, 0, 0, 0, 1, 0, 0, 0, 1, 1, 0, 0, 0, 0, 1, 0, 0, 1, 1], "confidence_scores": [[0.7534408201495417, 0.24655917985045817], [0.9201905424981406, 0.0798094575018596], [0.672149607860683, 0.3278503921393169], [0.6503613028753454, 0.34963869712465456], [0.9019308192959358, 0.09806918070406442], [0.40745628553530355, 0.5925437144646964], [0.6231541160820897, 0.37684588391791024], [0.6046847379256589, 0.3953152620743412], [0.2389032465382247, 0.7610967534617755], [0.029415171857145404, 0.9705848281428545], [0.47025864662160527, 0.5297413533783948], [0.10180383975400704, 0.8981961602459929], [0.8542463520898973, 0.14575364791010273], [0.7295423350178984, 0.2704576649821016], [0.5107470250978445, 0.4892529749021555], [0.6840947073735136, 0.3159052926264862], [0.9133019735922139, 0.08669802640778604], [0.5995634692844866, 0.40043653071551344], [0.8141693175645746, 0.18583068243542541], [0.5903633113048135, 0.40963668869518644], [0.9220619039652866, 0.07793809603471336], [0.5437847239517328, 0.4562152760482673], [0.572945556910918, 0.42705444308908186], [0.41785956664141144, 0.5821404333585884], [0.5342413224379625, 0.4657586775620376], [0.3327029280895773, 0.6672970719104226], [0.08225562307835048, 0.9177443769216495], [0.35204547214501336, 0.647954527854987], [0.44910628744871833, 0.5508937125512817], [0.4283650656820378, 0.5716349343179622], [0.5683190061319731, 0.43168099386802705], [0.7371116493212433, 0.26288835067875677], [0.8261884694117227, 0.1738115305882773], [0.6307357701602133, 0.36926422983978674], [0.752147939658778, 0.247852060341222], [0.9752378402501742, 0.02476215974982571], [0.2672717511858781, 0.7327282488141218], [0.34675509734892834, 0.6532449026510716], [0.1770782428655241, 0.8229217571344755], [0.9163576574377486, 0.08364234256225139], [0.885840921097149, 0.11415907890285105], [0.562890719282719, 0.43710928071728106], [0.6445020001951167, 0.3554979998048833], [0.34779613210434573, 0.6522038678956547], [0.1421798688947727, 0.8578201311052275], [0.752515609868583, 0.24748439013141674], [0.7239540314590202, 0.2760459685409796], [0.4175980247485934, 0.5824019752514067], [0.6171645320698523, 0.3828354679301478], [0.4684213295239337, 0.5315786704760663], [0.4326131829525037, 0.567386817047496], [0.025377674252987356, 0.9746223257470128], [0.6298802295734637, 0.3701197704265364], [0.6329268765614703, 0.3670731234385297], [0.5934085351871381, 0.4065914648128618], [0.08206271575500493, 0.917937284244995], [0.885507404769028, 0.11449259523097187], [0.30307078340119203, 0.6969292165988079], [0.19273316287100192, 0.8072668371289979], [0.08364336423734262, 0.9163566357626574], [0.07839447178840979, 0.92160552821159], [0.13748377145306592, 0.8625162285469342], [0.03584868427756445, 0.9641513157224356], [0.06495625115625314, 0.935043748843747], [0.3677931902201537, 0.6322068097798462], [0.5541876242003856, 0.44581237579961425], [0.7252380397293576, 0.2747619602706423], [0.6192655969135269, 0.3807344030864731], [0.8847030884336895, 0.11529691156631042], [0.6985211945759852, 0.3014788054240148], [0.5789438360554762, 0.42105616394452394], [0.21418601378868624, 0.7858139862113138], [0.9641929743817835, 0.03580702561821654], [0.7908144769656777, 0.20918552303432195], [0.6225749974691572, 0.37742500253084266], [0.7522581481825491, 0.2477418518174508], [0.6783908149226833, 0.3216091850773167], [0.856236003269695, 0.14376399673030527], [0.5050105013073575, 0.4949894986926428], [0.6975034261644925, 0.30249657383550743], [0.02001254114713481, 0.9799874588528653], [0.8249437391053567, 0.1750562608946431], [0.7841412785171712, 0.21585872148282867], [0.9004308138359342, 0.09956918616406597], [0.9077517750199986, 0.09224822498000139], [0.9066902871394071, 0.09330971286059295], [0.3913583403072844, 0.6086416596927157], [0.5105968528244847, 0.48940314717551514], [0.5687137264097841, 0.43128627359021593], [0.21522864171137712, 0.7847713582886229], [0.5520260554737072, 0.4479739445262927], [0.5233263012909906, 0.47667369870900933], [0.423307819671359, 0.576692180328641], [0.7303012146775558, 0.2696987853224441], [0.6835558130898736, 0.3164441869101263], [0.8783162476134279, 0.12168375238657203], [0.9123447216474556, 0.08765527835254452], [0.8470273522106211, 0.15297264778937886], [0.8799197251688349, 0.1200802748311651], [0.07849015925779047, 0.9215098407422098], [0.7816787526968658, 0.21832124730313424], [0.716333989205001, 0.283666010794999], [0.139565980458442, 0.8604340195415582], [0.5959950524284658, 0.4040049475715342], [0.5068941178674435, 0.4931058821325565], [0.9139475768333398, 0.08605242316666006], [0.370499694868284, 0.6295003051317161], [0.6824309104749622, 0.3175690895250378], [0.7476662050854873, 0.25233379491451247], [0.08963741558797163, 0.9103625844120282], [0.48922882664739487, 0.510771173352605], [0.29083136665624715, 0.7091686333437528], [0.39388851089125565, 0.6061114891087445], [0.24610123980625234, 0.7538987601937476], [0.032380396538794896, 0.967619603461205], [0.5618828033784705, 0.4381171966215294], [0.40415844021642156, 0.5958415597835786], [0.9171202986173757, 0.08287970138262439], [0.5, 0.5], [0.6679465023870238, 0.3320534976129762], [0.19649375312778852, 0.8035062468722113], [0.2536052235686714, 0.7463947764313283], [0.7458616697235271, 0.2541383302764732], [0.5996120419157811, 0.40038795808421884], [0.4535259326693124, 0.5464740673306877], [0.963989367850909, 0.036010632149090976], [0.8232572387895102, 0.1767427612104896], [0.7643454055631886, 0.23565459443681105], [0.3720282050059653, 0.6279717949940348], [0.8064077080470767, 0.19359229195292338], [0.8370414570253729, 0.16295854297462742], [0.8530483015890382, 0.14695169841096165], [0.4306377045470543, 0.5693622954529457], [0.3518394770411496, 0.6481605229588504], [0.8488921890906151, 0.15110781090938483], [0.8568815670344194, 0.14311843296558055], [0.7368973974993194, 0.26310260250068046], [0.6493438112004601, 0.35065618879953986], [0.11241580203308502, 0.8875841979669149], [0.7192234196741452, 0.2807765803258549], [0.8210742516506896, 0.17892574834931055], [0.3016340858639981, 0.698365914136002], [0.41505846686287173, 0.5849415331371283]]},