{"test": {"ids": ["689", "420", "573", "234", "253", "298", "327", "89", "196", "400", "506", "434", "368", "177", "644", "473", "496", "469", "389", "209", "128", "292", "206", "528", "242", "193", "548", "263", "330", "189", "165", "601", "630", "29", "194", "390", "79", "326", "629", "694", "518", "162", "395", "354", "365", "399", "364", "447", "59", "465", "164", "192", "13", "486", "101", "4", "458", "271", "34", "498", "636", "507", "352", "98", "122", "219", "661", "394", "146", "295", "593", "285", "393", "392", "293", "428", "187", "262", "328", "632", "287", "683", "317", "639", "435", "141", "535", "232", "35", "337", "191", "95", "643", "443", "24", "107", "93", "286", "183", "436", "61", "188", "154", "6", "474", "640", "401", "481", "74", "572", "669", "557", "223", "319", "493", "509", "658", "583", "215", "419", "304", "687", "123", "437", "668", "208", "663", "646", "536", "344", "567", "136", "595", "345", "499", "688", "283", "627", "284", "537", "309", "45", "115"], "labels": [1, 1, 0, 0, 1, 0, 0, 1, 0, 1, 0, 1, 0, 0, 1, 0, 1, 0, 1, 0, 1, 0, 0, 1, 0, 0, 1, 0, 0, 0, 1, 0, 1, 0, 0, 1, 0, 0, 1, 1, 1, 1, 1, 0, 0, 1, 0, 0, 0, 0, 1, 0, 1, 0, 1, 0, 0, 0, 0, 0, 1, 0, 0, 1, 1, 0, 1, 1, 1, 0, 0, 0, 1, 1, 0, 1, 0, 0, 0, 1, 0, 1, 0, 1, 1, 1, 1, 0, 0, 0, 0, 1, 1, 1, 0, 1, 1, 0, 0, 1, 0, 0, 1, 1, 0, 1, 1, 0, 0, 0, 1, 0, 0, 0, 1, 0, 1, 0, 0, 1, 0, 1, 1, 1, 1, 0, 1, 1, 1, 0, 0, 1, 0, 0, 0, 0, 0, 1, 0, 1, 0, 1, 1], "predicted_labels": [1, 1, 0, 1, 0, 0, 0, 1, 1, 0, 1, 1, 0, 1, 0, 0, 1, 0, 1, 0, 0, 0, 0, 0, 0, 0, 0, 0, 0, 1, 1, 0, 0, 1, 0, 1, 1, 1, 1, 1, 1, 1, 0, 0, 0, 1, 0, 0, 1, 0, 0, 0, 1, 1, 1, 0, 0, 0, 0, 0, 1, 1, 0, 0, 1, 1, 0, 0, 0, 0, 0, 0, 1, 1, 0, 1, 0, 0, 0, 0, 0, 1, 0, 0, 1, 1, 1, 0, 0, 1, 0, 0, 1, 0, 0, 0, 1, 0, 1, 0, 0, 1, 1, 0, 0, 0, 0, 1, 0, 0, 0, 0, 0, 0, 1, 0, 0, 0, 1, 0, 1, 0, 1, 0, 0, 1, 0, 1, 1, 0, 1, 1, 0, 1, 0, 0, 0, 1, 1, 0, 0, 0, 0], "confidence_scores": [[0.28198104741096075, 0.7180189525890392], [0.34768432415816763, 0.6523156758418324], [0.9889778697672563, 0.011022130232743696], [0.30973531520934494, 0.6902646847906551], [0.6100665701474979, 0.3899334298525021], [0.5692972947863845, 0.43070270521361553], [0.5834801489420662, 0.41651985105793377], [0.2023535543352022, 0.7976464456647978], [0.22968866751917194, 0.7703113324808281], [0.8188685041367145, 0.18113149586328542], [0.07160940255932835, 0.9283905974406716], [0.07429148902152771, 0.9257085109784723], [0.9240126248835601, 0.07598737511643992], [0.2868963316120001, 0.7131036683879999], [0.6666471643738968, 0.3333528356261032], [0.6308533820873083, 0.36914661791269165], [0.07846584863408268, 0.9215341513659173], [0.6550590188853739, 0.3449409811146261], [0.2996550590748994, 0.7003449409251006], [0.8410851218187361, 0.15891487818126396], [0.8555217477039484, 0.1444782522960516], [0.7065514150174034, 0.2934485849825966], [0.9853742153719225, 0.014625784628077539], [0.9757265852784746, 0.024273414721525447], [0.8696340369754081, 0.13036596302459189], [0.9747487607524211, 0.025251239247578855], [0.7534504460400777, 0.2465495539599223], [0.9118115685884303, 0.08818843141156972], [0.5996141990147303, 0.4003858009852696], [0.22527412478593845, 0.7747258752140616], [0.13893190462647376, 0.8610680953735262], [0.873580712105823, 0.12641928789417703], [0.50537823554079, 0.49462176445921], [0.05910493465775579, 0.9408950653422442], [0.921718573347011, 0.078281426652989], [0.1913575417140706, 0.8086424582859294], [0.04417873740465117, 0.9558212625953488], [0.345059478815683, 0.654940521184317], [0.25514489507803517, 0.7448551049219648], [0.2289842163519059, 0.7710157836480941], [0.41007284325752835, 0.5899271567424716], [0.03317047015542718, 0.9668295298445728], [0.7774388855770904, 0.22256111442290957], [0.8741209809231755, 0.12587901907682456], [0.7222549703533481, 0.277745029646652], [0.09845389842156238, 0.9015461015784376], [0.8473172449157552, 0.1526827550842448], [0.8748689553270781, 0.12513104467292194], [0.04899528391311181, 0.9510047160868882], [0.6118057543185833, 0.38819424568141664], [0.744246081546126, 0.25575391845387396], [0.7063466690664559, 0.29365333093354407], [0.2697176822947085, 0.7302823177052915], [0.26817884673650516, 0.7318211532634948], [0.39202492134261036, 0.6079750786573896], [0.9259234335283602, 0.07407656647163982], [0.7045028276457537, 0.2954971723542463], [0.9011156220954007, 0.09888437790459925], [0.5488504435402739, 0.4511495564597261], [0.9474149129627084, 0.05258508703729157], [0.11770648180152876, 0.8822935181984712], [0.18995591037998016, 0.8100440896200198], [0.924416858608638, 0.07558314139136199], [0.9085193480238749, 0.09148065197612512], [0.018719392597851048, 0.981280607402149], [0.45680963681400155, 0.5431903631859984], [0.8641645753506941, 0.13583542464930587], [0.5431255953418483, 0.45687440465815166], [0.5008885494532619, 0.4991114505467381], [0.6836151401851944, 0.3163848598148055], [0.7967522792151047, 0.20324772078489525], [0.8625008789310982, 0.13749912106890178], [0.38612708545905605, 0.613872914540944], [0.34249005503801466, 0.6575099449619853], [0.923425595170983, 0.07657440482901702], [0.25354602887636946, 0.7464539711236305], [0.9625616680783062, 0.037438331921693796], [0.9723062925692146, 0.027693707430785405], [0.8698452481681435, 0.13015475183185654], [0.8786569676909585, 0.12134303230904157], [0.7300373944864412, 0.2699626055135588], [0.18356268960184619, 0.8164373103981538], [0.6352012110250227, 0.3647987889749773], [0.7404690735961235, 0.2595309264038765], [0.48441619863701024, 0.5155838013629898], [0.4325514924485717, 0.5674485075514283], [0.23220459843488805, 0.767795401565112], [0.899088638057399, 0.10091136194260096], [0.5810018587321684, 0.4189981412678316], [0.12376249274401807, 0.8762375072559819], [0.8890021328489588, 0.11099786715104126], [0.952369910769641, 0.04763008923035907], [0.31067144311138184, 0.6893285568886182], [0.6832603511427798, 0.31673964885722017], [0.7140888332581377, 0.28591116674186234], [0.7941231060111373, 0.20587689398886266], [0.09820034539219791, 0.9017996546078021], [0.5788787246482755, 0.4211212753517245], [0.22743557200159392, 0.7725644279984061], [0.5521470166136377, 0.4478529833863622], [0.6986337702914507, 0.30136622970854937], [0.4334141145046889, 0.5665858854953111], [0.4699673591342278, 0.5300326408657722], [0.7730174050663168, 0.22698259493368317], [0.6681823144770855, 0.33181768552291446], [0.7651553740899265, 0.2348446259100735], [0.6754399013810055, 0.32456009861899443], [0.30280003031637714, 0.6971999696836229], [0.7718960229651589, 0.22810397703484112], [0.9003957319985548, 0.09960426800144515], [0.7084720684927928, 0.29152793150720724], [0.9524876796658625, 0.04751232033413752], [0.8784427309541865, 0.1215572690458135], [0.7144383274717588, 0.28556167252824116], [0.018257936674333286, 0.9817420633256667], [0.6776986816506821, 0.32230131834931786], [0.696182839490711, 0.3038171605092889], [0.7408798046308458, 0.25912019536915426], [0.3458215154476987, 0.6541784845523013], [0.7117941316038146, 0.2882058683961855], [0.18322352980929546, 0.8167764701907045], [0.9487685300614901, 0.051231469938509876], [0.3563610836198232, 0.6436389163801768], [0.5339489491078742, 0.4660510508921259], [0.6600799590341635, 0.33992004096583656], [0.34312185147289087, 0.6568781485271091], [0.7664233706172473, 0.2335766293827527], [0.21224177981813386, 0.7877582201818661], [0.39244090949731847, 0.6075590905026815], [0.7567437163679942, 0.24325628363200583], [0.29265834669857316, 0.7073416533014268], [0.34106817569873915, 0.6589318243012608], [0.7100455639031036, 0.2899544360968965], [0.4518757279122614, 0.5481242720877386], [0.8233946114221198, 0.17660538857788027], [0.7506415927936452, 0.24935840720635477], [0.9419288072321718, 0.05807119276782825], [0.21205533560554568, 0.7879446643944543], [0.3628078877002261, 0.6371921122997739], [0.8404830653446611, 0.15951693465533895], [0.8893338718915995, 0.1106661281084005], [0.8907034203853714, 0.10929657961462858], [0.6416952908996816, 