{"test": {"ids": ["6", "142", "59", "45", "704", "252", "5", "192", "283", "129", "81", "513", "69", "162", "492", "75", "151", "640", "700", "290", "348", "666", "32", "583", "57", "154", "83", "446", "436", "649", "425", "631", "432", "217", "76", "381", "639", "502", "102", "416", "441", "62", "524", "91", "336", "563", "200", "365", "710", "629", "180", "319", "616", "175", "78", "362", "40", "453", "364", "657", "630", "537", "429", "71", "22", "397", "584", "421", "481", "372", "405", "406", "382", "538", "55", "469", "674", "376", "571", "635", "98", "461", "212", "159", "648", "540", "119", "588", "201", "210", "15", "520", "216", "369", "242", "205", "296", "126", "604", "468", "602", "118", "9", "418", "488", "163", "260", "688", "554", "271", "38", "454"], "labels": [1, 1, 0, 0, 1, 1, 1, 0, 0, 1, 1, 0, 0, 1, 0, 0, 1, 1, 1, 0, 1, 1, 0, 0, 0, 1, 1, 0, 1, 1, 1, 0, 1, 0, 0, 1, 1, 0, 1, 1, 1, 0, 1, 1, 1, 0, 0, 1, 1, 1, 0, 0, 0, 0, 0, 1, 1, 0, 1, 1, 1, 0, 1, 0, 0, 1, 0, 1, 0, 1, 1, 1, 1, 0, 0, 0, 1, 1, 0, 0, 1, 0, 0, 1, 1, 0, 1, 0, 0, 0, 1, 1, 0, 1, 0, 0, 0, 1, 0, 0, 0, 1, 1, 1, 0, 1, 0, 0, 1, 0, 1, 0], "predicted_labels": [1, 1, 1, 1, 0, 0, 1, 1, 1, 1, 0, 1, 0, 1, 0, 1, 0, 0, 0, 1, 1, 0, 0, 0, 1, 1, 1, 1, 1, 0, 1, 0, 0, 0, 1, 0, 0, 1, 1, 1, 0, 1, 1, 1, 1, 0, 0, 1, 0, 0, 0, 0, 0, 0, 1, 1, 1, 0, 1, 0, 0, 0, 0, 1, 0, 1, 1, 1, 0, 1, 1, 1, 0, 1, 1, 0, 0, 1, 0, 0, 0, 0, 0, 1, 1, 1, 1, 0, 0, 0, 1, 1, 0, 1, 0, 0, 0, 1, 0, 0, 0, 1, 0, 1, 0, 1, 0, 0, 0, 1, 1, 0], "confidence_scores": [[0.26516286137904344, 0.7348371386209566], [0.08804141563606549, 0.9119585843639345], [0.1431106209789168, 0.8568893790210832], [0.30169089623215306, 0.6983091037678469], [0.5191317860099338, 0.48086821399006613], [0.8034751922744515, 0.19652480772554848], [0.46111681859738485, 0.5388831814026152], [0.42745507337126687, 0.5725449266287331], [0.1426102084674732, 0.8573897915325268], [0.07337910339152398, 0.926620896608476], [0.6538869299171937, 0.34611307008280634], [0.37463163730323557, 0.6253683626967644], [0.5286956710676808, 0.4713043289323192], [0.40513433378854724, 0.5948656662114528], [0.6688171513845069, 0.331182848615493], [0.34426845935816774, 0.6557315406418323], [0.5455809732095733, 0.4544190267904267], [0.5116816285919707, 0.48831837140802925], [0.5910752950705757, 0.40892470492942434], [0.476020071371438, 0.523979928628562], [0.21801784477504915, 0.7819821552249508], [0.668304117056973, 0.331695882943027], [0.7485491632690573, 0.2514508367309427], [0.9141288122623826, 0.08587118773761733], [0.15042554202054104, 0.849574457979459], [0.09855939953154225, 0.9014406004684578], [0.4010737312837015, 0.5989262687162985], [0.3343199807679015, 0.6656800192320985], [0.17772615560876326, 0.8222738443912367], [0.892395933959561, 0.10760406604043903], [0.29405330138268126, 0.7059466986173187], [0.886561710856451, 0.11343828914354903], [0.5574451363962998, 0.4425548636037003], [0.6649561049639646, 0.3350438950360354], [0.22647790136747026, 0.7735220986325297], [0.6393179035026826, 0.36068209649731736], [0.7071319523833304, 0.2928680476166697], [0.4666824655381371, 0.5333175344618629], [0.14926489721877756, 0.8507351027812224], [0.02291119937882058, 0.9770888006211794], [0.9410656630646685, 0.05893433693533146], [0.2423699122847227, 0.7576300877152773], [0.2468771174601656, 0.7531228825398344], [0.3895851952183921, 0.6104148047816079], [0.21018138296033806, 0.7898186170396619], [0.9384711375867725, 0.061528862413227525], [0.9516104862290549, 0.048389513770945095], [0.10607566128133328, 0.8939243387186667], [0.8103426396611751, 0.18965736033882483], [0.8414755139429214, 0.15852448605707858], [0.8419897628498285, 0.15801023715017146], [0.8909895940469903, 0.10901040595300969], [0.8226725370394556, 0.1773274629605443], [0.7184378094325106, 0.28156219056748943], [0.4390961948715514, 0.5609038051284486], [0.07080543544977702, 0.929194564550223], [0.22482040031885797, 0.775179599681142], [0.9668271475556582, 0.03317285244434177], [0.11587930012414815, 0.8841206998758518], [0.6029891496565019, 0.3970108503434981], [0.6590797157198418, 0.34092028428015825], [0.8137985391663114, 0.18620146083368858], [0.8282348176034868, 0.17176518239651312], [0.07986132969322146, 0.9201386703067785], [0.7739087057166846, 0.2260912942833154], [0.23294580890630123, 0.7670541910936988], [0.4766906499210949, 0.5233093500789051], [0.016973068178703032, 0.983026931821297], [0.619959679816878, 0.38004032018312195], [0.02235438976253956, 0.9776456102374604], [0.3227212971926742, 0.6772787028073258], [0.3531513430063995, 0.6468486569936005], [0.6392512244027031, 0.36074877559729684], [0.12941885600434366, 0.8705811439956563], [0.2617584943469137, 0.7382415056530863], [0.6254906608769143, 0.3745093391230857], [0.8767729805961324, 0.12322701940386764], [0.1000321202153801, 0.8999678797846199], [0.5019996239929991, 0.4980003760070008], [0.7222716750711276, 0.27772832492887245], [0.7630488104689467, 0.2369511895310533], [0.8568688443075807, 0.14313115569241935], [0.9187350489522439, 0.08126495104775615], [0.4476215197594392, 0.5523784802405608], [0.18036457916042214, 0.8196354208395779], [0.35878528680698074, 0.6412147131930193], [0.21615024274269234, 0.7838497572573077], [0.9682684326720324, 0.031731567327967516], [0.6292333210137548, 0.3707666789862451], [0.9250184926802171, 0.07498150731978294], [0.4802972251834682, 0.5197027748165318], [0.3477813640775227, 0.6522186359224773], [0.5913757366581973, 0.40862426334180274], [0.1891575728054592, 0.8108424271945408], [0.9753692710826956, 0.02463072891730439], [0.9050273447024474, 0.09497265529755262], [0.8400918958087819, 0.15990810419121815], [0.28458127838932, 0.71541872161068], [0.9181315442601754, 0.0818684557398246], [0.9405696542501023, 0.05943034574989766], [0.9081855491459291, 0.09181445085407094], [0.2846464568463807, 0.7153535431536193], [0.5271971792349852, 0.47280282076501484], [0.41568513443619015, 0.5843148655638098], [0.9563346332060796, 0.043665366793920385], [0.18124748013254122, 0.8187525198674588], [0.822554722924295, 0.17744527707570504], [0.8461054953841375, 0.15389450461586254], [0.9815741083605658, 0.018425891639434186], [0.22913312548608378, 0.7708668745139162], [0.4871319379671727, 0.5128680620328273], [0.7441737047776162, 0.2558262952223838]]}, "rewritten": {"ids": ["5", "6", "9", "15", "22", "32", "38", "40", "45", "55", "57", "59", "62", "69", "71", "75", "76", "78", "81", "83", "91", "98", "102", "118", "119", "126", "129", "142", "151", "154", "159", "162", "163", "175", "180", "192", "200", "201", "205", "210", "212", "216", "217", "242", "252", "260", "271", "283", "290", "296", "319", "336", "348", "362", "364", "365", "369", "372", "376", "381", "382", "397", "405", "406", "416", "418", "421", "425", "429", "432", "436", "441", "446", "453", "454", "461", "468", "469", "481", "488", "492", "502", "513", "520", "524", "537", "538", "540", "554", "563", "571", "583", "584", "588", "602", "604", "616", "629", "630", "631", "635", "639", "640", "648", "649", "657", "666", "674", "688", "700", "704", "710"], "labels": [1, 1, 1, 1, 0, 0, 1, 1, 0, 0, 0, 0, 0, 0, 0, 0, 0, 0, 1, 1, 1, 1, 1, 1, 1, 1, 1, 1, 1, 1, 1, 1, 1, 0, 0, 0, 0, 0, 0, 0, 0, 0, 0, 0, 1, 0, 0, 0, 0, 0, 0, 1, 1, 1, 1, 1, 1, 1, 1, 1, 1, 1, 1, 1, 1, 1, 1, 1, 1, 1, 1, 1, 0, 0, 0, 0, 0, 0, 0, 0, 0, 0, 0, 1, 1, 0, 0, 0, 1, 0, 0, 0, 0, 0, 0, 0, 0, 1, 1, 0, 0, 1, 1, 1, 1, 1, 1, 1, 0, 1, 1, 1], "predicted_labels": [0, 1, 0, 0, 0, 0, 1, 1, 0, 1, 0, 1, 1, 0, 1, 1, 0, 0, 1, 0, 0, 0, 0, 1, 1, 1, 1, 1, 0, 1, 1, 0, 1, 0, 0, 0, 0, 1, 0, 0, 0, 0, 0, 0, 0, 1, 0, 0, 0, 0, 0, 1, 1, 1, 1, 1, 1, 1, 1, 0, 0, 0, 0, 0, 1, 0, 1, 1, 0, 0, 0, 0, 0, 0, 0, 0, 0, 0, 0, 0, 0, 1, 0, 0, 0, 0, 1, 0, 0, 0, 0, 1, 0, 0, 0, 0, 0, 0, 0, 0, 0, 0, 0, 1, 0, 0, 0, 0, 0, 1, 0, 0],