{"test": {"ids": ["118", "366", "129", "550", "429", "365", "232", "269", "410", "537", "324", "275", "445", "362", "438", "100", "282", "192", "104", "401", "59", "459", "38", "119", "530", "545", "266", "265", "218", "73", "622", "25", "156", "140", "334", "408", "216", "690", "641", "616", "585", "627", "456", "384", "190", "604", "318", "201", "516", "40", "16", "682", "636", "80", "327", "204", "182", "532", "538", "402", "503", "198", "167", "132", "382", "644", "477", "67", "131", "458", "520", "144", "364", "605", "83", "440", "489", "74", "344", "315", "638", "572", "502", "52", "670", "186", "173", "416", "234", "633", "554", "158", "601", "518", "575", "122", "9", "157", "666", "367", "88", "577", "256", "178", "138", "10", "702", "338", "709", "231", "623", "521", "504", "241"], "labels": [1, 1, 1, 0, 1, 1, 0, 0, 1, 0, 1, 0, 0, 1, 1, 1, 0, 0, 1, 1, 0, 0, 1, 1, 0, 0, 0, 0, 0, 0, 1, 0, 1, 1, 1, 1, 0, 1, 1, 0, 0, 1, 0, 1, 0, 0, 0, 0, 1, 1, 1, 1, 0, 0, 1, 0, 0, 0, 0, 1, 0, 0, 1, 1, 1, 1, 0, 0, 1, 0, 1, 1, 1, 0, 1, 1, 0, 0, 1, 0, 1, 0, 0, 0, 1, 0, 1, 1, 0, 0, 1, 1, 0, 1, 0, 1, 1, 1, 1, 1, 1, 0, 0, 0, 1, 1, 1, 1, 1, 0, 1, 1, 0, 0], "predicted_labels": [0, 0, 1, 0, 0, 1, 0, 0, 0, 0, 1, 0, 0, 1, 1, 1, 0, 0, 0, 1, 0, 0, 0, 0, 1, 0, 1, 1, 0, 1, 0, 0, 1, 1, 0, 1, 0, 1, 1, 0, 0, 1, 1, 0, 0, 0, 0, 0, 1, 1, 1, 1, 0, 0, 0, 1, 0, 0, 1, 0, 1, 1, 1, 1, 1, 0, 1, 1, 0, 0, 0, 0, 0, 0, 1, 1, 1, 1, 0, 1, 0, 0, 1, 1, 1, 0, 0, 1, 0, 0, 0, 1, 1, 0, 0, 1, 0, 0, 0, 1, 1, 0, 1, 0, 0, 1, 1, 1, 0, 0, 1, 0, 0, 0], "confidence_scores": [[0.6617789187451799, 0.3382210812548201], [0.6319699351118724, 0.3680300648881277], [0.49031849842377895, 0.509681501576221], [0.8422270243773109, 0.15777297562268913], [0.8559747098204433, 0.14402529017955662], [0.1326964247947523, 0.8673035752052477], [0.7445677153564183, 0.2554322846435817], [0.7221649914982464, 0.27783500850175363], [0.5420186823717911, 0.45798131762820893], [0.5506330408054938, 0.44936695919450625], [0.15352163789274909, 0.8464783621072509], [0.6126345666845464, 0.3873654333154536], [0.7945538800283822, 0.20544611997161782], [0.1489631422024449, 0.8510368577975551], [0.23910912463696088, 0.7608908753630391], [0.13798064406668897, 0.862019355933311], [0.8715634676135635, 0.12843653238643649], [0.7526596763105196, 0.24734032368948047], [0.5778650775586152, 0.42213492244138484], [0.25720504919737663, 0.7427949508026234], [0.8065582401013387, 0.1934417598986613], [0.5902358260197639, 0.4097641739802361], [0.7394881891777023, 0.26051181082229774], [0.5559756026996578, 0.4440243973003421], [0.33845965804642497, 0.661540341953575], [0.5294348529020554, 0.4705651470979446], [0.4900379867152824, 0.5099620132847176], [0.33529990289524136, 0.6647000971047586], [0.8421242036957203, 0.1578757963042797], [0.37039768954163266, 0.6296023104583673], [0.530390687862329, 0.46960931213767093], [0.8658473557896542, 0.13415264421034584], [0.18703861829734403, 0.812961381702656], [0.3111490787484873, 0.6888509212515127], [0.548378629261077, 0.451621370738923], [0.3427605702450024, 0.6572394297549976], [0.7293160574434419, 0.2706839425565581], [0.405792796491354, 0.594207203508646], [0.19913339881180903, 0.800866601188191], [0.7377201500430798, 0.2622798499569202], [0.8976763661441787, 0.10232363385582138], [0.1978271892532225, 0.8021728107467775], [0.45502850258078986, 0.5449714974192101], [0.6062045490375536, 0.39379545096244634], [0.6324716338074596, 0.3675283661925404], [0.7280369943073989, 0.2719630056926011], [0.8961427202915921, 0.10385727970840788], [0.8371782874337192, 0.16282171256628072], [0.46996069613044156, 0.5300393038695584], [0.2722980682019227, 0.7277019317980773], [0.08621453348880359, 0.9137854665111964], [0.23639549172834806, 0.7636045082716519], [0.624297052276015, 0.375702947723985], [0.5792595726179288, 0.4207404273820712], [0.7419979797824621, 0.2580020202175379], [0.3525220678289721, 0.6474779321710279], [0.7281672069133336, 0.27183279308666647], [0.5704934393127197, 0.4295065606872803], [0.3515127155699198, 0.6484872844300802], [0.5220904831366654, 0.4779095168633346], [0.18331565263891803, 0.816684347361082], [0.23428613653167973, 0.7657138634683203], [0.38354099616997317, 0.6164590038300268], [0.16967424629982863, 0.8303257537001714], [0.4122902152124899, 0.5877097847875101], [0.5792734603585523, 0.42072653964144774], [0.4789244714566221, 0.5210755285433779], [0.11604588699792251, 0.8839541130020775], [0.6314315426598949, 0.3685684573401051], [0.5209261888572292, 0.47907381114277076], [0.6705629648011733, 0.3294370351988268], [0.5520311062914168, 0.44796889370858317], [0.5032048570941503, 0.4967951429058497], [0.599777795818567, 0.4002222041814329], [0.15606094772271029, 0.8439390522772897], [0.2188127690650965, 0.7811872309349035], [0.04243342480538148, 0.9575665751946185], [0.21292309418787092, 0.7870769058121291], [0.5503279497300355, 0.4496720502699645], [0.4655937760959292, 0.5344062239040708], [0.8132770638249497, 0.18672293617505029], [0.6778003292592747, 0.32219967074072536], [0.37323725599665414, 0.6267627440033459], [0.3123157443172012, 0.6876842556827988], [0.3139948179650235, 0.6860051820349765], [0.897023846035949, 0.10297615396405102], [0.7925753708302822, 0.20742462916971782], [0.39884360527266416, 0.6011563947273358], [0.8915973662780484, 0.10840263372195154], [0.7950308645357139, 0.20496913546428608], [0.8923716969139319, 0.10762830308606805], [0.10669201681213325, 0.8933079831878667], [0.2742736629771053, 0.7257263370228947], [0.7550241564087464, 0.24497584359125357], [0.9065143060836404, 0.09348569391635968], [0.3986402306698442, 0.6013597693301558], [0.8944618819132923, 0.10553811808670766], [0.6956745601839467, 0.3043254398160533], [0.7030914264746242, 0.2969085735253758], [0.2421017258543806, 0.7578982741456194], [0.3538146220493842, 0.6461853779506158], [0.7097342151816391, 0.29026578481836085], [0.38047664076057863, 0.6195233592394214], [0.9140004236207103, 0.08599957637928972], [0.5917998840961558, 0.4082001159038442], [0.12072074601994565, 0.8792792539800544], [0.4968219366823353, 0.5031780633176647], [0.20403195919526707, 0.7959680408047329], [0.5303004311222961, 0.4696995688777039], [0.8084032398359926, 0.19159676016400742], [0.1432326480271746, 0.8567673519728254], [0.5010625296127941, 0.49893747038720593], [0.8542051039757161, 0.1457948960242838], [0.5012169799681101, 0.49878302003188985]]}, "rewritten": {"ids": ["9", "10", "16", "25", "38", "40", "52", "59", "67", "73", "74", "80", "83", "88", "100", "104", "118", "119", "122", "129", "131", "132", "138", "140", "144", "156", "157", "158", "167", "173", "178", "182", "186", "190", "192", "198", "201", "204", "216", "218", "231", "232", "234", "241", "256", "265", "266", "269", "275", "282", "315", "318", "324", "327", "334", "338", "344", "362", "364", "365", "366", "367", "382", "384", "401", "402", "408", "410", "416", "429", "438", "440", "445", "456", "458", "459", "477", "489", "502", "503", "504", "516", "518", "520", "521", "530", "532", "537", "538", "545", "550", "554", "572", "575", "577", "585", "601", "604", "605", "616", "622", "623", "627", "633", "636", "638", "641", "644", "666", "670", "682", "690", "702", "709"], "labels": [1, 1, 1, 0, 1, 1, 0, 0, 0, 0, 0, 0, 1, 1, 1, 1, 1, 1, 1, 1, 1, 1, 1, 1, 1, 1, 1, 1, 1, 1, 0, 0, 0, 0, 0, 0, 0, 0, 0, 0, 0, 0, 0, 0, 0, 0, 0, 0, 0, 0, 0, 0, 1, 1, 1, 1, 1, 1, 1, 1, 1, 1, 1, 1, 1, 1, 1, 1, 1, 1, 1, 1, 0, 0, 0, 0, 0, 0, 0, 0, 0, 1, 1, 1, 1, 0, 0, 0, 0, 0, 0, 1, 0, 0, 0, 0, 0, 0, 0, 0, 1, 1, 1, 0, 0, 1, 1, 1, 1, 1, 1, 1, 1, 1], "predicted_labels": [0, 0, 1, 0, 0, 0, 1, 0, 1, 0, 1, 1, 1, 0, 0, 0, 0, 0, 1, 0, 1, 1, 0, 1, 0, 1, 1, 1, 0, 0, 0, 0, 0, 0, 0, 0, 1, 1, 0, 0, 0, 0, 0, 0, 1, 0, 0, 1, 0, 0, 0, 0, 1, 1, 0, 1, 0, 0, 0, 1, 0, 1, 0, 1, 0, 0, 0, 0, 0, 0, 0, 1, 0, 0, 0, 0, 0, 1, 1, 0, 0, 0, 0, 0, 0, 0, 0, 0, 0, 0, 0, 0, 1, 0, 0, 0, 0, 0, 0, 0, 0, 1, 1, 0, 0, 0, 0, 0, 0, 0, 1, 1, 1, 0],