{"test": {"ids": ["147", "407", "291", "456", "152", "206", "268", "499", "621", "685", "428", "348", "24", "437", "244", "354", "464", "350", "427", "668", "578", "313", "321", "36", "652", "32", "359", "507", "566", "124", "250", "345", "382", "692", "337", "390", "115", "222", "534", "170", "343", "171", "201", "160", "319", "149", "175", "292", "241", "358", "446", "327", "213", "169", "107", "158", "592", "333", "493", "528", "378", "672", "676", "476", "61", "605", "561", "212", "48", "657", "329", "365", "513", "31", "104", "579", "419", "380", "435", "336", "470", "294", "360", "84", "612", "299", "117", "34", "226", "438", "111", "177", "483", "570", "331", "162", "305", "164", "245", "135", "297", "494", "281", "582", "298", "658", "490", "141", "458", "54", "706", "661", "616", "151", "640", "505", "229", "342", "46", "83", "544", "400", "238", "508", "634", "623", "626", "432", "52", "420", "30", "112", "519", "132", "203", "536", "691", "677", "344", "524", "287", "219", "545"], "labels": [1, 1, 0, 0, 1, 0, 0, 0, 1, 0, 1, 1, 0, 1, 0, 1, 0, 1, 1, 1, 0, 0, 0, 1, 1, 0, 1, 0, 0, 1, 1, 1, 1, 1, 1, 1, 1, 0, 0, 1, 1, 1, 0, 1, 0, 1, 0, 0, 0, 1, 0, 1, 0, 1, 1, 1, 0, 1, 1, 0, 1, 1, 1, 0, 0, 0, 0, 0, 0, 1, 1, 1, 0, 0, 1, 0, 1, 1, 1, 1, 0, 0, 1, 1, 0, 0, 1, 0, 0, 1, 1, 0, 0, 0, 1, 1, 0, 1, 0, 1, 0, 1, 0, 0, 0, 1, 0, 1, 0, 0, 1, 1, 0, 1, 1, 0, 0, 1, 0, 1, 0, 1, 0, 0, 0, 1, 1, 1, 0, 1, 0, 1, 1, 1, 0, 0, 1, 1, 1, 1, 0, 0, 0], "predicted_labels": [1, 1, 0, 0, 1, 0, 1, 0, 1, 1, 1, 0, 1, 0, 0, 1, 0, 1, 1, 1, 0, 0, 0, 1, 1, 1, 1, 0, 0, 1, 1, 0, 0, 1, 1, 1, 0, 0, 0, 1, 1, 1, 0, 1, 0, 1, 0, 1, 0, 1, 0, 0, 0, 1, 0, 1, 0, 1, 1, 1, 1, 1, 1, 0, 0, 0, 0, 1, 0, 0, 1, 1, 1, 0, 0, 1, 0, 0, 1, 1, 1, 0, 1, 1, 0, 0, 1, 0, 0, 1, 0, 0, 1, 0, 1, 1, 0, 1, 0, 1, 0, 1, 0, 0, 0, 1, 1, 1, 1, 1, 1, 0, 1, 1, 0, 1, 0, 0, 0, 0, 1, 0, 0, 1, 1, 0, 1, 1, 0, 1, 0, 0, 1, 1, 0, 0, 1, 0, 1, 1, 0, 0, 1], "confidence_scores": [[0.014287562827901223, 0.9857124371720988], [2.517773430854575e-07, 0.9999997482226569], [0.998924961121892, 0.0010750388781080463], [0.9463314593862153, 0.05366854061378462], [1.1023974115786928e-06, 0.9999988976025884], [0.9999999999947441, 5.2558518482529714e-12], [0.05217076497207296, 0.947829235027927], [0.9999999702607583, 2.9739241787874502e-08], [0.013998923415975972, 0.986001076584024], [0.01753742240342615, 0.9824625775965738], [0.025169541943792395, 0.9748304580562076], [0.5422973655599976, 0.4577026344400023], [0.365086007337047, 0.634913992662953], [0.9998514211339241, 0.0001485788660758429], [0.9999999925019682, 7.498031714751405e-09], [4.778207480793384e-07, 0.9999995221792519], [0.9999995123422839, 4.876577161300092e-07], [2.6728634638928384e-08, 0.9999999732713654], [0.0007035917349474952, 0.9992964082650525], [0.00011889203542470028, 0.9998811079645753], [0.999999992562342, 7.437658020918848e-09], [0.9908090987803312, 0.009190901219668814], [0.9990016246718916, 0.0009983753281084364], [5.0659158139731986e-05, 0.9999493408418603], [3.2801984017893915e-08, 0.999999967198016], [3.038287553158714e-05, 0.9999696171244684], [0.00058582241148597, 0.999414177588514], [0.9999998085479139, 1.914520860261144e-07], [0.983266616882886, 0.016733383117114028], [0.03848587574336115, 0.9615141242566388], [0.024795042473430118, 0.9752049575265699], [0.5324024205622996, 0.4675975794377004], [0.9915338182323796, 0.008466181767620403], [0.013307930055573847, 0.9866920699444262], [4.2063470554465354e-05, 0.9999579365294455], [2.875638115407142e-07, 0.9999997124361885], [0.9998288063832534, 0.0001711936167465232], [0.9999811255746779, 1.8874425322058798e-05], [0.9999414858142495, 5.851418575048793e-05], [2.3838063412107147e-08, 0.9999999761619366], [1.2538113014493035e-07, 0.9999998746188699], [1.6322326379381025e-07, 0.9999998367767362], [0.9954278052123876, 0.004572194787612438], [3.848044205501111e-08, 0.999999961519558], [0.9999999954898647, 4.510135295135608e-09], [3.100877332684604e-10, 0.9999999996899123], [0.9999771575213428, 2.2842478657301277e-05], [0.024185744717497792, 0.9758142552825022], [0.9999999706983369, 2.930166310448543e-08], [0.0011164408518028468, 0.9988835591481972], [0.9999117063612208, 8.829363877912018e-05], [0.7173357199670108, 0.28266428003298916], [0.9999926500869984, 7.349913001570198e-06], [1.2146064499507503e-05, 0.9999878539355005], [0.9978964232610207, 0.0021035767389792994], [8.035541685047498e-06, 0.999991964458315], [0.9999998507192175, 1.4928078255692724e-07], [0.0025225396872331496, 0.9974774603127669], [1.7593326795406483e-10, 0.9999999998240667], [0.001359602059578524, 0.9986403979404215], [6.91733621747126e-05, 0.9999308266378253], [0.00591837836939324, 0.9940816216306068], [2.6229063143645703e-08, 0.9999999737709369], [0.9998981010084322, 0.00010189899156778451], [0.9788856147254404, 0.021114385274559534], [0.61099370231857, 0.38900629768143], [0.9999999991403741, 8.596259190915659e-10], [8.305016829801559e-08, 0.9999999169498317], [0.9553539300791016, 0.044646069920898354], [0.9325736854781043, 0.06742631452189571], [6.785014692534119e-06, 0.9999932149853075], [0.4972224083820185, 0.5027775916179815], [0.002881454050301935, 0.9971185459496981], [0.8193560268669661, 0.18064397313303393], [0.9999999932070274, 6.79297260928286e-09], [0.07231522792603584, 0.9276847720739642], [0.9996321683950027, 0.00036783160499729634], [0.9996879577905414, 0.000312042209458579], [1.2186408528958026e-06, 0.9999987813591471], [1.3374019669498693e-09, 0.999999998662598], [0.04290238551918202, 0.957097614480818], [0.9999889340507825, 1.1065949217536327e-05], [4.877113379819775e-09, 0.9999999951228866], [0.00022888974693102693, 0.999771110253069], [0.9999999996599301, 3.400698091050651e-10], [0.99999905779957, 9.422004299662883e-07], [0.3559300476002837, 0.6440699523997163], [0.9999999446052927, 5.539470727085747e-08], [0.9883217691757177, 0.011678230824282331], [0.09017232246403928, 0.9098276775359607], [0.9685917330221672, 0.03140826697783288], [0.8170337057831459, 0.18296629421685406], [0.12686560351747367, 0.8731343964825263], [0.9999999999269491, 7.305091990769177e-11], [4.443066137227447e-09, 0.9999999955569339], [1.4623191546547787e-11, 0.9999999999853768], [0.9999874471396886, 1.2552860311407066e-05], [0.000332155401188583, 0.9996678445988114], [0.9999999999869185, 1.3081519908450663e-11], [8.120425835089762e-07, 0.9999991879574165], [0.999999999069273, 9.30727030436687e-10], [2.0711672947260062e-05, 0.9999792883270527], [0.999999960802536, 3.919746402361161e-08], [0.9999999997358915, 2.6410856691157603e-10], [0.9999997377995097, 2.622004903624768e-07], [3.0740828582676016e-07, 0.9999996925917142], [0.0005208489358436985, 0.9994791510641563], [2.1547562862878067e-06, 0.9999978452437137], [0.00026244274545117463, 0.9997375572545488], [0.015788774314913878, 0.9842112256850861], [7.641913768452469e-10, 0.9999999992358086], [0.9837557033367951, 0.01624429666320489], [0.42978443872221295, 0.570215561277787], [1.9452191781121897e-05, 0.9999805478082189], [0.9988074835567964, 0.001192516443203598], [0.20124854206037168, 0.7987514579396283], [0.9977532321157848, 0.002246767884215198], [0.9975930196290322, 0.0024069803709678], [0.63594268208362, 0.3640573179163799], [0.9985039766894195, 0.0014960233105805216], [0.40193899542402833, 0.5980610045759717], [0.7578144083489297, 0.24218559165107031], [0.9999999950322227, 4.9677773050136264e-09], [0.03287643300145182, 0.9671235669985482], [0.16770646195550953, 0.8322935380444905], [0.9226130747840138, 0.0773869252159862], [0.01859764299116151, 0.9814023570088385], [2.0689877225921194e-06, 0.9999979310122774], [0.9885110534068237, 0.011488946593176352], [0.03157478858637841, 0.9684252114136216], [0.9997870437272759, 0.0002129562727240686], [0.9952037020558977, 0.0047962979441022995], [0.0418061324616964, 0.9581938675383036], [0.0021402900732859775, 0.997859709926714], [0.9999961222815107, 3.877718489320757e-06], [0.9999992338332134, 7.661667865832623e-07], [4.820427873530875e-07, 0.9999995179572126], 