{"test": {"ids": ["169", "264", "130", "619", "258", "428", "104", "147", "625", "185", "604", "558", "415", "452", "197", "268", "449", "235", "182", "440", "701", "636", "446", "593", "499", "246", "421", "343", "489", "389", "477", "394", "115", "342", "293", "601", "441", "645", "335", "184", "27", "370", "111", "461", "289", "517", "381", "631", "75", "110", "682", "84", "189", "443", "468", "253", "613", "217", "273", "592", "211", "359", "703", "386", "271", "363", "536", "380", "523", "657", "456", "473", "138", "361", "689", "295", "588", "137", "644", "464", "88", "614", "455", "206", "103", "150", "490", "495", "174", "198", "166", "260", "53", "331", "117", "96", "475", "641", "152", "694", "372", "450", "168", "55", "559", "420", "113", "426", "551", "662", "18", "410", "617", "173", "58", "297", "290", "552", "445", "414", "660", "305", "648", "626", "298", "508", "653", "688", "61", "594", "605", "156", "243", "80", "702", "485", "13", "320", "120", "346", "9", "205", "460"], "labels": [1, 0, 1, 0, 0, 1, 1, 1, 1, 0, 0, 0, 1, 0, 0, 0, 0, 0, 0, 1, 1, 1, 0, 0, 0, 0, 1, 0, 0, 1, 0, 1, 1, 0, 0, 0, 1, 1, 0, 0, 0, 0, 1, 0, 0, 1, 0, 1, 0, 1, 1, 0, 0, 1, 0, 1, 0, 0, 0, 0, 0, 0, 1, 1, 0, 0, 1, 1, 1, 1, 0, 0, 1, 0, 1, 0, 0, 1, 1, 0, 1, 0, 0, 0, 1, 1, 0, 0, 0, 0, 1, 0, 1, 0, 1, 1, 0, 1, 1, 1, 0, 0, 1, 1, 0, 1, 1, 1, 1, 1, 0, 1, 0, 1, 1, 0, 0, 1, 0, 1, 1, 0, 1, 1, 0, 0, 1, 0, 0, 0, 0, 1, 0, 0, 1, 0, 1, 0, 1, 0, 1, 0, 0], "predicted_labels": [1, 1, 1, 0, 0, 1, 0, 1, 0, 0, 0, 0, 1, 0, 0, 0, 1, 0, 0, 0, 1, 1, 0, 0, 0, 0, 1, 0, 1, 1, 0, 1, 0, 0, 0, 0, 0, 1, 0, 0, 0, 0, 1, 0, 1, 1, 1, 0, 0, 0, 0, 0, 0, 1, 0, 1, 0, 0, 1, 0, 0, 0, 1, 0, 0, 0, 0, 0, 1, 0, 0, 0, 1, 0, 1, 1, 0, 1, 0, 0, 1, 0, 0, 0, 0, 1, 1, 1, 0, 1, 1, 0, 0, 0, 0, 1, 0, 1, 1, 0, 0, 0, 1, 0, 0, 1, 0, 1, 0, 1, 1, 1, 0, 0, 0, 0, 1, 0, 0, 0, 0, 0, 1, 1, 0, 0, 1, 1, 0, 0, 0, 1, 0, 0, 1, 0, 0, 0, 1, 0, 1, 0, 0], "confidence_scores": [[0.3237647707126038, 0.6762352292873964], [0.4864619290768162, 0.5135380709231837], [0.372190185021377, 0.6278098149786229], [0.667631900218281, 0.3323680997817188], [0.527704038175148, 0.472295961824852], [0.37024819623760086, 0.6297518037623991], [0.5577450894083555, 0.4422549105916445], [0.341540861185598, 0.658459138814402], [0.5192668008221568, 0.4807331991778433], [0.7068057675984146, 0.29319423240158526], [0.7491924891533588, 0.2508075108466414], [0.5934387386349459, 0.40656126136505394], [0.4131404077759187, 0.586859592224081], [0.6895042291300035, 0.3104957708699969], [0.6880748984996693, 0.31192510150033037], [0.5925164409664408, 0.40748355903355915], [0.4379923487017611, 0.5620076512982387], [0.694590403507741, 0.30540959649225896], [0.6441114579864577, 0.35588854201354203], [0.6418937280469789, 0.3581062719530211], [0.49719163175661624, 0.5028083682433838], [0.46601182501708815, 0.5339881749829116], [0.5818815685948043, 0.4181184314051959], [0.6581462735324224, 0.3418537264675772], [0.707473628074712, 0.29252637192528846], [0.6469169999591048, 0.3530830000408948], [0.3518150333326803, 0.64818496666732], [0.5714587826940267, 0.4285412173059735], [0.3527229834175485, 0.6472770165824515], [0.446835842666106, 0.553164157333894], [0.6258476517376672, 0.37415234826233273], [0.38706550894653985, 0.6129344910534603], [0.6373487693678869, 0.3626512306321129], [0.509447069901203, 0.4905529300987971], [0.5691959065702101, 0.43080409342979], [0.6644724896448585, 0.3355275103551419], [0.633904385469603, 0.36609561453039696], [0.4813926426514658, 0.5186073573485341], [0.5825073296298828, 0.41749267037011667], [0.7435557730281419, 0.25644422697185865], [0.5615883564766098, 0.43841164352339], [0.6919582472755998, 0.30804175272439954], [0.4696603992171512, 0.5303396007828488], [0.5381068531227978, 0.4618931468772022], [0.33695624483875264, 0.6630437551612477], [0.34553032913766657, 0.6544696708623335], [0.49811224777077523, 0.5018877522292248], [0.5865302870332283, 0.4134697129667718], [0.5062091788500458, 0.4937908211499542], [0.6015147545542849, 0.3984852454457144], [0.521416375781082, 0.47858362421891804], [0.5881480490773597, 0.4118519509226406], [0.7152637271160759, 0.28473627288392395], [0.36336296770824605, 0.6366370322917537], [0.735622777902688, 0.26437722209731146], [0.45714643150966666, 0.5428535684903335], [0.6531039609410202, 0.34689603905898037], [0.7739554626429866, 0.22604453735701371], [0.4278783482857015, 0.5721216517142983], [0.5275528945120479, 0.47244710548795205], [0.6162002419802419, 0.383799758019758], [0.5412347239361943, 0.4587652760638057], [0.4978599930121027, 0.5021400069878973], [0.5396569692072634, 0.4603430307927367], [0.7611333452924788, 0.23886665470752189], [0.6650574646268769, 0.3349425353731238], [0.5462979257670436, 0.45370207423295644], [0.5675020013646481, 0.4324979986353514], [0.3262380042729888, 0.673761995727011], [0.6099972218843961, 0.39000277811560424], [0.544837796911225, 0.45516220308877503], [0.5915769392063044, 0.4084230607936955], [0.353846173597644, 0.6461538264023559], [0.5855490960378966, 0.41445090396210355], [0.3903553875347217, 0.6096446124652776], [0.4766204486689779, 0.523379551331022], [0.5441965906642376, 0.45580340933576224], [0.46470548063048045, 0.5352945193695193], [0.5459692054677349, 0.45403079453226514], [0.6297313124010493, 0.3702686875989509], [0.4568437268613738, 0.5431562731386262], [0.580334727953206, 0.4196652720467937], [0.7546054194601407, 0.24539458053985916], [0.715398589482413, 0.2846014105175867], [0.5187530409562919, 0.4812469590437081], [0.4490443924496552, 0.5509556075503447], [0.48348877131640294, 0.516511228683597], [0.4371692965445291, 0.5628307034554711], [0.7245405008768322, 0.2754594991231679], [0.46772118304774457, 0.5322788169522552], [0.3690028953136572, 0.6309971046863427], [0.5072531430987313, 0.49274685690126874], [0.589575670047187, 0.410424329952813], [0.6346085904512173, 0.36539140954878246], [0.6635488820862658, 0.33645111791373405], [0.4708930314095947, 0.5291069685904054], [0.6408529403929403, 0.3591470596070597], [0.426403690916926, 0.5735963090830737], [0.36545861833385046, 0.6345413816661493], [0.6047253702180173, 0.3952746297819826], [0.5149463782089941, 0.4850536217910058], [0.6230461324919682, 0.37695386750803234], [0.49549017391852673, 0.5045098260814733], [0.534879657009657, 0.465120342990343], [0.6840655342902711, 0.3159344657097288], [0.42363095763729375, 0.5763690423627065], [0.5857019824946298, 0.41429801750537054], [0.3962991897839826, 0.6037008102160171], [0.6437550384800389, 0.3562449615199613], [0.49836846796993856, 0.5016315320300615], [0.45950274170274163, 0.5404972582972584], [0.4921656455859239, 0.507834354414076], [0.532600321900322, 0.46739967809967814], [0.6010785326871715, 0.39892146731282874], [0.5405098664298665, 0.45949013357013346], [0.6206979378540375, 0.3793020621459624], [0.3353280244265538, 0.6646719755734461], [0.7118158469405842, 0.28818415305941647], [0.6249741388241389, 0.37502586117586123], [0.560618261554407, 0.43938173844559286], [0.5197159138791495, 0.48028408612085066], [0.5815657955851149, 0.4184342044148849], [0.3456485804615058, 0.6543514195384931], [0.37119977141358185, 0.6288002285864178], [0.6114809194073902, 0.38851908059261003], [0.7216029157192094, 0.2783970842807902], [0.32601439709527935, 0.6739856029047206], [0.49881256170729893, 0.5011874382927011], [0.5220710916534445, 0.47792890834655527], [0.5082464851814854, 0.4917535148185146], [0.5493500404252424, 0.45064995957475756], [0.44115259593347816, 0.5588474040665216], [0.6329021052476934, 0.36709789475230675], [0.5569519369519369, 0.44304806304806293], [0.48418949345975654, 0.5158105065402434], [0.608789203606851, 0.39121079639314915], [0.5395414717803396, 0.46045852821966043], [0.5450675414626651, 0.4549324585373349], [0.3321914040633989, 0.6678085959366009], [0.5594579865988846, 0.4405420134011153], [0.4083125824495568, 0.5916874175504429], [0.6658577489675787, 0.33414225103242123], [0.6315026351096147, 0.36849736489038537]]}}