{"test": {"ids": ["385", "113", "491", "702", "618", "495", "551", "138", "477", "200", "348", "476", "444", "565", "572", "167", "550", "616", "684", "498", "631", "598", "311", "437", "669", "154", "609", "6", "108", "93", "325", "7", "286", "456", "66", "236", "42", "316", "244", "349", "100", "274", "548", "595", "57", "119", "98", "126", "630", "375", "438", "389", "683", "212", "207", "640", "45", "416", "343", "699", "80", "323", "23", "524", "578", "637", "619", "653", "405", "570", "122", "701", "321", "423", "192", "602", "435", "195", "257", "373", "366", "246", "37", "424", "537", "698", "263", "60", "678", "145", "317", "363", "19", "159", "434", "515", "691", "391", "162", "279", "254", "648", "268", "97", "577", "161", "24", "193", "538", "387", "137", "386", "627", "218", "626", "182", "529", "215", "521", "489", "401", "124", "657", "344", "34", "265", "102", "425", "629", "12", "50", "528", "496", "96", "708", "255", "558", "16", "10", "574", "357"], "labels": [1, 1, 0, 1, 0, 1, 0, 1, 0, 0, 1, 0, 0, 0, 0, 1, 0, 0, 1, 0, 0, 0, 0, 1, 1, 1, 0, 1, 0, 1, 1, 1, 0, 0, 0, 0, 0, 0, 0, 1, 1, 0, 0, 0, 0, 1, 1, 1, 1, 1, 1, 1, 1, 0, 0, 1, 0, 1, 1, 1, 0, 0, 0, 1, 0, 1, 0, 1, 1, 0, 1, 1, 0, 1, 0, 0, 1, 0, 0, 1, 1, 0, 1, 1, 0, 1, 0, 0, 1, 1, 0, 1, 0, 1, 1, 0, 1, 1, 1, 0, 1, 1, 0, 1, 0, 1, 0, 0, 0, 1, 1, 1, 1, 0, 1, 0, 0, 0, 1, 0, 1, 1, 1, 1, 0, 0, 1, 1, 1, 1, 0, 0, 1, 1, 1, 0, 0, 1, 1, 0, 1], "predicted_labels": [0, 1, 0, 1, 0, 0, 0, 1, 1, 0, 0, 1, 0, 0, 1, 1, 0, 0, 0, 0, 0, 0, 1, 0, 1, 0, 1, 0, 1, 1, 1, 0, 0, 1, 0, 0, 1, 0, 0, 0, 1, 1, 0, 0, 1, 1, 1, 1, 1, 0, 1, 0, 1, 1, 0, 1, 1, 1, 1, 1, 1, 1, 0, 0, 0, 1, 0, 1, 1, 0, 0, 1, 0, 1, 0, 0, 1, 1, 0, 1, 0, 1, 0, 1, 0, 1, 0, 1, 1, 1, 1, 1, 0, 1, 0, 0, 1, 1, 1, 0, 0, 1, 0, 1, 0, 0, 0, 0, 0, 0, 1, 1, 1, 0, 0, 1, 1, 0, 1, 0, 0, 1, 0, 0, 0, 1, 0, 0, 1, 1, 0, 0, 1, 0, 0, 0, 1, 0, 1, 0, 1], "confidence_scores": [[0.9483121853859275, 0.0516878146140724], [0.16862384128104413, 0.8313761587189559], [0.8924823534299987, 0.10751764657000126], [0.20800054499570275, 0.7919994550042972], [0.9166066296575923, 0.0833933703424077], [0.9277364236693708, 0.07226357633062915], [0.9999804768672308, 1.9523132769155485e-05], [0.10859135616500037, 0.8914086438349996], [0.05163686480262619, 0.9483631351973738], [0.9813297884553701, 0.018670211544629934], [0.5164934717324765, 0.4835065282675235], [0.13633254024206198, 0.863667459757938], [0.9892926738111458, 0.010707326188854225], [0.9633293145151339, 0.03667068548486604], [0.42617579049955057, 0.5738242095004494], [0.1655535225340563, 0.8344464774659437], [0.9994299927834142, 0.0005700072165857973], [0.7727700417906, 0.22722995820939992], [0.6346283152419999, 0.3653716847580001], [0.8803885264625035, 0.1196114735374965], [0.8674979491348191, 0.1325020508651808], [0.9158560287970012, 0.08414397120299873], [0.19409703886404195, 0.805902961135958], [0.9719619058573536, 0.028038094142646363], [0.3571625523891775, 0.6428374476108225], [0.7297157368525637, 0.2702842631474362], [0.459075333920539, 0.540924666079461], [0.9559501719999062, 0.044049828000093876], [0.08172599477568965, 0.9182740052243104], [0.01325305118659137, 0.9867469488134086], [0.19032866883306143, 0.8096713311669386], [0.991345920686645, 0.008654079313355063], [0.5375379634776857, 0.4624620365223143], [0.3661316103361554, 0.6338683896638446], [0.9962291639511548, 0.003770836048845163], [0.7236676828920393, 0.2763323171079607], [0.44377713959062626, 0.5562228604093737], [0.8855212695620612, 0.11447873043793878], [0.9998569422267851, 0.00014305777321492257], [0.9761936734745925, 0.02380632652540744], [0.3652440828805794, 0.6347559171194206], [0.2394702821094159, 0.7605297178905841], [0.9890055468240159, 0.010994453175984078], [0.6899695664031598, 0.31003043359684024], [0.1732936777476196, 0.8267063222523804], [0.4830096984987903, 0.5169903015012097], [0.24658164778425462, 0.7534183522157454], [0.047977860320683074, 0.9520221396793169], [0.02303517757581286, 0.9769648224241871], [0.7685941911599679, 0.2314058088400322], [0.012754852747017598, 0.9872451472529824], [0.9814072037903312, 0.01859279620966882], [0.006746868101581316, 0.9932531318984187], [0.0991869627956381, 0.9008130372043619], [0.8818974674752278, 0.11810253252477222], [0.43645946313464223, 0.5635405368653578], [0.022792206972626516, 0.9772077930273735], [0.1571584232182951, 0.8428415767817049], [0.025696134087382916, 0.9743038659126171], [0.003492378021598075, 0.9965076219784019], [0.07491100280392626, 0.9250889971960737], [0.03901808973516119, 0.9609819102648388], [0.9702372776696956, 0.029762722330304393], [0.8700364290753981, 0.1299635709246018], [0.9815770144870338, 0.01842298551296613], [0.23394690344629865, 0.7660530965537014], [0.9984526612909882, 0.0015473387090117643], [0.2602558124142027, 0.7397441875857973], [0.17988955977546495, 0.820110440224535], [0.9998780071588265, 0.0001219928411735772], [0.9860682448882003, 0.01393175511179966], [0.06354347771527724, 0.9364565222847228], [0.9478731420848989, 0.05212685791510113], [0.12598185419201302, 0.874018145807987], [0.9343418193524204, 0.06565818064757953], [0.9357773828807431, 0.0642226171192569], [0.035008373066495735, 0.9649916269335043], [0.41563023351257156, 0.5843697664874284], [0.9858864665243061, 0.014113533475693841], [0.3082914473086138, 0.6917085526913862], [0.9923630951580933, 0.007636904841906764], [0.03588035534595879, 0.9641196446540412], [0.7940306637806788, 0.2059693362193212], [0.044069528803771796, 0.9559304711962282], [0.7628048114671936, 0.23719518853280644], [0.035433696808539916, 0.9645663031914601], [0.9249257872367134, 0.07507421276328667], [0.061724627919687136, 0.9382753720803129], [0.00033825170684442796, 0.9996617482931556], [0.0014759393138503718, 0.9985240606861496], [0.20207082580395164, 0.7979291741960484], [0.0008647407676887209, 0.9991352592323113], [0.9991159081432287, 0.0008840918567713196], [0.01352013358193671, 0.9864798664180633], [0.9182416869835084, 0.08175831301649159], [0.9956605334411095, 0.004339466558890449], [0.07459781641691154, 0.9254021835830885], [0.4074632291454343, 0.5925367708545657], [0.0011945878747756655, 0.9988054121252243], [0.9717382997731175, 0.02826170022688242], [0.5043860543809235, 0.4956139456190765], [0.44746923228794655, 0.5525307677120534], [0.8461813395063882, 0.15381866049361176], [0.10324809120516787, 0.8967519087948321], [0.9603431465629072, 0.03965685343709276], [0.6449691809340854, 0.3550308190659146], [0.8411910089227523, 0.15880899107724772], [0.6644900434517202, 0.3355099565482797], [0.5776537236812695, 0.4223462763187304], [0.5854829250748639, 0.4145170749251362], [0.48552529694791435, 0.5144747030520856], [0.0064500477458764305, 0.9935499522541236], [0.0010611991475614202, 0.9989388008524386], [0.9932655206429294, 0.006734479357070563], [0.9452556732061713, 0.05474432679382868], [0.40467744236134673, 0.5953225576386533], [0.08961360024049059, 0.9103863997595094], [0.9950656752772975, 0.004934324722702479], [0.3684553701219142, 0.6315446298780858], [0.550862143243548, 0.449137856756452], [0.9649201318340404, 0.03507986816595962], [0.0060936062071998975, 0.9939063937928001], [0.9702084548295326, 0.029791545170467434], [0.5128208559580454, 0.48717914404195456], [0.6692118717732753, 0.33078812822672465], [0.043247209805592934, 0.9567527901944071], [0.7369608792207964, 0.2630391207792035], [0.5846040395097735, 0.41539596049022653], [0.1442473716858913, 0.8557526283141087], [0.3201798251065373, 0.6798201748934627], [0.9985127336793459, 0.0014872663206541127], [0.5452773660688952, 0.4547226339311048], [0.3187202981956585, 0.6812797018043415], [0.8383773138763292, 0.16162268612367084], [0.7708084465098942, 0.2291915534901058], [0.9198392175683359, 0.0801607824316641], [0.2955830129754553, 0.7044169870245447], [0.6539246094398145, 0.34607539056018555], [0.00975041039030733, 0.9902495896096927], [0.9853465886301146, 0.01465341136988545], [0.10698114058816455, 0.8930188594118355]]},