{"test": {"ids": ["325", "263", "208", "345", "359", "217", "428", "45", "526", "491", "389", "93", "292", "234", "516", "483", "12", "61", "162", "118", "250", "288", "171", "471", "5", "514", "404", "691", "161", "248", "616", "393", "433", "419", "174", "466", "40", "602", "361", "71", "580", "219", "123", "253", "136", "330", "635", "403", "447", "166", "569", "633", "534", "38", "197", "117", "646", "224", "388", "443", "661", "596", "539", "272", "147", "180", "143", "358", "352", "91", "168", "344", "81", "546", "462", "63", "129", "669", "530", "597", "316", "660", "535", "632", "319", "613", "538", "417", "478", "99", "382", "282", "312", "98", "461", "370", "653", "564", "315", "650", "119", "227", "625", "543", "694", "362", "239", "313", "149", "135", "235", "335", "658", "457", "230", "92", "145", "333", "213", "524", "545", "465", "103", "460", "348", "339", "266", "39", "111", "431", "385", "200", "94", "638", "329", "636", "247", "566", "390", "470", "178", "550", "223"], "labels": [0, 0, 0, 0, 0, 0, 1, 1, 1, 0, 1, 1, 0, 0, 1, 0, 1, 0, 1, 1, 1, 0, 1, 0, 1, 1, 1, 1, 1, 0, 0, 1, 1, 1, 0, 0, 1, 0, 0, 0, 0, 0, 1, 1, 1, 0, 1, 1, 0, 1, 0, 1, 1, 1, 0, 1, 1, 0, 1, 1, 1, 0, 1, 0, 1, 0, 1, 0, 0, 1, 1, 0, 1, 1, 0, 0, 1, 1, 1, 0, 0, 1, 1, 1, 0, 0, 1, 1, 0, 1, 0, 0, 0, 1, 0, 0, 1, 0, 0, 1, 1, 0, 1, 1, 1, 0, 0, 0, 1, 1, 0, 0, 1, 0, 0, 1, 1, 0, 0, 1, 1, 0, 1, 0, 0, 0, 0, 1, 1, 1, 1, 0, 1, 1, 0, 1, 0, 0, 1, 0, 0, 1, 0], "predicted_labels": [0, 1, 0, 0, 0, 0, 0, 1, 0, 0, 0, 1, 0, 0, 1, 0, 0, 1, 0, 1, 0, 0, 1, 0, 0, 0, 0, 0, 1, 0, 0, 1, 0, 0, 0, 1, 0, 0, 1, 1, 0, 0, 1, 1, 1, 0, 0, 1, 0, 1, 0, 1, 0, 1, 0, 0, 0, 0, 1, 1, 0, 0, 0, 0, 0, 0, 0, 1, 0, 0, 1, 0, 1, 1, 0, 1, 1, 0, 1, 0, 0, 1, 0, 0, 0, 0, 0, 0, 0, 1, 1, 0, 1, 0, 0, 1, 1, 0, 1, 0, 1, 1, 0, 1, 0, 1, 1, 0, 1, 1, 0, 1, 1, 0, 0, 0, 1, 1, 0, 0, 0, 0, 0, 0, 1, 1, 1, 1, 0, 0, 1, 0, 0, 1, 0, 0, 0, 0, 1, 0, 0, 0, 0], "confidence_scores": [[0.8352194063270979, 0.16478059367290207], [0.14172480109152907, 0.8582751989084709], [0.7629380084102226, 0.2370619915897773], [0.8412455393789275, 0.1587544606210725], [0.5126970810805984, 0.48730291891940153], [0.9228366606381446, 0.07716333936185539], [0.5052255771907799, 0.4947744228092202], [0.24823431437177346, 0.7517656856282265], [0.5522768291870316, 0.4477231708129684], [0.7124487688139788, 0.2875512311860212], [0.7076655813112062, 0.29233441868879384], [0.44622964078240046, 0.5537703592175995], [0.6852918053770671, 0.3147081946229328], [0.6631783932281305, 0.33682160677186945], [0.44642511297718623, 0.5535748870228138], [0.7489688215255297, 0.2510311784744704], [0.8849350384342364, 0.1150649615657636], [0.2951297596374418, 0.7048702403625582], [0.7581737998339952, 0.24182620016600476], [0.26622029650243395, 0.733779703497566], [0.5549677803587039, 0.4450322196412961], [0.6229914191005816, 0.3770085808994183], [0.1096252183129447, 0.8903747816870553], [0.8928416240684917, 0.10715837593150836], [0.526791120440833, 0.473208879559167], [0.786504834930106, 0.213495165069894], [0.7529313656200395, 0.24706863437996054], [0.7000397568081917, 0.2999602431918082], [0.3298312017900651, 0.6701687982099349], [0.6128796555284415, 0.3871203444715585], [0.8579120276010829, 0.14208797239891713], [0.4548059242338547, 0.5451940757661453], [0.5259310561186242, 0.47406894388137577], [0.5704496039786784, 0.4295503960213216], [0.622132578094676, 0.377867421905324], [0.4586029133681706, 0.5413970866318294], [0.5799826841983398, 0.42001731580166024], [0.9286705676673584, 0.07132943233264152], [0.4490389143591761, 0.5509610856408239], [0.3462665260620087, 0.6537334739379913], [0.7148544424077065, 0.28514555759229354], [0.89200218906864, 0.10799781093135997], [0.1158105501877994, 0.8841894498122006], [0.26502046477437935, 0.7349795352256207], [0.3102613712715614, 0.6897386287284386], [0.8322360918550966, 0.16776390814490336], [0.6011939161995553, 0.3988060838004447], [0.3796811559861024, 0.6203188440138976], [0.7324983274283162, 0.2675016725716838], [0.11024799531119667, 0.8897520046888033], [0.9033018838248519, 0.09669811617514817], [0.26660593981700076, 0.7333940601829992], [0.6123813921914492, 0.3876186078085508], [0.4158721887797183, 0.5841278112202817], [0.6889816620033331, 0.31101833799666695], [0.5599383292725236, 0.4400616707274764], [0.6640743127386617, 0.33592568726133826], [0.7985673356525524, 0.20143266434744758], [0.360042165013422, 0.639957834986578], [0.47259484309824096, 0.527405156901759], [0.8608294208636019, 0.13917057913639805], [0.8180119902407206, 0.1819880097592794], [0.8830640074827105, 0.11693599251728949], [0.5013046998625602, 0.4986953001374398], [0.7443042193176241, 0.25569578068237586], [0.5754139476277722, 0.4245860523722278], [0.6010952349308749, 0.39890476506912503], [0.3295835806917514, 0.6704164193082486], [0.6164529116829074, 0.38354708831709255], [0.5664847106010398, 0.4335152893989602], [0.24312384786249275, 0.7568761521375073], [0.723816113812551, 0.27618388618744905], [0.321199558202082, 0.678800441797918], [0.38562856127228473, 0.6143714387277153], [0.7889888727355925, 0.21101112726440746], [0.3413554568420635, 0.6586445431579365], [0.059602407510503164, 0.9403975924894968], [0.717594056993081, 0.28240594300691907], [0.207107120738814, 0.792892879261186], [0.7495440274635508, 0.2504559725364493], [0.6205103556752958, 0.3794896443247042], [0.1761733654329869, 0.8238266345670131], [0.7705421236431109, 0.2294578763568891], [0.6436543623525264, 0.35634563764747357], [0.7913594595772421, 0.20864054042275795], [0.9374438803876622, 0.06255611961233773], [0.8448570502237731, 0.15514294977622686], [0.7317622250574276, 0.26823777494257234], [0.5412201620412462, 0.4587798379587538], [0.49981236461120715, 0.5001876353887929], [0.15049751660216548, 0.8495024833978345], [0.7637089762193457, 0.23629102378065428], [0.31527077389796465, 0.6847292261020353], [0.5210878046013332, 0.47891219539866675], [0.9144574530110555, 0.08554254698894452], [0.3692810382544599, 0.6307189617455401], [0.08765145383355788, 0.9123485461664421], [0.8057417304252688, 0.19425826957473122], [0.29337479906231334, 0.7066252009376867], [0.5620735987430743, 0.4379264012569258], [0.38005652771741083, 0.6199434722825892], [0.4227767748006571, 0.5772232251993429], [0.8615260437405726, 0.13847395625942738], [0.4039919779084804, 0.5960080220915196], [0.6126726216034915, 0.3873273783965085], [0.25464921642214844, 0.7453507835778516], [0.4910843693918926, 0.5089156306081074], [0.854951203235276, 0.14504879676472401], [0.2985458582931062, 0.7014541417068938], [0.26227342117494457, 0.7377265788250554], [0.8762672409574463, 0.12373275904255367], [0.23386671048393737, 0.7661332895160626], [0.3254626856092868, 0.6745373143907132], [0.7118674034997072, 0.28813259650029277], [0.6584141845674314, 0.34158581543256855], [0.8916815992922843, 0.10831840070771571], [0.15908473315007166, 0.8409152668499283], [0.15854497502193166, 0.8414550249780683], [0.7549393018259074, 0.24506069817409262], [0.5452567685575171, 0.4547432314424828], [0.7924433155999104, 0.2075566844000896], [0.9024830045816893, 0.09751699541831073], [0.8868777864084705, 0.11312221359152949], [0.9327977325708652, 0.06720226742913486], [0.3856046017383262, 0.6143953982616738], [0.444126246248549, 0.555873753751451], [0.3525736784400282, 0.6474263215599718], [0.23149939892615656, 0.7685006010738434], [0.6412516688522119, 0.3587483311477881], [0.5325657980008105, 0.46743420199918956], [0.35714057053501325, 0.6428594294649868], [0.8121372056865351, 0.1878627943134649], [0.6474841477849558, 0.3525158522150442], [0.3262621179601919, 0.6737378820398081], [0.6878829217849289, 0.312117078215071], [0.6924056562308836, 0.30759434376911643], [0.6291713074884193, 0.3708286925115806], [0.7258134672036755, 0.27418653279632454], [0.32910673981888616, 0.6708932601811138], [0.7626971368504647, 0.23730286314953533], [0.6534596446444187, 0.3465403553555812], [0.911824182990268, 0.088175817009732], [0.6157588903148783, 0.3842411096851217]]},