{"test": {"ids": ["361", "243", "517", "325", "309", "356", "313", "375", "480", "670", "330", "95", "502", "332", "580", "442", "551", "4", "620", "155", "685", "560", "707", "467", "269", "341", "77", "561", "696", "22", "537", "97", "183", "511", "349", "39", "272", "393", "194", "532", "92", "601", "0", "531", "169", "616", "223", "661", "107", "419", "693", "465", "197", "293", "516", "259", "404", "709", "327", "503", "337", "63", "246", "281", "671", "528", "29", "217", "494", "391", "689", "222", "235", "41", "545", "464", "412", "417", "182", "399", "99", "270", "466", "611", "172", "658", "218", "473", "584", "320", "416", "277", "84", "126", "625", "564", "588", "573", "129", "383", "607", "167", "215", "67", "31", "237", "153", "36", "30", "668", "274", "238", "381", "394", "161", "556", "586", "488", "304", "567", "482", "569", "649", "699", "6", "225", "181", "427", "667", "189", "363", "604", "647", "109", "124", "384", "474", "703", "639", "565", "646", "423", "566"], "labels": [1, 0, 1, 1, 0, 1, 0, 1, 0, 1, 1, 1, 0, 1, 0, 1, 0, 0, 0, 1, 0, 0, 1, 0, 0, 1, 0, 0, 1, 0, 0, 1, 0, 0, 1, 1, 0, 1, 0, 0, 1, 0, 1, 0, 1, 0, 0, 1, 1, 1, 1, 0, 0, 0, 1, 0, 1, 1, 1, 0, 1, 0, 0, 0, 1, 0, 0, 0, 1, 1, 1, 0, 0, 0, 0, 0, 1, 1, 0, 1, 1, 0, 0, 0, 1, 1, 0, 0, 0, 0, 1, 0, 1, 1, 1, 0, 0, 0, 1, 1, 0, 1, 0, 0, 0, 0, 1, 1, 0, 1, 0, 0, 1, 1, 1, 0, 0, 0, 0, 0, 0, 0, 1, 1, 1, 0, 0, 1, 1, 0, 1, 0, 1, 1, 1, 1, 0, 1, 1, 0, 1, 1, 0], "predicted_labels": [0, 1, 1, 0, 0, 1, 0, 1, 0, 1, 1, 1, 0, 1, 0, 1, 0, 0, 0, 1, 1, 0, 0, 1, 0, 1, 1, 0, 0, 0, 0, 1, 0, 0, 1, 0, 0, 1, 0, 1, 1, 0, 1, 0, 1, 0, 0, 1, 0, 0, 1, 0, 0, 0, 1, 1, 1, 1, 1, 0, 1, 0, 0, 0, 0, 0, 1, 0, 1, 1, 1, 0, 0, 0, 1, 0, 0, 1, 0, 1, 1, 0, 1, 0, 0, 1, 0, 1, 0, 0, 1, 0, 1, 1, 0, 0, 0, 0, 1, 0, 0, 1, 0, 1, 0, 0, 1, 1, 0, 1, 0, 0, 1, 1, 1, 0, 1, 0, 0, 0, 0, 0, 1, 1, 1, 1, 0, 1, 1, 0, 1, 0, 0, 0, 1, 1, 0, 1, 1, 0, 1, 1, 1], "confidence_scores": [[0.7586390698023151, 0.2413609301976849], [0.38294926261244266, 0.6170507373875573], [0.02539038410230532, 0.9746096158976947], [0.9476907758449123, 0.05230922415508766], [0.9920786452359133, 0.007921354764086688], [0.2277753718487021, 0.7722246281512979], [0.9826823866112182, 0.017317613388781825], [0.003990827923949447, 0.9960091720760506], [0.7968027778812038, 0.20319722211879618], [0.10516028989355541, 0.8948397101064446], [0.4688050374061551, 0.5311949625938449], [0.019324915035433432, 0.9806750849645666], [0.9251399250985217, 0.07486007490147831], [0.0047462719912373386, 0.9952537280087627], [0.9771036821549693, 0.02289631784503067], [0.0024377487859985614, 0.9975622512140014], [0.9994739102588185, 0.0005260897411815556], [0.9978909728978544, 0.002109027102145557], [0.9979575851505791, 0.0020424148494209175], [0.15616376913565622, 0.8438362308643438], [0.03839203461316265, 0.9616079653868373], [0.988714380625618, 0.011285619374382038], [0.6785886140131144, 0.32141138598688557], [0.015245049540716371, 0.9847549504592836], [0.7741612000287748, 0.22583879997122527], [0.28922709217673914, 0.7107729078232609], [0.2592351540214942, 0.7407648459785058], [0.9995323826234518, 0.0004676173765482274], [0.8706812287197353, 0.12931877128026473], [0.9736307649719215, 0.02636923502807856], [0.5560362538667383, 0.4439637461332618], [0.21990415858359513, 0.7800958414164049], [0.6833052931245809, 0.3166947068754191], [0.7220945694650921, 0.2779054305349079], [0.1439997046077004, 0.8560002953922996], [0.7739785201252629, 0.22602147987473703], [0.8859136056948943, 0.11408639430510566], [0.09946318993288294, 0.900536810067117], [0.7423085858682237, 0.25769141413177626], [0.42521039499320545, 0.5747896050067945], [0.10489352060445956, 0.8951064793955404], [0.9456484725929927, 0.05435152740700735], [0.03200552275730384, 0.9679944772426962], [0.9991158822396953, 0.0008841177603047708], [0.056816573580855345, 0.9431834264191447], [0.7047687513013241, 0.29523124869867595], [0.9833222358080141, 0.01667776419198583], [0.14217965811373845, 0.8578203418862616], [0.9908162709315502, 0.009183729068449796], [0.9358771802692204, 0.06412281973077956], [0.011174999270943231, 0.9888250007290568], [0.9935988312081094, 0.006401168791890521], [0.9618170741646731, 0.03818292583532689], [0.9959449664762279, 0.004055033523772105], [0.061559170486105264, 0.9384408295138947], [0.49635863904137933, 0.5036413609586207], [0.007923304809353326, 0.9920766951906467], [0.12026536229104912, 0.8797346377089509], [0.27662302156353613, 0.7233769784364639], [0.7691445840901631, 0.23085541590983694], [0.043707484689363474, 0.9562925153106365], [0.8958544873577806, 0.10414551264221943], [0.8800252952866151, 0.11997470471338492], [0.9968686377620264, 0.0031313622379736178], [0.6985399064944635, 0.30146009350553643], [0.5847751895483067, 0.4152248104516933], [0.022258256960623446, 0.9777417430393766], [0.9999733968141737, 2.660318582628891e-05], [0.06833140155901452, 0.9316685984409855], [0.03496883709839804, 0.965031162901602], [0.029115262867424274, 0.9708847371325757], [0.960381112874867, 0.0396188871251329], [0.9973821117317426, 0.0026178882682573574], [0.9999845949904287, 1.5405009571309164e-05], [0.004741339674234846, 0.9952586603257652], [0.9988124274118119, 0.0011875725881881729], [0.8656178115902173, 0.13438218840978272], [0.11012706214577739, 0.8898729378542226], [0.6569593364193267, 0.34304066358067337], [0.011830137734790136, 0.9881698622652099], [0.3697288451715415, 0.6302711548284585], [0.9904767354043, 0.009523264595699993], [0.12107726022718523, 0.8789227397728148], [0.9664485479213808, 0.03355145207861923], [0.5427180143669342, 0.45728198563306577], [0.05361946425580044, 0.9463805357441996], [0.8519452953023647, 0.14805470469763532], [0.017783825208779636, 0.9822161747912204], [0.9569604418331342, 0.043039558166865784], [0.9771561182747469, 0.022843881725253114], [0.014508470807997553, 0.9854915291920024], [0.5654700807807073, 0.43452991921929274], [0.16532289834278546, 0.8346771016572145], [0.001071129697443829, 0.9989288703025562], [0.9905338261360216, 0.00946617386397843], [0.9847940645445817, 0.015205935455418243], [0.9986338559678684, 0.0013661440321316926], [0.8927679418712817, 0.10723205812871826], [0.0011467905847911686, 0.9988532094152088], [0.9798251588649064, 0.02017484113509356], [0.9914149340254381, 0.008585065974561877], [0.07716783193793841, 0.9228321680620616], [0.9953085766709528, 0.004691423329047115], [0.4753506561642753, 0.5246493438357247], [0.9090866640692058, 0.09091333593079416], [0.9970378202165449, 0.002962179783455175], [0.07203969787008713, 0.9279603021299129], [0.002538967465080977, 0.997461032534919], [0.9468860055441185, 0.0531139944558815], [0.08025908088481448, 0.9197409191151855], [0.9941355517000561, 0.0058644482999439685], [0.9906474414606721, 0.009352558539327946], [0.20858127811402039, 0.7914187218859796], [0.015259127455807153, 0.9847408725441928], [0.013735154395508875, 0.9862648456044911], [0.9878607323356089, 0.012139267664391103], [0.19742935075408152, 0.8025706492459185], [0.7427251298963918, 0.25727487010360817], [0.9793425318719698, 0.02065746812803017], [0.5463921594710334, 0.45360784052896663], [0.9723953533673306, 0.02760464663266942], [0.9874690752654561, 0.012530924734543878], [0.2373218905749841, 0.7626781094250159], [8.106425014275942e-05, 0.9999189357498572], [0.32803318652803704, 0.671966813471963], [0.2359989725957352, 0.7640010274042648], [0.9731107899706192, 0.026889210029380804], [0.025787850142478086, 0.9742121498575219], [0.017949929659611064, 0.9820500703403889], [0.9984301867009501, 0.001569813299049972], [0.06037382724187157, 0.9396261727581284], [0.9769888853064834, 0.023011114693516608], [0.5431187245638055, 0.4568812754361945], [0.7809347909168718, 0.2190652090831282], [0.07424584306918092, 0.9257541569308191], [0.02913056518247148, 0.9708694348175285], [0.7559002274911243, 0.2440997725088757], [0.1781602660719659, 0.8218397339280341], [0.031783802364547364, 0.9682161976354526], [0.9916185421460338, 0.008381457853966146], [0.04021913324026316, 