{"test": {"ids": ["396", "109", "194", "241", "173", "174", "465", "468", "435", "645", "74", "596", "62", "377", "156", "659", "117", "344", "574", "100", "198", "551", "610", "108", "370", "544", "511", "700", "389", "242", "106", "112", "696", "367", "406", "40", "28", "113", "125", "566", "629", "484", "301", "635", "2", "445", "75", "217", "14", "418", "143", "692", "630", "503", "298", "676", "251", "613", "164", "146", "590", "372", "151", "30", "366", "521", "116", "458", "25", "572", "653", "451", "597", "4", "19", "404", "434", "669", "470", "175", "363", "431", "514", "350", "423", "637", "231", "421", "483", "509", "24", "189", "444", "275", "403", "618", "128", "495", "433", "710", "650", "571", "127", "286", "259", "63", "379", "664", "111", "621", "269", "322", "337", "88", "707", "37", "296", "592", "186", "324", "612", "71", "161", "218", "534", "263", "625", "39", "160", "36", "233", "90", "706", "702", "497", "429", "388", "70", "471", "207", "647", "573", "450"], "labels": [0, 1, 1, 1, 0, 1, 1, 1, 0, 0, 1, 1, 1, 0, 0, 0, 1, 0, 1, 0, 1, 0, 0, 1, 0, 0, 1, 0, 0, 1, 0, 1, 0, 0, 0, 1, 1, 1, 0, 1, 1, 0, 1, 1, 0, 0, 1, 1, 0, 0, 0, 0, 1, 1, 1, 0, 1, 0, 0, 0, 1, 0, 0, 1, 0, 0, 1, 1, 1, 1, 0, 1, 1, 0, 1, 0, 0, 0, 1, 1, 0, 0, 0, 0, 0, 0, 1, 0, 0, 1, 1, 1, 0, 1, 0, 0, 0, 0, 0, 0, 0, 1, 0, 1, 0, 1, 1, 0, 1, 1, 1, 1, 0, 0, 0, 1, 1, 1, 1, 0, 0, 1, 0, 1, 0, 0, 1, 1, 0, 1, 1, 0, 0, 0, 1, 0, 0, 1, 1, 1, 0, 1, 0], "predicted_labels": [0, 0, 0, 0, 1, 1, 1, 0, 0, 0, 0, 1, 0, 0, 0, 0, 1, 0, 0, 0, 0, 0, 0, 0, 1, 0, 1, 0, 0, 1, 0, 1, 1, 1, 0, 1, 0, 1, 0, 0, 0, 0, 1, 1, 0, 1, 1, 1, 0, 0, 0, 0, 0, 1, 1, 0, 1, 1, 0, 1, 1, 0, 0, 1, 0, 0, 1, 1, 0, 1, 0, 1, 1, 1, 1, 0, 1, 1, 0, 1, 0, 0, 1, 0, 0, 0, 1, 1, 0, 0, 0, 0, 0, 0, 0, 0, 0, 0, 0, 0, 0, 1, 0, 1, 0, 1, 1, 0, 0, 1, 0, 0, 0, 0, 1, 0, 1, 0, 0, 0, 0, 0, 0, 1, 1, 0, 1, 0, 0, 0, 1, 0, 0, 1, 0, 0, 1, 0, 1, 0, 0, 1, 1], "confidence_scores": [[0.7926950641193358, 0.2073049358806642], [0.6700168947535039, 0.32998310524649604], [0.8687585180191861, 0.1312414819808139], [0.5110323624367865, 0.4889676375632135], [0.45697514290304264, 0.5430248570969574], [0.34488001389202116, 0.6551199861079788], [0.42159791305554706, 0.5784020869444529], [0.7188712973543565, 0.2811287026456435], [0.6584503222108911, 0.34154967778910894], [0.775784443705451, 0.22421555629454903], [0.7789404936075616, 0.22105950639243846], [0.3809945720408242, 0.6190054279591758], [0.5480870801017348, 0.45191291989826515], [0.7567126660753225, 0.2432873339246775], [0.7291735091115596, 0.2708264908884403], [0.8521853860832469, 0.14781461391675305], [0.458677458564808, 0.541322541435192], [0.815046011065063, 0.18495398893493695], [0.657783525418076, 0.34221647458192395], [0.7914495749928558, 0.20855042500714419], [0.5343536349312563, 0.46564636506874374], [0.5086939644438756, 0.4913060355561244], [0.6042352681567342, 0.39576473184326577], [0.7598793643759951, 0.24012063562400487], [0.43943783853708485, 0.5605621614629152], [0.7994401650604307, 0.20055983493956928], [0.32960894165792687, 0.6703910583420731], [0.8013615145132984, 0.1986384854867016], [0.6637379598248279, 0.3362620401751721], [0.36670002100597154, 0.6332999789940285], [0.583723765261865, 0.4162762347381351], [0.31967449176146023, 0.6803255082385398], [0.29720645503807497, 0.702793544961925], [0.23949603154870802, 0.760503968451292], [0.7649851767259607, 0.2350148232740393], [0.37864502804898914, 0.6213549719510109], [0.538019948313606, 0.461980051686394], [0.4138418711522489, 0.5861581288477511], [0.8619497401041236, 0.13805025989587635], [0.5541588686860948, 0.4458411313139052], [0.6966716733107725, 0.3033283266892275], [0.6627393856136723, 0.3372606143863277], [0.3802115919106974, 0.6197884080893026], [0.4614824032083835, 0.5385175967916165], [0.5090158633967367, 0.49098413660326334], [0.3640351760638344, 0.6359648239361656], [0.2592890532088531, 0.7407109467911469], [0.2087619868677868, 0.7912380131322132], [0.8533379939616883, 0.14666200603831164], [0.7674988729508824, 0.2325011270491176], [0.563463397922875, 0.43653660207712497], [0.8158538538273682, 0.1841461461726318], [0.5279657738431244, 0.4720342261568756], [0.3901516967758484, 0.6098483032241516], [0.29677881671974704, 0.703221183280253], [0.5900697939739485, 0.40993020602605146], [0.4702151964977864, 0.5297848035022136], [0.393892343746561, 0.606107656253439], [0.8151854649419081, 0.18481453505809184], [0.3448775078372288, 0.6551224921627712], [0.39396935640450337, 0.6060306435954966], [0.579667712449396, 0.42033228755060403], [0.8541911699635814, 0.1458088300364186], [0.38783828727387126, 0.6121617127261287], [0.6102608698310836, 0.38973913016891637], [0.6175033735778342, 0.38249662642216575], [0.45918816343725144, 0.5408118365627486], [0.4686792741644512, 0.5313207258355488], [0.6943970489955932, 0.3056029510044068], [0.26163859421393565, 0.7383614057860644], [0.6546539342547197, 0.3453460657452802], [0.39901426696211484, 0.6009857330378852], [0.2890547815967903, 0.7109452184032097], [0.41629641069144185, 0.5837035893085581], [0.4565886238340716, 0.5434113761659284], [0.800754133893252, 0.19924586610674794], [0.41267733342129753, 0.5873226665787025], [0.47624127862560117, 0.5237587213743988], [0.5581430968990251, 0.4418569031009749], [0.23881700052716825, 0.7611829994728317], [0.6462916559142347, 0.3537083440857653], [0.6139590792002307, 0.3860409207997692], [0.15462916839384655, 0.8453708316061535], [0.7350071266822955, 0.26499287331770444], [0.661354737341967, 0.3386452626580329], [0.8648243169549606, 0.13517568304503935], [0.39059272739757345, 0.6094072726024266], [0.46753736520131206, 0.5324626347986879], [0.6633293758405088, 0.3366706241594913], [0.608194142911832, 0.39180585708816795], [0.8373730773583098, 0.1626269226416902], [0.5789031363351518, 0.4210968636648483], [0.522927811602609, 0.4770721883973909], [0.6694181238157064, 0.33058187618429363], [0.6171882167650777, 0.3828117832349223], [0.5120580278514646, 0.48794197214853546], [0.7710595349246702, 0.22894046507532984], [0.6056840345126306, 0.3943159654873694], [0.6343005709581625, 0.3656994290418375], [0.7519703079614557, 0.24802969203854425], [0.6776532959417014, 0.32234670405829857], [0.38339669508236973, 0.6166033049176303], [0.6153657923324259, 0.38463420766757406], [0.3303716992587782, 0.6696283007412218], [0.8160399449878244, 0.1839600550121756], [0.39412259534665917, 0.6058774046533408], [0.24915293933819915, 0.7508470606618008], [0.6972105974086942, 0.30278940259130577], [0.8449691454998246, 0.15503085450017542], [0.4752540663260456, 0.5247459336739544], [0.6447286521995541, 0.35527134780044595], [0.6786494713449007, 0.3213505286550993], [0.7758422812024348, 0.22415771879756516], [0.6270055311699205, 0.3729944688300794], [0.22702483282135355, 0.7729751671786464], [0.620790465412573, 0.379209534587427], [0.32791686619707305, 0.672083133802927], [0.5888585058037568, 0.41114149419624324], [0.7682321709800517, 0.23176782901994836], [0.900286957367413, 0.09971304263258696], [0.5528231005270814, 0.44717689947291855], [0.59019117757222, 0.40980882242778005], [0.8422147268569711, 0.1577852731430289], [0.4714442024173532, 0.5285557975826468], [0.22890400806011146, 0.7710959919398885], [0.8478811760226714, 0.1521188239773286], [0.16852936277168018, 0.8314706372283198], [0.558591085666901, 0.44140891433309903], [0.762768845393186, 0.23723115460681402], [0.7180138257450186, 0.2819861742549814], [0.16566529669078378, 0.8343347033092162], [0.5808585538831684, 0.4191414461168316], [0.7263879827378306, 0.27361201726216944], [0.4782225724481468, 0.5217774275518532], [0.6653801118107567, 0.3346198881892432], [0.8313133117107576, 0.16868668828924238], [0.4968460339561396, 0.5031539660438604], [0.7598006173132977, 0.24019938268670224], [0.11413985963965523, 0.8858601403603448], [0.8566587670124636, 0.14334123298753645], [0.6029463840457527, 0.39705361595424726], [0.17616791556573663, 0.8238320844342634], [0.15364057477217807, 0.8463594252278219]]}}