{"test": {"ids": ["60", "268", "165", "516", "42", "263", "157", "378", "382", "102", "227", "121", "410", "73", "43", "659", "447", "179", "221", "279", "676", "567", "629", "241", "150", "574", "485", "394", "96", "461", "433", "682", "538", "50", "334", "14", "131", "206", "605", "363", "277", "698", "564", "262", "705", "667", "530", "431", "619", "193", "685", "180", "641", "167", "238", "402", "623", "389", "293", "140", "540", "576", "404", "454", "458", "555", "82", "117", "66", "688", "518", "250", "397", "565", "296", "444", "252", "264", "398", "280", "597", "223", "182", "327", "594", "561", "326", "653", "549", "155", "672", "77", "492", "190", "426", "146", "468", "707", "525", "317", "665", "4", "158", "459", "440", "572", "159", "329", "23", "321", "204", "218", "702", "635"], "labels": [1, 1, 0, 0, 1, 0, 0, 1, 1, 0, 1, 0, 0, 1, 1, 0, 0, 1, 1, 1, 0, 1, 1, 1, 0, 1, 0, 0, 0, 1, 0, 0, 0, 1, 0, 0, 0, 1, 1, 0, 1, 0, 1, 0, 0, 0, 0, 0, 0, 1, 1, 1, 0, 0, 1, 0, 1, 0, 1, 0, 0, 1, 0, 1, 1, 1, 0, 1, 1, 0, 0, 1, 0, 1, 1, 0, 1, 1, 0, 1, 1, 1, 1, 0, 1, 1, 0, 0, 0, 0, 0, 1, 1, 1, 0, 0, 1, 0, 0, 1, 0, 0, 0, 1, 0, 1, 0, 0, 1, 1, 1, 1, 0, 1], "predicted_labels": [1, 0, 0, 0, 1, 1, 1, 0, 0, 0, 1, 0, 1, 0, 0, 0, 1, 0, 1, 0, 0, 1, 0, 1, 1, 0, 1, 0, 1, 0, 0, 0, 1, 0, 0, 0, 1, 1, 0, 1, 0, 0, 0, 0, 0, 0, 0, 0, 1, 0, 0, 0, 1, 0, 1, 0, 1, 1, 0, 0, 1, 0, 0, 0, 0, 1, 1, 1, 1, 0, 0, 0, 0, 0, 1, 1, 0, 0, 0, 1, 1, 1, 1, 1, 0, 0, 0, 0, 0, 1, 1, 0, 0, 0, 1, 0, 0, 1, 1, 1, 0, 0, 0, 1, 0, 1, 0, 0, 0, 1, 0, 1, 0, 0], "confidence_scores": [[0.13090153200736765, 0.8690984679926324], [0.9994792744869934, 0.0005207255130066839], [0.9999985651106488, 1.43488935120759e-06], [0.9999967035499577, 3.296450042308162e-06], [0.0018730871166985352, 0.9981269128833015], [0.036631749977058314, 0.9633682500229417], [0.0008785539112786678, 0.9991214460887213], [0.9349295322059312, 0.06507046779406875], [0.8688948639084866, 0.13110513609151347], [0.9922287725981466, 0.007771227401853483], [0.2839796748704637, 0.7160203251295363], [0.9993582199449988, 0.0006417800550011162], [0.3873182406429584, 0.6126817593570416], [0.8858786990617736, 0.11412130093822632], [0.999993913618761, 6.086381238970513e-06], [0.9999990713109815, 9.286890184323586e-07], [0.0009506961926966095, 0.9990493038073034], [0.7180714740675209, 0.281928525932479], [2.8967673029178798e-06, 0.9999971032326971], [0.9975686111499548, 0.0024313888500452703], [0.9999150446656422, 8.49553343577844e-05], [0.003300792967426247, 0.9966992070325738], [0.9859616810612719, 0.014038318938728065], [0.3676086317487631, 0.6323913682512369], [0.3764785387472229, 0.6235214612527771], [0.999999609033866, 3.909661339871216e-07], [0.04140129493612532, 0.9585987050638747], [0.9998037452748934, 0.00019625472510662381], [0.0009669369778855241, 0.9990330630221145], [0.5923651332757693, 0.4076348667242306], [0.9997079627644389, 0.0002920372355611903], [0.9901478052816866, 0.009852194718313436], [0.014300210526293822, 0.9856997894737062], [0.9979275877518476, 0.002072412248152406], [0.9996444371349534, 0.0003555628650465137], [0.9999998123046944, 1.87695305663291e-07], [4.464297875717005e-05, 0.9999553570212428], [0.0017694768017226803, 0.9982305231982773], [0.9965621858557744, 0.0034378141442256344], [0.2636045409879475, 0.7363954590120525], [0.9997686779172885, 0.00023132208271151757], [0.9798750826116512, 0.020124917388348745], [0.6207463013100987, 0.37925369868990133], [0.966398936517752, 0.03360106348224803], [0.9976357560453233, 0.0023642439546767346], [0.9960659091853449, 0.003934090814655089], [0.9895969816090188, 0.010403018390981258], [0.9980904825044451, 0.001909517495554855], [4.870900349729368e-09, 0.9999999951290997], [0.9236888979870937, 0.07631110201290621], [0.9993864717027523, 0.0006135282972477025], [0.8919966590766698, 0.10800334092333015], [0.015880696229158442, 0.9841193037708416], [0.9993239718948755, 0.0006760281051244887], [0.21455194777967257, 0.7854480522203274], [0.9260866004794376, 0.0739133995205624], [0.03983614237794264, 0.9601638576220574], [4.281160065744416e-05, 0.9999571883993426], [0.9988921852846514, 0.001107814715348562], [0.979980697872992, 0.02001930212700803], [0.0005665591325934027, 0.9994334408674066], [0.99997612388867, 2.3876111329995248e-05], [0.9999993100672125, 6.899327875089621e-07], [0.9318480717526091, 0.06815192824739091], [0.9280931439742172, 0.07190685602578281], [4.440650772596921e-05, 0.999955593492274], [0.03405347768426137, 0.9659465223157386], [0.025204075483345578, 0.9747959245166544], [4.1285897822707085e-07, 0.9999995871410218], [0.9649335731332302, 0.03506642686676979], [0.9888443777150702, 0.011155622284929875], [0.8255374348682099, 0.1744625651317901], [0.9915408881122092, 0.008459111887790798], [0.8959383715825242, 0.10406162841747581], [2.666938858042478e-05, 0.9999733306114196], [0.0035264806188385345, 0.9964735193811615], [0.7401499406897627, 0.2598500593102373], [0.9923148466460183, 0.007685153353981659], [0.99936322985337, 0.0006367701466299871], [0.008727830061634134, 0.9912721699383659], [0.0023285679394615677, 0.9976714320605384], [0.008356031029941535, 0.9916439689700585], [0.0034938865650958606, 0.9965061134349041], [0.17628399393590166, 0.8237160060640983], [0.8428248746914271, 0.1571751253085729], [0.9948725993008356, 0.005127400699164426], [0.9978709961157884, 0.002129003884211577], [0.5841692208368046, 0.41583077916319544], [0.8663019339211222, 0.1336980660788778], [0.343395834191487, 0.656604165808513], [0.11327634407597054, 0.8867236559240295], [0.9998932563642605, 0.0001067436357394486], [0.9991645250816578, 0.0008354749183421909], [0.5591314967955164, 0.44086850320448356], [0.0024289608336756086, 0.9975710391663244], [0.999750024021596, 0.0002499759784040766], [0.9999983679875356, 1.632012464444807e-06], [0.0002671008595259705, 0.999732899140474], [0.014583573858828469, 0.9854164261411715], [0.07091234137974911, 0.9290876586202509], [0.713506997807976, 0.286493002192024], [0.9998821692595987, 0.00011783074040129542], [0.9999899540533053, 1.0045946694690137e-05], [0.020154219749867197, 0.9798457802501328], [0.6696263767166521, 0.33037362328334785], [7.066868626948164e-06, 0.999992933131373], [0.9998459335575237, 0.00015406644247624215], [0.9959000738271115, 0.004099926172888436], [0.7020818608813826, 0.2979181391186174], [0.20353711845185862, 0.7964628815481414], [0.9430999227935604, 0.05690007720643966], [5.439452661737398e-06, 0.9999945605473383], [0.8046929046933181, 0.19530709530668192], [0.7366625352365226, 0.26333746476347747]]}, "rewritten": {"ids": ["4", "14", "23", "42", "43", "50", "60", "66", "73", "77", "82", "96", "102", "117", "121", "131", "140", "146", "150", "155", "157", "158", "159", "165", "167", "179", "180", "182", "190", "193", "204", "206", "218", "221", "223", "227", "238", "241", "250", "252", "262", "263", "264", "268", "277", "279", "280", "293", "296", "317", "321", "326", "327", "329", "334", "363", "378", "382", "389", "394", "397", "398", "402", "404", "410", "426", "431", "433", "440", "444", "447", "454", "458", "459", "461", "468", "485", "492", "516", "518", "525", "530", "538", "540", "549", "555", "561", "564", "565", "567", "572", "574", "576", "594", "597", "605", "619", "623", "629", "635", "641", "653", "659", "665", "667", "672", "676", "682", "685", "688", "698", "702", "705", "707"], "labels": [0, 0, 1, 1, 1, 1, 1, 1, 1, 1, 0, 0, 0, 1, 0, 0, 0, 0, 0, 0, 0, 0, 0, 0, 0, 1, 1, 1, 1, 1, 1, 1, 1, 1, 1, 1, 1, 1, 1, 1, 0, 0, 1, 1, 1, 1, 1, 1, 1, 1, 1, 0, 0, 0, 0, 0, 1, 1, 0, 0, 0, 0, 0, 0, 0, 0, 0, 0, 0, 0, 0, 1, 1, 1, 1, 1, 0, 1, 0, 0, 0, 0, 0, 0, 0, 1, 1, 1, 1, 1, 1, 1, 1, 1, 1, 1, 0, 1, 1, 1, 0, 0, 0, 0, 0, 0, 0, 0, 1, 0, 0, 0, 0, 0],