{"test": {"ids": ["534", "14", "509", "411", "158", "178", "565", "542", "605", "226", "24", "170", "195", "314", "449", "39", "321", "637", "439", "139", "464", "200", "598", "275", "453", "8", "319", "682", "422", "281", "284", "361", "432", "652", "162", "678", "110", "34", "174", "684", "705", "148", "461", "513", "309", "102", "470", "539", "621", "683", "420", "557", "292", "334", "517", "260", "36", "433", "671", "679", "588", "618", "12", "248", "649", "69", "476", "441", "25", "676", "700", "239", "98", "65", "111", "244", "130", "172", "623", "421", "526", "480", "356", "709", "349", "243", "502", "325", "133", "286", "585", "206", "514", "250", "93", "635", "29", "685", "35", "71", "609", "304", "643", "127", "26", "297", "359", "553", "445", "611", "404", "87", "647", "312", "143", "681", "44", "544", "357", "89", "157", "214", "608", "403", "222", "525", "305", "99", "203", "658", "663", "657", "375", "31", "145", "507", "45", "467", "199"], "labels": [0, 0, 1, 0, 0, 1, 1, 1, 1, 1, 1, 0, 1, 1, 0, 1, 1, 0, 0, 0, 1, 1, 1, 1, 1, 0, 1, 0, 0, 1, 1, 0, 0, 0, 0, 0, 1, 1, 1, 0, 0, 0, 1, 1, 1, 0, 1, 0, 1, 0, 0, 1, 1, 0, 0, 0, 1, 0, 0, 0, 1, 0, 0, 0, 0, 1, 1, 0, 1, 0, 0, 1, 0, 1, 1, 1, 0, 0, 1, 0, 0, 1, 0, 0, 0, 1, 1, 0, 0, 1, 1, 1, 0, 1, 0, 1, 1, 1, 1, 1, 0, 1, 0, 0, 1, 1, 0, 0, 0, 0, 0, 0, 0, 1, 0, 0, 1, 0, 0, 0, 0, 1, 0, 0, 1, 0, 1, 0, 1, 0, 0, 0, 0, 1, 0, 1, 1, 1, 1], "predicted_labels": [1, 0, 1, 0, 0, 0, 1, 0, 1, 1, 0, 0, 0, 1, 1, 1, 1, 0, 1, 0, 1, 0, 1, 0, 1, 0, 1, 0, 1, 0, 0, 1, 0, 1, 1, 0, 0, 0, 1, 1, 0, 0, 1, 0, 0, 1, 1, 0, 1, 0, 1, 0, 1, 0, 0, 0, 0, 0, 1, 1, 0, 0, 0, 0, 1, 1, 1, 1, 0, 0, 0, 1, 1, 0, 0, 1, 0, 1, 1, 1, 0, 0, 0, 0, 1, 1, 0, 0, 1, 0, 0, 0, 1, 1, 1, 0, 1, 0, 1, 0, 1, 1, 0, 1, 0, 1, 0, 1, 0, 1, 0, 0, 0, 0, 0, 1, 1, 1, 1, 0, 0, 1, 1, 1, 0, 0, 1, 1, 1, 0, 0, 0, 1, 0, 1, 0, 1, 0, 1], "confidence_scores": [[0.0998074559433566, 0.9001925440566434], [0.9811562461530716, 0.018843753846928393], [0.4745876480111446, 0.5254123519888554], [0.6878424694345802, 0.31215753056541984], [0.6929312426203461, 0.3070687573796539], [0.5711871763808837, 0.4288128236191163], [0.2123591612855874, 0.7876408387144126], [0.9919592224263619, 0.00804077757363809], [0.012652251931694392, 0.9873477480683056], [0.0030725651083699512, 0.99692743489163], [0.9237809301160833, 0.07621906988391663], [0.5895751105443349, 0.41042488945566513], [0.9252117769910874, 0.07478822300891266], [0.3927751245764133, 0.6072248754235867], [0.2488223961060576, 0.7511776038939424], [0.0660957363171848, 0.9339042636828152], [0.2456493658113581, 0.7543506341886419], [0.937145521604392, 0.06285447839560801], [0.02276062784080557, 0.9772393721591944], [0.8505110183101855, 0.1494889816898145], [0.04088359431365762, 0.9591164056863424], [0.9029336579797588, 0.09706634202024121], [0.08092532227259619, 0.9190746777274038], [0.562268456085117, 0.43773154391488306], [0.08383421214705078, 0.9161657878529492], [0.9181125201229923, 0.08188747987700777], [0.02266058351190181, 0.9773394164880982], [0.8526548485852882, 0.14734515141471183], [0.24485592920681998, 0.75514407079318], [0.9174846141249052, 0.08251538587509481], [0.7946020131190416, 0.20539798688095848], [0.1059188680165093, 0.8940811319834907], [0.8987715714788539, 0.1012284285211461], [0.06880369910074491, 0.9311963008992551], [0.44795324376826895, 0.552046756231731], [0.9964492484293139, 0.0035507515706860344], [0.8403977406530689, 0.159602259346931], [0.8353912118744754, 0.1646087881255246], [0.017662493039630522, 0.9823375069603695], [0.15885853296195585, 0.8411414670380442], [0.9847757624817101, 0.015224237518289958], [0.9832982969196389, 0.016701703080361063], [0.11294131608914082, 0.8870586839108592], [0.9783751854937108, 0.021624814506289128], [0.995592629597097, 0.004407370402902963], [0.4162424907027451, 0.5837575092972549], [0.2957572586786017, 0.7042427413213983], [0.8489785843471906, 0.15102141565280933], [0.4250808975631124, 0.5749191024368876], [0.9719229447975555, 0.028077055202444575], [0.4610434944744757, 0.5389565055255243], [0.5486135029228305, 0.45138649707716944], [0.0038059908582154245, 0.9961940091417846], [0.9345195261849492, 0.06548047381505089], [0.9113003359372932, 0.08869966406270675], [0.944329693725465, 0.05567030627453501], [0.9942721436649737, 0.005727856335026264], [0.9807864675934685, 0.01921353240653145], [0.4331620167401541, 0.5668379832598459], [0.30712510824876227, 0.6928748917512377], [0.5350338495130319, 0.4649661504869681], [0.9552248202523796, 0.0447751797476203], [0.941042573406642, 0.058957426593357995], [0.9785162930159685, 0.02148370698403141], [0.1763031537287446, 0.8236968462712554], [0.25174385011875544, 0.7482561498812446], [0.0018446013042350273, 0.998155398695765], [0.012110504838168334, 0.9878894951618317], [0.9902678305733413, 0.0097321694266587], [0.939087826168143, 0.06091217383185702], [0.999355082032772, 0.0006449179672280152], [0.00018941059203891886, 0.9998105894079611], [0.49392821262421094, 0.5060717873757891], [0.6888733361174161, 0.3111266638825839], [0.9709952269367751, 0.029004773063224888], [0.004013620896267556, 0.9959863791037324], [0.5380757492386511, 0.4619242507613489], [0.16106643884674243, 0.8389335611532576], [0.49336623670989255, 0.5066337632901075], [0.45331981822500833, 0.5466801817749917], [0.9976974148648486, 0.0023025851351513886], [0.9431882070284915, 0.056811792971508554], [0.8605526412886202, 0.13944735871137978], [0.9998887131439105, 0.0001112868560895155], [0.46161840912864405, 0.538381590871356], [0.15777637967364966, 0.8422236203263503], [0.6911320162869108, 0.3088679837130892], [0.8133583772080855, 0.18664162279191449], [0.154883654999166, 0.845116345000834], [0.8040216880405714, 0.1959783119594286], [0.5184294978991383, 0.4815705021008617], [0.7233921486354433, 0.2766078513645567], [0.0006767023573335251, 0.9993232976426665], [0.010522098532979918, 0.9894779014670201], [0.018018759328713885, 0.9819812406712861], [0.7172268998442136, 0.2827731001557864], [0.26997920744744675, 0.7300207925525533], [0.8790718910346161, 0.12092810896538383], [0.14161692651596602, 0.858383073484034], [0.9943858144263905, 0.005614185573609457], [0.28845413589659274, 0.7115458641034073], [0.3881250929558975, 0.6118749070441025], [0.6303980933067332, 0.3696019066932668], [0.4711105041079592, 0.5288894958920408], [0.8277666441273992, 0.17223335587260077], [0.0024765749561723727, 0.9975234250438276], [0.9162915088970898, 0.08370849110291026], [0.16920671964466139, 0.8307932803553386], [0.6938654271029396, 0.30613457289706036], [0.11462143204902542, 0.8853785679509746], [0.507177706358982, 0.49282229364101804], [0.8877262139008146, 0.11227378609918533], [0.9877272286804564, 0.012272771319543622], [0.9400296985975816, 0.0599703014024184], [0.972633428839782, 0.027366571160218067], [0.05554058247739757, 0.9444594175226024], [0.01663856723186985, 0.9833614327681302], [0.4946039717893189, 0.5053960282106811], [0.4635381408089221, 0.5364618591910779], [0.9966339439509593, 0.0033660560490406835], [0.9325291303200448, 0.06747086967995515], [0.013944489516923952, 0.986055510483076], [0.03524566969967036, 0.9647543303003296], [0.4386952977144929, 0.5613047022855071], [0.8301000735949565, 0.16989992640504345], [0.8135827302751146, 0.18641726972488531], [0.026445360982038424, 0.9735546390179616], [0.4689994308147386, 0.5310005691852614], [0.0055644590464593024, 0.9944355409535407], [0.9372632050439796, 0.06273679495602039], [0.7694670332511784, 0.23053296674882165], [0.9790510331376406, 0.02094896686235934], [0.005307050968311411, 0.9946929490316886], [0.5888087103029707, 0.4111912896970294], [0.16476554175465874, 0.8352344582453413], [0.5841050910396512, 0.41589490896034875], [0.041690730017541866, 0.9583092699824581], [0.7924954456695348, 0.20750455433046522], [0.004772089398703772, 0.9952279106012962]]},