{"test": {"ids": ["665", "279", "681", "343", "2", "613", "232", "160", "634", "159", "93", "49", "589", "706", "163", "266", "214", "256", "183", "444", "481", "615", "51", "34", "273", "573", "537", "281", "555", "596", "658", "601", "349", "489", "588", "174", "218", "197", "17", "122", "416", "637", "91", "415", "333", "41", "210", "348", "393", "253", "364", "344", "603", "302", "330", "60", "130", "77", "28", "162", "645", "677", "554", "95", "678", "48", "229", "507", "56", "451", "167", "306", "643", "384", "484", "366", "707", "336", "195", "620", "395", "261", "32", "405", "276", "648", "546", "670", "520", "669", "282", "103", "505", "418", "131", "371", "165", "404", "394", "703", "69", "285", "152", "250", "530", "136", "309", "75", "493", "267", "356", "683", "503", "231", "190", "230", "659", "535", "303", "355", "367", "437", "166", "115", "100", "363", "576", "705", "64", "511", "456", "667", "486", "352", "587", "504", "693", "462", "108", "644", "697", "319", "441"], "labels": [1, 0, 1, 1, 0, 0, 0, 1, 0, 1, 1, 0, 0, 1, 1, 0, 0, 0, 0, 0, 0, 0, 0, 0, 0, 0, 0, 0, 1, 0, 1, 0, 1, 0, 0, 0, 0, 0, 1, 1, 1, 1, 1, 1, 1, 0, 0, 1, 1, 1, 1, 1, 0, 0, 1, 0, 1, 0, 0, 1, 1, 1, 1, 1, 1, 0, 0, 0, 0, 0, 1, 0, 1, 1, 0, 1, 1, 1, 0, 0, 1, 0, 0, 1, 0, 1, 0, 1, 1, 1, 0, 1, 0, 1, 1, 1, 1, 1, 1, 1, 0, 0, 1, 1, 0, 1, 0, 0, 1, 0, 1, 1, 0, 0, 0, 0, 1, 0, 0, 1, 1, 1, 1, 1, 1, 1, 0, 1, 0, 0, 0, 1, 0, 1, 0, 0, 1, 0, 0, 1, 1, 0, 1], "predicted_labels": [1, 0, 1, 1, 0, 0, 0, 1, 0, 1, 1, 1, 1, 1, 1, 0, 0, 1, 0, 0, 0, 0, 0, 0, 0, 0, 0, 0, 0, 0, 1, 0, 1, 0, 0, 0, 0, 0, 0, 0, 1, 1, 0, 1, 1, 0, 0, 1, 1, 0, 1, 0, 0, 0, 1, 1, 1, 0, 0, 1, 1, 1, 0, 1, 1, 0, 0, 0, 0, 0, 1, 0, 1, 1, 1, 0, 1, 1, 0, 0, 1, 1, 1, 1, 0, 1, 0, 1, 0, 1, 0, 1, 0, 1, 0, 0, 1, 1, 1, 0, 1, 0, 1, 1, 0, 1, 0, 0, 1, 0, 0, 1, 0, 0, 1, 0, 1, 0, 0, 1, 1, 0, 1, 1, 1, 1, 0, 1, 0, 0, 1, 1, 1, 1, 0, 0, 1, 0, 1, 1, 0, 0, 1], "confidence_scores": [[0.13074904307646826, 0.8692509569235318], [0.9706806934825676, 0.02931930651743244], [0.40171324172061357, 0.5982867582793865], [0.07539875839104324, 0.9246012416089568], [0.7764111560013858, 0.22358884399861417], [0.99215392880208, 0.007846071197920098], [0.8446890004506408, 0.1553109995493591], [0.16748835405616652, 0.8325116459438336], [0.6628739484489157, 0.3371260515510843], [0.1792512016241422, 0.8207487983758579], [0.0834435220114803, 0.9165564779885198], [0.30597068736814953, 0.6940293126318506], [0.31975012902066297, 0.680249870979337], [0.0376043030270085, 0.9623956969729915], [0.04432528920960086, 0.9556747107903993], [0.9768367155701587, 0.023163284429841446], [0.9441159518315542, 0.05588404816844584], [0.2839678619816039, 0.716032138018396], [0.5743383478264331, 0.42566165217356705], [0.9245100375414448, 0.07548996245855537], [0.5441730519362492, 0.45582694806375107], [0.9552685885837695, 0.04473141141623045], [0.6794742682872459, 0.32052573171275406], [0.6352559602441972, 0.36474403975580283], [0.8068583062993376, 0.19314169370066242], [0.6644825067571889, 0.33551749324281105], [0.5, 0.5], [0.9665403392063595, 0.03345966079364052], [0.8547521204578513, 0.14524787954214857], [0.9534390927513847, 0.04656090724861524], [0.41788818467539335, 0.5821118153246065], [0.8816619560956532, 0.1183380439043467], [0.4690267833822301, 0.5309732166177701], [0.6130199811813478, 0.38698001881865207], [0.8283202367210887, 0.17167976327891146], [0.8899537746604534, 0.11004622533954664], [0.5298669740270531, 0.4701330259729468], [0.9072082063527549, 0.09279179364724499], [0.8183995397433258, 0.18160046025667426], [0.7974294317598506, 0.2025705682401494], [0.21177824490417418, 0.788221755095826], [0.12232701867659908, 0.8776729813234009], [0.697994996531257, 0.302005003468743], [0.25838009945589313, 0.7416199005441071], [0.1353933831603682, 0.8646066168396319], [0.9714786953614855, 0.028521304638514572], [0.5384984872752734, 0.4615015127247266], [0.16902501559545038, 0.8309749844045495], [0.10936568962377975, 0.8906343103762203], [0.8211811549677783, 0.1788188450322218], [0.21683913873702007, 0.78316086126298], [0.5203862423292751, 0.479613757670725], [0.7628610109292611, 0.23713898907073888], [0.7659828311684739, 0.23401716883152607], [0.2831332818386965, 0.7168667181613034], [0.4598089068757776, 0.5401910931242225], [0.005799990783852993, 0.994200009216147], [0.5370184475683206, 0.4629815524316794], [0.7035458128223003, 0.29645418717769956], [0.09237942476697335, 0.9076205752330267], [0.01766034425413678, 0.982339655745863], [0.45103314187395116, 0.5489668581260488], [0.867327800625379, 0.132672199374621], [0.21778264129664665, 0.7822173587033534], [0.1054687948270918, 0.8945312051729082], [0.6999463149663521, 0.300053685033648], [0.6197547490210366, 0.38024525097896344], [0.8912248721163711, 0.10877512788362888], [0.992522317593045, 0.007477682406955024], [0.9415480191696723, 0.05845198083032762], [0.10570881602290588, 0.8942911839770942], [0.8396861344171693, 0.16031386558283053], [0.13473390318229087, 0.8652660968177092], [0.24575344600025234, 0.7542465539997477], [0.4558036292566362, 0.5441963707433638], [0.6500570389120728, 0.3499429610879271], [0.23582217808741532, 0.7641778219125848], [0.024285489829033776, 0.9757145101709662], [0.8721325517494839, 0.12786744825051596], [0.9593744741605871, 0.04062552583941293], [0.029979570297708882, 0.9700204297022911], [0.46126273268456375, 0.5387372673154361], [0.18958937461223566, 0.8104106253877644], [0.1977891829750778, 0.8022108170249224], [0.714343388631454, 0.28565661136854603], [0.07713794373088576, 0.9228620562691142], [0.720565875156054, 0.27943412484394625], [0.1508872527799302, 0.8491127472200697], [0.863207646771195, 0.13679235322880487], [0.2505255753346506, 0.7494744246653494], [0.781369859850165, 0.21863014014983517], [0.48263647728164205, 0.517363522718358], [0.5734954394786353, 0.4265045605213646], [0.18616205042139092, 0.8138379495786091], [0.5, 0.5], [0.6293821680227351, 0.37061783197726494], [0.013699474624459248, 0.9863005253755407], [0.07540132138112457, 0.9245986786188753], [0.07578624825544943, 0.9242137517445506], [0.5531472437400852, 0.4468527562599148], [0.3910862732492216, 0.6089137267507784], [0.9536405919837578, 0.046359408016242144], [0.015177331430165697, 0.9848226685698344], [0.4822275658480547, 0.5177724341519453], [0.523698541908581, 0.476301458091419], [0.032177671354141055, 0.967822328645859], [0.9746069997492735, 0.025393000250726494], [0.8882499779857821, 0.11175002201421803], [0.028409460093103658, 0.9715905399068961], [0.8629215945656378, 0.13707840543436228], [0.5, 0.5], [0.47521519971635784, 0.5247848002836422], [0.6619548340030255, 0.3380451659969746], [0.7428464819708904, 0.25715351802910963], [0.17587976039766004, 0.8241202396023398], [0.9156318077099286, 0.08436819229007121], [0.37996426386735166, 0.6200357361326483], [0.8828823732349145, 0.11711762676508572], [0.8437851226775462, 0.15621487732245387], [0.3211553833795976, 0.6788446166204024], [0.4111254715434521, 0.5888745284565481], [0.5749687298885146, 0.4250312701114855], [0.11096630043709987, 0.8890336995629001], [0.44578157855603023, 0.5542184214439696], [0.29584629762106013, 0.7041537023789399], [0.03414598774803713, 0.9658540122519628], [0.9396116630757648, 0.060388336924235085], [0.42643553041915294, 0.5735644695808472], [0.5994263309181156, 0.4005736690818845], [0.5236382072333332, 0.47636179276666685], [0.3322152532897162, 0.6677847467102839], [0.08512013031706095, 0.9148798696829392], [0.4791660981989966, 0.5208339018010034], [0.3110352236846683, 0.6889647763153317], [0.9213199409678771, 0.07868005903212272], [0.7974245112132102, 0.20257548878678977], [0.12923396476267782, 0.8707660352373223], [0.7071941031425415, 0.29280589685745867], [0.29608370072402973, 0.7039162992759702], [0.17176777500915386, 0.8282322249908459], [0.6091835094432959, 0.3908164905567041], [0.9402010269694497, 0.05979897303055029], [0.36784380011590306, 0.632156199884097]]},