{"test": {"ids": ["341", "352", "207", "519", "622", "684", "572", "149", "12", "487", "672", "47", "119", "500", "689", "225", "343", "43", "139", "133", "537", "426", "151", "285", "634", "561", "278", "97", "223", "484", "204", "158", "45", "544", "436", "531", "539", "580", "55", "538", "90", "330", "319", "433", "250", "165", "66", "428", "253", "494", "590", "131", "624", "502", "681", "427", "553", "325", "147", "270", "443", "468", "521", "202", "328", "138", "190", "197", "649", "440", "14", "698", "674", "48", "441", "261", "567", "384", "444", "366", "505", "496", "367", "264", "118", "254", "400", "646", "414", "678", "303", "431", "404", "575", "589", "344", "177", "160", "234", "605", "283", "598", "574", "127", "143", "35", "481", "554", "287", "144", "447", "382", "434", "219", "108", "530", "78", "6", "94", "581", "82", "493", "153", "20", "527", "304", "179", "534", "266", "563", "654", "456", "515", "485", "26", "246", "113", "375", "454"], "labels": [1, 1, 0, 1, 1, 1, 0, 1, 1, 0, 1, 0, 1, 0, 1, 0, 1, 0, 1, 1, 0, 1, 1, 0, 0, 0, 0, 1, 0, 0, 0, 1, 0, 0, 1, 0, 0, 0, 0, 0, 1, 1, 0, 1, 1, 1, 0, 1, 1, 1, 0, 1, 1, 0, 1, 1, 0, 1, 1, 0, 1, 0, 1, 0, 1, 1, 0, 0, 1, 1, 1, 1, 1, 0, 1, 0, 0, 1, 0, 1, 0, 1, 1, 0, 1, 1, 1, 1, 1, 1, 0, 1, 1, 0, 0, 1, 0, 1, 0, 0, 0, 0, 0, 1, 1, 0, 0, 1, 0, 1, 0, 1, 1, 0, 0, 0, 0, 1, 1, 0, 1, 1, 1, 0, 0, 0, 0, 0, 0, 0, 1, 0, 0, 0, 0, 0, 1, 1, 0], "predicted_labels": [1, 1, 0, 1, 0, 1, 0, 1, 0, 0, 0, 0, 0, 0, 0, 1, 1, 0, 0, 0, 0, 0, 0, 0, 0, 0, 0, 1, 0, 0, 0, 0, 0, 1, 0, 0, 1, 0, 0, 1, 0, 0, 0, 1, 1, 0, 1, 1, 1, 1, 0, 1, 0, 0, 1, 1, 0, 0, 0, 0, 0, 0, 0, 0, 0, 0, 0, 0, 0, 0, 0, 0, 0, 0, 0, 1, 0, 1, 0, 1, 0, 0, 1, 1, 1, 0, 0, 0, 1, 1, 0, 1, 1, 0, 1, 1, 1, 1, 0, 0, 0, 0, 1, 1, 0, 0, 0, 0, 0, 1, 1, 1, 0, 0, 1, 0, 1, 0, 1, 0, 1, 1, 0, 1, 0, 0, 0, 0, 1, 0, 1, 1, 0, 0, 1, 0, 1, 0, 0], "confidence_scores": [[0.16987848589224175, 0.8301215141077583], [0.004746118445886127, 0.9952538815541139], [0.9983348704371904, 0.001665129562809593], [0.025212691202579962, 0.97478730879742], [0.9997693705019115, 0.00023062949808847394], [0.04768784546602589, 0.9523121545339741], [0.7840327520777114, 0.2159672479222886], [0.021180939558137046, 0.978819060441863], [0.9996278526151033, 0.0003721473848966972], [0.9989195394816243, 0.0010804605183757188], [0.9904739629257582, 0.009526037074241779], [0.9999498722785771, 5.012772142288918e-05], [0.8075592793329684, 0.19244072066703158], [0.9934217607729987, 0.006578239227001285], [0.5338730669421718, 0.4661269330578282], [0.000145042163507747, 0.9998549578364923], [7.148883768293146e-07, 0.9999992851116232], [0.980707110695812, 0.019292889304187995], [0.6530294312853252, 0.3469705687146748], [0.9025091676936337, 0.09749083230636638], [0.9958602042830306, 0.004139795716969397], [0.6341797297099756, 0.36582027029002434], [0.9232760283341506, 0.07672397166584939], [0.9998482366360578, 0.0001517633639421754], [0.9424241332581371, 0.05757586674186285], [0.996938790500956, 0.0030612094990440184], [0.9118910476975638, 0.08810895230243623], [0.006037577672114991, 0.993962422327885], [0.9199034183302156, 0.08009658166978438], [0.8978006569834743, 0.10219934301652568], [0.5919965066662058, 0.40800349333379415], [0.9566933056443219, 0.04330669435567813], [0.9937159547834419, 0.006284045216558142], [0.26592494396931277, 0.7340750560306872], [0.8504601153925833, 0.1495398846074168], [0.9925594267362828, 0.007440573263717136], [0.0714368736547295, 0.9285631263452705], [0.9918706631406103, 0.008129336859389701], [0.9987155841564748, 0.0012844158435252003], [0.009337403278090628, 0.9906625967219094], [0.5704545446463392, 0.42954545535366084], [0.9530739089344328, 0.04692609106556723], [0.9978368898773938, 0.002163110122606126], [0.00033067027793920456, 0.9996693297220608], [0.08958917227017615, 0.9104108277298238], [0.9090931618744325, 0.09090683812556757], [0.0606964356653904, 0.9393035643346096], [0.01149560600323063, 0.9885043939967694], [0.17115676043530426, 0.8288432395646957], [0.004728073990396986, 0.995271926009603], [0.9990745543977828, 0.0009254456022171814], [0.05025966953080219, 0.9497403304691978], [0.7293095806279375, 0.27069041937206245], [0.9997856297253508, 0.00021437027464921697], [0.37898720024724886, 0.6210127997527511], [0.021352253374763763, 0.9786477466252362], [0.9444797564258258, 0.05552024357417419], [0.9999957115482494, 4.288451750587044e-06], [0.9948293286203856, 0.00517067137961441], [0.9941478176669565, 0.005852182333043491], [0.9008417325567311, 0.09915826744326899], [0.9843675974142466, 0.01563240258575342], [0.9998154958179343, 0.00018450418206576854], [0.8257328988042726, 0.17426710119572744], [0.7938321846545808, 0.20616781534541914], [0.9693602682860201, 0.03063973171397996], [0.6242984195316293, 0.37570158046837066], [0.9990858035514691, 0.0009141964485308544], [0.9997683214470227, 0.00023167855297730538], [0.9930603906863334, 0.0069396093136665634], [0.9853938531600597, 0.014606146839940333], [0.9927918260293092, 0.007208173970690892], [0.7041734187674049, 0.2958265812325951], [0.9997237921243869, 0.0002762078756131417], [0.9957666459566968, 0.004233354043303185], [0.07495888067998113, 0.9250411193200189], [0.984980073113952, 0.015019926886048073], [0.12966240336795287, 0.8703375966320471], [0.9992700631390584, 0.000729936860941605], [0.18146225615584888, 0.8185377438441511], [0.9999359498046435, 6.405019535651798e-05], [0.5038311199127277, 0.49616888008727233], [0.00019074330667656625, 0.9998092566933234], [0.02589880616282214, 0.9741011938371779], [0.2235063339208202, 0.7764936660791798], [0.9770106047371173, 0.022989395262882684], [0.9998091235141754, 0.00019087648582456418], [0.9975276554067908, 0.002472344593209191], [0.04618122176948669, 0.9538187782305133], [3.493185000258414e-06, 0.9999965068149997], [0.9467796626635161, 0.053220337336483854], [0.0005208353585970382, 0.999479164641403], [0.3545338009861623, 0.6454661990138377], [0.9883696442505384, 0.011630355749461566], [0.05569441380961104, 0.944305586190389], [0.14381459930356588, 0.8561854006964341], [0.3889302190640077, 0.6110697809359923], [0.07291352092780123, 0.9270864790721988], [0.9924774510009358, 0.0075225489990642614], [0.598862663136484, 0.401137336863516], [0.6604910779671245, 0.3395089220328755], [0.7722715741427706, 0.22772842585722947], [0.02029445709296851, 0.9797055429070315], [0.25149664645393344, 0.7485033535460666], [0.9882673303509506, 0.011732669649049414], [0.9911311559246155, 0.00886884407538445], [0.9997819084177769, 0.00021809158222309383], [0.8660254487135888, 0.13397455128641128], [0.999999450435635, 5.495643650295212e-07], [0.002418328684570592, 0.9975816713154294], [0.00018088994484144472, 0.9998191100551586], [0.46380801746381406, 0.5361919825361859], [0.676132305846069, 0.323867694153931], [0.9423942644875044, 0.057605735512495565], [7.602218170132957e-05, 0.9999239778182987], [0.9976837384073992, 0.0023162615926008026], [0.35271562385190947, 0.6472843761480905], [0.8404710795597263, 0.15952892044027372], [0.0026144435879092986, 0.9973855564120907], [0.9999998867500278, 1.1324997215997889e-07], [0.1076283898353616, 0.8923716101646384], [0.0005978941004738392, 0.9994021058995262], [0.6011364357391649, 0.3988635642608351], [0.01414890884868547, 0.9858510911513145], [0.995537131465195, 0.004462868534805077], [0.5700690771080295, 0.4299309228919705], [0.9869142209881068, 0.013085779011893223], [0.9999978946937976, 2.105306202417352e-06], [0.0347443494836156, 0.9652556505163844], [0.9966599207411085, 0.0033400792588914622], [0.35469808760838906, 0.6453019123916109], [0.020100822546918917, 0.9798991774530811], [0.9881651984191614, 0.011834801580838631], [0.7568369993437573, 0.24316300065624277], [7.324571831501814e-06, 0.9999926754281685], [0.9999986290788119, 1.3709211881150407e-06], [1.0904139040812666e-05, 0.9999890958609592], [0.9999019168852492, 9.808311475079585e-05], [0.769666326517056, 0.23033367348294398]]},