{"test": {"ids": ["362", "212", "217", "568", "633", "497", "202", "151", "412", "687", "547", "605", "455", "57", "688", "309", "425", "400", "484", "447", "430", "286", "352", "245", "345", "132", "360", "228", "283", "200", "478", "608", "572", "631", "205", "389", "402", "666", "273", "550", "87", "699", "326", "705", "498", "434", "649", "401", "427", "710", "672", "704", "36", "353", "41", "612", "164", "18", "637", "85", "453", "60", "601", "674", "271", "64", "264", "646", "280", "678", "236", "241", "188", "152", "344", "153", "486", "381", "509", "614", "1", "395", "160", "277", "131", "25", "532", "504", "684", "275", "576", "324", "104", "73", "518", "590", "429", "393", "348", "621", "91", "433", "669", "461", "89", "159", "546", "248", "421", "149", "435", "290"], "labels": [0, 1, 1, 1, 0, 1, 1, 0, 0, 1, 0, 1, 1, 1, 0, 1, 0, 0, 0, 0, 0, 1, 0, 1, 0, 0, 0, 1, 1, 1, 1, 0, 1, 0, 1, 0, 0, 0, 1, 0, 0, 0, 0, 0, 1, 0, 0, 0, 0, 0, 0, 0, 1, 0, 1, 0, 0, 1, 0, 0, 1, 1, 1, 0, 1, 1, 1, 0, 1, 0, 1, 1, 1, 0, 0, 0, 0, 1, 1, 0, 0, 0, 0, 1, 0, 1, 0, 1, 0, 1, 1, 0, 0, 1, 0, 1, 0, 0, 0, 1, 0, 0, 0, 1, 0, 0, 0, 0, 0, 0, 0, 1], "predicted_labels": [0, 1, 1, 1, 1, 1, 1, 0, 1, 1, 1, 0, 1, 0, 0, 0, 1, 0, 1, 1, 0, 1, 0, 1, 0, 0, 0, 1, 1, 1, 0, 1, 1, 1, 1, 1, 0, 0, 1, 1, 0, 0, 0, 0, 1, 0, 0, 1, 0, 1, 1, 0, 0, 0, 1, 0, 0, 1, 0, 0, 1, 0, 0, 1, 1, 0, 0, 0, 0, 0, 1, 0, 1, 0, 1, 0, 0, 1, 1, 1, 0, 0, 1, 0, 1, 1, 1, 1, 1, 1, 1, 0, 1, 0, 0, 1, 1, 0, 0, 1, 0, 1, 1, 1, 0, 0, 0, 1, 0, 0, 0, 0], "confidence_scores": [[0.7303496592283218, 0.26965034077167827], [0.25063398709590895, 0.7493660129040909], [0.34398183163624585, 0.6560181683637543], [0.3170121693690759, 0.6829878306309239], [0.41524407724397316, 0.5847559227560268], [0.20466262252810896, 0.795337377471891], [0.297844454267829, 0.7021555457321709], [0.5261750542041319, 0.4738249457958681], [0.3311735266237828, 0.668826473376217], [0.5, 0.5], [0.4229309228670204, 0.5770690771329795], [0.5727286947902929, 0.4272713052097072], [0.29917017870091195, 0.7008298212990879], [0.6904041474211912, 0.3095958525788087], [0.5149042953242524, 0.4850957046757475], [0.6823127097607478, 0.31768729023925263], [0.3903094884041408, 0.6096905115958591], [0.6235679688925119, 0.3764320311074881], [0.406137856485118, 0.593862143514882], [0.3374905995753718, 0.6625094004246284], [0.5687825184774196, 0.43121748152258055], [0.3353170785341105, 0.6646829214658895], [0.5639714781773424, 0.4360285218226576], [0.29553679710201186, 0.7044632028979882], [0.628076856387634, 0.3719231436123661], [0.5201693540751078, 0.4798306459248923], [0.7511923533527705, 0.24880764664722968], [0.34835093769707176, 0.6516490623029282], [0.48234708782510105, 0.5176529121748988], [0.36693153594351535, 0.6330684640564848], [0.5109940208873253, 0.48900597911267507], [0.4789965005670951, 0.5210034994329049], [0.34715078071478206, 0.6528492192852181], [0.3733692193092522, 0.626630780690748], [0.2183326580222983, 0.7816673419777016], [0.4867039003912243, 0.5132960996087756], [0.5595446250373798, 0.44045537496262005], [0.5619292151795616, 0.43807078482043826], [0.49157129431587276, 0.5084287056841272], [0.3114905553584691, 0.6885094446415307], [0.6218748759810877, 0.3781251240189123], [0.6698475867123002, 0.3301524132876998], [0.751697798615655, 0.24830220138434517], [0.6039448839263406, 0.39605511607365934], [0.3801680116294139, 0.6198319883705861], [0.6940397941192701, 0.30596020588073], [0.55766540391193, 0.44233459608806996], [0.4837196580093414, 0.5162803419906586], [0.5406118554396184, 0.4593881445603816], [0.5, 0.5], [0.21780096010953312, 0.782199039890467], [0.5348210641486237, 0.46517893585137626], [0.5930971617634357, 0.40690283823656415], [0.6308573488350956, 0.3691426511649044], [0.4020301989715793, 0.5979698010284206], [0.5947212175630617, 0.40527878243693816], [0.6700216249590922, 0.3299783750409079], [0.3432475971067954, 0.6567524028932045], [0.573929919412275, 0.42607008058772505], [0.56750245589745, 0.4324975441025501], [0.3019485767034167, 0.6980514232965832], [0.5439102409162433, 0.4560897590837569], [0.6141659065624401, 0.38583409343755987], [0.4852654648325534, 0.5147345351674466], [0.46399627507430763, 0.5360037249256924], [0.6515367751057505, 0.3484632248942494], [0.6219823233498688, 0.37801767665013125], [0.6061359811662287, 0.3938640188337713], [0.5448988234796256, 0.4551011765203745], [0.7134174800446582, 0.2865825199553415], [0.27517533963055213, 0.724824660369448], [0.5136648092602821, 0.48633519073971787], [0.4755420395956727, 0.5244579604043272], [0.5764065426054902, 0.4235934573945098], [0.4909755327290224, 0.5090244672709775], [0.5142580095356061, 0.485741990464394], [0.5411365025834153, 0.4588634974165847], [0.48265146969163375, 0.5173485303083661], [0.35080517828960506, 0.6491948217103951], [0.455026835525986, 0.544973164474014], [0.5844981188043339, 0.4155018811956663], [0.6220739727186628, 0.3779260272813371], [0.5, 0.5], [0.605801397799518, 0.39419860220048214], [0.4940513902662691, 0.5059486097337309], [0.4052107414218271, 0.594789258578173], [0.2865778892781652, 0.7134221107218349], [0.20827775396212053, 0.7917222460378792], [0.377135465051873, 0.6228645349481269], [0.3524194351449554, 0.6475805648550448], [0.3399836769953685, 0.6600163230046313], [0.7089301628008254, 0.2910698371991747], [0.3717397703485649, 0.6282602296514352], [0.6199675275130826, 0.38003247248691746], [0.5291285648484245, 0.47087143515157565], [0.453323245245459, 0.5466767547545411], [0.4249379495171498, 0.5750620504828502], [0.7035874579634037, 0.29641254203659606], [0.6456933021876783, 0.3543066978123216], [0.30861198716433785, 0.691388012835662], [0.6487129033437451, 0.35128709665625474], [0.4941672229453901, 0.5058327770546099], [0.36712023932787435, 0.6328797606721257], [0.2279975774999254, 0.7720024225000748], [0.5638025957462873, 0.4361974042537127], [0.7236622938488267, 0.27633770615117337], [0.5426260798660013, 0.45737392013399863], [0.4418219714838626, 0.5581780285161376], [0.637927266493222, 0.36207273350677804], [0.6191456726829198, 0.38085432731708047], [0.6532587271983732, 0.3467412728016268], [0.5770443922088717, 0.42295560779112834]]}, "rewritten": {"ids": ["1", "18", "25", "36", "41", "57", "60", "64", "73", "85", "87", "89", "91", "104", "131", "132", "149", "151", "152", "153", "159", "160", "164", "188", "200", "202", "205", "212", "217", "228", "236", "241", "245", "248", "264", "271", "273", "275", "277", "280", "283", "286", "290", "309", "324", "326", "344", "345", "348", "352", "353", "360", "362", "381", "389", "393", "395", "400", "401", "402", "412", "421", "425", "427", "429", "430", "433", "434", "435", "447", "453", "455", "461", "478", "484", "486", "497", "498", "504", "509", "518", "532", "546", "547", "550", "568", "572", "576", "590", "601", "605", "608", "612", "614", "621", "631", "633", "637", "646", "649", "666", "669", "672", "674", "678", "684", "687", "688", "699", "704", "705", "710"], "labels": [0, 1, 1, 1, 1, 1, 1, 1, 1, 0, 0, 0, 0, 0, 0, 0, 0, 0, 0, 0, 0, 0, 0, 1, 1, 1, 1, 1, 1, 1, 1, 1, 1, 0, 1, 1, 1, 1, 1, 1, 1, 1, 1, 1, 0, 0, 0, 0, 0, 0, 0, 0, 0, 1, 0, 0, 0, 0, 0, 0, 0, 0, 0, 0, 0, 0, 0, 0, 0, 0, 1, 1, 1, 1, 0, 0, 1, 1, 1, 1, 0, 0, 0, 0, 0, 1, 1, 1, 1, 1, 1, 0, 0, 0, 1, 0, 0, 0, 0, 0, 0, 0, 0, 0, 0, 0, 1, 0, 0, 0, 0, 0], "predicted_labels": [0, 1, 0, 0, 1, 0, 0, 1, 0, 0, 0, 0, 0, 1, 0, 0, 0, 1, 0, 1, 0, 0, 1, 0, 1, 1, 1, 1, 1, 1, 1, 1, 1, 0, 0, 1, 1, 1, 1, 1, 0, 1, 0, 1, 0, 1, 1, 0, 0, 1, 0, 0, 0, 1, 0, 0, 0, 0, 1, 1, 1, 0, 1, 1, 1, 1, 1, 0, 1, 1, 1, 1, 1, 0, 0, 1, 1, 1, 1, 1, 0, 0, 0, 1, 1, 1, 1, 1, 1, 0, 0, 0, 0, 1, 1, 1, 1, 0, 1, 0, 0, 1, 1, 1, 0, 1, 1, 0, 0, 0, 0, 0],