{"test": {"ids": ["352", "673", "494", "563", "681", "603", "402", "307", "631", "476", "54", "570", "355", "484", "367", "212", "255", "595", "313", "261", "317", "590", "254", "622", "225", "507", "514", "490", "306", "332", "183", "241", "224", "213", "409", "614", "649", "636", "450", "146", "401", "47", "607", "66", "219", "536", "104", "611", "291", "337", "200", "21", "692", "426", "279", "221", "61", "408", "644", "62", "520", "363", "323", "336", "37", "191", "469", "442", "678", "618", "499", "501", "218", "144", "390", "550", "583", "605", "477", "386", "20", "4", "110", "453", "557", "417", "226", "522", "467", "137", "179", "710", "461", "699", "566", "149", "602", "201", "448", "351", "175", "454", "385", "438", "5", "587", "258", "682", "529", "356", "481", "248", "345", "613", "119", "77", "680", "210", "629", "53", "427", "439", "702", "243", "388", "275", "513", "684", "170", "181", "353", "169", "260", "120", "546", "65", "478", "411", "203"], "labels": [0, 1, 0, 0, 1, 0, 1, 0, 1, 0, 1, 0, 0, 0, 0, 0, 0, 0, 0, 0, 0, 0, 1, 1, 0, 0, 1, 0, 0, 0, 0, 0, 0, 0, 1, 0, 1, 1, 0, 1, 1, 1, 0, 0, 0, 1, 1, 0, 0, 0, 0, 0, 1, 1, 0, 0, 0, 1, 1, 0, 1, 0, 0, 0, 1, 0, 0, 1, 1, 0, 0, 0, 0, 1, 1, 1, 0, 0, 0, 1, 0, 0, 1, 0, 0, 1, 0, 1, 0, 1, 0, 0, 0, 1, 0, 1, 0, 0, 0, 0, 0, 0, 1, 1, 1, 0, 0, 1, 1, 0, 0, 0, 0, 0, 1, 0, 1, 0, 1, 1, 1, 1, 1, 0, 1, 0, 0, 1, 1, 0, 0, 1, 0, 1, 1, 0, 0, 1, 0], "predicted_labels": [1, 1, 1, 0, 1, 0, 0, 1, 1, 0, 1, 0, 0, 0, 1, 1, 0, 1, 0, 1, 1, 0, 0, 1, 1, 0, 0, 1, 0, 0, 1, 0, 1, 0, 0, 0, 1, 0, 1, 0, 0, 1, 1, 0, 1, 1, 1, 0, 0, 1, 0, 0, 1, 0, 1, 1, 1, 0, 0, 1, 0, 1, 0, 1, 1, 1, 0, 0, 1, 0, 0, 1, 1, 0, 1, 0, 1, 0, 0, 1, 1, 1, 1, 1, 0, 0, 0, 0, 1, 1, 0, 1, 1, 1, 0, 1, 0, 1, 1, 0, 1, 1, 1, 0, 1, 0, 1, 0, 1, 0, 1, 1, 0, 0, 0, 1, 1, 0, 0, 1, 1, 0, 1, 1, 0, 1, 0, 1, 0, 0, 0, 1, 0, 1, 1, 1, 1, 1, 0], "confidence_scores": [[0.19249834444945646, 0.8075016555505435], [6.584061342584935e-05, 0.9999341593865742], [0.00018776336002690464, 0.9998122366399731], [0.9058398562866219, 0.09416014371337808], [0.3231575658033068, 0.6768424341966932], [0.9709893583603028, 0.029010641639697243], [0.9994699977709389, 0.0005300022290610681], [0.19037366498936437, 0.8096263350106356], [0.015456410364991346, 0.9845435896350087], [0.9959595215538716, 0.004040478446128443], [1.894796184254144e-05, 0.9999810520381575], [0.9652558732557472, 0.03474412674425273], [0.9910833207684594, 0.008916679231540619], [0.999965259133128, 3.474086687209881e-05], [0.487843508990232, 0.512156491009768], [0.13781465223621725, 0.8621853477637828], [0.7479260700613556, 0.2520739299386444], [0.00029502735968256477, 0.9997049726403174], [0.8089781656200188, 0.19102183437998124], [0.2474726640687226, 0.7525273359312774], [0.0068927712253764595, 0.9931072287746235], [0.7452020522136162, 0.2547979477863838], [0.9998233616986026, 0.00017663830139737875], [0.17999265949272247, 0.8200073405072775], [0.0037663619980196072, 0.9962336380019804], [0.9773960752119324, 0.022603924788067643], [0.6656918836874457, 0.33430811631255425], [0.0033902947631390123, 0.996609705236861], [0.9998669005214087, 0.00013309947859135548], [0.9865902999818236, 0.01340970001817642], [0.0065416858053094495, 0.9934583141946906], [0.9982125981883088, 0.001787401811691235], [0.044482984957404215, 0.9555170150425958], [0.5981270408263836, 0.40187295917361643], [0.9714225612386639, 0.028577438761336095], [0.999987662170499, 1.2337829501040727e-05], [0.023253099316907, 0.976746900683093], [0.5550941354226133, 0.44490586457738673], [0.09301581700452966, 0.9069841829954703], [0.5272685804982802, 0.4727314195017198], [0.9993367994698353, 0.0006632005301646641], [0.00041836992356492075, 0.9995816300764351], [2.1292478819878724e-05, 0.9999787075211801], [0.6143341351150235, 0.3856658648849764], [0.08979720706834171, 0.9102027929316583], [0.4031703608191992, 0.5968296391808008], [0.0008078080602201831, 0.9991921919397798], [0.9613445937439538, 0.038655406256046285], [0.9999990851303628, 9.148696371453414e-07], [0.05524123395223879, 0.9447587660477612], [0.9582579411070655, 0.041742058892934475], [0.9767236102906964, 0.023276389709303617], [0.3192827551354652, 0.6807172448645348], [0.9952780212270338, 0.004721978772966172], [0.0005649128067726217, 0.9994350871932274], [0.012157636489826595, 0.9878423635101734], [0.0031985015096999136, 0.9968014984903001], [0.9996273431781453, 0.00037265682185472795], [0.9538471683875199, 0.04615283161248004], [0.21034648721681926, 0.7896535127831807], [0.9963530413861565, 0.0036469586138434965], [0.06291640060278558, 0.9370835993972144], [0.8896142671090497, 0.11038573289095034], [0.006765988501634124, 0.9932340114983659], [0.1354787517733177, 0.8645212482266823], [0.007034268225818541, 0.9929657317741815], [0.6348550099789235, 0.3651449900210765], [0.5575154897676236, 0.4424845102323765], [0.001446760619961407, 0.9985532393800386], [0.6812048902403587, 0.31879510975964137], [0.5677162707143495, 0.4322837292856505], [0.3600963977338506, 0.6399036022661494], [0.23061049048275362, 0.7693895095172464], [0.8632613358558286, 0.13673866414417135], [0.09555150237318788, 0.9044484976268121], [0.9999886730009995, 1.1326999000545585e-05], [0.4219297242020895, 0.5780702757979105], [0.926608883848152, 0.07339111615184798], [0.9991344938696496, 0.0008655061303504397], [0.001053373248714795, 0.9989466267512852], [0.023529980214517576, 0.9764700197854824], [0.2069264723494838, 0.7930735276505162], [0.32098517984176866, 0.6790148201582313], [0.0016301378017172796, 0.9983698621982827], [0.999724375080013, 0.0002756249199870423], [0.999992303522901, 7.696477098989173e-06], [0.9951409731995211, 0.00485902680047893], [0.9983905062602231, 0.0016094937397768854], [0.0006931977143095347, 0.9993068022856905], [0.10738449785663662, 0.8926155021433634], [0.9495637560878408, 0.05043624391215919], [0.023134831692353308, 0.9768651683076467], [0.026918327956451882, 0.9730816720435481], [0.0023676455149114206, 0.9976323544850886], [0.9990497080144644, 0.0009502919855356016], [0.00012456102876190478, 0.9998754389712381], [0.6731673059845429, 0.32683269401545717], [0.01409431723467014, 0.9859056827653299], [0.012845079889066802, 0.9871549201109332], [0.9999914143142364, 8.585685763570758e-06], [8.11464131997841e-05, 0.9999188535868002], [0.39733242982030337, 0.6026675701796966], [0.06908832098788331, 0.9309116790121167], [0.9335063177553569, 0.06649368224464312], [0.4516048977874103, 0.5483951022125897], [0.9401224566293972, 0.05987754337060279], [0.34692225164672275, 0.6530777483532773], [0.8887932689947493, 0.11120673100525072], [0.0002807395232903298, 0.9997192604767097], [0.6439383227758546, 0.35606167722414533], [0.1391699174578428, 0.8608300825421572], [0.014362545676661509, 0.9856374543233385], [0.5644101496036737, 0.43558985039632625], [0.9385956837932968, 0.06140431620670322], [0.8940477792780115, 0.10595222072198845], [0.0016243454839375282, 0.9983756545160625], [0.0005438996855405831, 0.9994561003144594], [0.5635708105115971, 0.436429189488403], [0.9824891053259479, 0.017510894674052046], [0.286551478258112, 0.713448521741888], [0.009047089133848885, 0.9909529108661511], [0.9835399800128107, 0.016460019987189316], [0.0002813405070390962, 0.9997186594929609], [0.017043736900016815, 0.9829562630999832], [0.9916134116887615, 0.008386588311238554], [0.2082071046507128, 0.7917928953492872], [0.9759241658045347, 0.02407583419546532], [0.014053407922598793, 0.9859465920774012], [0.964819633835378, 0.03518036616462198], [0.9999595666795591, 4.04333204408974e-05], [0.6477795616119949, 0.3522204383880051], [0.0008464313357924302, 0.9991535686642076], [0.5460755488336504, 0.45392445116634966], [0.003398114206809688, 0.9966018857931903], [0.3922492385203211, 0.6077507614796789], [0.2409682953218154, 0.7590317046781846], [0.0038997310469601754, 0.9961002689530398], [0.00033082576440024436, 0.9996691742355998], [0.5101451569164328, 0.48985484308356725]]},