{"test": {"ids": ["388", "370", "308", "294", "64", "113", "257", "35", "283", "240", "340", "45", "622", "83", "456", "107", "544", "161", "281", "477", "551", "153", "263", "510", "341", "337", "659", "65", "93", "494", "685", "264", "550", "587", "623", "270", "700", "401", "215", "624", "56", "132", "482", "53", "429", "394", "91", "218", "489", "79", "710", "226", "688", "574", "124", "393", "604", "462", "705", "455", "355", "111", "390", "618", "646", "190", "348", "364", "67", "115", "639", "245", "561", "203", "249", "600", "693", "112", "188", "576", "42", "196", "59", "652", "19", "228", "10", "307", "432", "697", "569", "0", "261", "372", "130", "696", "314", "118", "527", "470", "476", "585", "612", "563", "279", "486", "323", "54", "375", "445", "139", "603", "315", "15", "557", "346", "441", "46", "253", "488", "296", "232", "138", "329", "566", "526", "365", "546", "619", "361", "520", "523", "662", "457", "214", "331", "23", "528", "691", "344", "145", "34", "167"], "labels": [1, 1, 0, 0, 1, 1, 1, 0, 0, 0, 1, 0, 1, 1, 0, 1, 0, 1, 0, 0, 0, 1, 1, 0, 1, 1, 0, 1, 0, 1, 0, 0, 0, 0, 1, 0, 1, 1, 0, 1, 0, 1, 0, 0, 1, 1, 0, 0, 0, 1, 0, 0, 0, 0, 1, 1, 0, 0, 1, 0, 1, 1, 1, 0, 0, 0, 1, 1, 1, 1, 0, 0, 0, 0, 1, 0, 1, 1, 0, 0, 0, 0, 1, 0, 0, 0, 0, 0, 1, 1, 0, 1, 1, 1, 1, 1, 0, 1, 1, 0, 0, 0, 0, 0, 0, 0, 0, 0, 1, 0, 1, 0, 0, 0, 0, 1, 1, 0, 1, 0, 0, 0, 1, 1, 0, 1, 1, 0, 0, 1, 1, 1, 0, 0, 0, 1, 0, 1, 1, 1, 1, 0, 1], "predicted_labels": [0, 0, 0, 0, 0, 0, 1, 0, 0, 0, 1, 0, 0, 1, 1, 1, 0, 1, 0, 0, 0, 0, 0, 0, 1, 1, 1, 1, 0, 0, 0, 0, 0, 0, 1, 0, 1, 1, 0, 0, 0, 1, 1, 1, 1, 1, 1, 1, 0, 0, 0, 1, 0, 0, 0, 1, 0, 1, 1, 0, 0, 0, 1, 0, 1, 0, 1, 1, 0, 0, 0, 0, 0, 0, 0, 0, 1, 0, 0, 0, 1, 0, 1, 0, 0, 0, 0, 0, 1, 0, 0, 1, 1, 1, 1, 1, 0, 1, 0, 1, 1, 0, 0, 0, 0, 1, 0, 1, 1, 0, 1, 0, 0, 0, 0, 1, 0, 1, 0, 0, 1, 0, 0, 1, 1, 1, 1, 1, 0, 0, 1, 1, 1, 0, 0, 1, 0, 0, 0, 1, 0, 0, 0], "confidence_scores": [[0.7661210364571607, 0.23387896354283935], [0.8702705708476144, 0.12972942915238567], [0.8419179851296483, 0.15808201487035167], [0.909049954611749, 0.09095004538825104], [0.5132418491596904, 0.48675815084030954], [0.8979391987795184, 0.10206080122048151], [0.2524505534121775, 0.7475494465878225], [0.9417125562054952, 0.058287443794504824], [0.9372286545664967, 0.06277134543350323], [0.908458267758636, 0.091541732241364], [0.03195694956725437, 0.9680430504327456], [0.5353078607100918, 0.4646921392899082], [0.5390103533857915, 0.46098964661420855], [0.10688323487321905, 0.893116765126781], [0.3755956524032201, 0.6244043475967799], [0.25143884957847096, 0.748561150421529], [0.8773288915370093, 0.12267110846299066], [0.22079381030927825, 0.7792061896907218], [0.9616516410562389, 0.03834835894376109], [0.7745409720823737, 0.22545902791762626], [0.9468438621831692, 0.05315613781683087], [0.5337848566587483, 0.4662151433412517], [0.6181870227368174, 0.3818129772631826], [0.8032939504757995, 0.19670604952420043], [0.08581998539134883, 0.9141800146086512], [0.22027410730137054, 0.7797258926986295], [0.3663804534366809, 0.6336195465633191], [0.03131968665996021, 0.9686803133400398], [0.5832340832279843, 0.41676591677201563], [0.7509619528341246, 0.24903804716587538], [0.5285931064352779, 0.4714068935647221], [0.683376175252196, 0.31662382474780404], [0.7541429824203201, 0.24585701757967987], [0.8528372678104756, 0.1471627321895243], [0.1571645196628516, 0.8428354803371484], [0.8694302780439276, 0.13056972195607236], [0.4324886248038077, 0.5675113751961923], [0.21114680272570807, 0.7888531972742919], [0.8301378293004589, 0.16986217069954115], [0.6115697398329779, 0.3884302601670221], [0.7119166348769111, 0.28808336512308885], [0.12934443947072716, 0.8706555605292728], [0.2904027899506336, 0.7095972100493664], [0.3630469222188175, 0.6369530777811825], [0.2739107499757846, 0.7260892500242154], [0.3069552154044176, 0.6930447845955824], [0.37703382464733814, 0.6229661753526619], [0.3302137993580654, 0.6697862006419346], [0.6594275309888951, 0.340572469011105], [0.6373557413891457, 0.3626442586108542], [0.875958345050948, 0.12404165494905199], [0.3531858465465403, 0.6468141534534597], [0.8686560176577265, 0.13134398234227357], [0.9612386458422685, 0.038761354157731506], [0.691232923959247, 0.30876707604075304], [0.17681578939517129, 0.8231842106048287], [0.7321150638121704, 0.2678849361878296], [0.35504832825462573, 0.6449516717453743], [0.20683184518610553, 0.7931681548138945], [0.9595880861037867, 0.04041191389621332], [0.6628189940736262, 0.33718100592637384], [0.9154138732406729, 0.08458612675932706], [0.3998881611397517, 0.6001118388602483], [0.8687228957140188, 0.1312771042859812], [0.35891318167957853, 0.6410868183204215], [0.8085726019030598, 0.19142739809694018], [0.038693112574355926, 0.9613068874256441], [0.25094585047878915, 0.7490541495212109], [0.7654714828302985, 0.23452851716970147], [0.9358252904603523, 0.06417470953964771], [0.6510828800114221, 0.34891711998857794], [0.8561425883503958, 0.1438574116496042], [0.9374526814012728, 0.06254731859872724], [0.6423259580343221, 0.3576740419656778], [0.6012938367059243, 0.3987061632940757], [0.7164748968554817, 0.28352510314451823], [0.25276098429000604, 0.747239015709994], [0.73993278698845, 0.26006721301154995], [0.6924738139155765, 0.3075261860844235], [0.9224200409750174, 0.07757995902498255], [0.1767379478844443, 0.8232620521155557], [0.615775506221047, 0.3842244937789529], [0.4411975777330428, 0.5588024222669572], [0.933116075194263, 0.06688392480573703], [0.8731819861615466, 0.12681801383845331], [0.8595038391631262, 0.14049616083687375], [0.8308475146532266, 0.16915248534677346], [0.9104563261408459, 0.08954367385915404], [0.2279489901883366, 0.7720510098116634], [0.7329288802241224, 0.2670711197758776], [0.7061418823316092, 0.29385811766839076], [0.27412792634873673, 0.7258720736512633], [0.19717807087091355, 0.8028219291290865], [0.14134727762026977, 0.8586527223797302], [0.23528112973625115, 0.7647188702637489], [0.43140592992676796, 0.568594070073232], [0.7468242455455354, 0.2531757544544646], [0.30558042087797765, 0.6944195791220223], [0.6218186898132707, 0.37818131018672935], [0.43009911177427507, 0.5699008882257249], [0.47725439931899793, 0.5227456006810021], [0.9451097303053506, 0.054890269694649434], [0.7546794970337682, 0.24532050296623173], [0.9647790352318701, 0.03522096476812985], [0.8663762193844968, 0.13362378061550323], [0.1102868029454922, 0.8897131970545078], [0.709498918663171, 0.29050108133682895], [0.09849113451552016, 0.9015088654844798], [0.29766009454484066, 0.7023399054551593], [0.9616969472019326, 0.03830305279806743], [0.09301794598454471, 0.9069820540154553], [0.9702568359080078, 0.029743164091992198], [0.8679959732810338, 0.13200402671896622], [0.8822322552808799, 0.11776774471912015], [0.9843134200385523, 0.015686579961447743], [0.38205420813332636, 0.6179457918666736], [0.704632348499346, 0.29536765150065397], [0.10536408309632561, 0.8946359169036744], [0.7597168598043413, 0.24028314019565863], [0.8146654462604784, 0.18533455373952157], [0.4709519523086555, 0.5290480476913445], [0.8928070874914702, 0.10719291250852975], [0.5117835538451536, 0.48821644615484644], [0.44419147784641877, 0.5558085221535812], [0.4729237040094133, 0.5270762959905867], [0.42582021501749023, 0.5741797849825098], [0.2041622435862549, 0.7958377564137451], [0.42420146987845553, 0.5757985301215445], [0.5387827801871202, 0.4612172198128798], [0.6077247009762434, 0.3922752990237565], [0.15962977195798045, 0.8403702280420196], [0.17882933496921993, 0.8211706650307801], [0.371967332504076, 0.628032667495924], [0.8387840064008537, 0.16121599359914626], [0.8131578008437081, 0.1868421991562918], [0.22238743025042707, 0.7776125697495729], [0.9034315594815008, 0.09656844051849928], [0.8828407816973385, 0.11715921830266146], [0.5766703891027397, 0.4233296108972603], [0.1269736981474746, 0.8730263018525254], [0.5089648581299315, 0.4910351418700685], [0.6366399556706515, 0.36336004432934854], [0.8033922222649666, 