{"test": {"ids": ["186", "703", "60", "59", "627", "335", "391", "512", "481", "579", "10", "247", "387", "384", "99", "427", "244", "41", "219", "19", "635", "556", "4", "71", "377", "364", "673", "133", "676", "80", "312", "189", "467", "680", "434", "229", "444", "505", "225", "674", "6", "209", "272", "5", "231", "215", "480", "468", "217", "554", "707", "158", "283", "477", "478", "634", "145", "436", "639", "640", "313", "408", "705", "207", "44", "682", "353", "331", "414", "182", "38", "435", "608", "165", "206", "259", "614", "279", "550", "248", "179", "51", "108", "638", "622", "117", "531", "98", "393", "431", "216", "344", "220", "456", "27", "704", "419", "140", "685", "35", "232", "42", "632", "100", "696", "497", "115", "365", "199", "226", "656", "113", "106", "270"], "labels": [0, 1, 1, 1, 1, 1, 1, 0, 0, 0, 0, 1, 1, 1, 0, 1, 0, 0, 0, 0, 0, 0, 0, 1, 1, 1, 0, 1, 0, 1, 0, 0, 0, 0, 1, 0, 0, 0, 0, 0, 0, 0, 0, 0, 0, 0, 0, 0, 0, 1, 1, 1, 0, 0, 0, 0, 1, 1, 0, 0, 0, 1, 1, 0, 0, 0, 1, 1, 1, 0, 0, 1, 0, 1, 0, 1, 0, 0, 0, 1, 0, 0, 0, 0, 1, 1, 1, 0, 1, 1, 0, 1, 0, 0, 0, 1, 1, 1, 0, 0, 0, 0, 0, 0, 1, 0, 1, 1, 0, 0, 0, 1, 1, 0], "predicted_labels": [0, 0, 0, 1, 1, 1, 0, 0, 0, 0, 0, 0, 0, 0, 0, 0, 0, 1, 0, 0, 0, 0, 0, 1, 1, 1, 0, 0, 0, 1, 0, 0, 1, 0, 0, 0, 0, 0, 0, 0, 0, 0, 0, 0, 0, 0, 0, 0, 0, 0, 0, 0, 0, 0, 0, 0, 1, 1, 0, 0, 0, 0, 1, 0, 1, 0, 0, 0, 0, 0, 0, 0, 0, 1, 0, 0, 0, 0, 0, 1, 0, 1, 0, 0, 0, 1, 0, 1, 0, 0, 0, 0, 0, 0, 1, 0, 0, 1, 1, 0, 0, 1, 0, 1, 0, 0, 0, 1, 0, 0, 0, 0, 0, 0], "confidence_scores": [[0.6229243242950855, 0.3770756757049145], [0.6270071114363971, 0.37299288856360296], [0.5414674599687688, 0.4585325400312311], [0.4491565365441601, 0.5508434634558399], [0.46735022638247903, 0.5326497736175211], [0.46011131124441573, 0.5398886887555842], [0.5811877738997815, 0.4188122261002187], [0.6476352020333109, 0.3523647979666889], [0.6025057744355141, 0.3974942255644859], [0.5274814758582747, 0.47251852414172535], [0.6069579422850228, 0.39304205771497736], [0.5195137786309952, 0.48048622136900476], [0.551692827638974, 0.448307172361026], [0.5072833635306355, 0.49271663646936437], [0.5176393106478427, 0.48236068935215726], [0.5351852812712488, 0.4648147187287512], [0.5822990038990933, 0.4177009961009068], [0.4952196942452226, 0.5047803057547774], [0.5794349613998742, 0.4205650386001259], [0.5377839618537992, 0.4622160381462008], [0.5938802693728603, 0.40611973062713963], [0.6282276433157736, 0.371772356684226], [0.6504229887358616, 0.3495770112641381], [0.40246212885147253, 0.5975378711485273], [0.4103834585404452, 0.5896165414595548], [0.4013312966865288, 0.5986687033134711], [0.6485621690187958, 0.3514378309812043], [0.5681971443469105, 0.43180285565308957], [0.501261104562903, 0.49873889543709704], [0.3945984899387053, 0.6054015100612946], [0.5189471400821942, 0.4810528599178058], [0.6152063438365668, 0.38479365616343286], [0.41359863298110555, 0.5864013670188947], [0.6364710291573007, 0.36352897084269925], [0.5186054903355268, 0.4813945096644731], [0.6122236182756989, 0.3877763817243013], [0.5148156200278965, 0.4851843799721034], [0.6328452595682523, 0.36715474043174773], [0.523882562079143, 0.476117437920857], [0.5690487576396948, 0.43095124236030524], [0.5940288003349192, 0.4059711996650809], [0.5925997093980241, 0.40740029060197586], [0.6893811675862661, 0.31061883241373395], [0.5642107909948388, 0.43578920900516105], [0.6271152184811662, 0.3728847815188335], [0.6294114624166504, 0.3705885375833497], [0.5753567284412034, 0.4246432715587966], [0.5816365343032613, 0.41836346569673877], [0.7069711656256165, 0.29302883437438376], [0.6360929314329204, 0.36390706856707966], [0.5277095686940418, 0.4722904313059581], [0.5556354518418593, 0.4443645481581406], [0.5019194429714866, 0.49808055702851334], [0.5366907836403545, 0.46330921635964545], [0.5979876592210933, 0.4020123407789068], [0.630424771837413, 0.3695752281625871], [0.46734852715568437, 0.5326514728443157], [0.4996260186145001, 0.5003739813854999], [0.559708220170902, 0.4402917798290978], [0.6497789021136975, 0.3502210978863025], [0.5842622291793348, 0.4157377708206652], [0.5195512731584221, 0.4804487268415778], [0.4690611350102482, 0.5309388649897518], [0.6364601859041793, 0.36353981409582076], [0.4341867606526239, 0.5658132393473763], [0.5124579848189514, 0.48754201518104856], [0.5089984391556028, 0.4910015608443971], [0.5947001582269607, 0.4052998417730393], [0.5694227046115998, 0.4305772953884], [0.606593273548303, 0.3934067264516969], [0.561858643311172, 0.4381413566888282], [0.5671928044178044, 0.4328071955821955], [0.5584072267060965, 0.44159277329390334], [0.4138480128043039, 0.5861519871956962], [0.6796461177711177, 0.32035388222888217], [0.5774449009443285, 0.42255509905567146], [0.5614361476678902, 0.43856385233210987], [0.6020150153346709, 0.397984984665329], [0.6860321607147517, 0.31396783928524824], [0.3520498758269454, 0.6479501241730545], [0.5694828380359457, 0.4305171619640545], [0.46186995664652136, 0.5381300433534786], [0.5104878482122076, 0.48951215178779234], [0.6348331054344142, 0.3651668945655857], [0.5478531273504419, 0.452146872649558], [0.49455598019683017, 0.5054440198031699], [0.6681942171212976, 0.3318057828787024], [0.44995106565412096, 0.550048934345879], [0.5650609224119799, 0.43493907758802003], [0.5770883408596823, 0.42291165914031764], [0.5632984505502491, 0.436701549449751], [0.5701945038061577, 0.4298054961938425], [0.5886937733675539, 0.41130622663244615], [0.6244337432799988, 0.3755662567200012], [0.4581490202452612, 0.541850979754739], [0.6471153502142656, 0.35288464978573436], [0.7350480795798995, 0.2649519204201002], [0.40946750768540174, 0.5905324923145983], [0.4982692410005665, 0.5017307589994334], [0.5473924508400416, 0.4526075491599584], [0.5603867073880163, 0.4396132926119837], [0.39224170445357837, 0.6077582955464218], [0.5446711193716216, 0.4553288806283783], [0.49560048367100346, 0.5043995163289966], [0.6174619374644721, 0.38253806253552797], [0.6370683309857751, 0.3629316690142247], [0.5689727938262118, 0.4310272061737883], [0.41268836619016475, 0.5873116338098353], [0.6662579087579087, 0.33374209124209114], [0.5870840765194871, 0.41291592348051287], [0.6189885694148783, 0.38101143058512166], [0.5280615602207607, 0.4719384397792392], [0.5757493711470216, 0.4242506288529785], [0.5820097899521207, 0.41799021004787923]]}, "rewritten": {"ids": ["4", "5", "6", "10", "19", "27", "35", "38", "41", "42", "44", "51", "59", "60", "71", "80", "98", "99", "100", "106", "108", "113", "115", "117", "133", "140", "145", "158", "165", "179", "182", "186", "189", "199", "206", "207", "209", "215", "216", "217", "219", "220", "225", "226", "229", "231", "232", "244", "247", "248", "259", "270", "272", "279", "283", "312", "313", "331", "335", "344", "353", "364", "365", "377", "384", "387", "391", "393", "408", "414", "419", "427", "431", "434", "435", "436", "444", "456", "467", "468", "477", "478", "480", "481", "497", "505", "512", "531", "550", "554", "556", "579", "608", "614", "622", "627", "632", "634", "635", "638", "639", "640", "656", "673", "674", "676", "680", "682", "685", "696", "703", "704", "705", "707"], "labels": [0, 0, 0, 0, 0, 0, 0, 0, 0, 0, 0, 0, 1, 1, 1, 1, 0, 0, 0, 1, 0, 1, 1, 1, 1, 1, 1, 1, 1, 0, 0, 0, 0, 0, 0, 0, 0, 0, 0, 0, 0, 0, 0, 0, 0, 0, 0, 0, 1, 1, 1, 0, 0, 0, 0, 0, 0, 1, 1, 1, 1, 1, 1, 1, 1, 1, 1, 1, 1, 1, 1, 1, 1, 1, 1, 1, 0, 0, 0, 0, 0, 0, 0, 0, 0, 0, 0, 1, 0, 1, 0, 0, 0, 0, 1, 1, 0, 0, 0, 0, 0, 0, 0, 0, 0, 0, 0, 0, 0, 1, 1, 1, 1, 1], "predicted_labels": [0, 0, 0, 0, 0, 1, 0, 0, 0, 1, 0, 1, 0, 0, 1, 1, 1, 0, 0, 1, 1, 1, 0, 1, 0, 1, 1, 0, 1, 0, 0, 0, 0, 0, 0, 0, 1, 0, 0, 0, 0, 0, 0, 0, 0, 0, 0, 0, 0, 1, 0, 0, 0, 0, 0, 0, 0, 0, 1, 0, 1, 1, 1, 1, 1, 0, 0, 0, 0, 0, 0, 0, 0, 0, 0, 1, 0, 0, 1, 0, 0, 0, 0, 0, 0, 0, 0, 0, 0, 0, 0, 1, 0, 0, 0, 1, 0, 0, 0, 0, 0, 0, 0, 0, 0, 0, 0, 1, 1, 0, 0, 1, 0, 0],