{"test": {"ids": ["42", "510", "163", "408", "182", "436", "86", "210", "201", "209", "191", "312", "503", "616", "633", "518", "546", "608", "187", "114", "372", "305", "290", "122", "442", "133", "460", "331", "39", "463", "523", "660", "318", "490", "662", "541", "80", "506", "428", "580", "24", "294", "2", "610", "315", "125", "575", "670", "247", "370", "146", "418", "88", "437", "326", "377", "548", "15", "477", "346", "379", "398", "706", "354", "381", "148", "399", "121", "559", "676", "400", "219", "592", "386", "165", "113", "292", "480", "609", "71", "60", "658", "691", "593", "14", "628", "494", "516", "606", "483", "584", "84", "4", "262", "139", "692", "26", "217", "511", "159", "613", "570", "445", "395", "241", "317", "319", "555", "505", "617", "287", "690", "226", "325", "675", "569", "626", "128", "652", "271", "361", "700", "696", "565", "169", "337", "103", "323", "238", "446", "375", "465", "615", "434", "481", "57", "47", "351", "157", "329", "529"], "labels": [1, 1, 0, 0, 1, 0, 0, 1, 1, 1, 1, 1, 1, 0, 0, 0, 0, 0, 1, 1, 0, 1, 1, 0, 0, 0, 1, 0, 1, 1, 0, 0, 1, 1, 0, 1, 1, 1, 0, 1, 1, 1, 0, 0, 1, 0, 1, 0, 0, 0, 0, 0, 0, 0, 0, 0, 0, 0, 1, 0, 1, 0, 0, 0, 1, 0, 0, 0, 1, 0, 0, 1, 1, 0, 0, 1, 1, 1, 0, 1, 1, 0, 0, 1, 0, 1, 0, 0, 0, 0, 1, 0, 0, 0, 0, 0, 1, 1, 1, 0, 0, 1, 0, 0, 1, 1, 1, 1, 1, 0, 1, 0, 1, 0, 0, 1, 1, 0, 0, 1, 0, 0, 0, 1, 0, 0, 0, 1, 1, 0, 0, 1, 0, 0, 0, 1, 1, 0, 0, 0, 0], "predicted_labels": [0, 0, 1, 0, 0, 0, 0, 1, 0, 1, 1, 0, 0, 1, 0, 0, 0, 1, 0, 1, 0, 1, 0, 0, 0, 1, 1, 0, 1, 1, 0, 1, 0, 0, 0, 1, 0, 0, 0, 1, 1, 1, 0, 0, 1, 0, 1, 1, 1, 0, 0, 0, 0, 1, 0, 1, 1, 1, 0, 0, 1, 1, 0, 0, 1, 0, 0, 0, 1, 0, 0, 1, 1, 1, 0, 0, 1, 1, 1, 0, 1, 0, 0, 1, 0, 1, 0, 0, 1, 0, 1, 1, 0, 1, 0, 0, 1, 1, 0, 0, 1, 1, 1, 0, 0, 0, 0, 1, 1, 0, 1, 0, 1, 0, 1, 0, 1, 0, 0, 1, 1, 0, 0, 0, 0, 1, 1, 0, 1, 0, 1, 1, 0, 0, 1, 0, 0, 0, 0, 0, 0], "confidence_scores": [[0.7700699968054308, 0.22993000319456922], [0.5156461596293167, 0.48435384037068324], [0.3754422962570805, 0.6245577037429195], [0.6320450097455159, 0.3679549902544841], [0.6577944839287017, 0.34220551607129834], [0.7601203980500845, 0.2398796019499155], [0.5060917752375029, 0.4939082247624971], [0.34033555936994864, 0.6596644406300514], [0.5645176360260328, 0.4354823639739672], [0.4182040701113411, 0.5817959298886589], [0.3380752314154083, 0.6619247685845917], [0.7120588107577285, 0.2879411892422715], [0.6062337137831102, 0.3937662862168898], [0.2544706016854619, 0.7455293983145381], [0.7741177808982839, 0.22588221910171616], [0.5185652075986891, 0.481434792401311], [0.6903985370756502, 0.30960146292434976], [0.34356303748802064, 0.6564369625119794], [0.710263640808405, 0.289736359191595], [0.28909459308859176, 0.7109054069114082], [0.8216705554170061, 0.17832944458299388], [0.4788156746520419, 0.5211843253479581], [0.7653209531365963, 0.23467904686340368], [0.7658799266741, 0.2341200733259], [0.5075526639260752, 0.49244733607392477], [0.33979861639040665, 0.6602013836095934], [0.26039192907772946, 0.7396080709222705], [0.6760047282271633, 0.3239952717728367], [0.34536060850419126, 0.6546393914958087], [0.43924458469663974, 0.5607554153033603], [0.5694331977578226, 0.4305668022421774], [0.29318980505517844, 0.7068101949448216], [0.5256027024317346, 0.47439729756826543], [0.7746402583687992, 0.22535974163120082], [0.6034798485820196, 0.3965201514179804], [0.3851775078714802, 0.6148224921285198], [0.6750841843814165, 0.3249158156185835], [0.516611850497731, 0.48338814950226905], [0.8221169255273298, 0.17788307447267013], [0.3767240352741832, 0.6232759647258168], [0.42624223923507465, 0.5737577607649254], [0.33013371077245335, 0.6698662892275467], [0.6868754038250244, 0.31312459617497557], [0.5353970591893294, 0.46460294081067055], [0.410847840284426, 0.589152159715574], [0.6473585341621223, 0.3526414658378777], [0.11384777264429502, 0.886152227355705], [0.3555482149775435, 0.6444517850224565], [0.1632951075813408, 0.8367048924186592], [0.655107519636358, 0.3448924803636419], [0.830804053656154, 0.16919594634384605], [0.8150080376138115, 0.1849919623861885], [0.8329884619797336, 0.1670115380202663], [0.49317156351818847, 0.5068284364818115], [0.8298520620871781, 0.1701479379128219], [0.43948473770822205, 0.560515262291778], [0.16826190984917588, 0.8317380901508241], [0.28613423742060873, 0.7138657625793913], [0.6049612809664402, 0.39503871903355975], [0.5529594892245924, 0.44704051077540763], [0.3854857842535464, 0.6145142157464536], [0.2870139172157443, 0.7129860827842557], [0.5293310581099424, 0.4706689418900576], [0.6828391101092072, 0.31716088989079283], [0.3242474373403895, 0.6757525626596105], [0.6170857960129783, 0.38291420398702175], [0.6607393006593176, 0.3392606993406823], [0.7138466485984718, 0.28615335140152826], [0.2523273392598563, 0.7476726607401437], [0.7183342271106864, 0.2816657728893136], [0.5687373010435102, 0.4312626989564899], [0.41040838045145067, 0.5895916195485493], [0.46825563305502516, 0.5317443669449748], [0.3749107296453118, 0.6250892703546882], [0.7094326182837349, 0.2905673817162651], [0.5384566358947341, 0.46154336410526586], [0.2711645092454973, 0.7288354907545027], [0.3702881244681796, 0.6297118755318204], [0.3717355211486614, 0.6282644788513386], [0.6806794032994348, 0.31932059670056523], [0.4827594505606092, 0.5172405494393908], [0.6662348257279969, 0.3337651742720032], [0.7048996643772357, 0.2951003356227643], [0.33673214162560916, 0.6632678583743908], [0.6288630189352091, 0.3711369810647908], [0.4725951138966602, 0.5274048861033398], [0.581278617863275, 0.4187213821367251], [0.5408057647504494, 0.45919423524955055], [0.2495017556035446, 0.7504982443964554], [0.5213930719582927, 0.4786069280417074], [0.3908032208987846, 0.6091967791012154], [0.45956015046575105, 0.540439849534249], [0.6263119805802779, 0.3736880194197221], [0.42426705538606724, 0.5757329446139328], [0.6630979891983129, 0.3369020108016871], [0.5506944501539999, 0.44930554984600013], [0.4628260372543389, 0.5371739627456611], [0.23222266345338494, 0.7677773365466151], [0.7001790052396502, 0.2998209947603499], [0.7479216790386114, 0.2520783209613886], [0.297436779857035, 0.702563220142965], [0.26631587561484404, 0.733684124385156], [0.29174009551429114, 0.7082599044857089], [0.7383756687938063, 0.26162433120619366], [0.5217149541228172, 0.47828504587718274], [0.6350535373524437, 0.36494646264755626], [0.5508796032821947, 0.44912039671780535], [0.4555071322447416, 0.5444928677552584], [0.4910835562932159, 0.5089164437067841], [0.5043304078753261, 0.49566959212467393], [0.42008804654249077, 0.5799119534575092], [0.5734368882776368, 0.4265631117223631], [0.21338576524670594, 0.7866142347532941], [0.8317188917058542, 0.16828110829414572], [0.09302999896254593, 0.9069700010374541], [0.5396666740819358, 0.46033332591806425], [0.20978109193349437, 0.7902189080665056], [0.6846987676162777, 0.3153012323837224], [0.6950352836978158, 0.30496471630218425], [0.27940698703953293, 0.7205930129604671], [0.3785248487594759, 0.6214751512405241], [0.8352789761117579, 0.16472102388824209], [0.7246325563428284, 0.27536744365717164], [0.6727084177215588, 0.3272915822784412], [0.7622966430266193, 0.23770335697338071], [0.3631294947327427, 0.6368705052672573], [0.3939006837107696, 0.6060993162892304], [0.7460244845684734, 0.2539755154315267], [0.2627953660689818, 0.7372046339310182], [0.5109251994989696, 0.4890748005010304], [0.381725006382014, 0.618274993617986], [0.18328073187039806, 0.8167192681296019], [0.5268738064729239, 0.473126193527076], [0.6131546492100985, 0.3868453507899015], [0.295439274982229, 0.704560725017771], [0.6473585341621223, 0.3526414658378777], [0.6656819711246483, 0.33431802887535167], [0.8213182979006234, 0.17868170209937664], [0.6209105148953837, 0.3790894851046162], [0.5434692430071226, 0.45653075699287743], [0.5169035308339214, 0.4830964691660786]]},