{"test": {"ids": ["312", "36", "652", "430", "268", "452", "86", "662", "394", "24", "425", "455", "429", "371", "146", "119", "122", "694", "378", "637", "142", "11", "197", "529", "344", "203", "418", "213", "117", "359", "687", "346", "280", "511", "668", "300", "111", "513", "5", "522", "630", "604", "80", "237", "18", "228", "672", "264", "412", "201", "326", "22", "304", "293", "125", "181", "185", "271", "386", "352", "279", "434", "109", "106", "332", "327", "629", "406", "17", "82", "615", "403", "539", "233", "570", "478", "222", "166", "253", "603", "646", "612", "402", "680", "491", "123", "353", "128", "16", "567", "61", "398", "600", "314", "633", "272", "325", "177", "175", "159", "105", "84", "387", "59", "303", "81", "113", "408", "215", "102", "184", "179", "458", "362"], "labels": [0, 1, 1, 1, 0, 0, 0, 1, 1, 0, 1, 0, 1, 0, 1, 1, 1, 1, 1, 1, 1, 1, 0, 1, 0, 0, 1, 0, 1, 0, 1, 0, 0, 0, 1, 0, 1, 0, 1, 1, 1, 0, 0, 0, 0, 0, 1, 0, 1, 0, 0, 0, 0, 0, 1, 0, 0, 0, 1, 0, 0, 1, 1, 1, 0, 0, 1, 1, 1, 1, 0, 1, 1, 0, 0, 0, 0, 1, 1, 0, 1, 0, 1, 1, 0, 1, 0, 1, 0, 0, 0, 1, 0, 0, 1, 0, 0, 0, 0, 1, 1, 0, 1, 0, 0, 1, 1, 1, 0, 1, 0, 0, 0, 0], "predicted_labels": [0, 0, 1, 1, 1, 0, 1, 0, 0, 0, 0, 0, 0, 0, 0, 0, 0, 0, 0, 1, 1, 0, 0, 0, 0, 0, 0, 0, 1, 0, 0, 0, 0, 0, 0, 1, 0, 0, 0, 0, 0, 0, 1, 0, 0, 0, 0, 1, 1, 0, 0, 0, 0, 0, 1, 0, 0, 0, 1, 0, 0, 0, 1, 0, 0, 0, 1, 0, 0, 0, 0, 0, 0, 0, 0, 0, 0, 1, 0, 0, 0, 0, 1, 0, 0, 0, 0, 1, 1, 1, 0, 0, 0, 0, 1, 0, 0, 0, 0, 1, 0, 0, 0, 1, 0, 0, 0, 0, 0, 0, 0, 0, 0, 0], "confidence_scores": [[0.5635050362064962, 0.43649496379350405], [0.5378907291631525, 0.46210927083684766], [0.49791948122242163, 0.5020805187775784], [0.4915899945375957, 0.5084100054624042], [0.44761574258091075, 0.5523842574190891], [0.5713541274507954, 0.4286458725492045], [0.4346890312440703, 0.5653109687559297], [0.5677040187014952, 0.4322959812985048], [0.5008690586370705, 0.49913094136292957], [0.5684387262951626, 0.4315612737048374], [0.6803933331249088, 0.3196066668750906], [0.5990796849899802, 0.4009203150100196], [0.5113338349030409, 0.48866616509695904], [0.5570694429303051, 0.4429305570696948], [0.5185948736616302, 0.48140512633836996], [0.6985742457028363, 0.30142575429716356], [0.6194731993206234, 0.38052680067937655], [0.5539823527865679, 0.4460176472134324], [0.6164126919136597, 0.38358730808633984], [0.3704249931511924, 0.6295750068488072], [0.38473876723259187, 0.6152612327674076], [0.5043270249785559, 0.49567297502144414], [0.6722508695622732, 0.3277491304377265], [0.5398391310450397, 0.4601608689549602], [0.5729404125671453, 0.4270595874328549], [0.601433865958609, 0.3985661340413908], [0.5391674585371147, 0.4608325414628851], [0.5774192047428732, 0.4225807952571268], [0.483743511495738, 0.516256488504262], [0.5186219971287079, 0.4813780028712921], [0.646157027254284, 0.353842972745716], [0.5508085633050749, 0.4491914366949251], [0.5666502632380898, 0.4333497367619102], [0.5263558442454633, 0.47364415575453667], [0.5102357854266198, 0.48976421457338015], [0.4572253431686991, 0.5427746568313009], [0.5917774600703232, 0.408222539929677], [0.527743360694445, 0.4722566393055552], [0.5560419727954802, 0.44395802720451966], [0.5934068530888931, 0.4065931469111074], [0.5273547355354542, 0.4726452644645459], [0.5128940859322594, 0.4871059140677407], [0.377740559947832, 0.6222594400521676], [0.6179587733317193, 0.3820412266682804], [0.5734254285146624, 0.42657457148533756], [0.5426052622668834, 0.45739473773311656], [0.5118199471347462, 0.48818005286525357], [0.4513734785600513, 0.5486265214399487], [0.47872693645512343, 0.5212730635448766], [0.5933932467755991, 0.4066067532244012], [0.5865671370054835, 0.41343286299451665], [0.50541685458489, 0.49458314541510995], [0.61386908080534, 0.38613091919466025], [0.5607693763066262, 0.43923062369337407], [0.4502673729927085, 0.5497326270072913], [0.6559968688493509, 0.3440031311506492], [0.6149903695556284, 0.38500963044437186], [0.5856115730071113, 0.4143884269928885], [0.48764862078612736, 0.5123513792138725], [0.5024431674966593, 0.49755683250334076], [0.5002067623365248, 0.49979323766347517], [0.6057126591597012, 0.3942873408402985], [0.4945007071224141, 0.5054992928775859], [0.5718417390845194, 0.4281582609154808], [0.5498211073289317, 0.45017889267106836], [0.6571906373401943, 0.34280936265980577], [0.4749883513141284, 0.5250116486858716], [0.6494739808612138, 0.3505260191387865], [0.5849730320447983, 0.4150269679552016], [0.5628163262493936, 0.4371836737506064], [0.6544344523223202, 0.3455655476776796], [0.5843361629244669, 0.4156638370755331], [0.6619729963686432, 0.3380270036313565], [0.5171606273124872, 0.4828393726875129], [0.5667543315905721, 0.43324566840942813], [0.502792069288685, 0.4972079307113149], [0.5896230240320119, 0.41037697596798833], [0.32869522264964074, 0.6713047773503595], [0.5146610190816325, 0.4853389809183674], [0.5877772111385567, 0.41222278886144337], [0.5533551657695376, 0.44664483423046253], [0.5490591352062008, 0.45094086479379936], [0.49002058191834663, 0.5099794180816534], [0.6029474114849667, 0.3970525885150335], [0.5137673013357077, 0.4862326986642924], [0.5748108452100433, 0.4251891547899565], [0.6340452363302805, 0.3659547636697197], [0.49678255532063076, 0.5032174446793692], [0.46927958866677505, 0.5307204113332249], [0.4512653224113896, 0.5487346775886103], [0.5896813885028924, 0.41031861149710724], [0.5230096723397658, 0.4769903276602345], [0.6041451286072909, 0.39585487139270936], [0.5083954191949263, 0.4916045808050737], [0.47426076379483445, 0.5257392362051655], [0.6731036757487078, 0.3268963242512923], [0.6159239752474168, 0.38407602475258334], [0.5515335446597709, 0.4484664553402292], [0.6370432979968815, 0.3629567020031187], [0.4176301871071172, 0.5823698128928827], [0.5235341035636557, 0.4764658964363444], [0.5428812433732203, 0.4571187566267798], [0.5516102403650981, 0.44838975963490174], [0.49259674938651354, 0.5074032506134865], [0.5736023192997916, 0.42639768070020845], [0.5187904221363643, 0.4812095778636356], [0.5915249779793338, 0.4084750220206661], [0.5598418866742226, 0.4401581133257773], [0.6223464741503173, 0.3776535258496831], [0.5910742141992857, 0.4089257858007144], [0.6245335167506517, 0.3754664832493485], [0.5042018134871097, 0.4957981865128903], [0.5628315940856384, 0.43716840591436146], [0.5805830860576264, 0.4194169139423734]]}, "rewritten": {"ids": ["5", "11", "16", "17", "18", "22", "24", "36", "59", "61", "80", "81", "82", "84", "86", "102", "105", "106", "109", "111", "113", "117", "119", "122", "123", "125", "128", "142", "146", "159", "166", "175", "177", "179", "181", "184", "185", "197", "201", "203", "213", "215", "222", "228", "233", "237", "253", "264", "268", "271", "272", "279", "280", "293", "300", "303", "304", "312", "314", "325", "326", "327", "332", "344", "346", "352", "353", "359", "362", "371", "378", "386", "387", "394", "398", "402", "403", "406", "408", "412", "418", "425", "429", "430", "434", "452", "455", "458", "478", "491", "511", "513", "522", "529", "539", "567", "570", "600", "603", "604", "612", "615", "629", "630", "633", "637", "646", "652", "662", "668", "672", "680", "687", "694"], "labels": [1, 1, 0, 1, 0, 0, 0, 1, 0, 0, 0, 1, 1, 0, 0, 1, 1, 1, 1, 1, 1, 1, 1, 1, 1, 1, 1, 1, 1, 1, 1, 0, 0, 0, 0, 0, 0, 0, 0, 0, 0, 0, 0, 0, 0, 0, 1, 0, 0, 0, 0, 0, 0, 0, 0, 0, 0, 0, 0, 0, 0, 0, 0, 0, 0, 0, 0, 0, 0, 0, 1, 1, 1, 1, 1, 1, 1, 1, 1, 1, 1, 1, 1, 1, 1, 0, 0, 0, 0, 0, 0, 0, 1, 1, 1, 0, 0, 0, 0, 0, 0, 0, 1, 1, 1, 1, 1, 1, 1, 1, 1, 1, 1, 1], "predicted_labels": [0, 0, 0, 0, 0, 0, 0, 0, 1, 0, 1, 1, 0, 0, 1, 0, 0, 0, 1, 0, 0, 0, 0, 0, 0, 1, 1, 1, 1, 1, 1, 0, 0, 0, 0, 0, 0, 0, 0, 0, 0, 0, 0, 0, 0, 0, 0, 1, 1, 0, 0, 0, 0, 0, 1, 0, 0, 0, 1, 0, 0, 0, 1, 0, 0, 0, 0, 0, 0, 0, 0, 1, 0, 0, 0, 1, 0, 0, 0, 1, 0, 0, 0, 0, 0, 0, 0, 0, 0, 1, 0, 0, 0, 0, 0, 1, 0, 0, 0, 1, 0, 0, 1, 1, 1, 1, 0, 1, 0, 1, 1, 0, 0, 1],