{"test": {"ids": ["610", "85", "403", "534", "519", "495", "482", "657", "414", "576", "183", "424", "139", "512", "453", "676", "277", "120", "91", "295", "84", "364", "360", "442", "508", "10", "248", "37", "252", "568", "5", "336", "358", "18", "15", "218", "471", "647", "41", "463", "231", "344", "16", "554", "190", "446", "272", "206", "559", "267", "226", "81", "137", "622", "352", "679", "335", "305", "667", "368", "393", "532", "60", "487", "391", "627", "162", "681", "291", "357", "141", "473", "174", "515", "673", "513", "200", "186", "658", "500", "689", "29", "56", "301", "105", "217", "448", "413", "6", "604", "656", "256", "238", "665", "640", "418", "426", "50", "427", "1", "609", "666", "27", "510", "276", "304", "611", "371", "356", "109", "359", "700", "281", "296", "409", "584", "633", "294", "489", "608", "299", "25", "243", "230", "51", "374", "539", "692", "582", "282", "595", "435", "315", "333", "271", "39", "701", "416", "400", "493", "644", "167", "102"], "labels": [0, 0, 1, 1, 1, 0, 0, 1, 1, 0, 0, 1, 1, 0, 0, 1, 0, 1, 1, 0, 0, 0, 0, 1, 0, 1, 0, 1, 1, 0, 1, 0, 0, 0, 1, 0, 0, 1, 1, 0, 0, 0, 0, 1, 0, 0, 0, 0, 0, 0, 0, 1, 1, 1, 0, 1, 0, 0, 1, 0, 1, 1, 0, 0, 1, 1, 1, 1, 0, 0, 1, 0, 0, 0, 1, 0, 0, 0, 1, 0, 1, 0, 1, 0, 1, 0, 0, 1, 1, 0, 1, 0, 0, 1, 1, 1, 1, 1, 1, 0, 0, 1, 0, 0, 0, 0, 0, 0, 0, 1, 0, 1, 0, 0, 1, 0, 1, 0, 0, 0, 0, 0, 0, 0, 1, 0, 1, 1, 0, 0, 0, 1, 0, 0, 0, 1, 1, 1, 1, 1, 1, 1, 1], "predicted_labels": [0, 1, 1, 0, 1, 1, 0, 0, 0, 0, 0, 0, 1, 0, 0, 1, 1, 1, 0, 1, 1, 0, 1, 1, 0, 1, 1, 1, 1, 0, 0, 1, 0, 0, 1, 0, 0, 1, 0, 0, 0, 0, 1, 0, 0, 0, 0, 0, 0, 0, 0, 1, 0, 1, 0, 1, 1, 0, 1, 0, 1, 1, 0, 0, 0, 1, 1, 0, 0, 0, 1, 0, 1, 0, 1, 1, 0, 0, 1, 1, 1, 1, 1, 0, 1, 0, 0, 1, 1, 0, 0, 0, 0, 1, 0, 0, 1, 1, 1, 0, 1, 0, 1, 0, 0, 0, 0, 0, 1, 1, 0, 1, 0, 0, 0, 0, 1, 1, 1, 0, 0, 1, 1, 0, 0, 1, 0, 0, 0, 0, 0, 1, 1, 1, 0, 0, 0, 1, 0, 1, 1, 1, 0], "confidence_scores": [[0.9794561793857635, 0.02054382061423646], [0.2820953523143036, 0.7179046476856961], [0.12445602711734968, 0.8755439728826504], [0.7771231907138213, 0.22287680928617867], [0.19765576753809713, 0.8023442324619029], [0.2000065707936948, 0.7999934292063052], [0.6324333356199133, 0.3675666643800868], [0.8380124713999406, 0.16198752860005916], [0.813610755459995, 0.18638924454000502], [0.9995412452110067, 0.0004587547889932316], [0.9359000489182498, 0.06409995108175029], [0.6782949395989931, 0.32170506040100694], [0.00571590304273963, 0.9942840969572604], [0.8815417697306858, 0.11845823026931436], [0.9807500655872251, 0.01924993441277497], [0.020767053892435248, 0.9792329461075647], [0.4727716181346104, 0.5272283818653897], [0.26454870304051725, 0.7354512969594826], [0.85515742619837, 0.1448425738016299], [0.31747724304194747, 0.6825227569580525], [0.04813910827643899, 0.9518608917235609], [0.536923736607575, 0.4630762633924249], [0.3118761505046261, 0.6881238494953741], [0.32036316006258636, 0.6796368399374139], [0.8754111595583648, 0.1245888404416354], [0.09101204664087574, 0.9089879533591244], [0.06927199446813452, 0.9307280055318656], [0.18482538176477017, 0.8151746182352299], [0.3275941697743652, 0.6724058302256348], [0.9953693617061269, 0.004630638293873076], [0.8491928195558913, 0.1508071804441088], [0.04160214683968653, 0.9583978531603137], [0.8203497816256968, 0.17965021837430298], [0.7990049183923488, 0.20099508160765148], [0.2949297974145587, 0.7050702025854412], [0.8141654180225202, 0.18583458197747976], [0.9876360897699372, 0.012363910230062673], [0.08022550550880075, 0.9197744944911993], [0.868364397621375, 0.13163560237862512], [0.984116795400719, 0.015883204599281015], [0.9577405960378376, 0.04225940396216244], [0.9192705942924665, 0.08072940570753355], [0.05915192693271801, 0.940848073067282], [0.5715376186729404, 0.4284623813270596], [0.7734086613189137, 0.22659133868108644], [0.9685074716943746, 0.03149252830562533], [0.9035230888644483, 0.09647691113555176], [0.9968126491036187, 0.0031873508963812824], [0.9978021026328029, 0.002197897367197081], [0.9585732083053571, 0.04142679169464296], [0.8528664034794696, 0.14713359652053046], [0.4362666913193761, 0.5637333086806239], [0.6295106433491979, 0.3704893566508021], [0.12229182453854302, 0.8777081754614571], [0.5619701431469706, 0.4380298568530294], [0.21609892294036484, 0.7839010770596353], [0.2294721372600499, 0.77052786273995], [0.9679894398274194, 0.03201056017258069], [0.030866075935472765, 0.9691339240645269], [0.9107618881594597, 0.08923811184054027], [0.10662621708669706, 0.8933737829133029], [0.2069157387512934, 0.7930842612487066], [0.6442942987107361, 0.3557057012892638], [0.9619599678777352, 0.03804003212226484], [0.9846724334267959, 0.015327566573204205], [0.00959301631509802, 0.9904069836849021], [0.06460416947465714, 0.935395830525343], [0.5158184577526356, 0.48418154224736454], [0.9763973314848733, 0.023602668515126796], [0.5406064894368895, 0.45939351056311034], [0.03899219806336743, 0.9610078019366325], [0.6094236528126515, 0.39057634718734846], [0.38915355073586394, 0.610846449264136], [0.5799843324421309, 0.42001566755786923], [0.49426085012270826, 0.5057391498772918], [0.4194154998550681, 0.5805845001449319], [0.974270737804924, 0.025729262195076024], [0.7714037266667578, 0.228596273333242], [0.2199080547310551, 0.780091945268945], [0.459133780562604, 0.540866219437396], [0.05534409965744671, 0.9446559003425535], [0.13407565023360696, 0.8659243497663931], [0.09606199664878783, 0.9039380033512121], [0.9011607051642124, 0.09883929483578768], [0.33454929021924573, 0.6654507097807543], [0.9944375632305866, 0.005562436769413274], [0.7057950279652118, 0.29420497203478846], [0.06385849260828856, 0.9361415073917112], [0.12852236671624254, 0.8714776332837575], [0.9508916405552088, 0.04910835944479115], [0.5938844722297489, 0.40611552777025106], [0.7573340284673366, 0.2426659715326634], [0.9775483044752991, 0.02245169552470101], [0.4374481233561816, 0.5625518766438183], [0.910640962936412, 0.08935903706358807], [0.599515826198965, 0.4004841738010349], [0.03966759876427613, 0.9603324012357237], [0.10690473308383937, 0.8930952669161606], [0.15413239046445282, 0.8458676095355473], [0.943245680723495, 0.05675431927650497], [0.4474607340677653, 0.5525392659322348], [0.6148857256974248, 0.38511427430257517], [0.16662136464909572, 0.8333786353509042], [0.8325971746466854, 0.16740282535331472], [0.864971169996693, 0.13502883000330693], [0.9821303591343119, 0.017869640865688114], [0.9409379929164357, 0.059062007083564246], [0.5891519637429391, 0.41084803625706084], [0.4650801728491179, 0.5349198271508822], [0.2587133819131558, 0.7412866180868442], [0.6968631907194837, 0.303136809280516], [0.418794610466972, 0.5812053895330279], [0.8944377434615738, 0.1055622565384262], [0.9898288874153508, 0.010171112584649181], [0.8391869927662303, 0.16081300723376984], [0.9486673451829625, 0.051332654817037617], [0.039462170200831745, 0.9605378297991684], [0.142017259816347, 0.8579827401836531], [0.09205017662279417, 0.9079498233772058], [0.8616143511612022, 0.13838564883879767], [0.9348208581264649, 0.06517914187353539], [0.2764330064205067, 0.7235669935794932], [0.19525882442636902, 0.8047411755736309], [0.904164940667366, 0.09583505933263375], [0.5875939400157113, 0.41240605998428864], [0.09508925356011046, 0.9049107464398896], [0.9235126481248909, 0.07648735187510901], [0.5426202385368902, 0.4573797614631098], [0.688010638261592, 0.3119893617384078], [0.9125953534727145, 0.0874046465272853], [0.5514178832912174, 0.44858211670878273], [0.4394406624367983, 0.5605593375632016], [0.16409120134445337, 0.8359087986555467], [0.33293153014248117, 0.667068469857519], [0.998015260019015, 0.0019847399809850928], [0.8494957148816578, 0.15050428511834238], [0.6823368572099696, 0.3176631427900305], [0.04816668927455064, 0.9518333107254494], [0.7112045317615853, 0.28879546823841445], [1.2406879899819192e-05, 0.9999875931201002], [0.054444213789407184, 0.945555786210593], [0.023896961175892736, 0.9761030388241072], [0.9707344306278103, 