{"test": {"ids": ["563", "211", "133", "104", "103", "610", "153", "665", "20", "497", "173", "464", "284", "250", "469", "251", "447", "338", "55", "79", "270", "163", "238", "664", "380", "100", "286", "703", "156", "461", "574", "603", "526", "141", "349", "455", "294", "357", "257", "150", "135", "299", "577", "599", "206", "421", "145", "56", "189", "275", "537", "698", "442", "600", "509", "434", "82", "692", "42", "2", "287", "47", "280", "85", "695", "549", "649", "95", "137", "230", "564", "106", "668", "517", "322", "36", "177", "90", "408", "686", "489", "547", "255", "617", "130", "513", "235", "15", "171", "532", "679", "561", "96", "330", "25", "391", "504", "510", "534", "333", "622", "340", "494", "182", "709", "558", "601", "252", "11", "71", "579", "58", "597", "545", "197", "63", "429", "259", "319", "341", "387", "293", "580", "397", "61", "444", "19", "550", "311", "295", "465", "441", "161", "456", "260", "339", "43", "466", "523"], "labels": [0, 0, 1, 1, 1, 0, 1, 1, 0, 0, 1, 0, 0, 1, 0, 1, 0, 0, 1, 0, 0, 1, 0, 1, 1, 1, 0, 1, 1, 0, 0, 0, 1, 1, 0, 0, 0, 0, 0, 1, 1, 0, 0, 0, 0, 1, 1, 1, 0, 0, 1, 1, 1, 0, 0, 1, 1, 1, 1, 0, 0, 1, 0, 0, 1, 1, 1, 1, 1, 0, 0, 1, 1, 1, 0, 1, 0, 1, 1, 1, 0, 1, 0, 0, 1, 0, 0, 1, 1, 1, 1, 0, 1, 0, 0, 1, 0, 0, 1, 0, 1, 0, 0, 0, 1, 0, 0, 1, 1, 0, 0, 1, 0, 1, 0, 0, 1, 0, 0, 0, 1, 0, 0, 1, 0, 0, 0, 1, 0, 0, 0, 1, 1, 0, 0, 0, 1, 0, 1], "predicted_labels": [0, 0, 0, 0, 0, 0, 0, 0, 1, 1, 1, 0, 0, 0, 0, 0, 0, 0, 1, 0, 1, 0, 0, 1, 0, 1, 0, 0, 0, 0, 0, 1, 0, 0, 0, 0, 1, 0, 0, 0, 0, 0, 0, 0, 0, 1, 1, 1, 0, 0, 1, 1, 1, 0, 0, 1, 0, 0, 1, 1, 0, 1, 0, 1, 0, 0, 1, 0, 0, 0, 0, 0, 0, 0, 0, 1, 1, 1, 0, 0, 0, 0, 1, 1, 0, 0, 0, 0, 0, 0, 0, 1, 0, 0, 1, 0, 0, 0, 0, 0, 0, 0, 1, 0, 1, 1, 0, 0, 1, 1, 0, 0, 0, 0, 0, 1, 1, 1, 0, 0, 0, 0, 0, 1, 1, 0, 1, 0, 0, 0, 0, 0, 1, 0, 1, 0, 1, 1, 1], "confidence_scores": [[0.5177968147064826, 0.48220318529351736], [0.7381097717531409, 0.26189022824685937], [0.5723130007054776, 0.4276869992945223], [0.6165880964054439, 0.3834119035945565], [0.6718237534395217, 0.3281762465604781], [0.6606513917233573, 0.33934860827664304], [0.6289968014640236, 0.37100319853597596], [0.5451089809010333, 0.45489101909896645], [0.4543863660594702, 0.5456136339405295], [0.49945071117116024, 0.5005492888288398], [0.4713425483141097, 0.5286574516858904], [0.62541151754717, 0.37458848245283], [0.55472470510054, 0.4452752948994602], [0.5669930436300331, 0.43300695636996706], [0.5860851518534371, 0.41391484814656315], [0.5883905106219854, 0.41160948937801517], [0.5652240136110672, 0.43477598638893317], [0.5348007980902707, 0.46519920190972935], [0.4434655035240241, 0.5565344964759757], [0.6138183913251725, 0.3861816086748279], [0.45294076792802695, 0.5470592320719729], [0.5752176415843057, 0.424782358415695], [0.633737058329923, 0.3662629416700771], [0.4347617522326267, 0.5652382477673731], [0.5601708689186484, 0.4398291310813519], [0.49366509794537705, 0.5063349020546228], [0.7066977184651152, 0.2933022815348856], [0.6172875400176319, 0.38271245998236775], [0.56832493784718, 0.43167506215282037], [0.596631289355222, 0.403368710644778], [0.6954173183789802, 0.30458268162101976], [0.4933285734310743, 0.5066714265689257], [0.5262692634127272, 0.47373073658727294], [0.7072265226299089, 0.2927734773700918], [0.6774770203812431, 0.3225229796187571], [0.5642857576771302, 0.43571424232287026], [0.4939923085732802, 0.5060076914267198], [0.6219942636960961, 0.3780057363039041], [0.5317329327540977, 0.4682670672459023], [0.5765632864076292, 0.42343671359237117], [0.6148399535240432, 0.3851600464759576], [0.7093617593174255, 0.2906382406825743], [0.5864465741645811, 0.4135534258354194], [0.6503882907402867, 0.3496117092597139], [0.5604149982565501, 0.4395850017434501], [0.4925776831010139, 0.507422316898986], [0.49861525983439126, 0.5013847401656086], [0.44173834108368915, 0.5582616589163112], [0.65979760731246, 0.34020239268753993], [0.6233979831399353, 0.37660201686006534], [0.49866143564320126, 0.5013385643567988], [0.42322410162372737, 0.5767758983762723], [0.4728667380307236, 0.5271332619692766], [0.6761380350457962, 0.32386196495420405], [0.6293178381707818, 0.37068216182921865], [0.47332850449223096, 0.5266714955077689], [0.5729726973529213, 0.4270273026470785], [0.6217651313639364, 0.3782348686360635], [0.43935440215863464, 0.5606455978413653], [0.40018222877282134, 0.5998177712271788], [0.6063721856996962, 0.3936278143003039], [0.431479669536353, 0.5685203304636463], [0.7144142603328912, 0.2855857396671089], [0.3998779591355841, 0.600122040864416], [0.5628839533821528, 0.43711604661784736], [0.543807718946093, 0.456192281053907], [0.4378593070033093, 0.5621406929966908], [0.569759853565287, 0.43024014643471303], [0.6094048823251481, 0.39059511767485167], [0.6339558449424091, 0.3660441550575904], [0.6501806027538648, 0.34981939724613526], [0.5105397247860914, 0.48946027521390834], [0.5412838055329005, 0.45871619446709977], [0.5198574568883237, 0.4801425431116763], [0.6046718769252806, 0.39532812307471943], [0.4511004400707151, 0.5488995599292847], [0.4196957941178613, 0.5803042058821382], [0.44757367241003787, 0.552426327589962], [0.546969678011903, 0.4530303219880972], [0.5405474762836734, 0.4594525237163269], [0.5294954174473531, 0.47050458255264666], [0.6238392726989858, 0.3761607273010138], [0.49576757971570434, 0.5042324202842957], [0.46414912256722757, 0.5358508774327726], [0.6440476881830138, 0.35595231181698617], [0.6160851504009938, 0.38391484959900685], [0.7024848454408112, 0.2975151545591884], [0.5140056872512632, 0.4859943127487369], [0.5261607600195416, 0.47383923998045835], [0.5316072615900017, 0.4683927384099984], [0.7610485852633458, 0.2389514147366543], [0.4712809227565007, 0.5287190772434989], [0.5162550962811305, 0.4837449037188694], [0.6493971288344987, 0.3506028711655017], [0.47349718409865243, 0.5265028159013476], [0.6160362636322823, 0.38396373636771763], [0.5766121022006621, 0.4233878977993384], [0.5066658521240809, 0.493334147875919], [0.7185629044864402, 0.2814370955135603], [0.5180808124288108, 0.48191918757118957], [0.6092729005300153, 0.3907270994699849], [0.5437354862445151, 0.4562645137554852], [0.45214049653184624, 0.5478595034681539], [0.5665256003002493, 0.43347439969975105], [0.42768849783654467, 0.5723115021634556], [0.4029078365907812, 0.5970921634092181], [0.55563163109693, 0.4443683689030702], [0.6011713914806631, 0.398828608519337], [0.3489196448608078, 0.651080355139192], [0.4540310141906614, 0.5459689858093384], [0.575198944199601, 0.42480105580039834], [0.5225669876677785, 0.47743301233222113], [0.516058005177479, 0.483941994822521], [0.5311727209073205, 0.46882727909267974], [0.6380131493678847, 0.3619868506321149], [0.392518758740678, 0.6074812412593217], [0.4674771789528998, 0.5325228210470999], [0.468501202996395, 0.531498797003605], [0.5010117759315771, 0.4989882240684229], [0.5271932232755475, 0.47280677672445287], [0.5143645184934404, 0.48563548150655955], [0.6653398121858164, 0.33466018781418355], [0.7713995097563661, 0.22860049024363419], [0.4115386755773104, 0.5884613244226894], [0.4783879205750675, 0.5216120794249324], [0.5323462020692195, 0.4676537979307805], [0.3838312511270473, 0.6161687488729529], [0.6020124837516118, 0.39798751624838896], [0.7659226789034259, 0.23407732109657414], [0.5297883066633294, 0.47021169333667084], [0.683927464195853, 0.31607253580414635], [0.6057653221685482, 0.394234677831452], [0.48015571135980006, 0.5198442886402], [0.7419153180824976, 0.25808468191750206], [0.4593251000123201, 0.5406748999876799], [0.6289010966771053, 0.37109890332289486], [0.47150728036997597, 0.5284927196300238], [0.4835752688685718, 0.5164247311314283], [0.49953752441405275, 0.5004624755859473]]},