{"test": {"ids": ["129", "446", "581", "196", "375", "504", "400", "109", "502", "448", "324", "358", "593", "491", "307", "610", "152", "299", "181", "660", "698", "646", "218", "29", "659", "249", "240", "329", "236", "509", "441", "336", "690", "691", "438", "93", "669", "70", "220", "653", "662", "613", "532", "193", "301", "121", "551", "112", "548", "561", "204", "81", "526", "365", "114", "60", "492", "40", "146", "208", "41", "165", "170", "431", "406", "684", "195", "475", "389", "64", "387", "35", "490", "214", "166", "256", "529", "517", "104", "555", "125", "599", "436", "428", "153", "56", "416", "278", "198", "381", "679", "587", "102", "19", "493", "91", "54", "594", "319", "352", "364", "253", "463", "668", "192", "382", "611", "629", "243", "380", "450", "656", "363", "523", "178", "586", "179", "37", "437", "496", "296", "434", "498", "515", "641", "459", "420", "480", "393", "219", "549", "58", "246", "521", "707", "403", "545", "154", "120", "287", "288", "600", "477"], "labels": [1, 0, 0, 0, 1, 0, 1, 1, 0, 0, 1, 1, 0, 0, 0, 0, 1, 0, 0, 1, 1, 1, 0, 0, 1, 0, 0, 1, 0, 0, 1, 1, 1, 1, 1, 1, 1, 0, 0, 1, 1, 0, 0, 0, 0, 1, 0, 1, 0, 0, 0, 1, 1, 1, 1, 0, 0, 1, 1, 0, 0, 1, 1, 1, 1, 1, 0, 0, 1, 0, 1, 0, 0, 0, 1, 0, 0, 1, 1, 1, 1, 0, 1, 1, 1, 0, 1, 0, 0, 1, 1, 0, 1, 0, 1, 1, 0, 0, 0, 1, 1, 1, 0, 1, 0, 1, 0, 1, 0, 1, 0, 1, 1, 1, 0, 0, 0, 1, 1, 1, 0, 1, 0, 0, 1, 0, 1, 0, 1, 0, 0, 0, 0, 1, 1, 1, 0, 1, 1, 0, 0, 0, 0], "predicted_labels": [1, 0, 0, 0, 1, 0, 0, 0, 1, 1, 1, 1, 1, 0, 1, 0, 1, 0, 0, 1, 0, 1, 0, 1, 1, 1, 0, 1, 0, 0, 1, 1, 1, 1, 0, 1, 1, 1, 0, 1, 0, 0, 1, 0, 0, 1, 0, 0, 0, 0, 1, 1, 0, 1, 1, 0, 1, 0, 1, 0, 0, 1, 1, 1, 1, 0, 0, 0, 0, 0, 0, 0, 1, 0, 0, 1, 1, 1, 0, 0, 1, 0, 1, 1, 1, 0, 1, 0, 1, 1, 1, 0, 0, 0, 1, 0, 0, 0, 0, 1, 1, 0, 0, 1, 0, 1, 1, 1, 0, 0, 1, 1, 1, 0, 1, 1, 0, 0, 0, 0, 0, 0, 0, 1, 1, 0, 1, 0, 0, 0, 0, 0, 1, 1, 1, 1, 0, 0, 1, 0, 0, 0, 1], "confidence_scores": [[2.0909099488486405e-06, 0.9999979090900512], [0.9964460274142057, 0.003553972585794259], [0.7854571114928468, 0.21454288850715325], [0.9998042424895811, 0.0001957575104189387], [0.29391708323068644, 0.7060829167693136], [0.9964023942673848, 0.003597605732615266], [0.9996333792058584, 0.0003666207941416537], [0.9567936674194842, 0.04320633258051574], [0.32922597574448287, 0.6707740242555171], [0.3631205528363298, 0.6368794471636702], [0.003955840806958544, 0.9960441591930415], [0.00010528096969375511, 0.9998947190303062], [0.0703243224102571, 0.9296756775897429], [0.8420973203971438, 0.15790267960285626], [0.08153861641518056, 0.9184613835848194], [0.9999041080382248, 9.589196177515153e-05], [0.0003042155442564143, 0.9996957844557436], [0.9973174413666422, 0.0026825586333577103], [0.9999527394276264, 4.726057237361218e-05], [0.0037827915101584786, 0.9962172084898415], [0.9887418909507832, 0.011258109049216791], [0.02252384090432602, 0.977476159095674], [0.9997164475683488, 0.00028355243165118215], [0.003600865615768334, 0.9963991343842317], [0.45757494290880807, 0.5424250570911919], [0.009224321192160767, 0.9907756788078392], [0.9908210121378537, 0.009178987862146378], [0.1121557496140635, 0.8878442503859365], [0.9972679759686347, 0.002732024031365252], [0.9999706852998888, 2.931470011120849e-05], [0.3836984394979984, 0.6163015605020016], [0.00036542639271430755, 0.9996345736072857], [0.0009876053970234722, 0.9990123946029765], [0.00021182678492270846, 0.9997881732150773], [0.9361030885899808, 0.06389691141001914], [0.0001542241458617477, 0.9998457758541383], [0.04949156049851999, 0.95050843950148], [0.06529306522017919, 0.9347069347798208], [0.7191362191195474, 0.28086378088045266], [0.027221847099230922, 0.9727781529007691], [0.9481154380325839, 0.05188456196741604], [0.9945736545996122, 0.005426345400387824], [0.17982246354621212, 0.8201775364537879], [0.9977916291730831, 0.0022083708269168977], [0.9998129715984365, 0.00018702840156346434], [3.7067393124923242e-06, 0.9999962932606875], [0.9999409453413183, 5.9054658681689115e-05], [0.9958023294949331, 0.0041976705050669515], [0.9400944089804312, 0.05990559101956883], [0.9995885589289599, 0.00041144107104012064], [0.18203053386090107, 0.8179694661390989], [5.4770486079602776e-05, 0.9999452295139204], [0.9996337494526991, 0.00036625054730088103], [0.2749719974582423, 0.7250280025417577], [0.04329374932747676, 0.9567062506725232], [0.5149748545753061, 0.4850251454246938], [0.12867432982485139, 0.8713256701751486], [0.9977790829395159, 0.002220917060484117], [0.2626794139635904, 0.7373205860364096], [0.9970876837241295, 0.0029123162758705502], [0.9999954719600993, 4.528039900669236e-06], [0.0002325053845438907, 0.9997674946154561], [0.0010303790436749782, 0.998969620956325], [0.031230298474009044, 0.968769701525991], [0.038700345408500425, 0.9612996545914996], [0.7567654945056068, 0.2432345054943932], [0.885779780762702, 0.11422021923729793], [0.9999174990407806, 8.250095921937518e-05], [0.9414344566501065, 0.058565543349893445], [0.8522660093094769, 0.14773399069052312], [0.7943702945818627, 0.20562970541813733], [0.9632458992815569, 0.03675410071844304], [0.006304752059111518, 0.9936952479408885], [0.9800883684256493, 0.01991163157435075], [0.8035031526803655, 0.19649684731963452], [0.0012599917416564743, 0.9987400082583435], [0.12318218949850057, 0.8768178105014994], [0.0017214537741540026, 0.998278546225846], [0.9997183359576768, 0.00028166404232323107], [0.9146838640818603, 0.08531613591813965], [0.158178761905038, 0.841821238094962], [0.8988005070422871, 0.10119949295771292], [0.0003313538014632078, 0.9996686461985368], [0.0001476211662388982, 0.9998523788337611], [0.0047840782791560565, 0.9952159217208439], [0.9999999992435471, 7.564528973761795e-10], [0.0005957651899780592, 0.9994042348100219], [0.9990555133929268, 0.0009444866070732471], [0.00125857237606386, 0.9987414276239361], [1.5036197777984484e-06, 0.9999984963802222], [0.04054828632465424, 0.9594517136753458], [0.9999752826176997, 2.471738230030273e-05], [0.9952994227001445, 0.004700577299855523], [0.9993105038839466, 0.0006894961160533636], [9.63650569663077e-06, 0.9999903634943034], [0.7842501839008738, 0.21574981609912622], [0.977751344445683, 0.022248655554316973], [0.9954204423001028, 0.004579557699897186], [0.99948766067374, 0.0005123393262600412], [0.013150250938829267, 0.9868497490611707], [0.016039175338554146, 0.9839608246614459], [0.5985816643386328, 0.4014183356613672], [0.9251857890367623, 0.07481421096323766], [0.005052678450844006, 0.994947321549156], [0.9682272266245253, 0.03177277337547466], [0.0008075523720132427, 0.9991924476279868], [0.02661633331232416, 0.9733836666876758], [0.00015559563762368445, 0.9998444043623763], [0.9862486333634392, 0.01375136663656082], [0.9295982473912274, 0.0704017526087726], [0.05542289351454066, 0.9445771064854593], [0.2604751363943485, 0.7395248636056515], [0.0010851091423998982, 0.9989148908576001], [0.9953792594728104, 0.004620740527189634], [0.26484477268993245, 0.7351552273100675], [0.3134456483481294, 0.6865543516518706], [0.6528540315888056, 0.3471459684111944], [0.9261308010157485, 0.07386919898425143], [0.9991735737450214, 0.0008264262549786352], [0.8887234107346386, 0.11127658926536142], [0.9999998620261693, 1.3797383070888077e-07], [0.9212135337181983, 0.07878646628180176], [0.7925185245573264, 0.20748147544267362], [0.06418446981969672, 0.9358155301803033], [0.25619163710636494, 0.7438083628936351], [0.9867172359947626, 0.013282764005237426], [0.0908473185005797, 0.9091526814994203], [0.8422953145605656, 0.1577046854394344], [0.9214840772380677, 0.07851592276193226], [0.7776506690890999, 0.22234933091090014], [0.9177052172399655, 0.0822947827600345], [0.862730153876931, 0.137269846123069], [0.027808452157054964, 0.972191547842945], [0.22807235895013966, 0.7719276410498603], [0.44048603427097666, 0.5595139657290233], [0.005714300229128777, 0.9942856997708712], [0.6573740395303155, 0.3426259604696845], [0.9539228068297338, 0.046077193170266206], [2.2529085508260493e-05, 0.9999774709144917], 