{"test": {"ids": ["406", "269", "468", "692", "577", "474", "674", "80", "491", "482", "590", "135", "130", "184", "543", "473", "632", "492", "635", "398", "116", "108", "58", "701", "501", "583", "266", "665", "132", "544", "353", "240", "415", "83", "416", "402", "203", "225", "403", "13", "32", "256", "270", "688", "334", "63", "524", "268", "294", "78", "377", "262", "653", "475", "138", "601", "160", "625", "114", "111", "57", "299", "263", "340", "336", "74", "319", "166", "565", "313", "79", "14", "110", "92", "568", "658", "483", "535", "86", "389", "598", "68", "102", "193", "394", "210", "308", "195", "113", "659", "66", "615", "385", "25", "442", "140", "605", "695", "702", "373", "604", "124", "342", "364", "500", "477", "363", "231", "152", "47", "369", "153", "559", "476", "75", "255", "639", "289", "249", "292", "485", "594", "117", "560", "527", "187", "317", "246", "188", "36", "339", "287", "169", "578", "429", "236", "178", "457", "42", "530", "387"], "labels": [1, 0, 0, 1, 0, 0, 0, 1, 0, 0, 0, 1, 1, 0, 1, 0, 0, 0, 0, 1, 1, 0, 0, 1, 0, 0, 0, 0, 1, 0, 1, 0, 1, 1, 1, 1, 0, 0, 1, 0, 0, 1, 0, 0, 1, 1, 1, 0, 0, 1, 1, 1, 0, 0, 1, 0, 1, 1, 1, 1, 0, 0, 1, 1, 1, 1, 0, 1, 0, 0, 1, 0, 1, 0, 0, 0, 0, 1, 0, 1, 0, 1, 0, 0, 1, 0, 0, 0, 1, 0, 1, 0, 1, 0, 1, 1, 0, 1, 1, 1, 0, 1, 1, 1, 0, 0, 1, 0, 1, 0, 1, 1, 0, 0, 1, 1, 0, 0, 1, 0, 0, 0, 1, 0, 1, 0, 0, 1, 0, 0, 1, 0, 1, 0, 1, 0, 0, 0, 0, 1, 1], "predicted_labels": [0, 0, 0, 0, 1, 0, 0, 1, 1, 1, 1, 1, 1, 0, 1, 0, 0, 1, 1, 1, 1, 0, 0, 1, 0, 1, 1, 0, 1, 1, 0, 1, 1, 0, 0, 0, 0, 0, 1, 1, 0, 1, 0, 0, 1, 0, 1, 0, 0, 0, 1, 0, 0, 0, 0, 0, 1, 0, 1, 1, 0, 0, 0, 1, 1, 1, 0, 1, 0, 0, 1, 0, 0, 1, 1, 1, 0, 0, 0, 1, 0, 0, 0, 0, 0, 0, 0, 0, 1, 1, 1, 1, 0, 1, 0, 1, 0, 1, 1, 1, 0, 1, 0, 1, 0, 1, 1, 0, 1, 0, 1, 0, 0, 1, 0, 0, 1, 1, 1, 0, 0, 0, 0, 0, 1, 0, 0, 1, 0, 1, 1, 0, 1, 0, 0, 0, 0, 0, 0, 1, 1], "confidence_scores": [[0.9993347376283475, 0.0006652623716525611], [0.9999998517792384, 1.4822076156529226e-07], [0.999397746658328, 0.0006022533416719883], [0.9725472779459953, 0.027452722054004723], [0.37130044537387674, 0.6286995546261233], [0.9977293659933871, 0.0022706340066128553], [0.9999912995522312, 8.700447768776531e-06], [3.739191815066434e-07, 0.9999996260808185], [0.03884517172954238, 0.9611548282704576], [0.0369933299763201, 0.9630066700236799], [0.0004646736888419545, 0.999535326311158], [8.111794037590769e-07, 0.9999991888205962], [5.60988503761628e-07, 0.9999994390114962], [0.9999583388651782, 4.1661134821862116e-05], [0.00012874833892229098, 0.9998712516610777], [0.5920177068652441, 0.40798229313475587], [0.9998946217899171, 0.00010537821008298759], [0.0059852169108362, 0.9940147830891638], [0.1508619017284477, 0.8491380982715523], [0.13148656552893534, 0.8685134344710647], [1.5792109897994067e-05, 0.999984207890102], [0.9999987258434022, 1.2741565977920887e-06], [0.9992990340323866, 0.0007009659676133918], [3.3972595736564415e-07, 0.9999996602740426], [0.9699478819723785, 0.030052118027621557], [0.41660828484931045, 0.5833917151506895], [0.4895012575278247, 0.5104987424721753], [0.886189374602504, 0.11381062539749599], [8.728186728923504e-09, 0.9999999912718133], [0.33996300579633576, 0.6600369942036642], [0.9999246531436435, 7.534685635644678e-05], [0.3330347499676857, 0.6669652500323143], [0.0327246462309877, 0.9672753537690123], [0.5393943049853125, 0.46060569501468757], [0.9923304754389068, 0.007669524561093182], [0.9831375587366241, 0.016862441263375886], [0.9954785834942961, 0.004521416505703887], [0.9998926864613721, 0.0001073135386279278], [0.006270446288080045, 0.99372955371192], [0.009182373683541245, 0.9908176263164588], [0.9236326648666935, 0.07636733513330655], [0.05960609339152978, 0.9403939066084702], [0.9995306100800629, 0.0004693899199370273], [0.9620621142797732, 0.037937885720226806], [2.133722963437723e-05, 0.9999786627703656], [0.6531619919390018, 0.3468380080609982], [0.0008159312108391159, 0.9991840687891609], [0.9329871879351532, 0.06701281206484677], [0.9943230922011893, 0.005676907798810655], [0.996916122537774, 0.0030838774622260813], [0.019341141702431952, 0.980658858297568], [0.998574550165448, 0.0014254498345519372], [0.9984053944092095, 0.0015946055907905489], [0.9686808433569984, 0.031319156643001535], [0.9430711094950958, 0.056928890504904246], [0.65427435703362, 0.34572564296638], [0.0023043764011190238, 0.997695623598881], [0.9988835606222368, 0.0011164393777632307], [0.0011759367142558652, 0.9988240632857441], [0.005689985583523516, 0.9943100144164765], [0.999999999999988, 1.2005885471151518e-14], [0.9940364471610947, 0.0059635528389052755], [0.8307003036703517, 0.16929969632964822], [2.1851020391983056e-06, 0.9999978148979608], [0.05703333791696186, 0.9429666620830381], [0.0005621080633327891, 0.9994378919366672], [0.9977527783314772, 0.002247221668522724], [0.0921090600567408, 0.9078909399432592], [0.9962411088669331, 0.0037588911330668985], [0.869297437011866, 0.13070256298813404], [7.782667477140848e-08, 0.9999999221733252], [0.9999964283861533, 3.571613846657138e-06], [0.5876610827235547, 0.4123389172764454], [0.008696236372211619, 0.9913037636277884], [0.24408834702361792, 0.7559116529763821], [0.30151083344319485, 0.6984891665568052], [0.9999997701883253, 2.298116747083602e-07], [0.529711825456813, 0.4702881745431871], [0.9966009320823997, 0.0033990679176002956], [0.0051424147623347904, 0.9948575852376652], [0.998931541955221, 0.0010684580447789162], [0.649588261763731, 0.350411738236269], [0.7858733294652319, 0.21412667053476808], [0.999998906844392, 1.0931556080358033e-06], [0.9724811002508887, 0.027518899749111234], [0.9994232297593977, 0.0005767702406023092], [0.999906008272869, 9.399172713100772e-05], [0.8101701336374018, 0.18982986636259827], [0.00011093691800012628, 0.9998890630819999], [0.03324714725190925, 0.9667528527480908], [0.0021261782273978014, 0.9978738217726022], [0.22566295328788988, 0.7743370467121101], [0.9981245631676706, 0.001875436832329397], [0.008039722940655691, 0.9919602770593443], [0.9999595848060132, 4.041519398673963e-05], [0.007742759931643195, 0.9922572400683568], [0.9902646484235598, 0.009735351576440267], [3.1325810678772825e-07, 0.9999996867418932], [0.2665149632146673, 0.7334850367853327], [9.261048737663202e-06, 0.9999907389512623], [0.9999986890983356, 1.3109016643931685e-06], [0.11551382909003138, 0.8844861709099686], [0.6609661504985582, 0.33903384950144183], [0.001114759533103804, 0.9988852404668962], [0.9943543248392054, 0.005645675160794595], [0.48602268477493726, 0.5139773152250627], [4.314960470519491e-05, 0.9999568503952948], [0.9999999995452555, 4.547444213237287e-10], [1.7633430271501993e-09, 0.999999998236657], [0.9998879485122728, 0.00011205148772718732], [1.5414249876499753e-08, 0.9999999845857501], [0.8200687010427401, 0.17993129895725987], [0.9999997981961499, 2.0180385007602243e-07], [0.4895080499176071, 0.5104919500823929], [0.688154348045857, 0.311845651954143], [0.9994885455350704, 0.0005114544649296478], [0.4276405616540807, 0.5723594383459193], [0.0012835490591485144, 0.9987164509408515], [7.394855782227872e-05, 0.9999260514421777], [0.8496312439410564, 0.1503687560589436], [0.9737906731027792, 0.026209326897220744], [0.9975333731852428, 0.002466626814757194], [0.9994266747222473, 0.0005733252777526682], [0.9912741843288349, 0.00872581567116516], [7.495804066115497e-06, 0.9999925041959339], [0.9955846664635782, 0.004415333536421745], [0.8237626190470859, 0.17623738095291408], [7.999236895095407e-08, 0.999999920007631], [0.9926028170907015, 0.007397182909298437], [0.00013929510247812082, 0.9998607048975219], [0.0987447151619838, 0.9012552848380162], [0.7414757409857584, 0.25852425901424164], [6.361477122851511e-08, 0.9999999363852288], [0.8739909054442601, 0.1260090945557399], [0.9961900428722704, 0.0038099571277296217], [0.9974743761843968, 0.0025256238156031803], [0.9995359760622228, 0.0004640239377771926], [0.9999995387984387, 4.612015613156829e-07], [0.9999999652263903, 3.477360965655201e-08], 