{"test": {"ids": ["107", "237", "523", "540", "457", "503", "321", "611", "164", "529", "93", "439", "490", "177", "3", "431", "631", "528", "692", "75", "674", "122", "590", "585", "633", "571", "290", "362", "638", "689", "26", "277", "707", "242", "363", "398", "52", "183", "532", "4", "228", "371", "468", "59", "419", "37", "175", "94", "118", "683", "41", "331", "267", "161", "547", "57", "598", "667", "302", "630", "62", "178", "218", "604", "176", "451", "264", "427", "330", "83", "574", "10", "102", "9", "553", "180", "592", "480", "517", "201", "583", "612", "312", "33", "607", "241", "353", "393", "704", "283", "511", "73", "416", "466", "629", "166", "491", "542", "637", "647", "70", "675", "74", "404", "346", "221", "182", "145", "414", "14", "219", "138"], "labels": [0, 1, 0, 0, 1, 1, 1, 0, 0, 0, 0, 0, 1, 1, 0, 0, 0, 0, 0, 1, 0, 0, 1, 1, 0, 1, 1, 0, 0, 0, 1, 1, 0, 1, 0, 0, 1, 1, 0, 0, 1, 0, 1, 1, 0, 1, 1, 0, 1, 0, 1, 0, 1, 0, 0, 1, 1, 0, 1, 1, 1, 1, 1, 1, 1, 1, 1, 0, 0, 0, 1, 0, 0, 0, 0, 1, 1, 1, 0, 1, 1, 0, 1, 1, 0, 1, 0, 0, 0, 1, 1, 1, 0, 1, 1, 0, 1, 1, 0, 0, 1, 0, 1, 0, 0, 1, 1, 0, 0, 0, 1, 0], "predicted_labels": [1, 1, 0, 0, 1, 0, 1, 0, 0, 0, 1, 0, 0, 0, 0, 0, 0, 1, 1, 0, 1, 1, 1, 1, 0, 0, 0, 0, 1, 1, 1, 0, 1, 1, 0, 0, 0, 1, 1, 1, 1, 0, 1, 0, 0, 0, 1, 1, 0, 0, 0, 0, 1, 0, 0, 0, 1, 0, 1, 0, 0, 1, 1, 1, 0, 0, 0, 0, 0, 0, 1, 0, 0, 1, 1, 1, 0, 1, 0, 0, 1, 0, 1, 1, 0, 1, 0, 0, 0, 0, 1, 0, 0, 0, 0, 0, 0, 1, 1, 0, 0, 0, 0, 1, 1, 0, 0, 0, 0, 0, 1, 1], "confidence_scores": [[0.45227538393247085, 0.5477246160675293], [0.25253039860814974, 0.7474696013918501], [0.6195356093813007, 0.38046439061869924], [0.5470383814547344, 0.4529616185452657], [0.4712743588980876, 0.5287256411019122], [0.6205331078500467, 0.37946689214995327], [0.42824575561442874, 0.5717542443855711], [0.6318159274176232, 0.3681840725823769], [0.7261303747288166, 0.27386962527118375], [0.6102210080677625, 0.38977899193223753], [0.33328386819035655, 0.6667161318096435], [0.6863932711341977, 0.31360672886580243], [0.8175311483673094, 0.18246885163269072], [0.6433417212442135, 0.3566582787557864], [0.6482079535714517, 0.3517920464285483], [0.7898901725300407, 0.21010982746995938], [0.520401720910708, 0.47959827908929203], [0.38362528300226556, 0.6163747169977344], [0.4898423277162189, 0.5101576722837811], [0.5223533106891447, 0.4776466893108553], [0.47773098706325096, 0.522269012936749], [0.5, 0.5], [0.39505113379746737, 0.6049488662025327], [0.3120115704396332, 0.6879884295603668], [0.5172960105301501, 0.48270398946985], [0.5557066793538642, 0.44429332064613586], [0.6640704742126146, 0.3359295257873854], [0.786104458274775, 0.21389554172522493], [0.30594754915168304, 0.6940524508483172], [0.4566042961491016, 0.5433957038508986], [0.47849462313023683, 0.5215053768697632], [0.5826665658782216, 0.4173334341217784], [0.36266446603995517, 0.6373355339600448], [0.16247509944705874, 0.8375249005529413], [0.6569917426583013, 0.3430082573416987], [0.5295702334877939, 0.4704297665122061], [0.6500627274491972, 0.34993727255080276], [0.4906899688449946, 0.5093100311550053], [0.27163263739642757, 0.7283673626035724], [0.4935922880725055, 0.5064077119274945], [0.356003441804588, 0.643996558195412], [0.5787223602059973, 0.42127763979400273], [0.22995449199921916, 0.7700455080007806], [0.6561918469665851, 0.34380815303341505], [0.7088801431532971, 0.29111985684670316], [0.7359053464946704, 0.2640946535053298], [0.47849240219342526, 0.5215075978065746], [0.4786035129870592, 0.5213964870129407], [0.5360104471815975, 0.46398955281840254], [0.5486570006012955, 0.45134299939870454], [0.5528782529115818, 0.4471217470884183], [0.5958178793620117, 0.4041821206379882], [0.28237885231562737, 0.7176211476843728], [0.5929886321848005, 0.40701136781519964], [0.5400371467729657, 0.4599628532270344], [0.7325867832486767, 0.2674132167513233], [0.3492701197885851, 0.650729880211415], [0.6318573413954043, 0.3681426586045957], [0.468081194579416, 0.531918805420584], [0.5973702213092792, 0.4026297786907208], [0.6812361613778076, 0.3187638386221924], [0.14051723944087427, 0.8594827605591256], [0.2939076484973969, 0.7060923515026031], [0.36086829429276246, 0.6391317057072375], [0.6176909560515765, 0.3823090439484235], [0.6765677479503143, 0.3234322520496855], [0.5950043801404993, 0.40499561985950083], [0.7080075165447249, 0.29199248345527484], [0.710546717988347, 0.2894532820116529], [0.7544347760560838, 0.24556522394391586], [0.3954703164570532, 0.6045296835429468], [0.6236320714251657, 0.37636792857483437], [0.7256697064084732, 0.2743302935915269], [0.3804906569120396, 0.6195093430879602], [0.42335384034652107, 0.576646159653479], [0.4010686238068269, 0.598931376193173], [0.6151864960527206, 0.38481350394727937], [0.3188904503621955, 0.6811095496378045], [0.6089190428564915, 0.39108095714350855], [0.560445817755534, 0.43955418224446596], [0.5, 0.5], [0.5227323571326854, 0.4772676428673144], [0.3631973204137981, 0.6368026795862018], [0.46350413688458086, 0.5364958631154192], [0.6467070987779125, 0.35329290122208745], [0.4372483664480681, 0.5627516335519319], [0.6667769404907784, 0.3332230595092216], [0.7486345820659127, 0.2513654179340871], [0.5149951449178695, 0.4850048550821305], [0.5078781176210982, 0.49212188237890175], [0.4149876400954317, 0.5850123599045685], [0.6789513504167954, 0.3210486495832044], [0.7991458436657184, 0.20085415633428153], [0.5090221070674701, 0.4909778929325299], [0.5220993067096936, 0.47790069329030643], [0.6575111203927717, 0.3424888796072282], [0.7792364108526413, 0.22076358914735872], [0.48144167776571956, 0.5185583222342803], [0.4174569613628113, 0.5825430386371887], [0.536405767970367, 0.46359423202963307], [0.7217874834770522, 0.2782125165229478], [0.6824599953378024, 0.3175400046621975], [0.7414051027106808, 0.25859489728931906], [0.43665880481482633, 0.5633411951851737], [0.4654013952113992, 0.5345986047886009], [0.7316290981128181, 0.26837090188718193], [0.5852319827326641, 0.4147680172673359], [0.6717141866999292, 0.3282858133000706], [0.6148949690734452, 0.3851050309265547], [0.7117097030565215, 0.2882902969434785], [0.47359127125594097, 0.5264087287440592], [0.3736329071869576, 0.6263670928130425]]}, "rewritten": {"ids": ["3", "4", "9", "10", "14", "26", "33", "37", "41", "52", "57", "59", "62", "70", "73", "74", "75", "83", "93", "94", "102", "107", "118", "122", "138", "145", "161", "164", "166", "175", "176", "177", "178", "180", "182", "183", "201", "218", "219", "221", "228", "237", "241", "242", "264", "267", "277", "283", "290", "302", "312", "321", "330", "331", "346", "353", "362", "363", "371", "393", "398", "404", "414", "416", "419", "427", "431", "439", "451", "457", "466", "468", "480", "490", "491", "503", "511", "517", "523", "528", "529", "532", "540", "542", "547", "553", "571", "574", "583", "585", "590", "592", "598", "604", "607", "611", "612", "629", "630", "631", "633", "637", "638", "647", "667", "674", "675", "683", "689", "692", "704", "707"], "labels": [0, 0, 0, 0, 0, 1, 1, 1, 1, 1, 1, 1, 1, 1, 1, 1, 1, 0, 0, 0, 0, 0, 1, 0, 0, 0, 0, 0, 0, 1, 1, 1, 1, 1, 1, 1, 1, 1, 1, 1, 1, 1, 1, 1, 1, 1, 1, 1, 1, 1, 1, 1, 0, 0, 0, 0, 0, 0, 0, 0, 0, 0, 0, 0, 0, 0, 0, 0, 1, 1, 1, 1, 1, 1, 1, 1, 1, 0, 0, 0, 0, 0, 0, 1, 0, 0, 1, 1, 1, 1, 1, 1, 1, 1, 0, 0, 0, 1, 1, 0, 0, 0, 0, 0, 0, 0, 0, 0, 0, 0, 0, 0], "predicted_labels": [0, 0, 1, 0, 1, 1, 0, 0, 0, 0, 0, 0, 0, 0, 0, 0, 1, 0, 0, 0, 0, 0, 0, 0, 1, 0, 0, 0, 0, 1, 0, 1, 1, 0, 0, 0, 1, 1, 1, 0, 1, 1, 1, 1, 0, 1, 1, 0, 0, 1, 1, 1, 0, 0, 1, 0, 0, 0, 0, 0, 1, 1, 0, 0, 0, 0, 0, 0, 1, 1, 0, 1, 1, 0, 0, 0, 0, 0, 1, 0, 0, 1, 0, 0, 1, 1, 1, 0, 0, 1, 1, 0, 1, 1, 0, 0, 0, 0, 1, 0, 0, 1, 1, 1, 0, 1, 0, 1, 0, 0, 0, 1],