{"test": {"ids": ["397", "624", "298", "212", "370", "678", "466", "552", "129", "281", "449", "469", "616", "126", "317", "637", "667", "414", "467", "217", "50", "190", "296", "324", "422", "572", "205", "477", "404", "473", "318", "314", "630", "85", "210", "83", "558", "192", "650", "403", "279", "186", "176", "36", "435", "504", "512", "515", "155", "54", "188", "146", "508", "252", "381", "260", "89", "405", "371", "202", "6", "7", "116", "387", "162", "20", "571", "288", "164", "140", "699", "489", "351", "342", "412", "377", "0", "372", "518", "569", "276", "357", "677", "675", "328", "430", "537", "243", "181", "8", "390", "166", "514", "378", "705", "622", "100", "220", "301", "382", "104", "113", "69", "315", "40", "244", "82", "659", "98", "183", "94", "31"], "labels": [1, 1, 0, 0, 1, 0, 0, 0, 1, 0, 0, 0, 0, 1, 0, 0, 0, 1, 0, 0, 0, 0, 0, 1, 1, 0, 0, 0, 1, 0, 0, 0, 1, 1, 0, 1, 0, 0, 0, 1, 0, 0, 0, 0, 1, 0, 0, 0, 1, 0, 0, 1, 0, 1, 1, 1, 0, 1, 1, 0, 0, 0, 1, 1, 1, 0, 0, 0, 1, 1, 1, 0, 1, 1, 1, 1, 1, 1, 1, 0, 0, 1, 0, 0, 1, 1, 1, 0, 0, 0, 1, 1, 0, 1, 1, 1, 0, 0, 0, 1, 0, 1, 1, 0, 0, 0, 1, 0, 0, 0, 0, 0], "predicted_labels": [1, 0, 0, 0, 1, 1, 0, 0, 1, 0, 0, 0, 0, 0, 0, 1, 0, 0, 1, 0, 1, 0, 0, 1, 0, 0, 0, 1, 0, 0, 0, 1, 0, 1, 0, 1, 1, 0, 1, 1, 0, 0, 1, 1, 0, 1, 0, 0, 1, 1, 0, 1, 0, 0, 0, 0, 1, 1, 1, 0, 1, 0, 1, 0, 1, 0, 0, 1, 1, 1, 1, 0, 1, 1, 0, 1, 1, 1, 1, 0, 1, 1, 0, 0, 1, 0, 0, 0, 0, 0, 0, 1, 0, 0, 0, 0, 0, 0, 1, 1, 0, 0, 1, 1, 0, 1, 0, 0, 1, 0, 1, 1], "confidence_scores": [[0.411643925161307, 0.588356074838693], [0.7792558009223489, 0.2207441990776511], [0.9540575479612605, 0.045942452038739534], [0.8656190878275376, 0.13438091217246265], [0.12805942715497776, 0.8719405728450224], [0.45342783991290897, 0.5465721600870911], [0.5412959155265555, 0.4587040844734444], [0.7848057119342333, 0.2151942880657669], [0.2605911821030409, 0.739408817896959], [0.7399322804709964, 0.2600677195290033], [0.5141475652164076, 0.4858524347835924], [0.7469564706070797, 0.2530435293929205], [0.9316123502171304, 0.06838764978286979], [0.5612960310293795, 0.4387039689706203], [0.5306270170646018, 0.469372982935398], [0.4812867227723683, 0.5187132772276317], [0.7951425210192273, 0.2048574789807728], [0.6026770989059885, 0.39732290109401147], [0.39004830555523057, 0.6099516944447695], [0.7472444800692212, 0.252755519930779], [0.29246275482451617, 0.7075372451754838], [0.8568384661593413, 0.14316153384065836], [0.6606075062040658, 0.33939249379593417], [0.16313892060324103, 0.836861079396759], [0.5889958316267432, 0.4110041683732568], [0.8328789292779732, 0.16712107072202692], [0.8972892775828138, 0.10271072241718597], [0.3952199053284269, 0.6047800946715733], [0.7699034442454251, 0.23009655575457516], [0.6717792142757671, 0.3282207857242329], [0.8754611891785254, 0.12453881082147467], [0.34417394951661495, 0.6558260504833852], [0.5559884912219069, 0.44401150877809314], [0.20435652328738863, 0.7956434767126115], [0.9352220818905163, 0.06477791810948391], [0.2575382229934715, 0.7424617770065285], [0.47970647708299874, 0.5202935229170013], [0.8354764841378373, 0.16452351586216257], [0.4882792370820544, 0.5117207629179458], [0.44439604993714776, 0.5556039500628522], [0.7451244612792135, 0.2548755387207864], [0.8542457173103619, 0.14575428268963794], [0.3998044241038931, 0.600195575896107], [0.3975908884522136, 0.6024091115477864], [0.6316166382323147, 0.3683833617676852], [0.4277629352795185, 0.5722370647204814], [0.6519436427959127, 0.3480563572040873], [0.5870040483109253, 0.4129959516890749], [0.08467709381387468, 0.9153229061861253], [0.24303916910250092, 0.7569608308974992], [0.8910876102133398, 0.10891238978666037], [0.3771901859108952, 0.6228098140891047], [0.8298383853957786, 0.1701616146042214], [0.6399935163006757, 0.36000648369932425], [0.5984994930338112, 0.4015005069661888], [0.5091010344936941, 0.49089896550630574], [0.399962044961207, 0.6000379550387929], [0.4900417869465584, 0.5099582130534418], [0.35263060395348605, 0.6473693960465139], [0.9407980227929389, 0.05920197720706117], [0.47726655781938165, 0.5227334421806185], [0.5275938465425446, 0.4724061534574554], [0.32012707836620274, 0.6798729216337971], [0.531525300665708, 0.46847469933429176], [0.4811717058242185, 0.5188282941757814], [0.7186453684614225, 0.2813546315385777], [0.6657670284761319, 0.3342329715238682], [0.43241353518591646, 0.5675864648140834], [0.28056375624234625, 0.7194362437576539], [0.4724695367895138, 0.5275304632104862], [0.389910217417029, 0.6100897825829711], [0.761393821691562, 0.23860617830843805], [0.3284468599580736, 0.6715531400419263], [0.23669777547858709, 0.7633022245214132], [0.5565405518913692, 0.4434594481086307], [0.19043726047757584, 0.8095627395224242], [0.12755397184851328, 0.8724460281514868], [0.059920123050928135, 0.9400798769490719], [0.2975180788977131, 0.7024819211022869], [0.6462929790413238, 0.35370702095867623], [0.43113023368828973, 0.5688697663117103], [0.1670293387001668, 0.8329706612998332], [0.6282325034874813, 0.3717674965125188], [0.8301764246555748, 0.1698235753444251], [0.19129497051963318, 0.8087050294803668], [0.6689596819229641, 0.331040318077036], [0.7848493762266665, 0.21515062377333335], [0.9415136909134901, 0.058486309086509876], [0.689488659042659, 0.3105113409573411], [0.8002553199810075, 0.19974468001899262], [0.7258480226326903, 0.27415197736730956], [0.35285928814364526, 0.6471407118563548], [0.6644643162654275, 0.3355356837345726], [0.642167093769296, 0.357832906230704], [0.6528168990178861, 0.3471831009821138], [0.7988400637081093, 0.20115993629189075], [0.8477519743754277, 0.15224802562457218], [0.5810342701017033, 0.41896572989829667], [0.3985483930397472, 0.6014516069602528], [0.23979572800978305, 0.760204271990217], [0.6359181315048571, 0.36408186849514274], [0.8215701842089191, 0.17842981579108086], [0.2388653999101756, 0.7611346000898243], [0.34934668083720366, 0.6506533191627966], [0.6492541641594493, 0.35074583584055075], [0.5, 0.5], [0.9325144808391554, 0.06748551916084432], [0.636499764245113, 0.36350023575488705], [0.34243154481406834, 0.6575684551859319], [0.8830753113732964, 0.11692468862670331], [0.3403922028699801, 0.6596077971300198], [0.4635457886524575, 0.5364542113475426]]}, "rewritten": {"ids": ["0", "6", "7", "8", "20", "31", "36", "40", "50", "54", "69", "82", "83", "85", "89", "94", "98", "100", "104", "113", "116", "126", "129", "140", "146", "155", "162", "164", "166", "176", "181", "183", "186", "188", "190", "192", "202", "205", "210", "212", "217", "220", "243", "244", "252", "260", "276", "279", "281", "288", "296", "298", "301", "314", "315", "317", "318", "324", "328", "342", "351", "357", "370", "371", "372", "377", "378", "381", "382", "387", "390", "397", "403", "404", "405", "412", "414", "422", "430", "435", "449", "466", "467", "469", "473", "477", "489", "504", "508", "512", "514", "515", "518", "537", "552", "558", "569", "571", "572", "616", "622", "624", "630", "637", "650", "659", "667", "675", "677", "678", "699", "705"], "labels": [1, 0, 0, 0, 0, 0, 0, 0, 0, 0, 1, 1, 1, 1, 0, 0, 0, 0, 0, 1, 1, 1, 1, 1, 1, 1, 1, 1, 1, 0, 0, 0, 0, 0, 0, 0, 0, 0, 0, 0, 0, 0, 0, 0, 1, 1, 0, 0, 0, 0, 0, 0, 0, 0, 0, 0, 0, 1, 1, 1, 1, 1, 1, 1, 1, 1, 1, 1, 1, 1, 1, 1, 1, 1, 1, 1, 1, 1, 1, 1, 0, 0, 0, 0, 0, 0, 0, 0, 0, 0, 0, 0, 1, 1, 0, 0, 0, 0, 0, 0, 1, 1, 1, 0, 0, 0, 0, 0, 0, 0, 1, 1], "predicted_labels": [1, 1, 0, 0, 0, 0, 0, 0, 1, 1, 1, 0, 1, 1, 0, 0, 1, 0, 0, 0, 1, 1, 1, 1, 0, 1, 0, 1, 1, 0, 0, 0, 0, 0, 0, 0, 0, 0, 0, 0, 0, 0, 0, 0, 0, 0, 0, 0, 0, 0, 1, 0, 0, 1, 0, 0, 0, 1, 1, 1, 1, 1, 1, 1, 1, 1, 0, 0, 1, 0, 0, 1, 0, 0, 0, 1, 1, 0, 0, 0, 0, 1, 0, 0, 0, 1, 1, 0, 0, 0, 0, 0, 1, 0, 0, 0, 0, 0, 0, 0, 0, 0, 0, 0, 0, 0, 0, 0, 0, 1, 1, 1],