{"test": {"ids": ["410", "52", "17", "527", "82", "422", "421", "602", "298", "40", "242", "458", "41", "541", "268", "603", "583", "81", "406", "453", "266", "346", "701", "286", "146", "629", "55", "51", "34", "356", "625", "381", "202", "106", "416", "160", "8", "15", "577", "378", "260", "253", "535", "44", "25", "397", "26", "320", "199", "547", "99", "385", "46", "576", "404", "565", "66", "207", "64", "233", "432", "5", "517", "451", "391", "219", "217", "9", "124", "492", "107", "162", "279", "491", "157", "303", "24", "203", "642", "45", "337", "376", "589", "686", "80", "319", "510", "557", "93", "179", "234", "166", "6", "48", "643", "521", "239", "139", "269", "205", "666", "542", "507", "585", "325", "334", "197", "374", "14", "608", "4", "495"], "labels": [0, 1, 0, 0, 0, 0, 0, 1, 1, 1, 1, 1, 1, 1, 1, 1, 1, 0, 0, 1, 1, 0, 0, 1, 0, 1, 1, 1, 1, 0, 1, 1, 1, 0, 0, 0, 0, 0, 1, 1, 0, 1, 0, 1, 1, 0, 1, 1, 1, 0, 0, 0, 1, 1, 0, 1, 1, 1, 1, 1, 0, 0, 0, 1, 0, 1, 1, 0, 0, 1, 0, 0, 1, 1, 0, 1, 1, 1, 0, 1, 0, 0, 1, 1, 1, 1, 1, 1, 0, 1, 1, 0, 0, 1, 0, 0, 1, 0, 1, 1, 0, 1, 1, 1, 0, 0, 1, 0, 0, 0, 0, 0], "predicted_labels": [0, 0, 1, 1, 0, 0, 0, 0, 1, 0, 1, 1, 0, 1, 1, 0, 1, 0, 0, 1, 1, 0, 0, 1, 0, 1, 0, 0, 0, 0, 1, 1, 1, 0, 0, 1, 0, 0, 1, 1, 1, 0, 0, 0, 0, 0, 1, 1, 0, 0, 0, 0, 0, 1, 1, 1, 1, 1, 0, 1, 0, 0, 1, 0, 1, 0, 1, 1, 0, 0, 0, 1, 0, 0, 1, 1, 0, 1, 1, 0, 1, 0, 1, 0, 1, 1, 1, 1, 1, 1, 0, 0, 0, 0, 1, 0, 1, 0, 1, 1, 0, 1, 0, 1, 0, 0, 1, 0, 0, 1, 0, 0], "confidence_scores": [[0.8349259407385174, 0.1650740592614826], [0.9254603515927461, 0.07453964840725388], [0.11579292896336624, 0.8842070710366338], [0.48462048373312283, 0.5153795162668772], [0.5638452620986256, 0.43615473790137443], [0.9365659662406578, 0.0634340337593422], [0.9883375159936024, 0.011662484006397543], [0.5975281215223336, 0.40247187847766636], [0.17668309193513787, 0.8233169080648621], [0.6488375095988255, 0.35116249040117453], [0.005367164867413288, 0.9946328351325867], [0.38720973903361755, 0.6127902609663824], [0.8376009516459432, 0.16239904835405686], [0.08162616070416584, 0.9183738392958342], [0.17318642564777353, 0.8268135743522265], [0.6334322685359781, 0.36656773146402194], [0.2658046240138846, 0.7341953759861154], [0.9645038589831697, 0.03549614101683027], [0.941600780494043, 0.05839921950595699], [0.19514957146326417, 0.8048504285367358], [0.22830576988381035, 0.7716942301161897], [0.5120864159354985, 0.4879135840645015], [0.5151764548106295, 0.48482354518937054], [0.49048267778934795, 0.509517322210652], [0.9058070396270628, 0.09419296037293724], [0.3464142000252939, 0.6535857999747061], [0.9600484165238338, 0.03995158347616627], [0.9525803199799676, 0.04741968002003236], [0.5488842369936264, 0.4511157630063735], [0.9558053643707949, 0.044194635629205066], [0.09830121154702776, 0.9016987884529722], [0.20471291508132294, 0.7952870849186771], [0.042409781268206825, 0.9575902187317932], [0.8164011759505735, 0.1835988240494265], [0.9962010761210038, 0.003798923878996215], [0.47181121734464737, 0.5281887826553526], [0.8120773592645987, 0.18792264073540135], [0.5347618715943068, 0.4652381284056933], [0.07364716354168832, 0.9263528364583117], [0.32391504450298847, 0.6760849554970115], [0.1898109562782665, 0.8101890437217335], [0.6126823019720179, 0.3873176980279821], [0.9674439901346368, 0.03255600986536328], [0.9952085135286053, 0.004791486471394657], [0.7514335477504369, 0.2485664522495631], [0.7463135054707661, 0.2536864945292338], [0.45021858031037154, 0.5497814196896285], [0.2444153996543852, 0.7555846003456148], [0.8418507895669873, 0.15814921043301267], [0.7083757208423526, 0.29162427915764744], [0.9327020736742891, 0.06729792632571084], [0.8201582159499112, 0.17984178405008874], [0.8555738475944594, 0.14442615240554063], [0.055289574222557536, 0.9447104257774425], [0.007343960790424431, 0.9926560392095756], [0.16437307807183243, 0.8356269219281676], [0.3510340874820793, 0.6489659125179207], [0.3666432900704647, 0.6333567099295353], [0.7083044661305408, 0.29169553386945923], [0.16095800858364684, 0.8390419914163532], [0.8939687397336711, 0.10603126026632888], [0.518408411608337, 0.48159158839166305], [0.4287293147944852, 0.5712706852055148], [0.9582561615967725, 0.04174383840322747], [0.1486684918354133, 0.8513315081645867], [0.7609899144984893, 0.23901008550151065], [0.10438787128595717, 0.8956121287140428], [0.32010220625313013, 0.6798977937468699], [0.9388574584287991, 0.06114254157120096], [0.6434901761889769, 0.3565098238110232], [0.6265641644753835, 0.37343583552461646], [0.2769464291172391, 0.7230535708827609], [0.9511609186317613, 0.04883908136823865], [0.9362138965162535, 0.0637861034837465], [0.2646615897689386, 0.7353384102310614], [0.4099055821996559, 0.5900944178003441], [0.8676288314907554, 0.13237116850924455], [0.4041437772500627, 0.5958562227499373], [0.2869203003623687, 0.7130796996376313], [0.6771481208375998, 0.32285187916240016], [0.3133536050961757, 0.6866463949038243], [0.9013869805274857, 0.09861301947251429], [0.272655581083433, 0.727344418916567], [0.8975887987072483, 0.10241120129275172], [0.23029681512591849, 0.7697031848740815], [0.2374018883793364, 0.7625981116206636], [0.4141003156678461, 0.5858996843321539], [0.2024886166526665, 0.7975113833473335], [0.08834693955832262, 0.9116530604416774], [0.31813566338024934, 0.6818643366197507], [0.5222929266761831, 0.47770707332381696], [0.725917201816245, 0.27408279818375497], [0.7744411876454791, 0.22555881235452097], [0.9740225656798873, 0.025977434320112687], [0.2544038424690276, 0.7455961575309724], [0.5252087662820163, 0.4747912337179837], [0.05797582419296288, 0.9420241758070371], [0.9607692227385046, 0.039230777261495424], [0.25697071348619993, 0.7430292865138001], [0.20740877700231908, 0.7925912229976809], [0.9556667087177546, 0.044333291282245335], [0.10733829470731715, 0.8926617052926828], [0.6130548711193584, 0.3869451288806416], [0.2674660958814261, 0.7325339041185739], [0.834137486353477, 0.16586251364652305], [0.9985154152506185, 0.001484584749381545], [0.1635352466071801, 0.8364647533928199], [0.9461008457507801, 0.053899154249219844], [0.946646909480158, 0.053353090519842064], [0.16876109433380804, 0.831238905666192], [0.5275219711648192, 0.47247802883518075], [0.6728353187266362, 0.32716468127336384]]}, "rewritten": {"ids": ["4", "5", "6", "8", "9", "14", "15", "17", "24", "25", "26", "34", "40", "41", "44", "45", "46", "48", "51", "52", "55", "64", "66", "80", "81", "82", "93", "99", "106", "107", "124", "139", "146", "157", "160", "162", "166", "179", "197", "199", "202", "203", "205", "207", "217", "219", "233", "234", "239", "242", "253", "260", "266", "268", "269", "279", "286", "298", "303", "319", "320", "325", "334", "337", "346", "356", "374", "376", "378", "381", "385", "391", "397", "404", "406", "410", "416", "421", "422", "432", "451", "453", "458", "491", "492", "495", "507", "510", "517", "521", "527", "535", "541", "542", "547", "557", "565", "576", "577", "583", "585", "589", "602", "603", "608", "625", "629", "642", "643", "666", "686", "701"], "labels": [0, 0, 0, 0, 0, 0, 0, 0, 1, 1, 1, 1, 1, 1, 1, 1, 1, 1, 1, 1, 1, 1, 1, 1, 0, 0, 0, 0, 0, 0, 0, 0, 0, 0, 0, 0, 0, 1, 1, 1, 1, 1, 1, 1, 1, 1, 1, 1, 1, 1, 1, 0, 1, 1, 1, 1, 1, 1, 1, 1, 1, 0, 0, 0, 0, 0, 0, 0, 1, 1, 0, 0, 0, 0, 0, 0, 0, 0, 0, 0, 1, 1, 1, 1, 1, 0, 1, 1, 0, 0, 0, 0, 1, 1, 0, 1, 1, 1, 1, 1, 1, 1, 1, 1, 0, 1, 1, 0, 0, 0, 1, 0], "predicted_labels": [0, 1, 0, 0, 1, 0, 0, 1, 0, 0, 1, 0, 0, 0, 0, 1, 0, 0, 0, 1, 0, 0, 1, 1, 0, 0, 0, 0, 0, 0, 1, 0, 0, 0, 1, 0, 0, 1, 1, 1, 1, 1, 1, 0, 1, 1, 1, 0, 1, 0, 0, 0, 0, 1, 1, 0, 1, 0, 1, 0, 0, 0, 0, 0, 1, 0, 0, 0, 0, 1, 0, 0, 1, 1, 0, 0, 0, 0, 0, 0, 1, 1, 0, 0, 0, 0, 1, 1, 1, 0, 0, 0, 1, 1, 1, 1, 0, 1, 1, 0, 1, 0, 1, 0, 0, 1, 0, 1, 1, 0, 1, 0],