{"test": {"ids": ["553", "17", "702", "647", "75", "312", "185", "84", "431", "450", "475", "414", "142", "424", "251", "710", "147", "237", "308", "411", "611", "399", "270", "243", "637", "636", "139", "92", "464", "438", "416", "361", "83", "45", "74", "705", "670", "278", "218", "179", "254", "597", "288", "164", "217", "274", "69", "0", "485", "244", "313", "510", "645", "186", "426", "623", "99", "149", "94", "343", "529", "300", "701", "8", "197", "699", "205", "458", "573", "405", "478", "679", "634", "226", "497", "87", "377", "272", "296", "13", "293", "359", "182", "669", "698", "32", "435", "321", "607", "128", "582", "488", "592", "335", "371", "393", "565", "43", "366", "703", "600", "664", "177", "22", "7", "163", "386", "410", "9", "107", "387", "165", "495", "70", "521", "80", "196", "517", "100", "407", "555", "403", "141", "522", "66", "350", "111", "605", "229", "502", "539", "326", "151", "572", "563", "175", "345", "114", "95", "161", "154", "156", "596"], "labels": [0, 0, 0, 0, 1, 1, 1, 0, 0, 0, 1, 0, 0, 0, 1, 0, 0, 1, 1, 0, 0, 0, 1, 1, 0, 1, 0, 0, 1, 0, 0, 0, 0, 1, 1, 0, 0, 1, 1, 1, 1, 1, 1, 0, 1, 1, 1, 0, 0, 1, 1, 1, 0, 1, 0, 1, 0, 0, 0, 0, 0, 1, 0, 0, 1, 0, 1, 1, 1, 0, 1, 0, 1, 1, 1, 0, 0, 1, 1, 0, 1, 0, 1, 0, 0, 1, 0, 1, 0, 0, 1, 0, 1, 0, 0, 0, 1, 1, 0, 0, 1, 0, 1, 1, 0, 0, 0, 0, 0, 0, 0, 0, 0, 1, 0, 1, 1, 0, 0, 0, 1, 0, 0, 0, 1, 0, 1, 1, 1, 1, 0, 0, 0, 1, 1, 1, 0, 1, 0, 0, 0, 0, 1], "predicted_labels": [0, 0, 0, 1, 1, 1, 1, 1, 0, 1, 1, 0, 0, 1, 0, 0, 0, 1, 1, 0, 1, 0, 0, 1, 0, 1, 0, 0, 1, 0, 0, 1, 1, 1, 0, 0, 0, 1, 0, 0, 0, 0, 1, 0, 1, 1, 1, 0, 1, 1, 1, 0, 0, 1, 0, 0, 0, 0, 0, 0, 0, 1, 0, 1, 1, 0, 1, 0, 1, 0, 1, 0, 0, 1, 1, 0, 0, 1, 1, 0, 1, 1, 1, 1, 1, 1, 0, 1, 0, 0, 0, 0, 0, 0, 1, 0, 0, 1, 0, 0, 0, 1, 1, 1, 1, 1, 0, 0, 1, 0, 1, 0, 0, 1, 1, 1, 0, 1, 0, 0, 1, 0, 0, 1, 1, 0, 0, 0, 0, 1, 1, 0, 0, 0, 1, 1, 0, 1, 0, 1, 1, 1, 1], "confidence_scores": [[0.5904561901562476, 0.4095438098437524], [0.5304158952027482, 0.4695841047972517], [0.9010356903600619, 0.09896430963993812], [0.2023623803931095, 0.7976376196068905], [0.43211194782043816, 0.5678880521795618], [0.3326164702086907, 0.6673835297913093], [0.4373962066840391, 0.5626037933159609], [0.47923658373812195, 0.520763416261878], [0.773581296502537, 0.226418703497463], [0.08941507687895145, 0.9105849231210486], [0.1268660133298818, 0.8731339866701182], [0.7313185359360226, 0.2686814640639774], [0.9566159207409989, 0.043384079259001146], [0.28560053108372185, 0.7143994689162781], [0.8283494394773429, 0.17165056052265715], [0.7790618365885145, 0.2209381634114856], [0.8322717385526912, 0.1677282614473088], [0.028822328091497984, 0.971177671908502], [0.4220125015647691, 0.5779874984352309], [0.7240031660614762, 0.2759968339385238], [0.3632353762712498, 0.6367646237287502], [0.6852423078481475, 0.3147576921518525], [0.5772015420029013, 0.4227984579970987], [0.16366540332389423, 0.8363345966761058], [0.505099029752071, 0.494900970247929], [0.336720251223534, 0.663279748776466], [0.915428182191325, 0.08457181780867495], [0.8629096550808858, 0.1370903449191142], [0.2780327584709096, 0.7219672415290904], [0.785738276338672, 0.21426172366132806], [0.5344751022926391, 0.465524897707361], [0.47166888223249026, 0.5283311177675097], [0.45591107818136567, 0.5440889218186343], [0.3638615108005854, 0.6361384891994146], [0.6970247691955324, 0.30297523080446764], [0.6615419667518541, 0.3384580332481459], [0.805860656718026, 0.19413934328197405], [0.38132458955654225, 0.6186754104434578], [0.766257549630657, 0.233742450369343], [0.519059669492105, 0.48094033050789503], [0.5885961283732888, 0.41140387162671127], [0.8180858859196847, 0.18191411408031533], [0.045059716901101665, 0.9549402830988983], [0.5557775773100195, 0.44422242268998047], [0.0914784597139181, 0.9085215402860819], [0.22533783531885876, 0.7746621646811412], [0.3550451179495804, 0.6449548820504196], [0.7439599991529742, 0.2560400008470259], [0.08065881553620058, 0.9193411844637994], [0.09915007224084471, 0.9008499277591553], [0.09310160985563232, 0.9068983901443677], [0.6247133080067058, 0.37528669199329423], [0.5907153306181865, 0.40928466938181346], [0.12046170020515556, 0.8795382997948444], [0.5100554288174237, 0.48994457118257634], [0.8310941578608922, 0.16890584213910773], [0.5525559651335689, 0.44744403486643114], [0.8912138586802324, 0.1087861413197676], [0.8440323737205877, 0.15596762627941227], [0.8086166243321978, 0.1913833756678022], [0.6578780587430237, 0.3421219412569762], [0.26158316977692253, 0.7384168302230775], [0.5683641793868504, 0.4316358206131496], [0.37220465880032116, 0.6277953411996788], [0.2587810910280345, 0.7412189089719655], [0.5151398232074171, 0.48486017679258286], [0.08029561043423672, 0.9197043895657633], [0.7941600590240472, 0.20583994097595285], [0.32569151178017897, 0.674308488219821], [0.8486319007180986, 0.15136809928190142], [0.23066456365264132, 0.7693354363473587], [0.5886867523812631, 0.41131324761873694], [0.5511667640651172, 0.4488332359348827], [0.3304705602097032, 0.6695294397902968], [0.11306710075496396, 0.886932899245036], [0.9198846521215908, 0.08011534787840922], [0.8899935571057845, 0.1100064428942155], [0.2878477830244004, 0.7121522169755996], [0.44236328196281816, 0.5576367180371818], [0.7173272215482411, 0.28267277845175887], [0.05440639540940051, 0.9455936045905995], [0.3683330368106569, 0.6316669631893431], [0.2298681094641345, 0.7701318905358655], [0.11906026036698003, 0.88093973963302], [0.48205791180665236, 0.5179420881933476], [0.3597716466895585, 0.6402283533104415], [0.8136438849577449, 0.1863561150422551], [0.12201979676228714, 0.8779802032377129], [0.8404627809887165, 0.15953721901128345], [0.8252607291753942, 0.17473927082460586], [0.5697207567990992, 0.4302792432009008], [0.7246386066652794, 0.27536139333472065], [0.7730721070111717, 0.22692789298882837], [0.9651595379997812, 0.034840462000218855], [0.4675409578449774, 0.5324590421550226], [0.8627325075487037, 0.1372674924512963], [0.7904030448220778, 0.20959695517792215], [0.4172649886826162, 0.5827350113173838], [0.5278598178096765, 0.47214018219032344], [0.9058970421864081, 0.09410295781359192], [0.5160548336563898, 0.4839451663436102], [0.34258958332790546, 0.6574104166720945], [0.2716800992520174, 0.7283199007479826], [0.22624013643050167, 0.7737598635694983], [0.47606668435689914, 0.5239333156431009], [0.3923804262106516, 0.6076195737893484], [0.5689567074556126, 0.43104329254438745], [0.9207476331100477, 0.07925236688995227], [0.23532734774574293, 0.7646726522542571], [0.7175083077058936, 0.2824916922941064], [0.23144853448450375, 0.7685514655154962], [0.8150255329882938, 0.18497446701170617], [0.8121757473288636, 0.18782425267113645], [0.28084280373127524, 0.7191571962687248], [0.1644776236861628, 0.8355223763138372], [0.20766893785924345, 0.7923310621407565], [0.5922161077492086, 0.40778389225079137], [0.4318112818648313, 0.5681887181351687], [0.584880387539138, 0.4151196124608621], [0.6127721285631225, 0.3872278714368776], [0.3422867043845632, 0.6577132956154368], [0.8950163115798577, 0.10498368842014225], [0.9402686959502619, 0.05973130404973816], [0.13594156212529396, 0.864058437874706], [0.09707676579724356, 0.9029232342027564], [0.5027499369046462, 0.49725006309535374], [0.6455401599594949, 0.3544598400405051], [0.6092887513645069, 0.39071124863549317], [0.6918428185990658, 0.3081571814009342], [0.09092164890689836, 0.9090783510931016], [0.07828556914081175, 0.9217144308591882], [0.9324508803904282, 0.06754911960957177], [0.510970226241485, 0.48902977375851503], [0.6123897929253623, 0.3876102070746377], [0.2988386585852679, 0.7011613414147321], [0.10846529505351832, 0.8915347049464817], [0.8711433669110472, 0.1288566330889528], [0.13408425549783665, 0.8659157445021634], [0.5724357524336541, 0.4275642475663459], [0.09895326299458329, 0.9010467370054167], [0.29410987283954626, 0.7058901271604537], [0.39854862919749523, 0.6014513708025048], [0.27593837841919633, 0.7240616215808037]]}}