{"test": {"ids": ["464", "513", "399", "509", "324", "552", "173", "164", "152", "270", "28", "300", "683", "190", "426", "121", "291", "454", "259", "427", "468", "131", "101", "95", "514", "6", "561", "424", "56", "469", "114", "238", "465", "54", "46", "202", "634", "488", "665", "216", "494", "432", "620", "403", "595", "553", "231", "680", "518", "181", "230", "294", "562", "676", "214", "529", "643", "52", "279", "689", "635", "169", "241", "69", "336", "228", "160", "163", "636", "140", "177", "143", "72", "645", "470", "444", "540", "385", "110", "198", "60", "305", "601", "234", "320", "40", "236", "89", "461", "347", "255", "677", "123", "574", "533", "628", "212", "372", "572", "441", "29", "560", "537", "104", "341", "263", "49", "701", "393", "687", "307", "326", "499", "606", "5", "617", "447", "220", "94", "668", "194", "35", "233", "50", "80", "280", "625", "589", "205", "19", "57", "208", "240", "8", "183", "597", "663", "546", "261"], "labels": [0, 0, 1, 0, 0, 1, 1, 1, 1, 0, 0, 0, 1, 0, 1, 1, 0, 0, 0, 1, 0, 1, 1, 1, 1, 1, 0, 1, 1, 0, 1, 0, 0, 1, 1, 0, 1, 0, 1, 0, 0, 1, 0, 1, 0, 1, 0, 1, 1, 0, 0, 0, 0, 1, 0, 1, 1, 1, 0, 1, 1, 1, 0, 0, 0, 0, 1, 1, 1, 1, 0, 1, 0, 1, 0, 0, 1, 1, 1, 0, 0, 0, 0, 0, 0, 1, 0, 1, 0, 0, 0, 1, 1, 0, 1, 1, 0, 0, 0, 1, 0, 0, 1, 1, 0, 0, 1, 1, 1, 1, 0, 0, 0, 0, 1, 0, 0, 0, 1, 1, 0, 0, 0, 1, 0, 0, 1, 0, 0, 0, 1, 0, 0, 1, 0, 0, 1, 1, 0], "predicted_labels": [0, 0, 1, 0, 0, 0, 1, 0, 0, 1, 0, 1, 0, 0, 1, 1, 0, 0, 1, 1, 0, 0, 0, 0, 0, 1, 1, 0, 1, 0, 0, 0, 0, 0, 1, 0, 0, 0, 0, 0, 1, 0, 1, 0, 0, 1, 0, 0, 1, 1, 0, 0, 0, 0, 0, 0, 0, 0, 1, 1, 1, 1, 0, 0, 0, 0, 0, 0, 0, 1, 1, 1, 0, 1, 0, 1, 1, 1, 0, 1, 0, 0, 0, 1, 1, 0, 0, 0, 0, 0, 1, 1, 1, 0, 0, 0, 0, 1, 0, 0, 0, 1, 0, 0, 0, 0, 1, 0, 1, 0, 0, 0, 0, 0, 0, 1, 0, 0, 1, 0, 1, 0, 0, 0, 0, 0, 0, 0, 0, 1, 1, 0, 0, 1, 0, 1, 0, 1, 0], "confidence_scores": [[0.6822843598320734, 0.31771564016792647], [0.7069904273057526, 0.2930095726942476], [0.38750213258533717, 0.6124978674146634], [0.6259358828649848, 0.374064117135015], [0.5176280911898563, 0.4823719088101438], [0.5426477175094536, 0.4573522824905462], [0.4582176634768742, 0.541782336523126], [0.5055390071916386, 0.4944609928083614], [0.6241558586666168, 0.37584414133338273], [0.44202388535695164, 0.5579761146430484], [0.5146060222925873, 0.48539397770741255], [0.3480330656517871, 0.6519669343482135], [0.5705927298250275, 0.42940727017497227], [0.5575596681096681, 0.44244033189033194], [0.47953643199758034, 0.5204635680024193], [0.3805478789184673, 0.619452121081533], [0.7171193530755456, 0.28288064692445514], [0.6329924396037399, 0.3670075603962603], [0.42464796920859266, 0.5753520307914072], [0.43858167366689044, 0.5614183263331095], [0.5376694526745747, 0.4623305473254257], [0.516291813968924, 0.483708186031076], [0.5797038671216486, 0.4202961328783516], [0.5645950208116616, 0.43540497918833815], [0.6084146001625547, 0.39158539983744595], [0.34862119559147453, 0.6513788044085259], [0.49332971195471165, 0.5066702880452884], [0.5706375037243461, 0.42936249627565426], [0.4703828952952793, 0.5296171047047206], [0.619828651150976, 0.38017134884902426], [0.5183562737288135, 0.4816437262711861], [0.6354421594453769, 0.36455784055462387], [0.636670698264509, 0.3633293017354911], [0.6391646378220573, 0.3608353621779426], [0.417215972789795, 0.5827840272102051], [0.5642106712259185, 0.43578932877408094], [0.7175258135824061, 0.2824741864175944], [0.6676310177546241, 0.33236898224537637], [0.6001511175958543, 0.39984888240414546], [0.5038733752831274, 0.4961266247168726], [0.41403143088795247, 0.5859685691120479], [0.5558933999575307, 0.4441066000424697], [0.460401230958584, 0.539598769041416], [0.6879327133650669, 0.3120672866349337], [0.617328475975965, 0.3826715240240353], [0.44023636208693445, 0.5597636379130662], [0.5475911385484139, 0.4524088614515857], [0.5377904252784947, 0.46220957472150515], [0.4939186782540383, 0.5060813217459618], [0.4780253541144845, 0.5219746458855155], [0.5756545068880206, 0.4243454931119794], [0.5184208255512606, 0.4815791744487395], [0.6755637796023576, 0.3244362203976427], [0.5504123591810294, 0.44958764081897096], [0.6467198235716807, 0.3532801764283189], [0.5348622185865662, 0.46513778141343365], [0.6234281253060664, 0.3765718746939334], [0.6115435240196152, 0.38845647598038424], [0.4366296600458363, 0.5633703399541635], [0.3724420667138161, 0.627557933286184], [0.4552120603973882, 0.5447879396026121], [0.4750254209842444, 0.5249745790157557], [0.508182405655845, 0.49181759434415495], [0.627525778684324, 0.3724742213156756], [0.5765478873003773, 0.4234521126996223], [0.5258819982013917, 0.47411800179860825], [0.556339971139971, 0.44366002886002875], [0.6094504875843105, 0.390549512415689], [0.6727801496748868, 0.3272198503251132], [0.4720853647525053, 0.5279146352474945], [0.4147847586881643, 0.5852152413118357], [0.48908461701696987, 0.5109153829830302], [0.5593997694256208, 0.4406002305743793], [0.4290103853378791, 0.5709896146621206], [0.5925375990675992, 0.4074624009324007], [0.4354357505296634, 0.5645642494703366], [0.44119292075500516, 0.5588070792449948], [0.44806888781153503, 0.551931112188465], [0.5137643051254847, 0.4862356948745155], [0.3580847352544257, 0.6419152647455745], [0.6109731316180115, 0.389026868381988], [0.60556446165372, 0.3944355383462801], [0.5608112073533356, 0.4391887926466643], [0.49847218451483166, 0.5015278154851682], [0.4673998406564194, 0.5326001593435806], [0.5261279553779551, 0.4738720446220449], [0.5322087709675944, 0.46779122903240544], [0.5039707100724463, 0.49602928992755374], [0.6262229487832429, 0.3737770512167572], [0.6062146777608234, 0.3937853222391763], [0.46201210164964024, 0.5379878983503595], [0.3707726578547012, 0.6292273421452992], [0.4289991544044714, 0.5710008455955289], [0.6345504262077785, 0.36544957379222104], [0.595842760223952, 0.40415723977604784], [0.6158433053675507, 0.3841566946324494], [0.6194929136652819, 0.38050708633471825], [0.4623343327101531, 0.5376656672898469], [0.6955812510906332, 0.3044187489093668], [0.5036780745125712, 0.496321925487429], [0.6801731010475596, 0.3198268989524407], [0.3828014792826713, 0.6171985207173284], [0.520578222333222, 0.4794217776667777], [0.6136959483486256, 0.3863040516513746], [0.5507425314696667, 0.44925746853033266], [0.5672711843711847, 0.43272881562881543], [0.44889712010212, 0.5511028798978798], [0.625665740047706, 0.37433425995229425], [0.3789582794656324, 0.621041720534368], [0.6069977053648101, 0.39300229463518926], [0.5002905050178578, 0.4997094949821421], [0.6363921951513584, 0.36360780484864136], [0.5229439576763109, 0.47705604232368903], [0.6688415317607599, 0.33115846823924033], [0.5048478870234625, 0.4951521129765374], [0.41203203101246566, 0.5879679689875341], [0.5373340293065694, 0.46266597069343063], [0.6543900456182968, 0.34560995438170367], [0.4264235895339611, 0.5735764104660386], [0.5383207197764023, 0.46167928022359744], [0.4865312649910474, 0.5134687350089525], [0.5434370252278051, 0.4565629747721952], [0.544611408646393, 0.45538859135360693], [0.5566736897278279, 0.4433263102721719], [0.5081927096336534, 0.49180729036634663], [0.7479948551448551, 0.2520051448551448], [0.6917602668573258, 0.3082397331426742], [0.6501652442900421, 0.34983475570995726], [0.6576992545552143, 0.342300745444786], [0.44303976412005724, 0.556960235879943], [0.40606027498137137, 0.593939725018629], [0.6196257901316318, 0.38037420986836845], [0.5148835215438159, 0.48511647845618416], [0.44681763707568645, 0.5531823629243137], [0.5503770247296562, 0.44962297527034356], [0.4724412819569267, 0.5275587180430734], [0.5164096841209372, 0.48359031587906276], [0.45755734941387083, 0.5424426505861291], [0.5343206413899139, 0.46567935861008625]]},