{"test": {"ids": ["587", "451", "231", "576", "402", "455", "705", "9", "563", "584", "299", "695", "321", "702", "136", "99", "490", "138", "116", "247", "483", "343", "28", "139", "426", "131", "253", "113", "49", "544", "65", "554", "637", "389", "147", "519", "72", "122", "296", "60", "359", "396", "693", "32", "119", "82", "317", "618", "415", "646", "460", "429", "607", "213", "108", "117", "644", "508", "24", "354", "418", "140", "491", "264", "230", "621", "236", "143", "573", "588", "675", "674", "388", "73", "446", "457", "597", "553", "68", "523", "381", "419", "212", "216", "248", "217", "340", "174", "395", "263", "438", "227", "244", "157", "666", "536", "590", "169", "445", "517", "386", "166", "201", "510", "665", "168", "338", "498", "555", "362", "650", "633", "127", "284", "551", "570", "430", "220", "78", "42", "155", "93", "5", "392", "352", "22", "179", "399", "55", "452", "617", "537", "512", "3", "503", "374", "326", "655", "443", "400", "676", "515", "449"], "labels": [0, 0, 0, 0, 1, 0, 1, 0, 0, 0, 0, 1, 0, 1, 1, 0, 0, 1, 1, 1, 0, 1, 0, 1, 1, 1, 1, 1, 0, 0, 1, 1, 0, 1, 1, 1, 1, 1, 0, 1, 1, 1, 1, 0, 1, 1, 0, 0, 1, 0, 0, 1, 0, 0, 0, 1, 0, 0, 0, 1, 1, 1, 0, 0, 0, 1, 0, 1, 0, 0, 0, 0, 1, 1, 0, 0, 0, 0, 1, 1, 1, 1, 0, 0, 1, 0, 1, 0, 1, 1, 1, 0, 0, 1, 0, 1, 0, 1, 0, 1, 1, 1, 0, 0, 0, 1, 1, 0, 1, 1, 0, 0, 1, 0, 0, 0, 1, 0, 1, 0, 1, 0, 0, 1, 1, 0, 0, 1, 0, 0, 0, 1, 0, 0, 0, 1, 1, 0, 1, 1, 0, 0, 0], "predicted_labels": [0, 0, 1, 0, 1, 0, 1, 0, 0, 0, 0, 0, 0, 1, 1, 0, 1, 0, 1, 0, 0, 1, 0, 1, 1, 0, 0, 0, 1, 0, 1, 0, 0, 1, 1, 0, 1, 1, 0, 1, 1, 0, 1, 0, 0, 0, 0, 0, 0, 0, 0, 1, 0, 0, 1, 0, 0, 0, 0, 1, 1, 1, 1, 0, 0, 0, 0, 1, 0, 0, 0, 0, 1, 1, 0, 1, 0, 0, 1, 1, 0, 1, 0, 0, 1, 0, 1, 0, 0, 0, 1, 0, 0, 0, 1, 0, 0, 1, 0, 0, 0, 1, 0, 0, 0, 1, 1, 0, 0, 1, 0, 1, 0, 0, 0, 0, 1, 0, 0, 1, 1, 0, 0, 1, 1, 0, 0, 1, 1, 0, 0, 0, 1, 0, 0, 1, 1, 0, 0, 1, 0, 1, 0], "confidence_scores": [[0.761687944274035, 0.23831205572596503], [0.9349524092670338, 0.06504759073296623], [0.41240250204993856, 0.5875974979500614], [0.9316011183393017, 0.06839888166069827], [0.4399716519459781, 0.5600283480540219], [0.5902455392185844, 0.40975446078141564], [0.45156309896288893, 0.5484369010371111], [0.7248408260214625, 0.2751591739785375], [0.8769507376983569, 0.12304926230164312], [0.5323458456236566, 0.4676541543763434], [0.7178988338789424, 0.2821011661210576], [0.8053894512280291, 0.19461054877197087], [0.7750982392153218, 0.22490176078467813], [0.21222270542856048, 0.7877772945714395], [0.1149105207209199, 0.8850894792790801], [0.778675818854224, 0.22132418114577604], [0.2543388571169838, 0.7456611428830162], [0.6662070674411202, 0.3337929325588797], [0.40734552607973074, 0.5926544739202693], [0.7450953614228937, 0.2549046385771064], [0.6711878382943307, 0.3288121617056693], [0.2443908138096068, 0.7556091861903932], [0.6456799467339822, 0.35432005326601773], [0.12942920783234024, 0.8705707921676598], [0.1261346561758815, 0.8738653438241185], [0.7389877546219543, 0.2610122453780457], [0.6574450686758304, 0.34255493132416964], [0.7065023098846235, 0.2934976901153766], [0.42076004673878975, 0.5792399532612102], [0.7435781209519972, 0.2564218790480028], [0.14401609424418216, 0.8559839057558178], [0.5034439823587645, 0.49655601764123547], [0.7116993776179119, 0.28830062238208815], [0.44427993468888205, 0.555720065311118], [0.39413847910969335, 0.6058615208903066], [0.800492325683261, 0.199507674316739], [0.32684472463771186, 0.6731552753622881], [0.4965122531249577, 0.5034877468750423], [0.528190685891647, 0.47180931410835303], [0.49070258596709526, 0.5092974140329047], [0.18852641998055597, 0.811473580019444], [0.8014070190454783, 0.1985929809545217], [0.39180203236950784, 0.6081979676304922], [0.6931507058316257, 0.3068492941683743], [0.8270855294468593, 0.17291447055314066], [0.7356712786837041, 0.2643287213162959], [0.7640819793623441, 0.23591802063765593], [0.7951554550681819, 0.2048445449318181], [0.5971072002516887, 0.40289279974831127], [0.887030813003054, 0.11296918699694602], [0.8417648761349652, 0.15823512386503474], [0.3681785841457743, 0.6318214158542257], [0.8857177698432339, 0.1142822301567661], [0.7061667378937166, 0.2938332621062833], [0.24292875550119142, 0.7570712444988086], [0.5031302675612922, 0.4968697324387078], [0.6573623899426129, 0.3426376100573871], [0.712594742754137, 0.287405257245863], [0.7779751510292112, 0.22202484897078884], [0.19564262403332666, 0.8043573759666733], [0.16649773146000002, 0.83350226854], [0.30822776810465824, 0.6917722318953418], [0.09601600802578913, 0.9039839919742109], [0.8401288588304351, 0.1598711411695649], [0.8116148895729297, 0.18838511042707032], [0.897346418484349, 0.10265358151565092], [0.8594652206461878, 0.1405347793538122], [0.46955122241018343, 0.5304487775898166], [0.861759322421511, 0.13824067757848904], [0.8381630141346446, 0.16183698586535541], [0.8914987213725434, 0.10850127862745658], [0.9169820091751759, 0.08301799082482411], [0.4740607322683277, 0.5259392677316723], [0.45140949631760807, 0.5485905036823919], [0.7199878201078669, 0.28001217989213306], [0.4810980787512493, 0.5189019212487507], [0.7149328907598693, 0.28506710924013073], [0.7793181877743329, 0.22068181222566713], [0.2386887590341017, 0.7613112409658983], [0.37872767931298845, 0.6212723206870115], [0.9072670492122193, 0.09273295078778067], [0.13289072075033825, 0.8671092792496617], [0.7425485248286526, 0.25745147517134737], [0.7261058207328145, 0.2738941792671855], [0.37809359894312944, 0.6219064010568706], [0.9257094542977796, 0.0742905457022204], [0.08402031319738179, 0.9159796868026182], [0.8719646288260837, 0.1280353711739163], [0.5017629333503841, 0.4982370666496158], [0.5078219571297039, 0.4921780428702961], [0.24333995337331626, 0.7566600466266837], [0.7931507947303343, 0.20684920526966563], [0.8097966501148843, 0.19020334988511572], [0.7493140211541346, 0.2506859788458654], [0.46837870427541173, 0.5316212957245883], [0.6248315261778281, 0.37516847382217194], [0.9207616701575347, 0.07923832984246523], [0.11777379713258096, 0.882226202867419], [0.9070878617182576, 0.09291213828174237], [0.696862430130372, 0.30313756986962803], [0.7634032593852658, 0.2365967406147343], [0.18535117734553896, 0.814648822654461], [0.8633682468452132, 0.13663175315478684], [0.7735252877926657, 0.22647471220733434], [0.8840664800527148, 0.11593351994728521], [0.38104465051707426, 0.6189553494829257], [0.20635950499249311, 0.7936404950075069], [0.571487774515957, 0.428512225484043], [0.8712174610421629, 0.12878253895783712], [0.34468060370090825, 0.6553193962990917], [0.8829972669765125, 0.11700273302348757], [0.3065194076576905, 0.6934805923423095], [0.7488587790845662, 0.2511412209154338], [0.8309221636904492, 0.16907783630955073], [0.8201005262372592, 0.1798994737627409], [0.7869971022918841, 0.2130028977081159], [0.28497596099892697, 0.715024039001073], [0.8517903014058235, 0.1482096985941765], [0.5301924028446217, 0.46980759715537834], [0.2665897819250125, 0.7334102180749875], [0.18512210306855104, 0.814877896931449], [0.5003945732361759, 0.4996054267638242], [0.5924681724865009, 0.4075318275134992], [0.3399881792889202, 0.6600118207110798], [0.2579192056807035, 0.7420807943192965], [0.7612251666002214, 0.23877483339977854], [0.8366929033821857, 0.16330709661781423], [0.3645942574420934, 0.6354057425579066], [0.43535432628709525, 0.5646456737129047], [0.8378171367556366, 0.1621828632443634], [0.6748552040020195, 0.32514479599798046], [0.8405778633865597, 0.15942213661344032], [0.3697294659356761, 0.6302705340643239], [0.7219936056870879, 0.278006394312912], [0.8225282119267152, 0.1774717880732848], [0.16872308736858932, 0.8312769126314107], [0.16652171402402094, 0.8334782859759791], [0.9177534137827525, 0.08224658621724742], [0.6205761621144731, 0.3794238378855269], [0.35789292902856074, 0.6421070709714393], [0.7456890340840857, 0.2543109659159143], [0.2786403525586556, 0.7213596474413444], [0.7745057449441102, 0.22549425505588988]]},