{"test": {"ids": ["303", "467", "84", "543", "183", "578", "698", "448", "553", "282", "369", "393", "30", "271", "582", "175", "540", "34", "561", "347", "40", "85", "565", "63", "267", "196", "444", "640", "482", "274", "82", "603", "44", "591", "214", "612", "312", "664", "575", "301", "213", "501", "121", "33", "69", "521", "13", "627", "329", "655", "506", "622", "397", "442", "692", "234", "615", "408", "170", "221", "104", "547", "3", "401", "675", "661", "334", "331", "126", "592", "313", "205", "54", "111", "620", "324", "618", "335", "602", "590", "556", "432", "671", "167", "206", "109", "511", "491", "656", "418", "252", "93", "139", "484", "219", "304", "699", "647", "87", "681", "495", "607", "128", "278", "56", "203", "623", "370", "608", "124", "237", "587", "400", "302", "541", "626", "405", "438", "567", "472", "20", "310", "533", "227", "611", "106", "212", "59", "670", "596", "294", "542", "235", "345", "650", "415", "509", "257", "325", "635", "439", "215", "39"], "labels": [0, 0, 1, 1, 0, 0, 1, 0, 0, 0, 1, 1, 0, 0, 0, 0, 0, 0, 0, 1, 1, 1, 0, 0, 0, 0, 0, 1, 0, 0, 1, 0, 0, 0, 0, 0, 0, 1, 0, 0, 0, 0, 1, 0, 0, 1, 1, 1, 1, 1, 0, 1, 1, 1, 1, 0, 0, 1, 1, 0, 1, 0, 0, 1, 1, 1, 1, 1, 1, 0, 0, 0, 0, 1, 0, 1, 0, 1, 0, 0, 0, 1, 1, 1, 0, 1, 0, 0, 1, 1, 1, 1, 1, 0, 0, 0, 1, 1, 0, 1, 1, 0, 1, 0, 0, 0, 1, 1, 0, 1, 0, 0, 1, 0, 1, 1, 1, 1, 0, 0, 0, 0, 0, 0, 0, 1, 0, 0, 1, 0, 0, 1, 0, 1, 1, 1, 0, 0, 1, 0, 1, 0, 1], "predicted_labels": [1, 1, 1, 0, 0, 0, 0, 1, 0, 0, 1, 0, 0, 0, 0, 0, 0, 0, 0, 1, 1, 1, 1, 1, 1, 1, 0, 0, 0, 0, 0, 0, 1, 1, 0, 0, 0, 0, 0, 0, 0, 0, 1, 0, 0, 1, 1, 1, 0, 0, 1, 0, 1, 0, 1, 0, 0, 1, 1, 1, 0, 0, 0, 0, 1, 1, 1, 1, 1, 0, 0, 0, 1, 1, 0, 1, 0, 1, 0, 0, 0, 0, 1, 0, 0, 1, 1, 1, 1, 1, 1, 1, 1, 1, 0, 0, 1, 1, 1, 1, 1, 0, 1, 0, 0, 0, 1, 1, 1, 0, 0, 0, 0, 0, 0, 0, 1, 1, 1, 1, 0, 0, 1, 0, 0, 0, 0, 1, 1, 0, 0, 1, 0, 0, 1, 1, 0, 1, 1, 0, 1, 0, 1], "confidence_scores": [[0.49115804334554325, 0.5088419566544568], [0.4352978508419685, 0.5647021491580316], [0.3716796014851162, 0.6283203985148839], [0.6031375095492743, 0.39686249045072564], [0.5825828615828617, 0.4174171384171384], [0.6250755759763111, 0.37492442402368864], [0.5433192725597489, 0.456680727440251], [0.4686324594523124, 0.5313675405476876], [0.6206928569796217, 0.37930714302037843], [0.6069023842944121, 0.39309761570558777], [0.3423003336940837, 0.6576996663059163], [0.5158324915174338, 0.48416750848256607], [0.5393643871262745, 0.4606356128737255], [0.7086083163052977, 0.29139168369470225], [0.6768237040737043, 0.3231762959262959], [0.7413653152403153, 0.25863468475968476], [0.5276686654418853, 0.47233133455811477], [0.6178246223441236, 0.3821753776558763], [0.696477688977689, 0.3035223110223111], [0.4875256132756132, 0.5124743867243867], [0.42717750999001014, 0.57282249000999], [0.4174046578421578, 0.5825953421578423], [0.49673118670545136, 0.5032688132945486], [0.39578901776328246, 0.6042109822367177], [0.47410295260295265, 0.5258970473970473], [0.4372556144835557, 0.5627443855164443], [0.5398580270778414, 0.4601419729221587], [0.5771366848021261, 0.4228633151978739], [0.5784697063557356, 0.42153029364426425], [0.5710937465312466, 0.4289062534687534], [0.5493358008950114, 0.45066419910498856], [0.6568711003049238, 0.3431288996950762], [0.30271566486059526, 0.6972843351394047], [0.4975231145488499, 0.50247688545115], [0.5473013020476256, 0.4526986979523743], [0.5078703812527343, 0.49212961874726574], [0.5202713952713955, 0.47972860472860446], [0.504765010939353, 0.49523498906064684], [0.7902854657597307, 0.2097145342402695], [0.6684652138796879, 0.3315347861203125], [0.6220944321201675, 0.37790556787983265], [0.6633831723831726, 0.33661682761682754], [0.26443809273801533, 0.7355619072619848], [0.6663476466344115, 0.33365235336558874], [0.5117025625518273, 0.4882974374481728], [0.490422124057573, 0.509577875942427], [0.4752682942057942, 0.5247317057942058], [0.2284162580475081, 0.7715837419524922], [0.5983664183039179, 0.40163358169608165], [0.5373422549672551, 0.462657745032745], [0.45434577922077934, 0.5456542207792205], [0.5432859640359639, 0.45671403596403615], [0.49031899024178427, 0.5096810097582157], [0.5167495213120215, 0.4832504786879786], [0.2766299995240399, 0.7233700004759602], [0.6189031475770606, 0.3810968524229392], [0.6096734931734933, 0.39032650682650677], [0.4299798118548119, 0.5700201881451883], [0.21655941117705826, 0.7834405888229419], [0.3708547975717094, 0.6291452024282904], [0.5365878080253078, 0.46341219197469213], [0.7504163544788542, 0.24958364552114556], [0.6188113357231003, 0.3811886642768997], [0.5414296259296258, 0.4585703740703741], [0.4410434145103267, 0.5589565854896735], [0.4618169497985675, 0.5381830502014325], [0.3800435116783801, 0.61995648832162], [0.37265307389978425, 0.6273469261002156], [0.435914987789988, 0.5640850122100122], [0.5715454198579198, 0.42845458014208027], [0.7028033551415902, 0.2971966448584097], [0.6704909273732804, 0.32950907262671963], [0.43153465896848253, 0.5684653410315176], [0.4792875180375182, 0.5207124819624819], [0.5891513682396036, 0.41084863176039654], [0.4242746350871351, 0.575725364912865], [0.5510411324786325, 0.4489588675213674], [0.3064662380103556, 0.6935337619896441], [0.6628531746031747, 0.33714682539682544], [0.7408612012987014, 0.25913879870129863], [0.746582271894772, 0.25341772810522806], [0.5427014166389165, 0.45729858336108337], [0.46704803858422295, 0.532951961415777], [0.6067954822954821, 0.39320451770451775], [0.8210576923076922, 0.1789423076923077], [0.34567092956063555, 0.6543290704393644], [0.48389637299834687, 0.5161036270016531], [0.3134229691876752, 0.6865770308123248], [0.41761618610148027, 0.5823838138985196], [0.40768067349317355, 0.5923193265068264], [0.42171153846153864, 0.5782884615384615], [0.4386238410282527, 0.5613761589717473], [0.2515435659112129, 0.748456434088787], [0.35171647285463087, 0.6482835271453691], [0.6365447754859519, 0.3634552245140481], [0.569755480222392, 0.4302445197776079], [0.30121201065016867, 0.6987879893498316], [0.4263884506016858, 0.5736115493983144], [0.4373922188922188, 0.5626077811077811], [0.486913364821453, 0.513086635178547], [0.4238827145077147, 0.5761172854922851], [0.6576889499389498, 0.3423110500610501], [0.447107049812932, 0.5528929501870681], [0.6431727708565944, 0.35682722914340564], [0.5030846327283828, 0.4969153672716173], [0.704158896658897, 0.29584110334110336], [0.33354905021449144, 0.6664509497855087], [0.37945055620549056, 0.6205494437945096], [0.42765637140637147, 0.5723436285936285], [0.5153702186702186, 0.4846297813297815], [0.8754940476190477, 0.12450595238095237], [0.5989042644447057, 0.4010957355552942], [0.5024838160205807, 0.4975161839794193], [0.6572606005106003, 0.34273939948939947], [0.5347144869019869, 0.46528551309801314], [0.6172227078477076, 0.382777292152292], [0.3830236599485826, 0.6169763400514172], [0.4443412404588877, 0.5556587595411124], [0.4212699522699522, 0.5787300477300478], [0.39194737418378733, 0.6080526258162129], [0.5895869775649188, 0.4104130224350812], [0.6022462939107678, 0.3977537060892324], [0.45858283383283394, 0.5414171661671661], [0.6894506327006326, 0.31054936729936733], [0.6612055375180377, 0.33879446248196254], [0.5073901792651792, 0.4926098207348209], [0.5905909384947697, 0.4094090615052302], [0.4114974421713552, 0.588502557828645], [0.4973354145854146, 0.5026645854145854], [0.7027683762316111, 0.29723162376838863], [0.7355372821622823, 0.26446271783771785], [0.4165887515262514, 0.5834112484737485], [0.7262977961580901, 0.2737022038419096], [0.5418044476658607, 0.4581955523341393], [0.33872135685951493, 0.6612786431404856], [0.46003180153180145, 0.5399681984681984], [0.8093147351014999, 0.1906852648985002], [0.4701398670773671, 0.5298601329226329], [0.3653432331557331, 0.634656766844267], [0.593218482905983, 0.40678151709401733], [0.44009496834864487, 0.5599050316513552], [0.653022102897103, 0.3469778971028971], [0.47327784715284715, 0.526722152847153]]},