{"test": {"ids": ["413", "416", "684", "217", "352", "564", "680", "141", "36", "589", "646", "162", "386", "619", "235", "441", "486", "376", "146", "411", "481", "377", "293", "625", "698", "211", "329", "640", "460", "428", "623", "525", "487", "274", "33", "137", "261", "51", "221", "264", "29", "109", "620", "254", "477", "557", "7", "648", "16", "220", "590", "494", "298", "265", "532", "299", "82", "615", "493", "424", "158", "183", "46", "80", "252", "249", "181", "206", "18", "238", "349", "308", "222", "489", "427", "399", "543", "402", "259", "469", "85", "682", "357", "703", "511", "677", "281", "105", "506", "203", "341", "536", "310", "435", "230", "507", "393", "681", "157", "535", "210", "638", "359", "335", "372", "524", "579", "559", "23", "480", "418", "704", "34", "125", "616", "542", "675", "250", "333", "86", "332", "167", "609", "9", "139", "706", "523", "96", "513", "368", "498", "599", "663", "388", "290", "516", "380", "76", "578", "266", "13", "92", "14"], "labels": [1, 1, 1, 0, 1, 0, 1, 1, 1, 0, 1, 1, 1, 0, 0, 1, 0, 1, 1, 1, 0, 1, 0, 1, 1, 0, 1, 1, 0, 1, 1, 1, 0, 0, 0, 1, 0, 0, 0, 0, 0, 1, 0, 1, 0, 0, 1, 1, 1, 0, 0, 1, 0, 0, 0, 0, 1, 0, 1, 1, 1, 0, 0, 0, 1, 0, 0, 0, 0, 0, 1, 0, 0, 0, 1, 1, 1, 1, 0, 0, 1, 1, 1, 1, 0, 1, 0, 1, 0, 0, 1, 0, 0, 1, 0, 0, 1, 1, 1, 0, 0, 1, 1, 1, 1, 1, 0, 0, 0, 0, 1, 1, 0, 1, 0, 1, 1, 1, 1, 0, 1, 1, 0, 1, 1, 1, 1, 1, 0, 1, 0, 0, 1, 1, 0, 1, 1, 0, 0, 0, 1, 1, 1], "predicted_labels": [1, 1, 0, 0, 1, 0, 1, 1, 1, 1, 0, 1, 1, 0, 0, 0, 0, 1, 1, 0, 1, 1, 0, 0, 1, 0, 1, 1, 0, 1, 0, 0, 0, 0, 1, 0, 0, 1, 0, 0, 1, 1, 0, 0, 1, 0, 1, 1, 1, 1, 0, 1, 0, 0, 0, 0, 1, 0, 1, 1, 1, 1, 0, 1, 1, 1, 0, 0, 0, 0, 0, 1, 1, 0, 1, 0, 1, 0, 0, 0, 1, 1, 1, 1, 1, 1, 0, 1, 0, 0, 1, 0, 0, 0, 0, 0, 1, 0, 0, 0, 0, 0, 1, 1, 1, 0, 0, 0, 0, 1, 1, 0, 1, 1, 0, 1, 0, 1, 1, 1, 1, 1, 0, 0, 1, 1, 1, 0, 1, 0, 0, 0, 0, 1, 1, 0, 0, 0, 0, 0, 0, 0, 1], "confidence_scores": [[0.25219928385175605, 0.747800716148244], [0.38520654091786566, 0.6147934590821343], [0.6070453800206683, 0.3929546199793317], [0.8792906652194393, 0.12070933478056067], [0.47088100633677565, 0.5291189936632243], [0.7393673052053773, 0.2606326947946227], [0.3034619601948849, 0.6965380398051151], [0.14356225107845744, 0.8564377489215426], [0.3082065545571775, 0.6917934454428225], [0.30902826346301326, 0.6909717365369867], [0.5769895801579987, 0.42301041984200133], [0.4369914745679967, 0.5630085254320033], [0.2288981658556476, 0.7711018341443524], [0.8216953524632238, 0.17830464753677625], [0.8524710476022453, 0.14752895239775468], [0.5964512247255889, 0.40354877527441113], [0.6599880165447725, 0.3400119834552275], [0.2647774041662445, 0.7352225958337555], [0.318874919946852, 0.681125080053148], [0.683126464791812, 0.316873535208188], [0.4424831467831736, 0.5575168532168264], [0.25213543893220725, 0.7478645610677928], [0.8108591424563367, 0.18914085754366328], [0.7275876354961602, 0.27241236450383977], [0.2899314516954803, 0.7100685483045197], [0.7055526927322685, 0.2944473072677315], [0.32778829787465924, 0.6722117021253408], [0.3879643978064795, 0.6120356021935205], [0.8545666988903797, 0.14543330110962027], [0.29984450308618793, 0.7001554969138121], [0.7982163551603271, 0.2017836448396729], [0.7578734416681249, 0.24212655833187513], [0.5424903050023775, 0.4575096949976225], [0.6336534763577901, 0.36634652364220993], [0.2022415107411918, 0.7977584892588082], [0.5978875100715618, 0.4021124899284382], [0.509061416523111, 0.490938583476889], [0.4671977607167376, 0.5328022392832624], [0.5847701702268965, 0.4152298297731035], [0.6744263289680958, 0.3255736710319042], [0.42969131611707867, 0.5703086838829213], [0.32863873138208843, 0.6713612686179116], [0.8139629253178555, 0.18603707468214448], [0.61886630756792, 0.38113369243207995], [0.45594087998113797, 0.544059120018862], [0.863508222903672, 0.13649177709632798], [0.4987619269308937, 0.5012380730691063], [0.26566184111898294, 0.7343381588810171], [0.2235054485736937, 0.7764945514263063], [0.27929513832380615, 0.7207048616761939], [0.5454965745864457, 0.4545034254135542], [0.17475372052154559, 0.8252462794784544], [0.6183648979099181, 0.38163510209008183], [0.6633276851007894, 0.3366723148992106], [0.8305867541103904, 0.16941324588960954], [0.8157294228514007, 0.1842705771485993], [0.17343792656170243, 0.8265620734382976], [0.7610272560404203, 0.2389727439595797], [0.32698422561800145, 0.6730157743819986], [0.32655306378789595, 0.673446936212104], [0.3728249948502157, 0.6271750051497843], [0.46348673432075915, 0.5365132656792408], [0.5427486426481143, 0.45725135735188566], [0.3918679721464656, 0.6081320278535344], [0.38108082604313886, 0.6189191739568611], [0.4157638071986688, 0.5842361928013312], [0.7555882948868693, 0.24441170511313065], [0.9062392060399542, 0.09376079396004576], [0.7121723872842928, 0.2878276127157072], [0.7839443073405487, 0.21605569265945132], [0.5631189289240863, 0.4368810710759136], [0.4469325183746845, 0.5530674816253155], [0.35743069593114885, 0.6425693040688512], [0.5797476783627504, 0.4202523216372495], [0.410610653543407, 0.589389346456593], [0.619913521713377, 0.380086478286623], [0.34849896836011496, 0.651501031639885], [0.585253455254221, 0.414746544745779], [0.5986397879130889, 0.40136021208691103], [0.6837974706056085, 0.3162025293943915], [0.16811258975454935, 0.8318874102454507], [0.29599732927528666, 0.7040026707247133], [0.28348768746428377, 0.7165123125357162], [0.4861664384042682, 0.5138335615957318], [0.4503603508310313, 0.5496396491689687], [0.48915299300650206, 0.5108470069934979], [0.877261289958559, 0.12273871004144093], [0.47187982227971925, 0.5281201777202807], [0.6579310065258175, 0.3420689934741825], [0.7869032738441664, 0.2130967261558337], [0.16747435459226034, 0.8325256454077397], [0.7824898908478517, 0.21751010915214825], [0.8578030146979854, 0.14219698530201458], [0.7405415463534497, 0.2594584536465503], [0.8758861729219607, 0.12411382707803928], [0.6075920191508174, 0.3924079808491826], [0.17750085722512976, 0.8224991427748702], [0.730492700394116, 0.2695072996058841], [0.6438715044550829, 0.3561284955449171], [0.6797023739746555, 0.32029762602534445], [0.6636258263600097, 0.3363741736399904], [0.6391781930287297, 0.3608218069712703], [0.45493905802903034, 0.5450609419709697], [0.21681986209412119, 0.7831801379058788], [0.2652810647257633, 0.7347189352742367], [0.5678570917840775, 0.43214290821592244], [0.5624608337663518, 0.4375391662336482], [0.7161491199652661, 0.2838508800347339], [0.6962297156697228, 0.30377028433027714], [0.43475884742516757, 0.5652411525748324], [0.34733037165705627, 0.6526696283429437], [0.7143043735304548, 0.2856956264695452], [0.4914842264994861, 0.5085157735005139], [0.13920746688834906, 0.8607925331116509], [0.8092223391409246, 0.19077766085907544], [0.21654104696434573, 0.7834589530356543], [0.6071891959790152, 0.3928108040209847], [0.4133523939618491, 0.5866476060381509], [0.49524288988204124, 0.5047571101179588], [0.43138851739451145, 0.5686114826054885], [0.3389627460219792, 0.6610372539780208], [0.2743568303147388, 0.7256431696852612], [0.6660949751215306, 0.33390502487846935], [0.732081188125637, 0.26791881187436295], [0.41661618129126576, 0.5833838187087342], [0.28805538779044504, 0.711944612209555], [0.4250629458410127, 0.5749370541589873], [0.5270061958888893, 0.4729938041111107], [0.48958384596263027, 0.5104161540373697], [0.6338588246952326, 0.36614117530476736], [0.7071371417527704, 0.2928628582472296], [0.7455339173435103, 0.25446608265648973], [0.5495759501689124, 0.45042404983108764], [0.4961028641818045, 0.5038971358181955], [0.19856625039247333, 0.8014337496075267], [0.5282001245988562, 0.47179987540114376], [0.6945824910267231, 0.30541750897327685], [0.6175469249242764, 0.3824530750757235], [0.8783485522717512, 0.12165144772824878], [0.6165364092811425, 0.3834635907188575], [0.5276704305410036, 0.4723295694589964], [0.6398927446580263, 0.3601072553419738], [0.4830227156527902, 0.5169772843472098]]}}