{"test": {"ids": ["165", "540", "229", "710", "62", "580", "8", "576", "24", "159", "26", "19", "676", "638", "20", "691", "532", "527", "654", "132", "221", "564", "697", "70", "108", "502", "591", "264", "686", "207", "430", "160", "418", "374", "85", "606", "23", "510", "455", "186", "695", "630", "313", "701", "123", "586", "627", "412", "295", "479", "428", "4", "647", "46", "534", "698", "664", "486", "687", "142", "81", "607", "337", "104", "107", "54", "35", "219", "566", "323", "546", "18", "615", "522", "489", "699", "414", "468", "33", "668", "703", "148", "406", "629", "90", "326", "346", "511", "704", "201", "48", "173", "274", "453", "117", "257", "267", "655", "482", "518", "601", "432", "190", "51", "115", "144", "131", "114", "362", "105", "232", "118", "68", "16", "294", "549", "504", "87", "347", "506", "336", "286", "145", "360", "524", "59", "521", "512", "261", "394", "22", "513", "574", "38", "17", "452", "122", "25", "29", "431", "205", "212", "192"], "labels": [1, 0, 0, 1, 0, 0, 1, 0, 0, 1, 0, 0, 1, 1, 0, 1, 0, 0, 1, 1, 0, 0, 1, 0, 0, 0, 0, 0, 0, 0, 1, 1, 1, 1, 1, 0, 0, 0, 0, 0, 1, 1, 0, 1, 1, 0, 1, 1, 0, 0, 1, 0, 1, 0, 0, 1, 1, 0, 0, 1, 1, 0, 1, 1, 1, 0, 0, 0, 0, 0, 0, 0, 0, 1, 0, 1, 1, 0, 0, 1, 1, 1, 1, 1, 1, 1, 1, 0, 1, 0, 0, 1, 0, 0, 1, 0, 0, 1, 0, 1, 0, 1, 0, 0, 1, 1, 1, 1, 1, 1, 0, 1, 0, 1, 0, 0, 0, 0, 1, 0, 1, 0, 1, 1, 1, 0, 1, 0, 0, 1, 0, 0, 0, 1, 1, 0, 1, 0, 0, 1, 0, 0, 0], "predicted_labels": [1, 1, 1, 0, 0, 0, 1, 0, 1, 1, 0, 0, 1, 0, 0, 1, 1, 1, 1, 1, 0, 0, 0, 1, 0, 1, 0, 0, 1, 0, 0, 1, 1, 1, 1, 0, 0, 1, 0, 0, 1, 1, 0, 0, 1, 0, 1, 1, 0, 1, 1, 0, 1, 1, 0, 1, 0, 1, 1, 1, 1, 0, 0, 0, 0, 1, 0, 0, 1, 0, 0, 1, 0, 1, 1, 1, 0, 0, 1, 1, 0, 1, 0, 1, 0, 0, 1, 0, 0, 0, 1, 0, 0, 0, 0, 0, 0, 0, 0, 1, 0, 0, 1, 1, 0, 1, 0, 0, 1, 1, 0, 1, 0, 1, 0, 0, 0, 1, 0, 0, 1, 0, 1, 0, 0, 0, 1, 0, 1, 1, 0, 1, 0, 1, 0, 0, 0, 1, 1, 0, 0, 1, 0], "confidence_scores": [[0.2868210678210678, 0.7131789321789322], [0.47089333379039267, 0.5291066662096073], [0.4282404817404818, 0.5717595182595182], [0.586844155844156, 0.41315584415584417], [0.5022334054834053, 0.4977665945165946], [0.5308494609965198, 0.4691505390034802], [0.4762149378399374, 0.5237850621600625], [0.6471373397843988, 0.35286266021560136], [0.4390082972582972, 0.5609917027417027], [0.4491886724386724, 0.5508113275613276], [0.5745523088023087, 0.42544769119769116], [0.6743827561327562, 0.32561724386724394], [0.4848432539682539, 0.5151567460317461], [0.6673079004329004, 0.3326920995670995], [0.6002566183816183, 0.39974338161838174], [0.4182762237762237, 0.5817237762237762], [0.4619099927849928, 0.5380900072150073], [0.4390579004329004, 0.5609420995670994], [0.4882063492063491, 0.5117936507936508], [0.4224117965367965, 0.5775882034632034], [0.5567936507936507, 0.4432063492063493], [0.5794974747474748, 0.42050252525252524], [0.5188463203463204, 0.4811536796536796], [0.4019861111111112, 0.598013888888889], [0.5197314213564214, 0.48026857864357875], [0.47361778499278506, 0.526382215007215], [0.5541064956285544, 0.4458935043714456], [0.5171488095238095, 0.48285119047619046], [0.46348520923520925, 0.5365147907647908], [0.6624426406926406, 0.3375573593073593], [0.5167437839937837, 0.4832562160062161], [0.3908582251082251, 0.609141774891775], [0.4280725108225108, 0.5719274891774891], [0.3531530830280832, 0.6468469169719171], [0.4123695887445886, 0.5876304112554113], [0.5161468253968254, 0.48385317460317445], [0.5924547258297259, 0.4075452741702741], [0.47207335719835714, 0.5279266428016429], [0.6187388583638582, 0.3812611416361416], [0.6339249084249083, 0.36607509157509144], [0.48359523809523786, 0.5164047619047621], [0.38664042901542883, 0.6133595709845711], [0.5477063492063493, 0.4522936507936508], [0.5055337301587302, 0.4944662698412698], [0.48149837662337674, 0.5185016233766233], [0.5220918109668111, 0.4779081890331889], [0.44544372294372286, 0.554556277056277], [0.4071009684759684, 0.5928990315240316], [0.5072804834054834, 0.49271951659451657], [0.4620282634032635, 0.5379717365967366], [0.47428328615828613, 0.5257167138417137], [0.520457611832612, 0.47954238816738803], [0.459459595959596, 0.540540404040404], [0.4657557720057718, 0.5342442279942281], [0.6270088383838385, 0.37299116161616164], [0.4116092934842935, 0.5883907065157067], [0.5668925935175936, 0.4331074064824065], [0.46951993145743154, 0.5304800685425685], [0.4941690115440116, 0.5058309884559885], [0.32566468253968267, 0.6743353174603177], [0.413568362193362, 0.5864316378066379], [0.6159265873015873, 0.3840734126984126], [0.5219704184704184, 0.4780295815295815], [0.5741809163059162, 0.42581908369408383], [0.5874671717171716, 0.4125328282828283], [0.4155178571428572, 0.5844821428571428], [0.5976011904761905, 0.4023988095238094], [0.576058080808081, 0.4239419191919191], [0.44991720779220784, 0.5500827922077921], [0.5223834776334776, 0.4776165223665224], [0.5345373376623376, 0.4654626623376623], [0.4830412642912643, 0.5169587357087357], [0.5773400488400491, 0.42265995115995103], [0.40072240259740255, 0.5992775974025973], [0.4935892857142856, 0.5064107142857145], [0.49632738095238094, 0.503672619047619], [0.5311612554112554, 0.46883874458874464], [0.5879545454545455, 0.4120454545454546], [0.44265537240537234, 0.5573446275946277], [0.3289814213564214, 0.6710185786435787], [0.5177418831168833, 0.4822581168831167], [0.37155135142635154, 0.6284486485736487], [0.6129956709956709, 0.387004329004329], [0.4317195165945165, 0.5682804834054833], [0.5552431457431457, 0.4447568542568543], [0.5600003607503611, 0.4399996392496391], [0.44711706349206354, 0.5528829365079366], [0.6459821428571431, 0.35401785714285716], [0.6278759157509157, 0.37212408424908433], [0.5081785714285716, 0.4918214285714285], [0.486275419025419, 0.5137245809745811], [0.576019660894661, 0.42398033910533905], [0.568045634920635, 0.43195436507936497], [0.679049603174603, 0.3209503968253968], [0.5032227078477077, 0.4967772921522922], [0.6950793650793651, 0.30492063492063487], [0.5945185786435786, 0.40548142135642123], [0.5870191197691197, 0.4129808802308801], [0.5636765873015874, 0.43632341269841257], [0.4299124764124765, 0.5700875235875235], [0.5241968586968588, 0.47580314130314116], [0.5304265683147261, 0.4695734316852738], [0.4728625541125542, 0.5271374458874458], [0.4589523393273393, 0.5410476606726606], [0.5279107836607837, 0.47208921633921636], [0.4870733571983572, 0.5129266428016428], [0.5842209595959595, 0.4157790404040405], [0.5019922438672438, 0.498007756132756], [0.40309992784992793, 0.596900072150072], [0.46056099456099453, 0.5394390054390054], [0.689752442002442, 0.3102475579975581], [0.41177386502386504, 0.5882261349761351], [0.5088531746031745, 0.4911468253968254], [0.42533567821067797, 0.5746643217893219], [0.5409098124098124, 0.45909018759018755], [0.5840145202020202, 0.41598547979797984], [0.6080725108225108, 0.39192748917748915], [0.42444047619047615, 0.5755595238095238], [0.5557422438672439, 0.4442577561327561], [0.5568540764790764, 0.44314592352092363], [0.45538141025641027, 0.5446185897435898], [0.5771414835164836, 0.4228585164835165], [0.3191809163059163, 0.680819083694084], [0.5070827922077923, 0.4929172077922078], [0.5409512570762572, 0.4590487429237429], [0.5273775252525253, 0.4726224747474747], [0.4049470113220114, 0.5950529886779886], [0.5171888528138529, 0.48281114718614715], [0.4371646825396826, 0.5628353174603175], [0.4506547619047619, 0.549345238095238], [0.5582646797646797, 0.44173532023532025], [0.4259536435786437, 0.5740463564213565], [0.5352813852813854, 0.46471861471861464], [0.4298946608946608, 0.5701053391053391], [0.6059511183261184, 0.39404888167388175], [0.6723276862026859, 0.3276723137973137], [0.6713870851370852, 0.3286129148629148], [0.37827874902874903, 0.621721250971251], [0.42654420579420593, 0.573455794205794], [0.5181388888888889, 0.4818611111111111], [0.7633670634920633, 0.23663293650793643], [0.4521470959595961, 0.5478529040404038], [0.6365119047619047, 0.3634880952380952]]}}