{"test": {"ids": ["9", "376", "685", "514", "111", "448", "269", "54", "669", "363", "167", "210", "126", "443", "124", "457", "590", "120", "293", "173", "321", "312", "161", "168", "575", "436", "629", "350", "680", "47", "191", "270", "248", "674", "264", "643", "417", "549", "229", "606", "36", "116", "428", "217", "537", "2", "525", "546", "110", "291", "454", "106", "11", "620", "209", "66", "323", "247", "581", "647", "197", "499", "419", "538", "283", "205", "76", "188", "522", "398", "278", "709", "689", "357", "45", "236", "384", "176", "101", "184", "364", "528", "37", "359", "593", "504", "131", "626", "386", "204", "392", "285", "296", "707", "408", "649", "195", "87", "70", "494", "595", "576", "203", "512", "583", "543", "678", "567", "288", "623", "414", "227", "74", "702", "88", "183", "536", "569", "496", "85", "280", "413", "192", "588", "638", "299", "562", "688", "259", "380", "464", "348", "526", "694", "634", "483", "502", "466", "686", "320", "600", "373", "6"], "labels": [1, 0, 0, 1, 1, 0, 0, 1, 1, 0, 1, 0, 1, 1, 1, 0, 0, 1, 0, 1, 0, 0, 1, 1, 0, 1, 1, 0, 1, 1, 0, 0, 0, 1, 0, 1, 1, 1, 0, 0, 1, 1, 1, 0, 1, 0, 1, 1, 1, 0, 0, 1, 1, 0, 0, 0, 0, 0, 0, 1, 0, 0, 1, 1, 0, 0, 0, 0, 1, 1, 0, 1, 1, 0, 1, 0, 1, 0, 1, 0, 0, 1, 1, 0, 0, 0, 1, 1, 1, 0, 1, 0, 0, 1, 1, 1, 0, 0, 0, 0, 0, 0, 0, 0, 0, 1, 1, 0, 0, 1, 1, 0, 0, 1, 1, 0, 1, 0, 1, 0, 0, 1, 0, 0, 1, 0, 0, 0, 0, 1, 0, 0, 1, 1, 1, 0, 0, 0, 1, 0, 0, 0, 1], "predicted_labels": [0, 0, 1, 0, 0, 1, 0, 1, 1, 1, 1, 0, 1, 1, 1, 0, 1, 1, 0, 0, 0, 0, 1, 1, 0, 1, 1, 0, 1, 1, 0, 0, 0, 1, 0, 1, 1, 0, 1, 0, 1, 0, 1, 0, 1, 1, 0, 1, 0, 0, 0, 0, 1, 0, 0, 0, 0, 0, 0, 1, 0, 0, 1, 1, 0, 0, 0, 0, 0, 0, 0, 0, 0, 1, 1, 0, 0, 0, 0, 0, 1, 1, 1, 1, 0, 0, 0, 1, 1, 0, 1, 0, 0, 0, 0, 1, 1, 0, 0, 1, 0, 0, 0, 0, 1, 0, 0, 0, 1, 1, 0, 1, 0, 0, 0, 0, 1, 0, 0, 1, 0, 1, 0, 0, 1, 0, 0, 1, 0, 0, 0, 0, 0, 0, 0, 0, 0, 0, 0, 0, 1, 0, 0], "confidence_scores": [[0.9999064745959716, 9.352540402837456e-05], [0.9998536304300041, 0.00014636956999591525], [0.000513074170162553, 0.9994869258298374], [0.9999829404137057, 1.7059586294284267e-05], [0.6741293785652026, 0.3258706214347974], [0.10216099629881814, 0.8978390037011819], [0.667299591003639, 0.332700408996361], [0.06859411213048394, 0.9314058878695161], [0.0033958119676986698, 0.9966041880323013], [0.19127055948902394, 0.8087294405109761], [0.0003331389946281682, 0.9996668610053718], [0.9998317110171899, 0.0001682889828101162], [5.612498846785385e-07, 0.9999994387501153], [0.0054264269791398645, 0.9945735730208601], [0.43828977727544194, 0.5617102227245581], [0.9893367146330724, 0.010663285366927643], [0.012297262443972334, 0.9877027375560277], [1.4838223572288811e-05, 0.9999851617764277], [0.9999962640930115, 3.735906988541116e-06], [0.6498001663051661, 0.3501998336948339], [0.9999998496099664, 1.503900336186994e-07], [0.9916179064815612, 0.00838209351843881], [3.240054835962347e-05, 0.9999675994516404], [0.00018739753993524122, 0.9998126024600648], [0.9999999996673649, 3.326351708344646e-10], [3.762697076026278e-06, 0.999996237302924], [2.0978389631554073e-05, 0.9999790216103684], [0.9998745775412597, 0.0001254224587402142], [1.720670683713621e-08, 0.9999999827932932], [0.0003731586651648522, 0.9996268413348351], [0.5315821059447989, 0.46841789405520107], [0.9983130537657727, 0.0016869462342272233], [0.9999279172095343, 7.208279046571057e-05], [0.0004752449477993803, 0.9995247550522006], [0.9999997586708846, 2.41329115363142e-07], [0.0010371395831868524, 0.9989628604168131], [0.3719432110486558, 0.6280567889513442], [0.6315230426050432, 0.3684769573949568], [0.16832206172682784, 0.8316779382731722], [0.9999977632073809, 2.2367926191362956e-06], [0.0003435815342909265, 0.9996564184657091], [0.9774190392155483, 0.022580960784451657], [1.1573342295290168e-05, 0.9999884266577047], [0.9999999986489522, 1.3510478109639543e-09], [0.003072532092398994, 0.996927467907601], [0.0002637216810768006, 0.9997362783189232], [0.999685119316858, 0.0003148806831419951], [0.034916540764677206, 0.9650834592353228], [0.7259494377148826, 0.27405056228511737], [0.9999310068181525, 6.899318184744392e-05], [0.8556160063518349, 0.14438399364816515], [0.9999817133870753, 1.8286612924699507e-05], [0.3166633097091718, 0.6833366902908282], [0.9982576499047917, 0.0017423500952082483], [0.9998766261934409, 0.00012337380655911008], [0.9999999999939023, 6.097664939892001e-12], [0.9849087044689382, 0.015091295531061841], [0.9994294655890233, 0.000570534410976609], [0.9999999773575166, 2.2642483494081184e-08], [0.06949968484409463, 0.9305003151559054], [0.9881340580085428, 0.011865941991457216], [0.9993614847370904, 0.0006385152629095395], [0.014568776502194125, 0.9854312234978059], [0.00026160278869924447, 0.9997383972113008], [0.9999984441882774, 1.5558117225798495e-06], [0.9999998139190222, 1.860809778336489e-07], [0.9999996332010272, 3.667989727905926e-07], [0.8829925002725852, 0.11700749972741473], [0.9984209681176746, 0.0015790318823254322], [0.7245447496986845, 0.2754552503013155], [0.9999999661908807, 3.380911929422288e-08], [0.9999802890116795, 1.971098832056697e-05], [0.9981523079499401, 0.0018476920500598798], [0.3796664004099958, 0.6203335995900042], [0.000561949149407992, 0.999438050850592], [0.9999999799431157, 2.0056884212639414e-08], [0.9823773630717751, 0.017622636928224886], [0.9999580999276122, 4.190007238784193e-05], [0.9979401573044435, 0.002059842695556461], [0.9973461742669186, 0.0026538257330813993], [0.392658318590535, 0.607341681409465], [1.8039350054843695e-06, 0.9999981960649945], [0.002774867152692373, 0.9972251328473076], [0.06899348483525636, 0.9310065151647436], [0.999966812986248, 3.3187013751987876e-05], [0.9997156215248614, 0.00028437847513858257], [0.999999930213993, 6.97860069216119e-08], [0.00026919095821087424, 0.9997308090417891], [1.0952398810104569e-07, 0.9999998904760119], [0.9814200272150815, 0.018579972784918512], [0.005526760787318841, 0.9944732392126812], [0.9909789416177289, 0.009021058382271057], [0.9999999999241315, 7.586858787824584e-11], [0.9962823939268847, 0.0037176060731153406], [0.6368848099679609, 0.363115190032039], [0.011088688644123823, 0.9889113113558762], [0.1920811834691163, 0.8079188165308837], [0.9950962202626469, 0.004903779737353148], [0.5308530404014901, 0.46914695959850994], [2.979924260682054e-07, 0.9999997020075739], [0.999999412166025, 5.878339750453995e-07], [0.9999999999999801, 1.9910995061821222e-14], [0.9999943878475179, 5.612152482082568e-06], [0.9999980903268733, 1.9096731267864886e-06], [0.013015200769808888, 0.9869847992301911], [0.8836657939046815, 0.11633420609531854], [0.8466453056017824, 0.15335469439821756], [0.9994269996036869, 0.0005730003963131656], [0.026086787474862594, 0.9739132125251374], [0.006710272618477564, 0.9932897273815224], [0.9999975575280041, 2.4424719959269167e-06], [0.1927923264789584, 0.8072076735210416], [0.9993355136019698, 0.0006644863980302038], [0.9797292658000397, 0.020270734199960328], [0.7085883546558591, 0.2914116453441408], [0.8433313508366761, 0.15666864916332388], [0.01210760043506831, 0.9878923995649317], [0.9999999992321688, 7.678312744151262e-10], [0.9999670700987038, 3.292990129624875e-05], [0.07641612023424371, 0.9235838797657563], [0.9999999993187428, 6.812572109913955e-10], [0.02630908762902484, 0.9736909123709752], [0.9999992093721153, 7.906278846885621e-07], [0.9974464720781046, 0.0025535279218954674], [0.03449573991667898, 0.965504260083321], [0.999694275485247, 0.000305724514752995], [0.9999999997001824, 2.998175730574647e-10], [3.655384026579611e-07, 0.9999996344615973], [0.9942197916855989, 0.00578020831440112], [0.9682234763481566, 0.03177652365184341], [0.999999999791243, 2.0875700163702622e-10], [0.9973308546469644, 0.0026691453530356553], [0.9999427020073676, 5.729799263239995e-05], [0.6984747855382156, 0.3015252144617844], [0.70533543134475, 0.29466456865525], [0.9999999999972115, 2.7885521632718806e-12], [0.9294746127906489, 0.07052538720935111], [0.8321559083097823, 