{"test": {"ids": ["266", "460", "94", "29", "34", "146", "122", "503", "436", "32", "96", "180", "553", "696", "24", "351", "455", "565", "364", "372", "66", "402", "365", "407", "245", "601", "585", "512", "608", "485", "162", "413", "506", "528", "84", "668", "469", "563", "325", "652", "253", "496", "95", "522", "328", "673", "47", "44", "548", "433", "77", "597", "329", "76", "695", "612", "359", "454", "284", "357", "614", "687", "6", "172", "287", "504", "385", "119", "308", "566", "79", "600", "678", "322", "10", "467", "706", "135", "137", "655", "332", "491", "182", "150", "267", "155", "541", "689", "98", "144", "161", "104", "425", "11", "633", "708", "0", "624", "354", "692", "665", "599", "386", "103", "163", "660", "46", "511", "505", "62", "262", "628", "255", "701", "389", "448", "291", "475", "517", "669", "74", "36", "166", "337", "5", "169", "167", "676", "92", "91", "39", "434", "458", "532", "211", "709", "483", "80", "361", "68", "423", "52", "313"], "labels": [0, 0, 0, 0, 0, 1, 1, 0, 1, 0, 0, 0, 0, 1, 0, 1, 0, 0, 1, 1, 1, 1, 1, 1, 0, 0, 0, 0, 0, 0, 1, 1, 0, 1, 1, 0, 0, 0, 1, 0, 1, 1, 0, 1, 1, 0, 0, 0, 0, 1, 1, 0, 1, 1, 1, 0, 1, 0, 0, 1, 0, 1, 0, 1, 0, 0, 1, 1, 0, 0, 1, 0, 0, 0, 0, 0, 1, 1, 1, 0, 1, 0, 0, 1, 0, 1, 1, 1, 0, 1, 1, 0, 1, 0, 0, 1, 1, 1, 1, 1, 0, 0, 1, 0, 1, 0, 0, 0, 0, 1, 1, 1, 1, 1, 1, 0, 0, 0, 1, 0, 1, 0, 1, 1, 0, 1, 1, 0, 0, 0, 0, 1, 0, 1, 0, 1, 0, 1, 1, 1, 1, 0, 0], "predicted_labels": [0, 0, 0, 0, 0, 0, 1, 0, 1, 0, 0, 0, 1, 1, 0, 1, 0, 1, 1, 1, 0, 1, 1, 0, 0, 0, 0, 0, 1, 1, 1, 0, 1, 1, 1, 0, 0, 0, 1, 0, 1, 0, 0, 1, 1, 0, 1, 1, 0, 1, 1, 0, 0, 1, 1, 0, 1, 0, 1, 1, 0, 0, 0, 0, 0, 0, 1, 0, 0, 1, 0, 0, 1, 0, 0, 1, 0, 1, 1, 0, 1, 1, 0, 1, 0, 1, 0, 1, 0, 0, 0, 0, 0, 0, 1, 0, 1, 0, 1, 1, 0, 0, 0, 0, 1, 0, 1, 0, 0, 0, 0, 0, 1, 0, 1, 0, 0, 0, 1, 0, 1, 0, 1, 0, 0, 1, 0, 0, 0, 1, 1, 1, 1, 0, 1, 1, 0, 1, 0, 0, 1, 1, 0], "confidence_scores": [[0.961157593300466, 0.03884240669953408], [0.926289606740014, 0.07371039325998595], [0.5353350496357371, 0.46466495036426303], [0.5230937291034488, 0.4769062708965513], [0.5437867156069132, 0.45621328439308667], [0.7719914213517227, 0.22800857864827706], [0.4883491885160695, 0.5116508114839304], [0.8374690940152205, 0.1625309059847794], [0.3989949871219139, 0.6010050128780859], [0.5916428243623749, 0.4083571756376252], [0.7016555797914739, 0.2983444202085262], [0.7244152256534818, 0.27558477434651785], [0.30493924074009376, 0.695060759259906], [0.31125696680183873, 0.6887430331981613], [0.6170167727411946, 0.3829832272588052], [0.159601326147927, 0.8403986738520729], [0.9080197343835582, 0.09198026561644174], [0.34128451292123463, 0.6587154870787655], [0.11088227300250687, 0.8891177269974931], [0.10196940030355389, 0.8980305996964463], [0.6270056433369223, 0.3729943566630776], [0.3481275794154122, 0.6518724205845876], [0.13185523088147652, 0.8681447691185236], [0.8403156121006967, 0.15968438789930334], [0.9266943047577796, 0.07330569524222054], [0.7689308572583965, 0.23106914274160345], [0.9755052272824142, 0.0244947727175858], [0.6033303554433489, 0.3966696445566511], [0.3434390402088367, 0.6565609597911632], [0.4205145278693191, 0.579485472130681], [0.2956241519377271, 0.7043758480622728], [0.5120723782588661, 0.48792762174113397], [0.43678714573685745, 0.5632128542631424], [0.46098910150644656, 0.5390108984935535], [0.1802052580751977, 0.8197947419248025], [0.9785467145866047, 0.021453285413395338], [0.9236056081463285, 0.07639439185367149], [0.848318069014551, 0.15168193098544905], [0.4085722839579288, 0.5914277160420711], [0.9672056295054849, 0.03279437049451505], [0.48198790607408903, 0.518012093925911], [0.5782314397525157, 0.42176856024748427], [0.9059742017747527, 0.09402579822524709], [0.10667001539606229, 0.8933299846039375], [0.10312065196692428, 0.8968793480330758], [0.9437189666130803, 0.05628103338691969], [0.18852673991061647, 0.8114732600893836], [0.1962894272394886, 0.8037105727605115], [0.8186836022387879, 0.18131639776121206], [0.33098066437070306, 0.6690193356292968], [0.43188041818230555, 0.5681195818176945], [0.72188302510136, 0.27811697489863996], [0.6470492963808296, 0.3529507036191703], [0.2668862565285187, 0.7331137434714811], [0.3628327368736989, 0.6371672631263011], [0.7702233907946573, 0.22977660920534268], [0.47578743413525315, 0.5242125658647468], [0.9405200162065204, 0.05947998379347957], [0.19655714290144383, 0.8034428570985561], [0.30817176116047884, 0.6918282388395212], [0.5803609445994775, 0.41963905540052254], [0.7950021554073117, 0.20499784459268827], [0.6336100103252751, 0.3663899896747249], [0.8366639086476491, 0.16333609135235094], [0.8973583692414961, 0.10264163075850408], [0.7600844584601326, 0.2399155415398673], [0.111756285400129, 0.8882437145998711], [0.7993331648649064, 0.2006668351350938], [0.8221102440284148, 0.17788975597158516], [0.3080292170188309, 0.691970782981169], [0.8439525561983854, 0.15604744380161475], [0.6514811549927421, 0.348518845007258], [0.34327943389317866, 0.6567205661068215], [0.923633419045286, 0.07636658095471378], [0.9246103853048984, 0.07538961469510173], [0.4298663017478907, 0.5701336982521094], [0.5855548074232058, 0.4144451925767941], [0.06464003740157091, 0.9353599625984292], [0.31740339058360156, 0.6825966094163985], [0.8919255659144135, 0.10807443408558641], [0.12548589696971305, 0.874514103030287], [0.19079122159242898, 0.8092087784075711], [0.8890185516410025, 0.1109814483589975], [0.42101781001058963, 0.5789821899894102], [0.5464913044967225, 0.4535086955032774], [0.11345947532713464, 0.8865405246728654], [0.8283763210022635, 0.17162367899773653], [0.3462893291171208, 0.6537106708828795], [0.6164081774236139, 0.38359182257638613], [0.623261826178568, 0.3767381738214321], [0.6120752265982244, 0.3879247734017757], [0.6772255660250193, 0.3227744339749807], [0.5270548417724141, 0.47294515822758587], [0.6137332492590348, 0.38626675074096517], [0.48514367173234063, 0.5148563282676594], [0.6496821774625381, 0.3503178225374618], [0.24805082093268588, 0.7519491790673142], [0.6217532853140245, 0.3782467146859753], [0.1505275414816883, 0.8494724585183115], [0.10182505663012618, 0.8981749433698738], [0.8223410346747299, 0.17765896532527028], [0.7350712438942686, 0.2649287561057314], [0.7195516880748224, 0.2804483119251774], [0.6444768187197303, 0.35552318128026983], [0.27418323026888447, 0.7258167697311152], [0.9817494183810879, 0.01825058161891214], [0.4842897917368187, 0.5157102082631813], [0.5464539924689731, 0.45354600753102675], [0.8092748661492406, 0.1907251338507593], [0.5157529071686605, 0.4842470928313397], [0.6474091910511481, 0.352590808948852], [0.8104313802240539, 0.18956861977594602], [0.28596007086906294, 0.7140399291309368], [0.5097923514176095, 0.4902076485823905], [0.15339073584951415, 0.8466092641504861], [0.6404768251834477, 0.3595231748165524], [0.7999467436795539, 0.2000532563204461], [0.8076048650481279, 0.19239513495187244], [0.3748077938914233, 0.6251922061085767], [0.9210015170038709, 0.07899848299612904], [0.20048668411547088, 0.7995133158845291], [0.9193959853317368, 0.0806040146682632], [0.48707172403891835, 0.5129282759610816], [0.5800414235077966, 0.4199585764922034], [0.647689641548758, 0.3523103584512421], [0.3357614061159851, 0.6642385938840151], [0.8334943132348702, 0.16650568676512947], [0.7817888767303416, 0.21821112326965822], [0.5532510596272882, 0.44674894037271184], [0.38749489586924296, 0.6125051041307569], [0.2979382138095781, 0.7020617861904217], [0.1012972819921734, 0.8987027180078266], [0.30889301065248553, 0.6911069893475146], [0.6376430055281604, 0.36235699447183967], [0.47517098444678674, 0.5248290155532132], [0.1391175823411023, 0.8608824176588978], [0.7145169770973886, 0.28548302290261146], [0.364851139163823, 0.635148860836177], [0.5982783128313283, 0.4017216871686716], [0.6010201521565074, 0.39897984784349255], [0.34087646639343877, 0.6591235336065612], [0.25386772638746957, 0.7461322736125304], [0.8839134370958182, 0.11608656290418179]]},