{"test": {"ids": ["325", "332", "81", "328", "191", "344", "367", "366", "108", "2", "360", "604", "155", "640", "446", "619", "674", "567", "166", "243", "453", "116", "206", "692", "354", "346", "680", "178", "645", "117", "61", "65", "224", "616", "644", "127", "330", "625", "335", "545", "536", "595", "232", "703", "295", "275", "485", "229", "418", "639", "431", "255", "353", "537", "468", "533", "572", "141", "660", "562", "486", "505", "513", "588", "251", "705", "337", "447", "341", "292", "302", "432", "279", "182", "617", "97", "684", "225", "126", "248", "601", "375", "120", "266", "413", "531", "530", "161", "15", "49", "667", "268", "687", "349", "516", "234", "119", "204", "666", "602", "417", "148", "58", "52", "169", "176", "597", "358", "212", "274", "484", "84", "22", "83", "525", "403", "163", "657", "213", "235", "408", "190", "526", "614", "683", "340", "672", "697", "650", "23", "298", "580", "216", "426", "386", "133", "320", "496", "438"], "labels": [0, 0, 0, 0, 1, 0, 0, 0, 1, 0, 0, 1, 0, 0, 0, 0, 0, 1, 0, 1, 1, 1, 1, 0, 0, 0, 0, 1, 0, 1, 1, 1, 1, 0, 0, 0, 0, 1, 0, 0, 0, 1, 1, 0, 1, 1, 0, 1, 0, 0, 0, 0, 0, 0, 1, 0, 1, 0, 0, 1, 0, 1, 1, 1, 1, 0, 0, 0, 0, 1, 1, 0, 1, 1, 0, 0, 0, 1, 0, 0, 1, 0, 1, 1, 0, 0, 0, 0, 0, 1, 0, 1, 1, 0, 0, 1, 1, 1, 0, 1, 0, 0, 1, 1, 0, 1, 1, 0, 1, 1, 0, 0, 1, 0, 0, 0, 0, 0, 1, 1, 0, 1, 0, 0, 0, 0, 0, 0, 0, 1, 1, 1, 1, 0, 0, 0, 1, 0, 0], "predicted_labels": [0, 1, 0, 0, 0, 1, 0, 0, 0, 0, 0, 1, 1, 1, 0, 1, 0, 1, 0, 0, 1, 0, 0, 0, 0, 1, 0, 1, 0, 0, 0, 1, 0, 1, 1, 0, 0, 0, 1, 1, 1, 0, 1, 1, 1, 1, 1, 1, 1, 1, 1, 1, 1, 1, 1, 0, 1, 1, 1, 1, 0, 0, 1, 1, 0, 0, 1, 0, 1, 1, 1, 0, 1, 1, 0, 0, 0, 0, 1, 0, 1, 0, 1, 0, 0, 1, 0, 1, 0, 1, 0, 0, 1, 1, 0, 0, 0, 0, 1, 0, 0, 0, 0, 0, 0, 0, 0, 1, 0, 1, 1, 1, 1, 0, 1, 1, 1, 0, 0, 1, 0, 1, 0, 1, 0, 0, 1, 0, 0, 1, 1, 1, 1, 1, 0, 1, 0, 1, 1], "confidence_scores": [[0.5, 0.5], [0.45715697147881007, 0.54284302852119], [0.6194705637288713, 0.38052943627112856], [0.5160541282850106, 0.48394587171498926], [0.5290358184614359, 0.47096418153856395], [0.4138800979057958, 0.5861199020942041], [0.5785926299580395, 0.4214073700419604], [0.5116748231111415, 0.48832517688885835], [0.5294074910272838, 0.4705925089727162], [0.7018736106244362, 0.29812638937556374], [0.56135006445902, 0.4386499355409801], [0.4110607631052513, 0.5889392368947487], [0.4304607232152908, 0.5695392767847092], [0.3507650909425215, 0.6492349090574784], [0.5159080821536165, 0.4840919178463835], [0.4829127504628764, 0.5170872495371237], [0.5226774168612991, 0.47732258313870096], [0.4194013556915397, 0.5805986443084602], [0.6161742458899917, 0.3838257541100083], [0.5350289246426269, 0.46497107535737325], [0.4730277128153574, 0.5269722871846427], [0.5832694934120577, 0.4167305065879424], [0.5340442668685655, 0.4659557331314344], [0.5906858728339529, 0.40931412716604715], [0.5697864566735931, 0.4302135433264069], [0.48683966455933897, 0.513160335440661], [0.5422228776886479, 0.45777712231135204], [0.4367397604672776, 0.5632602395327225], [0.5476002834634172, 0.45239971653658284], [0.5601133419802786, 0.4398866580197215], [0.6339433771309252, 0.36605662286907487], [0.4734799633599968, 0.5265200366400031], [0.5227298453648762, 0.4772701546351237], [0.5, 0.5], [0.4908739718496293, 0.5091260281503708], [0.6133483959657379, 0.38665160403426213], [0.5133684114783335, 0.48663158852166666], [0.5, 0.5], [0.396032004158562, 0.6039679958414379], [0.45750927820606285, 0.5424907217939372], [0.4862628147822808, 0.5137371852177193], [0.5162196832331332, 0.4837803167668669], [0.5, 0.5], [0.35513956769970384, 0.6448604323002962], [0.37401438361284584, 0.6259856163871542], [0.5, 0.5], [0.36897469318657483, 0.6310253068134251], [0.3601368519218377, 0.6398631480781624], [0.4268748014161831, 0.5731251985838167], [0.4433501134148891, 0.5566498865851109], [0.48583872508727044, 0.5141612749127296], [0.47899163868341127, 0.5210083613165888], [0.478565930074213, 0.5214340699257869], [0.44870434219085364, 0.5512956578091464], [0.4866326310020851, 0.5133673689979149], [0.5357587084684426, 0.46424129153155724], [0.4089054523211954, 0.5910945476788045], [0.42197482174048967, 0.5780251782595103], [0.37016719789472274, 0.6298328021052771], [0.4131237953183176, 0.5868762046816826], [0.6813527225460508, 0.318647277453949], [0.5086890780459995, 0.4913109219540005], [0.4887860932300311, 0.5112139067699689], [0.39476106320724863, 0.6052389367927513], [0.5829669681186055, 0.41703303188139457], [0.5955138221663424, 0.40448617783365753], [0.44354796239775296, 0.5564520376022469], [0.5664857715456917, 0.43351422845430837], [0.44411458400584575, 0.5558854159941542], [0.462439773142864, 0.5375602268571358], [0.4296618878976032, 0.5703381121023968], [0.5499184362443169, 0.45008156375568315], [0.4797204739252195, 0.5202795260747806], [0.4841345285147963, 0.5158654714852036], [0.5164740369208011, 0.4835259630791989], [0.5911102391967397, 0.40888976080326034], [0.5, 0.5], [0.5856319655710703, 0.41436803442892955], [0.4609704015331422, 0.5390295984668579], [0.5798783860921611, 0.42012161390783875], [0.4716186823041965, 0.5283813176958034], [0.5540044252029293, 0.44599557479707075], [0.46758619748738717, 0.5324138025126128], [0.5134124399408637, 0.4865875600591362], [0.5808807461393899, 0.41911925386061], [0.42342965086801304, 0.576570349131987], [0.5732683892832297, 0.4267316107167703], [0.4889752807686977, 0.5110247192313023], [0.531596868863277, 0.4684031311367231], [0.4934139511920884, 0.5065860488079117], [0.5285746104314233, 0.4714253895685766], [0.5295202332669394, 0.4704797667330605], [0.4535509977150228, 0.5464490022849773], [0.42699574237417576, 0.5730042576258242], [0.5220453882271604, 0.4779546117728396], [0.5372121861494586, 0.46278781385054135], [0.6117445270439673, 0.38825547295603263], [0.527095555881641, 0.47290444411835914], [0.4392172208144561, 0.5607827791855439], [0.537158225267158, 0.4628417747328421], [0.5834798473146848, 0.41652015268531495], [0.525732118057828, 0.47426788194217206], [0.5577284753057812, 0.442271524694219], [0.5210686048299887, 0.4789313951700114], [0.5520910633938139, 0.44790893660618625], [0.5389181138809646, 0.4610818861190354], [0.5978055533408784, 0.4021944466591216], [0.4755337120286988, 0.5244662879713011], [0.55226978934978, 0.44773021065022006], [0.38538838191727864, 0.6146116180827214], [0.5, 0.5], [0.4668783832337782, 0.5331216167662218], [0.4308654078897526, 0.5691345921102476], [0.5860566582363941, 0.413943341763606], [0.455699418752258, 0.544300581247742], [0.4870762031624354, 0.5129237968375647], [0.48855540897397304, 0.5114445910260271], [0.5219746374993559, 0.478025362500644], [0.5115498780676349, 0.48845012193236514], [0.36061213256864755, 0.6393878674313523], [0.5981617364554476, 0.4018382635445524], [0.47907960335839406, 0.5209203966416058], [0.5551043397116432, 0.4448956602883568], [0.41519524883036013, 0.5848047511696398], [0.5144209148443271, 0.485579085155673], [0.5091672718690287, 0.4908327281309714], [0.4592122523986987, 0.5407877476013013], [0.5440545100021669, 0.45594548999783313], [0.6042543116908811, 0.395745688309119], [0.3874667899421032, 0.6125332100578967], [0.43909493708464603, 0.5609050629153539], [0.4374627072743676, 0.5625372927256325], [0.5, 0.5], [0.47000719399936214, 0.5299928060006379], [0.5498369362270352, 0.4501630637729647], [0.4442873342682236, 0.5557126657317762], [0.6223173027760146, 0.37768269722398534], [0.4298745067510753, 0.5701254932489248], [0.42876260730753707, 0.571237392692463]]},