{"test": {"ids": ["483", "48", "146", "86", "149", "296", "204", "280", "248", "270", "104", "46", "692", "100", "363", "54", "103", "250", "641", "87", "117", "176", "30", "438", "507", "368", "361", "564", "260", "212", "383", "695", "52", "607", "303", "423", "17", "424", "14", "237", "282", "378", "202", "344", "449", "11", "675", "489", "230", "121", "355", "345", "501", "380", "620", "420", "217", "515", "670", "592", "135", "79", "664", "114", "328", "418", "6", "651", "461", "118", "169", "635", "339", "132", "392", "53", "15", "154", "294", "231", "652", "9", "659", "317", "678", "142", "291", "522", "241", "510", "581", "682", "112", "520", "485", "221", "295", "141", "640", "602", "262", "306", "460", "565", "555", "472", "502", "476", "161", "268", "249", "429", "331", "462", "170", "206", "45", "550", "521", "50", "524", "618", "358", "648", "92", "42", "209", "27", "409", "585", "450", "481", "127", "165", "18", "98", "631", "622", "531", "616", "313", "33", "138"], "labels": [0, 0, 1, 0, 1, 0, 0, 0, 0, 0, 1, 0, 1, 1, 1, 0, 1, 1, 1, 0, 1, 0, 0, 1, 0, 1, 1, 0, 0, 0, 1, 1, 0, 0, 0, 1, 1, 1, 1, 0, 0, 1, 0, 1, 0, 1, 1, 0, 0, 1, 1, 1, 0, 1, 0, 1, 0, 0, 1, 0, 1, 0, 1, 1, 1, 1, 1, 1, 0, 1, 1, 0, 1, 1, 1, 0, 1, 1, 0, 0, 1, 1, 1, 0, 1, 1, 0, 1, 0, 0, 0, 1, 1, 1, 0, 0, 0, 1, 1, 0, 0, 0, 0, 0, 1, 0, 0, 0, 1, 0, 0, 1, 1, 0, 1, 0, 0, 0, 1, 0, 1, 0, 1, 1, 1, 0, 0, 0, 1, 0, 0, 0, 1, 1, 0, 1, 0, 1, 0, 0, 0, 0, 1], "predicted_labels": [0, 0, 1, 0, 1, 0, 0, 0, 1, 0, 0, 1, 0, 1, 1, 1, 0, 0, 1, 1, 0, 0, 0, 1, 0, 0, 0, 0, 0, 0, 0, 1, 1, 0, 0, 0, 0, 1, 1, 0, 1, 0, 0, 0, 0, 0, 0, 0, 0, 1, 0, 0, 0, 0, 0, 0, 0, 0, 1, 0, 1, 1, 1, 0, 1, 1, 0, 1, 0, 1, 1, 0, 0, 1, 0, 0, 0, 1, 0, 0, 0, 0, 1, 1, 1, 1, 0, 1, 0, 1, 0, 1, 0, 0, 0, 0, 0, 1, 0, 0, 0, 0, 0, 0, 0, 0, 1, 0, 1, 0, 1, 0, 1, 0, 1, 0, 1, 0, 1, 0, 0, 0, 1, 1, 0, 1, 0, 1, 0, 0, 0, 0, 1, 1, 0, 1, 0, 1, 0, 0, 0, 1, 1], "confidence_scores": [[0.5862755633255632, 0.41372443667443676], [0.5124526251526251, 0.48754737484737476], [0.45690703185703196, 0.5430929681429678], [0.5106867965367964, 0.4893132034632036], [0.43310878010878, 0.5668912198912202], [0.6123244866244864, 0.3876755133755132], [0.5441007437007436, 0.45589925629925643], [0.5739354978354978, 0.4260645021645022], [0.41157453102453123, 0.5884254689754689], [0.57, 0.4299999999999998], [0.5768544733044734, 0.42314552669552685], [0.42480851370851375, 0.5751914862914863], [0.504464785214785, 0.4955352147852149], [0.4735617604617604, 0.5264382395382396], [0.40186665556665535, 0.5981333444333446], [0.4524581196581198, 0.5475418803418803], [0.5327520757020758, 0.46724792429792417], [0.6055810245310245, 0.3944189754689755], [0.4589713175713175, 0.5410286824286826], [0.43535545010545024, 0.56464454989455], [0.5480878732378733, 0.4519121267621268], [0.5118063936063934, 0.48819360639360665], [0.560785841935842, 0.43921415806415787], [0.49872850482850484, 0.5012714951714952], [0.5800141691641697, 0.4199858308358307], [0.5327818181818181, 0.4672181818181818], [0.6112508658008659, 0.3887491341991344], [0.6330008214008213, 0.3669991785991785], [0.5506199855699857, 0.44938001443001435], [0.5264125152625153, 0.4735874847374848], [0.5050145870469401, 0.49498541295305987], [0.4921299922299921, 0.5078700077700078], [0.387576406926407, 0.6124235930735931], [0.5848599067599068, 0.4151400932400931], [0.6346782106782108, 0.36532178932178927], [0.505366305916306, 0.49463369408369384], [0.6441509379509378, 0.35584906204906197], [0.4559967754467756, 0.5440032245532244], [0.4474108502608502, 0.5525891497391497], [0.6440305694305698, 0.3559694305694304], [0.4912848817848818, 0.5087151182151182], [0.5553750360750358, 0.4446249639249639], [0.6118214729714728, 0.38817852702852707], [0.5710304473304474, 0.42896955266955256], [0.5296396825396822, 0.4703603174603175], [0.5316104895104893, 0.4683895104895108], [0.5842654761904762, 0.4157345238095236], [0.5148046731046731, 0.4851953268953268], [0.7236428571428571, 0.2763571428571428], [0.32800147630147636, 0.6719985236985239], [0.5330484126984129, 0.4669515873015871], [0.514917771117771, 0.48508222888222885], [0.5983159840159841, 0.40168401598401593], [0.5553170773670772, 0.44468292263292264], [0.6024578310578312, 0.3975421689421691], [0.5441321345321347, 0.4558678654678654], [0.6807222666222664, 0.3192777333777333], [0.5501554834054831, 0.4498445165945169], [0.43053755688755707, 0.5694624431124428], [0.6351817127317126, 0.36481828726828724], [0.3895702020202021, 0.6104297979797979], [0.4237137723387723, 0.5762862276612277], [0.4963664224664224, 0.5036335775335776], [0.5459263680763683, 0.4540736319236319], [0.43405296370296376, 0.5659470362970362], [0.4558815295815297, 0.5441184704184705], [0.505740082140082, 0.49425991785991796], [0.48793262293262274, 0.5120673770673773], [0.6442164946164947, 0.3557835053835054], [0.48042069042069036, 0.5195793095793095], [0.3126860250860252, 0.6873139749139751], [0.5757311632811632, 0.4242688367188366], [0.5553857697857696, 0.44461423021423024], [0.4118128427128427, 0.5881871572871574], [0.5655369130869133, 0.4344630869130867], [0.5549177267177267, 0.44508227328227346], [0.6353479076479079, 0.3646520923520925], [0.45462104007104015, 0.5453789599289598], [0.5635354534354534, 0.43646454656454636], [0.5840062937062935, 0.4159937062937063], [0.5011437895437896, 0.49885621045621054], [0.6120200022200022, 0.38797999777999764], [0.42741637251637254, 0.5725836274836276], [0.46995046065046064, 0.5300495393495392], [0.3810120324120324, 0.6189879675879674], [0.34417907647907636, 0.6558209235209234], [0.6524221445221445, 0.3475778554778555], [0.37624682539682547, 0.6237531746031746], [0.5731532800532798, 0.42684671994671997], [0.47594601509601514, 0.5240539849039848], [0.6560268398268398, 0.3439731601731601], [0.36483398268398265, 0.6351660173160173], [0.6355053502053503, 0.36449464979464974], [0.5837916305916304, 0.4162083694083693], [0.6911260794760792, 0.3088739205239205], [0.5651685425685427, 0.43483145743145746], [0.5574583805083805, 0.44254161949161946], [0.2922806637806638, 0.7077193362193365], [0.6421752636252638, 0.35782473637473644], [0.619857930957931, 0.380142069042069], [0.5589861896273663, 0.44101381037263365], [0.6298619047619045, 0.3701380952380952], [0.6301746031746032, 0.36982539682539667], [0.55219329004329, 0.44780670995670996], [0.6208060384060384, 0.37919396159396157], [0.5444108946608947, 0.45558910533910524], [0.4743727994227995, 0.5256272005772007], [0.5933938838938836, 0.40660611610611613], [0.42634984459984454, 0.5736501554001555], [0.5621757076257077, 0.43782429237429216], [0.36848462648462615, 0.6315153735153736], [0.6026917027417028, 0.39730829725829736], [0.3301587301587301, 0.6698412698412699], [0.6550063547563546, 0.344993645243645], [0.27249660894660893, 0.7275033910533909], [0.7598520923520925, 0.24014790764790775], [0.38175909090909094, 0.6182409090909092], [0.7397142135642135, 0.2602857864357864], [0.38523528138528146, 0.6147647186147188], [0.5286887445887445, 0.4713112554112554], [0.519526073926074, 0.4804739260739261], [0.6648386224886221, 0.33516137751137753], [0.3211023310023311, 0.6788976689976692], [0.4058689144189147, 0.5941310855810856], [0.523038023088023, 0.4769619769119769], [0.41434771339771354, 0.5856522866022869], [0.5853091686091687, 0.41469083139083135], [0.4589264790764792, 0.5410735209235206], [0.6766341269841272, 0.32336587301587316], [0.5241843656343658, 0.47581563436563423], [0.5922427128427127, 0.4077572871572871], [0.6630777056277053, 0.33692229437229443], [0.4581016816516815, 0.5418983183483185], [0.29467510822510823, 0.7053248917748921], [0.5311575036075037, 0.4688424963924962], [0.36589386724386724, 0.6341061327561328], [0.5357418414918419, 0.4642581585081584], [0.4030072150072151, 0.5969927849927851], [0.7366387889887889, 0.263361211011211], [0.5901249694749694, 0.40987503052503066], [0.5479946164946163, 0.4520053835053835], [0.4747889998889999, 0.525211000111], [0.40626355866355873, 0.5937364413364414]]}}