{"test": {"ids": ["509", "390", "166", "412", "495", "11", "545", "52", "554", "175", "662", "668", "416", "207", "510", "162", "540", "264", "512", "40", "222", "2", "86", "504", "232", "434", "529", "253", "334", "308", "123", "433", "343", "484", "363", "411", "372", "627", "176", "400", "561", "477", "32", "325", "20", "117", "431", "423", "648", "324", "463", "261", "689", "537", "617", "89", "383", "282", "378", "25", "486", "381", "408", "520", "577", "491", "461", "26", "15", "610", "275", "528", "88", "667", "63", "331", "146", "353", "516", "179", "21", "328", "438", "180", "517", "588", "377", "126", "23", "110", "338", "115", "128", "219", "449", "95", "317", "57", "564", "616", "446", "641", "356", "447", "91", "218", "326", "156", "33", "530", "269", "456", "198", "542"], "labels": [0, 1, 1, 1, 1, 0, 0, 0, 1, 0, 0, 0, 1, 0, 0, 1, 1, 0, 0, 0, 0, 0, 0, 0, 0, 1, 1, 1, 1, 0, 1, 1, 1, 0, 1, 1, 1, 1, 0, 1, 0, 0, 0, 1, 0, 1, 1, 1, 0, 1, 0, 1, 1, 1, 0, 0, 1, 0, 1, 0, 0, 1, 1, 1, 0, 0, 0, 0, 0, 0, 0, 1, 1, 0, 1, 1, 1, 1, 1, 0, 0, 1, 1, 0, 1, 0, 1, 1, 0, 1, 1, 1, 1, 0, 0, 0, 0, 0, 0, 0, 0, 0, 1, 0, 0, 0, 1, 1, 0, 1, 0, 0, 0, 1], "predicted_labels": [0, 0, 1, 0, 0, 0, 0, 0, 0, 0, 0, 0, 0, 0, 0, 1, 1, 0, 0, 1, 0, 0, 0, 0, 0, 0, 0, 0, 0, 0, 0, 1, 0, 1, 1, 0, 1, 1, 1, 0, 0, 0, 0, 1, 1, 0, 1, 1, 0, 1, 0, 0, 0, 0, 0, 1, 0, 0, 0, 0, 1, 0, 0, 0, 0, 1, 0, 0, 0, 1, 0, 0, 1, 0, 1, 0, 1, 1, 1, 1, 0, 1, 1, 0, 1, 0, 1, 1, 1, 0, 1, 0, 0, 0, 1, 0, 1, 1, 0, 0, 0, 0, 1, 0, 0, 0, 1, 1, 0, 0, 0, 0, 1, 1], "confidence_scores": [[0.7774313407204956, 0.2225686592795044], [0.5519008297618014, 0.44809917023819873], [0.3155170450288099, 0.68448295497119], [0.5308558528582075, 0.46914414714179264], [0.5575007962726611, 0.44249920372733903], [0.6411474510459163, 0.3588525489540835], [0.6743135613786865, 0.3256864386213133], [0.5095802442677803, 0.49041975573221974], [0.7220204043670381, 0.27797959563296215], [0.7291235624674204, 0.27087643753257956], [0.7407345599205571, 0.2592654400794426], [0.581488546882834, 0.4185114531171659], [0.5498300695937435, 0.4501699304062565], [0.7845460501042674, 0.21545394989573247], [0.6493288970955833, 0.3506711029044171], [0.23189997269995924, 0.7681000273000407], [0.47508127408384887, 0.5249187259161511], [0.6679341213386142, 0.3320658786613863], [0.7645785377731934, 0.2354214622268066], [0.4708387485155386, 0.5291612514844616], [0.6946404554279431, 0.30535954457205705], [0.6147186238600355, 0.38528137613996455], [0.708094389395086, 0.29190561060491405], [0.6314719794215978, 0.36852802057840234], [0.6675741290419082, 0.33242587095809206], [0.5757514117439538, 0.4242485882560461], [0.5649249475844864, 0.4350750524155138], [0.6263442083721315, 0.37365579162786866], [0.5383832776016906, 0.46161672239830936], [0.7929584605540654, 0.20704153944593442], [0.5663587396236974, 0.43364126037630263], [0.2737698156733698, 0.7262301843266299], [0.535722747356424, 0.46427725264357605], [0.28631147567513926, 0.7136885243248607], [0.33373383104520377, 0.666266168954796], [0.5005124408934509, 0.4994875591065492], [0.37183536287387425, 0.6281646371261257], [0.35233261680339806, 0.6476673831966021], [0.4276792885059944, 0.5723207114940052], [0.6796046041852545, 0.32039539581474585], [0.592514545280177, 0.40748545471982334], [0.6442382017742836, 0.35576179822571663], [0.7124219078114983, 0.2875780921885019], [0.39454114034599774, 0.6054588596540021], [0.3858612351115916, 0.6141387648884084], [0.5702729526347846, 0.42972704736521533], [0.24948073919146055, 0.7505192608085396], [0.45947325630253216, 0.5405267436974677], [0.7409676735540716, 0.2590323264459285], [0.4908238733100731, 0.5091761266899268], [0.6552971280175004, 0.3447028719824998], [0.5768003094505982, 0.4231996905494016], [0.514692701440677, 0.48530729855932314], [0.6582700379427235, 0.3417299620572769], [0.7155912803592743, 0.28440871964072567], [0.282337254833594, 0.7176627451664059], [0.6691272769784345, 0.3308727230215659], [0.69139417316555, 0.3086058268344502], [0.6833597081483228, 0.3166402918516773], [0.6981470534301022, 0.30185294656989786], [0.25683132092518773, 0.7431686790748122], [0.6810073912433401, 0.31899260875665986], [0.529413994780287, 0.47058600521971317], [0.5064170416496343, 0.4935829583503656], [0.6131101678393732, 0.38688983216062683], [0.15627780138330685, 0.8437221986166928], [0.6956268490020837, 0.30437315099791634], [0.509095878271469, 0.49090412172853093], [0.7574480385998144, 0.24255196140018637], [0.45975390407152894, 0.540246095928471], [0.6867708212578043, 0.313229178742196], [0.7627433666163893, 0.2372566333836109], [0.3670188609821242, 0.6329811390178757], [0.8104583677965479, 0.18954163220345205], [0.42948612974030065, 0.5705138702596995], [0.6604858764066301, 0.3395141235933701], [0.3242812101931791, 0.675718789806821], [0.38990483162430656, 0.6100951683756932], [0.42664753286971857, 0.5733524671302814], [0.4674055677316614, 0.5325944322683385], [0.5332873963811534, 0.46671260361884653], [0.4317610306123209, 0.5682389693876789], [0.47453133535956893, 0.5254686646404312], [0.685910833083163, 0.3140891669168374], [0.4548954511730564, 0.5451045488269436], [0.5937792043367408, 0.40622079566325925], [0.2627409711957749, 0.737259028804225], [0.49658125166197037, 0.5034187483380296], [0.4086330146915112, 0.5913669853084887], [0.6204952113612169, 0.3795047886387833], [0.44576275049988434, 0.5542372495001157], [0.6794241934905552, 0.3205758065094454], [0.5667064501863448, 0.43329354981365514], [0.6564326809910098, 0.3435673190089911], [0.3942277757504373, 0.6057722242495625], [0.7491925524995525, 0.2508074475004475], [0.49627199136279826, 0.5037280086372017], [0.47679402831172807, 0.523205971688272], [0.6212245984936147, 0.37877540150638567], [0.6902709229825094, 0.30972907701749103], [0.652360141513851, 0.34763985848614865], [0.5135997776154351, 0.48640022238456493], [0.2619205461153956, 0.7380794538846043], [0.6126617498801855, 0.38733825011981443], [0.5814945497964549, 0.4185054502035452], [0.7962901068616369, 0.20370989313836316], [0.4052135561382876, 0.5947864438617124], [0.24907129032619885, 0.7509287096738008], [0.6212808098891238, 0.3787191901108762], [0.6777133585723183, 0.3222866414276818], [0.7560567381718871, 0.24394326182811243], [0.5137688591638696, 0.4862311408361304], [0.4738479339744128, 0.5261520660255873], [0.458953812339563, 0.5410461876604369]]}, "rewritten": {"ids": ["2", "11", "15", "20", "21", "23", "25", "26", "32", "33", "40", "52", "57", "63", "86", "88", "89", "91", "95", "110", "115", "117", "123", "126", "128", "146", "156", "162", "166", "175", "176", "179", "180", "198", "207", "218", "219", "222", "232", "253", "261", "264", "269", "275", "282", "308", "317", "324", "325", "326", "328", "331", "334", "338", "343", "353", "356", "363", "372", "377", "378", "381", "383", "390", "400", "408", "411", "412", "416", "423", "431", "433", "434", "438", "446", "447", "449", "456", "461", "463", "477", "484", "486", "491", "495", "504", "509", "510", "512", "516", "517", "520", "528", "529", "530", "537", "540", "542", "545", "554", "561", "564", "577", "588", "610", "616", "617", "627", "641", "648", "662", "667", "668", "689"], "labels": [0, 0, 0, 0, 0, 0, 0, 0, 0, 0, 0, 0, 0, 1, 0, 1, 0, 0, 0, 1, 1, 1, 1, 1, 1, 1, 1, 1, 1, 0, 0, 0, 0, 0, 0, 0, 0, 0, 0, 1, 1, 0, 0, 0, 0, 0, 0, 1, 1, 1, 1, 1, 1, 1, 1, 1, 1, 1, 1, 1, 1, 1, 1, 1, 1, 1, 1, 1, 1, 1, 1, 1, 1, 1, 0, 0, 0, 0, 0, 0, 0, 0, 0, 0, 1, 0, 0, 0, 0, 1, 1, 1, 1, 1, 1, 1, 1, 1, 0, 1, 0, 0, 0, 0, 0, 0, 0, 1, 0, 0, 0, 0, 0, 1], "predicted_labels": [0, 0, 0, 1, 0, 0, 0, 0, 0, 0, 0, 1, 1, 0, 0, 0, 1, 0, 0, 0, 0, 0, 0, 0, 0, 1, 0, 1, 1, 0, 1, 0, 0, 0, 0, 0, 0, 0, 0, 0, 0, 0, 0, 0, 0, 0, 0, 1, 1, 0, 0, 1, 1, 1, 0, 0, 1, 0, 1, 1, 0, 0, 0, 0, 0, 0, 0, 0, 0, 0, 1, 0, 0, 0, 0, 0, 0, 0, 0, 0, 0, 1, 1, 1, 0, 0, 0, 0, 0, 1, 0, 0, 0, 0, 0, 0, 0, 1, 0, 0, 0, 0, 0, 0, 0, 0, 0, 1, 0, 0, 0, 0, 0, 0],