{"test": {"ids": ["279", "574", "57", "496", "375", "658", "444", "384", "351", "600", "328", "160", "673", "291", "645", "535", "517", "402", "32", "627", "475", "270", "292", "430", "298", "702", "469", "577", "282", "464", "315", "203", "231", "388", "58", "483", "554", "347", "401", "24", "172", "676", "220", "436", "221", "317", "424", "94", "599", "518", "61", "563", "364", "394", "40", "151", "612", "134", "87", "379", "603", "300", "120", "304", "398", "367", "344", "458", "685", "192", "697", "567", "264", "377", "572", "638", "232", "95", "706", "488", "54", "677", "322", "108", "109", "176", "682", "698", "81", "606", "136", "253", "110", "46", "65", "265", "343", "629", "164", "486", "425", "463", "383", "392", "618", "374", "237", "561", "369", "540", "480", "77", "368", "267", "680", "644", "432", "614", "158", "635", "43", "360", "121", "385", "500", "530", "30", "321", "181", "434", "650", "699", "96", "346", "439", "357", "420", "602", "670", "99", "386", "512", "636"], "labels": [0, 0, 0, 1, 1, 0, 0, 1, 1, 0, 1, 1, 0, 0, 0, 1, 1, 1, 0, 1, 0, 0, 0, 1, 0, 1, 0, 0, 0, 0, 0, 0, 0, 1, 0, 0, 1, 1, 1, 0, 1, 0, 0, 1, 0, 0, 1, 0, 0, 1, 1, 0, 1, 1, 0, 1, 0, 1, 0, 1, 0, 0, 1, 0, 1, 1, 1, 0, 0, 0, 1, 0, 0, 1, 0, 0, 0, 0, 1, 0, 0, 0, 0, 0, 1, 0, 0, 1, 1, 0, 1, 1, 1, 0, 1, 0, 1, 1, 1, 0, 1, 0, 1, 1, 0, 1, 0, 0, 1, 1, 0, 1, 1, 0, 0, 0, 1, 0, 1, 0, 0, 1, 1, 1, 0, 1, 0, 0, 0, 1, 0, 1, 0, 1, 1, 1, 1, 0, 0, 0, 1, 0, 0], "predicted_labels": [0, 0, 1, 0, 1, 0, 0, 1, 1, 0, 1, 1, 0, 0, 0, 0, 1, 1, 0, 1, 0, 0, 0, 1, 0, 1, 0, 0, 1, 0, 0, 0, 0, 0, 0, 0, 0, 1, 0, 0, 0, 0, 0, 1, 1, 0, 1, 0, 0, 1, 1, 0, 1, 1, 0, 0, 0, 0, 1, 1, 0, 1, 1, 0, 1, 1, 1, 1, 0, 0, 0, 1, 1, 1, 0, 0, 0, 0, 0, 0, 1, 0, 0, 1, 1, 1, 0, 0, 1, 0, 1, 1, 0, 1, 1, 0, 1, 1, 1, 1, 0, 0, 0, 1, 1, 1, 0, 0, 1, 1, 0, 1, 1, 1, 0, 0, 0, 0, 1, 0, 1, 1, 1, 1, 1, 0, 0, 0, 0, 1, 0, 1, 0, 1, 1, 1, 1, 0, 0, 0, 0, 0, 1], "confidence_scores": [[0.6894036389407465, 0.31059636105925365], [0.939552270050017, 0.06044772994998313], [0.370078188787085, 0.6299218112129149], [0.807322478875411, 0.19267752112458897], [0.30864366474072397, 0.6913563352592762], [0.9578611390351311, 0.04213886096486896], [0.9068132767430453, 0.09318672325695476], [0.2853012250609828, 0.7146987749390173], [0.17789954414076586, 0.8221004558592343], [0.6770597706278366, 0.3229402293721637], [0.1842919267387937, 0.8157080732612063], [0.1335188651853392, 0.8664811348146607], [0.8560614648540182, 0.14393853514598204], [0.5316936435158687, 0.46830635648413127], [0.8797244364811821, 0.12027556351881802], [0.8930620263102589, 0.1069379736897412], [0.42354165618849376, 0.5764583438115063], [0.3343867827991127, 0.6656132172008874], [0.5400261395169728, 0.45997386048302724], [0.09949122948789609, 0.900508770512104], [0.8194785444368585, 0.18052145556314145], [0.8968852635928192, 0.10311473640718088], [0.650581865193972, 0.34941813480602807], [0.14400031140185746, 0.8559996885981426], [0.8962304947213094, 0.10376950527869046], [0.47218578805395944, 0.5278142119460405], [0.8432143066449966, 0.1567856933550033], [0.8190570373033363, 0.1809429626966636], [0.331654994975479, 0.6683450050245212], [0.8388725998932735, 0.16112740010672677], [0.6820269873643577, 0.3179730126356422], [0.8054857500931883, 0.19451424990681193], [0.772536527399612, 0.22746347260038807], [0.5100149750314221, 0.4899850249685779], [0.8485043628669441, 0.15149563713305597], [0.7221753733460352, 0.27782462665396485], [0.5099640278436108, 0.4900359721563893], [0.2033856485823728, 0.7966143514176269], [0.5378259231217549, 0.462174076878245], [0.669217160315009, 0.330782839684991], [0.5481285894718253, 0.4518714105281746], [0.5981941019672793, 0.4018058980327208], [0.8203251048483252, 0.1796748951516747], [0.31045184130649617, 0.6895481586935038], [0.3995518036623934, 0.6004481963376067], [0.700504556143222, 0.299495443856778], [0.18348250904676988, 0.8165174909532303], [0.7221773752456041, 0.2778226247543961], [0.8078990318688514, 0.19210096813114858], [0.08044698640403944, 0.9195530135959604], [0.16542827412571925, 0.8345717258742806], [0.9316377157817078, 0.06836228421829207], [0.08755429293377465, 0.9124457070662253], [0.45479475421892834, 0.5452052457810715], [0.7699838813237805, 0.2300161186762194], [0.795873885146412, 0.20412611485358817], [0.695824626468579, 0.30417537353142116], [0.6354487570482545, 0.36455124295174546], [0.43624901830138246, 0.5637509816986175], [0.04204413679579961, 0.9579558632042002], [0.8578162479787439, 0.142183752021256], [0.42514574926985654, 0.5748542507301434], [0.3398612862040088, 0.6601387137959912], [0.9374060161141781, 0.06259398388582187], [0.4811533429662568, 0.5188466570337433], [0.11762080962544053, 0.8823791903745596], [0.48093873623283767, 0.5190612637671623], [0.4179852548512047, 0.5820147451487951], [0.581942153502815, 0.41805784649718497], [0.9094696889700997, 0.09053031102990049], [0.5950346113415516, 0.40496538865844844], [0.37026814648597384, 0.629731853514026], [0.43245114319841577, 0.5675488568015842], [0.22857006586791043, 0.7714299341320896], [0.9297393693515774, 0.07026063064842286], [0.9264565064956928, 0.07354349350430711], [0.8549019044368082, 0.14509809556319195], [0.8494730581600987, 0.15052694183990156], [0.5741507671804954, 0.42584923281950443], [0.6688280422708717, 0.3311719577291283], [0.12688827624757762, 0.8731117237524223], [0.7287766255188133, 0.2712233744811867], [0.9190204999918937, 0.08097950000810616], [0.21493613971874764, 0.7850638602812521], [0.22817437776110056, 0.7718256222388996], [0.4820773926529328, 0.5179226073470673], [0.6350618701164199, 0.36493812988358015], [0.7392633099699291, 0.2607366900300707], [0.3089661595415852, 0.6910338404584148], [0.6921362262544934, 0.3078637737455066], [0.1252973362122536, 0.8747026637877462], [0.4570691235956612, 0.5429308764043389], [0.8078807667117776, 0.19211923328822236], [0.2948990578341527, 0.7051009421658471], [0.06998082453586288, 0.930019175464137], [0.7858958517044923, 0.21410414829550795], [0.3745002490006901, 0.6254997509993099], [0.1945607136832945, 0.8054392863167054], [0.3773853026314394, 0.6226146973685606], [0.24351573755763745, 0.7564842624423624], [0.5539109416608298, 0.4460890583391701], [0.7601159474390925, 0.23988405256090745], [0.6603154270966891, 0.33968457290331067], [0.3702844336091177, 0.6297155663908822], [0.47993111443217246, 0.5200688855678275], [0.19488663048288263, 0.8051133695171174], [0.9508330941866057, 0.049166905813394376], [0.8639204075397183, 0.1360795924602816], [0.22777683732308263, 0.7722231626769173], [0.35179887327647297, 0.6482011267235273], [0.7670479539592144, 0.23295204604078565], [0.4897953331268303, 0.5102046668731697], [0.13756185795013479, 0.8624381420498652], [0.48616270259495215, 0.5138372974050479], [0.6395936561825015, 0.3604063438174984], [0.6138935671965875, 0.38610643280341234], [0.5604624546629794, 0.4395375453370205], [0.632711418046693, 0.367288581953307], [0.063740368227265, 0.936259631772735], [0.6306508218611423, 0.3693491781388576], [0.2206293337948279, 0.779370666205172], [0.2557846880434579, 0.7442153119565421], [0.10893199076728399, 0.891068009232716], [0.1709909306128718, 0.8290090693871282], [0.250094369951937, 0.749905630048063], [0.6860021187159873, 0.31399788128401307], [0.8314860056771965, 0.16851399432280345], [0.7302932224148289, 0.2697067775851711], [0.8880239878283278, 0.11197601217167219], [0.16746730131716583, 0.8325326986828342], [0.8259583126299863, 0.17404168737001352], [0.15639953553777464, 0.8436004644622253], [0.6325711435631856, 0.36742885643681455], [0.3536619127419891, 0.6463380872580109], [0.21453548891166765, 0.7854645110883326], [0.18412285954753532, 0.8158771404524645], [0.16867261743219022, 0.8313273825678098], [0.8291729582472734, 0.17082704175272637], [0.9393418437617651, 0.06065815623823511], [0.9468342901857755, 0.05316570981422446], [0.6564352337113881, 0.34356476628861204], [0.6767152969304016, 0.32328470306959856], [0.40790462282707746, 0.5920953771729226]]},