{"test": {"ids": ["643", "540", "311", "73", "146", "534", "344", "300", "703", "480", "693", "465", "650", "477", "116", "347", "334", "269", "438", "172", "86", "248", "174", "666", "313", "188", "595", "346", "208", "522", "394", "239", "697", "608", "87", "588", "339", "189", "349", "575", "539", "278", "85", "445", "688", "593", "337", "353", "2", "694", "328", "537", "603", "420", "350", "462", "647", "469", "26", "161", "317", "678", "77", "145", "701", "130", "426", "21", "149", "468", "322", "3", "646", "585", "655", "14", "286", "242", "390", "460", "55", "343", "82", "66", "466", "101", "663", "586", "225", "424", "598", "563", "601", "613", "325", "417", "61", "553", "98", "306", "453", "395", "433", "674", "30", "78", "131", "326", "88", "626", "35", "533", "578", "379", "421", "409", "669", "299", "581", "675", "162", "500", "261", "560", "604", "168", "568", "196", "121", "506", "513", "677", "629", "220", "81", "606", "52", "496", "83", "358", "545", "599", "649"], "labels": [0, 1, 0, 1, 1, 1, 1, 0, 1, 0, 1, 0, 0, 0, 1, 1, 1, 0, 1, 1, 0, 1, 0, 0, 0, 0, 0, 1, 0, 1, 1, 0, 1, 0, 0, 0, 1, 0, 1, 0, 1, 0, 1, 0, 0, 0, 1, 1, 0, 1, 1, 1, 0, 1, 1, 0, 0, 0, 0, 1, 0, 0, 1, 1, 1, 1, 1, 0, 1, 0, 0, 0, 0, 0, 0, 0, 0, 0, 1, 0, 0, 1, 1, 1, 0, 0, 0, 0, 0, 1, 0, 0, 0, 0, 1, 1, 1, 0, 0, 0, 0, 1, 1, 0, 0, 1, 1, 1, 1, 1, 0, 1, 0, 1, 1, 1, 0, 0, 0, 0, 1, 0, 1, 0, 0, 1, 0, 0, 1, 0, 0, 0, 1, 0, 1, 0, 0, 1, 1, 1, 0, 0, 0], "predicted_labels": [0, 1, 1, 1, 1, 0, 1, 0, 1, 0, 1, 0, 0, 0, 1, 1, 1, 0, 1, 0, 0, 1, 0, 0, 0, 0, 0, 0, 0, 1, 0, 0, 0, 0, 1, 0, 0, 0, 1, 0, 0, 0, 1, 0, 0, 0, 1, 1, 0, 1, 1, 0, 0, 1, 0, 0, 0, 0, 0, 1, 0, 0, 1, 1, 0, 1, 1, 0, 1, 0, 0, 0, 0, 0, 0, 0, 0, 0, 1, 0, 1, 1, 0, 1, 1, 1, 0, 1, 0, 1, 0, 0, 0, 0, 1, 1, 1, 0, 1, 0, 0, 1, 1, 0, 0, 0, 1, 1, 0, 0, 0, 0, 0, 1, 1, 0, 0, 0, 0, 0, 1, 0, 1, 0, 0, 1, 0, 0, 1, 0, 0, 0, 1, 0, 1, 0, 1, 0, 1, 1, 1, 0, 0], "confidence_scores": [[0.7694633765357451, 0.23053662346425507], [0.4367923964923966, 0.5632076035076033], [0.3552347349288138, 0.6447652650711859], [0.40214623294139057, 0.5978537670586097], [0.3775425053317855, 0.6224574946682147], [0.7841218087468088, 0.21587819125319133], [0.4652338494838496, 0.5347661505161504], [0.5910525169275168, 0.40894748307248313], [0.4327184372644898, 0.5672815627355102], [0.6657459317643144, 0.33425406823568593], [0.4666724228280823, 0.5333275771719177], [0.5361624462353953, 0.4638375537646047], [0.7918862054612057, 0.20811379453879458], [0.5561412297497823, 0.44385877025021747], [0.4642570595467332, 0.5357429404532669], [0.28161042665774116, 0.7183895733422585], [0.3021888389388391, 0.697811161061161], [0.7244180819180818, 0.27558191808191806], [0.36345296010113787, 0.6365470398988622], [0.7507897986833914, 0.24921020131660868], [0.6277991819197317, 0.37220081808026856], [0.37118673665752766, 0.6288132633424723], [0.7594774335141982, 0.24052256648580173], [0.6439718136309857, 0.3560281863690145], [0.66460428226744, 0.3353957177325597], [0.7594760170385166, 0.24052398296148303], [0.5446277701057113, 0.4553722298942887], [0.6283479239622569, 0.3716520760377431], [0.5950182497241319, 0.4049817502758679], [0.28956147081938904, 0.7104385291806107], [0.5480216227009705, 0.45197837729902945], [0.7422771534021534, 0.2577228465978466], [0.5227418276168277, 0.47725817238317225], [0.5854133621581376, 0.41458663784186234], [0.4187398561964352, 0.5812601438035646], [0.6614343232006175, 0.3385656767993824], [0.5710695248379075, 0.4289304751620926], [0.6651736402787095, 0.3348263597212901], [0.3878972370695518, 0.6121027629304483], [0.8111235569985566, 0.188876443001443], [0.7972638317472824, 0.2027361682527175], [0.575417513042513, 0.42458248695748696], [0.32000940676260364, 0.6799905932373959], [0.8080433177933177, 0.19195668220668224], [0.6989836666601371, 0.3010163333398628], [0.6185315239108717, 0.38146847608912826], [0.466844474969475, 0.533155525030525], [0.3238323898323899, 0.6761676101676105], [0.5712563270063269, 0.42874367299367316], [0.47059422154642744, 0.5294057784535726], [0.34264966846878614, 0.6573503315312139], [0.6000109218267113, 0.3999890781732887], [0.760172292984793, 0.23982770701520706], [0.43572371597700565, 0.5642762840229945], [0.5226233564509107, 0.4773766435490894], [0.6418498124682337, 0.35815018753176653], [0.5758171128192413, 0.4241828871807586], [0.5566108488733489, 0.44338915112665106], [0.5191339637299931, 0.4808660362700069], [0.34374096042846053, 0.6562590395715395], [0.6976038544788544, 0.30239614552114547], [0.5629391441891444, 0.4370608558108557], [0.4618990629468571, 0.5381009370531429], [0.37814201076701065, 0.6218579892329891], [0.6216030973857062, 0.37839690261429404], [0.28723176823176816, 0.7127682317682319], [0.3924347458097457, 0.6075652541902542], [0.575412857309529, 0.4245871426904707], [0.3920139721389721, 0.6079860278610277], [0.7159953660025006, 0.28400463399749903], [0.6654626115198872, 0.334537388480113], [0.6234063726128943, 0.3765936273871057], [0.7600214230214231, 0.23997857697857689], [0.7038442007871355, 0.29615579921286445], [0.7529157578532577, 0.24708424214674218], [0.5133947584278467, 0.48660524157215335], [0.681835927960928, 0.31816407203907204], [0.7992796509046505, 0.20072034909534914], [0.4237836122211121, 0.576216387778888], [0.8387462259962262, 0.16125377400377394], [0.38331832490694717, 0.6166816750930529], [0.39713823895402856, 0.6028617610459714], [0.627656823439718, 0.3723431765602819], [0.48548363665295713, 0.5145163633470429], [0.2778275569453731, 0.7221724430546266], [0.40242250443914535, 0.5975774955608548], [0.7409785220817829, 0.25902147791821695], [0.46363046675546665, 0.5363695332445334], [0.64870055894398, 0.35129944105602], [0.2491972668136463, 0.7508027331863539], [0.7763932433444574, 0.22360675665554286], [0.8040373376623378, 0.19596266233766235], [0.6696455183705181, 0.33035448162948167], [0.7641524170274174, 0.23584758297258296], [0.4290181417997209, 0.5709818582002796], [0.3634601272910097, 0.6365398727089906], [0.4692088258963261, 0.5307911741036739], [0.7239698884448882, 0.2760301115551114], [0.3262925130425133, 0.6737074869574868], [0.6439713347039434, 0.35602866529605665], [0.8210412162399002, 0.17895878376009947], [0.4290691697191697, 0.5709308302808302], [0.3658157161465985, 0.6341842838534014], [0.8136747419247414, 0.18632525807525802], [0.6784547294810451, 0.3215452705189549], [0.5563580906746295, 0.4436419093253704], [0.49280947872366654, 0.5071905212763335], [0.3351404465417624, 0.6648595534582372], [0.5028962037962036, 0.4971037962037964], [0.6749528278094452, 0.3250471721905545], [0.6331365644589332, 0.366863435541067], [0.5243642571223066, 0.4756357428776934], [0.7408429487179486, 0.25915705128205124], [0.46242145741255647, 0.5375785425874435], [0.48566274901569, 0.5143372509843098], [0.5148023829427705, 0.48519761705722947], [0.8311526806526807, 0.16884731934731934], [0.5827900016650017, 0.41720999833499817], [0.6561070416511593, 0.34389295834884065], [0.6956491998498576, 0.3043508001501422], [0.46745553384523997, 0.5325444661547599], [0.6669022158397158, 0.3330977841602843], [0.4171010126949898, 0.5828989873050102], [0.7912024046215222, 0.20879759537847772], [0.6017521830762678, 0.39824781692373223], [0.42135069138377945, 0.5786493086162205], [0.6639707675365571, 0.33602923246344296], [0.6819129901960782, 0.31808700980392157], [0.25665428737928747, 0.7433457126207127], [0.6074103461897579, 0.392589653810242], [0.7544251165501167, 0.2455748834498835], [0.69358661926309, 0.30641338073691016], [0.31985594230331066, 0.6801440576966893], [0.7392500555000551, 0.26074994449994465], [0.46567836330336343, 0.5343216366966368], [0.6072993199433415, 0.39270068005665837], [0.32713222907273265, 0.6728677709272678], [0.5265707849269231, 0.47342921507307684], [0.2629919113394345, 0.7370080886605654], [0.22444499944499938, 0.7755550005550004], [0.45185057720057736, 0.5481494227994227], [0.6383837507521717, 0.36161624924782815], [0.7668406315906315, 0.23315936840936835]]}}