{"test": {"ids": ["1", "77", "3", "115", "400", "477", "495", "421", "25", "637", "95", "363", "700", "603", "648", "74", "404", "611", "632", "267", "268", "14", "564", "24", "659", "203", "34", "561", "374", "176", "554", "688", "657", "629", "378", "332", "678", "685", "302", "549", "497", "182", "435", "386", "701", "524", "293", "393", "675", "321", "285", "277", "31", "296", "618", "250", "231", "511", "540", "423", "598", "26", "94", "420", "0", "498", "36", "443", "677", "303", "583", "602", "249", "236", "124", "622", "392", "640", "73", "530", "353", "430", "666", "601", "298", "42", "575", "126", "283", "78", "84", "337", "612", "600", "541", "416", "412", "116", "452", "140", "589", "346", "608", "405", "229", "545", "342", "552", "322", "164", "574", "427"], "labels": [1, 0, 0, 1, 1, 0, 1, 1, 0, 1, 1, 1, 1, 0, 1, 0, 1, 0, 0, 0, 0, 1, 0, 0, 1, 0, 0, 0, 1, 0, 1, 0, 1, 1, 1, 1, 1, 0, 0, 0, 0, 0, 1, 1, 1, 1, 0, 1, 1, 0, 0, 0, 0, 0, 0, 1, 0, 0, 0, 1, 0, 0, 1, 1, 1, 0, 1, 1, 1, 0, 0, 0, 0, 0, 1, 1, 1, 1, 0, 0, 1, 1, 1, 0, 0, 0, 0, 1, 0, 0, 1, 1, 0, 0, 1, 1, 1, 1, 0, 1, 0, 1, 0, 1, 0, 0, 1, 0, 0, 1, 0, 1], "predicted_labels": [1, 0, 0, 0, 0, 0, 1, 0, 1, 1, 0, 1, 1, 1, 1, 1, 0, 0, 0, 0, 1, 1, 0, 1, 1, 0, 1, 0, 1, 1, 0, 0, 0, 1, 0, 0, 1, 1, 0, 0, 0, 0, 1, 1, 0, 1, 0, 0, 0, 1, 0, 0, 0, 0, 0, 0, 0, 0, 1, 0, 0, 0, 0, 1, 1, 0, 1, 0, 0, 0, 0, 0, 1, 0, 0, 0, 0, 0, 1, 0, 0, 0, 1, 0, 0, 0, 0, 1, 0, 1, 0, 1, 0, 0, 0, 1, 0, 0, 0, 1, 1, 0, 0, 1, 1, 1, 0, 0, 0, 0, 1, 1], "confidence_scores": [[0.48313111059002856, 0.5168688894099714], [0.5003533834583025, 0.49964661654169745], [0.5963292826273071, 0.403670717372693], [0.502171485288624, 0.4978285147113761], [0.5809721094406443, 0.41902789055935585], [0.5209347102685908, 0.4790652897314092], [0.48473009614986096, 0.515269903850139], [0.5347668509971797, 0.46523314900282037], [0.4772434212612784, 0.5227565787387216], [0.46617855139583625, 0.5338214486041638], [0.5735095522334205, 0.4264904477665795], [0.46472796407318656, 0.5352720359268135], [0.44327877551027534, 0.5567212244897247], [0.44639764233281487, 0.553602357667185], [0.469896846649571, 0.530103153350429], [0.4152157873885109, 0.584784212611489], [0.5241058503792926, 0.4758941496207074], [0.5403029757220171, 0.45969702427798287], [0.5611397297621289, 0.43886027023787094], [0.5934877576373649, 0.4065122423626352], [0.49091279508640384, 0.509087204913596], [0.4863464024488242, 0.5136535975511759], [0.5344786998715572, 0.4655213001284429], [0.47284194430686033, 0.5271580556931397], [0.4820189678742308, 0.5179810321257691], [0.6027522887917436, 0.3972477112082564], [0.45893069665856456, 0.5410693033414354], [0.6441122910928746, 0.35588770890712546], [0.46616380504458765, 0.5338361949554123], [0.46893144321308006, 0.5310685567869199], [0.6221516171571781, 0.37784838284282196], [0.584191810132307, 0.41580818986769325], [0.6484732265951467, 0.3515267734048531], [0.46397966937691215, 0.536020330623088], [0.5958298695961838, 0.40417013040381616], [0.5492479495821992, 0.4507520504178008], [0.34485134947236623, 0.6551486505276336], [0.4148487459715159, 0.5851512540284842], [0.5191755056785184, 0.4808244943214816], [0.5289452800264708, 0.47105471997352916], [0.5867489805988073, 0.41325101940119274], [0.6593676493656305, 0.3406323506343695], [0.4852698657615193, 0.5147301342384807], [0.48789581855902286, 0.5121041814409772], [0.5764613018954527, 0.4235386981045474], [0.48182912359373065, 0.5181708764062695], [0.5530347183564448, 0.4469652816435552], [0.5734184939939889, 0.42658150600601114], [0.6469577444366343, 0.3530422555633654], [0.4472487432439596, 0.5527512567560405], [0.7201358836823324, 0.27986411631766744], [0.5427000202557646, 0.45729997974423553], [0.5572146854618313, 0.4427853145381688], [0.6277075048906612, 0.3722924951093386], [0.5876839253874317, 0.4123160746125683], [0.5463550638589764, 0.45364493614102375], [0.5310430237029137, 0.46895697629708627], [0.5911236054427589, 0.40887639455724106], [0.45267260045585717, 0.5473273995441429], [0.5704826052771602, 0.4295173947228396], [0.537624556792414, 0.462375443207586], [0.5742746318033138, 0.4257253681966862], [0.5215683280837504, 0.4784316719162496], [0.4964248692177412, 0.5035751307822589], [0.4919947065255713, 0.5080052934744287], [0.5858952041756936, 0.41410479582430654], [0.4944138255621225, 0.5055861744378776], [0.5885505831726194, 0.4114494168273805], [0.6146766674744286, 0.38532333252557144], [0.5441642956104169, 0.4558357043895831], [0.5564164945309741, 0.4435835054690261], [0.575054784288139, 0.424945215711861], [0.4141980465123307, 0.5858019534876692], [0.6115959416988019, 0.38840405830119806], [0.5772261053058715, 0.4227738946941286], [0.5044688466001288, 0.49553115339987114], [0.6127227265225217, 0.38727727347747815], [0.6809041981681454, 0.3190958018318544], [0.4757244289350532, 0.5242755710649467], [0.5277309496929692, 0.47226905030703087], [0.5535146284635039, 0.446485371536496], [0.5874016469988148, 0.4125983530011853], [0.4538163393512989, 0.5461836606487014], [0.5481691449433189, 0.4518308550566812], [0.650794866353944, 0.3492051336460561], [0.5571427114538633, 0.44285728854613654], [0.6282188644616066, 0.3717811355383936], [0.32683362096672464, 0.6731663790332754], [0.5322214960140077, 0.4677785039859923], [0.47192287734369337, 0.5280771226563067], [0.5775130796575498, 0.4224869203424501], [0.4838857843079511, 0.516114215692049], [0.672224608167083, 0.3277753918329174], [0.5589910428442177, 0.4410089571557822], [0.5815991045382428, 0.41840089546175724], [0.49965814531909786, 0.5003418546809022], [0.5663737846873251, 0.43362621531267487], [0.5606842954164025, 0.4393157045835976], [0.5466732736907349, 0.453326726309265], [0.39637550155975815, 0.6036244984402418], [0.36733370058778614, 0.632666299412214], [0.5342908827379087, 0.4657091172620913], [0.5832488822231365, 0.4167511177768635], [0.4662320868849948, 0.5337679131150052], [0.36515521456974154, 0.6348447854302586], [0.450726110453292, 0.5492738895467081], [0.5155837483049068, 0.4844162516950934], [0.5867509633692125, 0.41324903663078755], [0.5825551226650358, 0.41744487733496416], [0.5257418025437549, 0.4742581974562451], [0.43311270139277647, 0.5668872986072236], [0.38457825167368864, 0.6154217483263114]]}, "rewritten": {"ids": ["0", "1", "3", "14", "24", "25", "26", "31", "34", "36", "42", "73", "74", "77", "78", "84", "94", "95", "115", "116", "124", "126", "140", "164", "176", "182", "203", "229", "231", "236", "249", "250", "267", "268", "277", "283", "285", "293", "296", "298", "302", "303", "321", "322", "332", "337", "342", "346", "353", "363", "374", "378", "386", "392", "393", "400", "404", "405", "412", "416", "420", "421", "423", "427", "430", "435", "443", "452", "477", "495", "497", "498", "511", "524", "530", "540", "541", "545", "549", "552", "554", "561", "564", "574", "575", "583", "589", "598", "600", "601", "602", "603", "608", "611", "612", "618", "622", "629", "632", "637", "640", "648", "657", "659", "666", "675", "677", "678", "685", "688", "700", "701"], "labels": [1, 1, 0, 1, 0, 0, 0, 0, 0, 1, 0, 0, 0, 0, 0, 1, 1, 1, 1, 1, 1, 1, 1, 1, 0, 0, 0, 0, 0, 0, 0, 1, 0, 0, 0, 0, 0, 0, 0, 0, 0, 0, 0, 0, 1, 1, 1, 1, 1, 1, 1, 1, 1, 1, 1, 1, 1, 1, 1, 1, 1, 1, 1, 1, 1, 1, 1, 0, 0, 1, 0, 0, 0, 1, 0, 0, 1, 0, 0, 0, 1, 0, 0, 0, 0, 0, 0, 0, 0, 0, 0, 0, 0, 0, 0, 0, 1, 1, 0, 1, 1, 1, 1, 1, 1, 1, 1, 1, 0, 0, 1, 1], "predicted_labels": [1, 0, 0, 1, 1, 1, 0, 0, 1, 1, 1, 0, 1, 0, 0, 0, 0, 0, 1, 0, 0, 1, 1, 0, 0, 0, 0, 1, 0, 0, 1, 0, 0, 1, 0, 1, 0, 0, 0, 0, 0, 0, 1, 0, 0, 0, 0, 0, 0, 1, 1, 0, 0, 0, 0, 0, 0, 0, 0, 1, 0, 0, 0, 1, 0, 1, 0, 0, 0, 0, 0, 0, 0, 0, 1, 1, 0, 0, 0, 0, 0, 0, 0, 0, 0, 0, 1, 0, 0, 0, 0, 1, 0, 1, 0, 0, 0, 1, 0, 1, 0, 1, 0, 1, 1, 0, 0, 1, 1, 0, 1, 0],