{"test": {"ids": ["63", "487", "660", "574", "544", "591", "45", "147", "498", "351", "557", "343", "624", "477", "248", "700", "297", "195", "385", "327", "642", "192", "432", "397", "523", "668", "679", "710", "388", "655", "620", "272", "628", "326", "5", "280", "108", "198", "424", "84", "528", "65", "21", "459", "183", "514", "365", "174", "446", "143", "563", "328", "597", "686", "178", "87", "622", "652", "428", "516", "295", "246", "607", "282", "633", "237", "89", "589", "450", "379", "478", "315", "433", "131", "422", "392", "386", "438", "531", "587", "390", "64", "329", "222", "193", "252", "39", "79", "399", "136", "55", "29", "188", "582", "38", "77", "471", "331", "345", "306", "610", "213", "569", "472", "286", "673", "98", "66", "420", "58", "639", "417", "502", "288", "375", "373", "598", "114", "241", "210", "42", "173", "430", "583", "205", "550", "146", "117", "126", "180", "104", "40", "284", "128", "693", "232", "231", "427", "592", "271", "553", "372", "72"], "labels": [0, 0, 1, 0, 0, 0, 0, 1, 0, 1, 0, 1, 1, 0, 0, 1, 0, 0, 1, 1, 1, 0, 1, 1, 1, 1, 1, 1, 1, 1, 0, 0, 1, 1, 1, 0, 0, 0, 1, 1, 0, 0, 0, 0, 0, 1, 1, 0, 0, 1, 0, 1, 0, 0, 0, 0, 1, 1, 1, 1, 0, 0, 0, 0, 0, 0, 1, 0, 0, 1, 0, 0, 1, 1, 1, 1, 1, 1, 0, 0, 1, 0, 1, 0, 0, 1, 1, 0, 1, 1, 0, 0, 0, 0, 1, 0, 0, 1, 1, 0, 0, 0, 0, 0, 0, 1, 1, 0, 1, 0, 1, 1, 0, 0, 1, 1, 0, 1, 0, 0, 0, 1, 1, 0, 0, 0, 1, 1, 1, 0, 1, 1, 0, 1, 1, 0, 0, 1, 0, 0, 0, 1, 0], "predicted_labels": [1, 0, 1, 0, 0, 1, 1, 1, 0, 1, 0, 1, 1, 0, 1, 1, 0, 0, 0, 0, 0, 0, 1, 1, 1, 0, 0, 0, 0, 0, 0, 0, 0, 1, 0, 0, 1, 1, 0, 1, 0, 1, 0, 0, 0, 0, 1, 0, 0, 1, 0, 1, 0, 1, 0, 0, 0, 0, 1, 1, 1, 0, 1, 0, 0, 0, 1, 0, 0, 1, 0, 0, 1, 0, 1, 0, 0, 0, 0, 1, 1, 1, 0, 0, 0, 0, 0, 1, 1, 1, 1, 0, 0, 0, 0, 1, 0, 1, 1, 0, 0, 0, 0, 0, 0, 0, 1, 0, 1, 0, 0, 0, 1, 0, 1, 1, 0, 1, 0, 0, 1, 0, 0, 0, 0, 0, 1, 0, 1, 0, 0, 1, 0, 0, 1, 0, 0, 1, 0, 0, 0, 1, 0], "confidence_scores": [[0.46612497633085875, 0.5338750236691412], [0.581552276563306, 0.41844772343669406], [0.46749419148103355, 0.5325058085189665], [0.7336340881340881, 0.26636591186591185], [0.5466375532362374, 0.4533624467637627], [0.449415070967045, 0.550584929032955], [0.4702705905205905, 0.5297294094794095], [0.3093062093135623, 0.6906937906864377], [0.6772326300942456, 0.3227673699057548], [0.32760424991674986, 0.6723957500832498], [0.5196139130477365, 0.4803860869522634], [0.4693917320424672, 0.5306082679575327], [0.43332923337412516, 0.5666707666258747], [0.5581010309135309, 0.44189896908646914], [0.4757473074311309, 0.524252692568869], [0.24623543874426226, 0.7537645612557377], [0.5953100830842701, 0.4046899169157298], [0.621788127679735, 0.378211872320265], [0.6000998335392349, 0.3999001664607648], [0.7155605801577164, 0.2844394198422837], [0.5127379071092305, 0.48726209289076955], [0.7102410221421092, 0.28975897785789095], [0.4170632354831271, 0.5829367645168727], [0.475901591289463, 0.5240984087105369], [0.4866791027599849, 0.5133208972400151], [0.62389926658309, 0.37610073341690975], [0.5558755050505048, 0.44412449494949513], [0.6494543824231321, 0.3505456175768675], [0.5983401591098957, 0.40165984089010415], [0.6264709517535605, 0.3735290482464395], [0.5325299667094169, 0.467470033290583], [0.590937293915235, 0.4090627060847648], [0.5353672007458773, 0.4646327992541227], [0.3928408715467541, 0.6071591284532459], [0.5730927177397765, 0.4269072822602235], [0.6853568279201019, 0.31464317207989806], [0.28930591823037655, 0.7106940817696236], [0.4964587315419361, 0.503541268458064], [0.6068731378250243, 0.39312686217497567], [0.42447759601509594, 0.575522403984904], [0.7339175068352702, 0.2660824931647301], [0.35632302894473966, 0.6436769710552604], [0.5731459292128731, 0.4268540707871268], [0.6513422001974634, 0.34865779980253664], [0.6585712091271303, 0.3414287908728699], [0.6104827749864515, 0.3895172250135486], [0.26972168860551204, 0.7302783113944875], [0.6511673952122866, 0.3488326047877131], [0.5955521618903973, 0.40444783810960283], [0.47813659175791523, 0.5218634082420848], [0.6608387117268694, 0.33916128827313036], [0.4580716012337337, 0.5419283987662664], [0.540290371178529, 0.45970962882147093], [0.4913178028248514, 0.5086821971751485], [0.7187586952521164, 0.2812413047478838], [0.6307110905434434, 0.36928890945655674], [0.6412220228525168, 0.3587779771474831], [0.521290978178909, 0.478709021821091], [0.4101165419547773, 0.589883458045223], [0.49506388233226467, 0.5049361176677354], [0.48316822780977203, 0.516831772190228], [0.5491106080194316, 0.45088939198056843], [0.35898912305015246, 0.6410108769498473], [0.590292970917971, 0.4097070290820291], [0.6241931810020046, 0.3758068189979955], [0.8447586508563673, 0.15524134914363238], [0.4361690437407982, 0.5638309562592018], [0.5719279019698909, 0.428072098030109], [0.6202835673098832, 0.37971643269011685], [0.2986737036355459, 0.7013262963644542], [0.7214897747861458, 0.27851022521385416], [0.6636816586191587, 0.3363183413808414], [0.30185127898921005, 0.6981487210107897], [0.5565920397597343, 0.44340796024026574], [0.44133968053970163, 0.5586603194602984], [0.5745571155897242, 0.4254428844102758], [0.5606595836231726, 0.4393404163768274], [0.6611602342102343, 0.3388397657897659], [0.7099232344452929, 0.29007676555470674], [0.4665001031577116, 0.5334998968422882], [0.3815868487162992, 0.6184131512837009], [0.44819529775779765, 0.5518047022422026], [0.512842879750968, 0.48715712024903207], [0.6519691137809557, 0.3480308862190442], [0.7011436204459899, 0.29885637955401023], [0.5000383764627184, 0.4999616235372816], [0.5529811908078162, 0.44701880919218395], [0.33333727465345125, 0.6666627253465487], [0.43111232373577585, 0.5688876762642242], [0.3034830550712904, 0.6965169449287096], [0.44745086930613254, 0.5525491306938676], [0.5578929828341592, 0.4421070171658408], [0.5872877715164093, 0.41271222848359074], [0.7028021978021975, 0.29719780219780234], [0.5733631340065164, 0.42663686599348366], [0.31703255018115706, 0.6829674498188427], [0.6140354832365699, 0.3859645167634298], [0.4846019069681608, 0.5153980930318393], [0.47610919607412766, 0.5238908039258723], [0.5987187990513544, 0.40128120094864583], [0.5601504856512597, 0.43984951434874026], [0.6366270156572013, 0.3633729843427988], [0.5942926299706486, 0.40570737002935153], [0.6697996125606417, 0.3302003874393579], [0.630406738189347, 0.36959326181065305], [0.5378848434174521, 0.46211515658254804], [0.35474996363789474, 0.6452500363621053], [0.6009577220165453, 0.39904227798345443], [0.4873586570593151, 0.5126413429406849], [0.6146843399655899, 0.3853156600344103], [0.6629886743373583, 0.3370113256626416], [0.682945263070263, 0.31705473692973685], [0.4162352776079556, 0.5837647223920441], [0.6414053626112448, 0.3585946373887552], [0.28006136224886236, 0.7199386377511376], [0.41004751074948437, 0.5899524892505156], [0.5638141413325236, 0.43618585866747617], [0.39352723875916956, 0.6064727612408306], [0.738094172275093, 0.2619058277249066], [0.5535417922720555, 0.4464582077279446], [0.328925745672456, 0.6710742543275434], [0.6078562373299214, 0.3921437626700785], [0.5451636452642644, 0.4548363547357357], [0.6600913286275126, 0.3399086713724872], [0.7268515651015649, 0.2731484348984348], [0.617107517774623, 0.3828924822253771], [0.37969452550373595, 0.620305474496264], [0.621203362807861, 0.3787966371921395], [0.24248888940492352, 0.757511110595076], [0.7323997257902056, 0.2676002742097943], [0.6883475203760807, 0.3116524796239192], [0.4825015235368494, 0.5174984764631507], [0.6969096257056785, 0.3030903742943218], [0.5377719983591739, 0.4622280016408262], [0.36452022895405234, 0.6354797710459476], [0.6608398465569519, 0.3391601534430481], [0.7914957459980682, 0.20850425400193207], [0.20677935259185257, 0.7932206474081474], [0.6270126054501054, 0.3729873945498946], [0.5353042426269978, 0.46469575737300217], [0.6323220069404278, 0.367677993059572], [0.31397262459762465, 0.6860273754023755], [0.5215621128871128, 0.4784378871128871]]},