{"test": {"ids": ["623", "145", "168", "663", "602", "151", "48", "22", "189", "462", "255", "347", "57", "93", "353", "62", "46", "606", "7", "556", "241", "634", "313", "496", "228", "627", "694", "52", "97", "564", "562", "266", "395", "87", "369", "121", "156", "133", "208", "318", "252", "380", "679", "546", "444", "685", "499", "185", "612", "465", "36", "311", "95", "289", "308", "30", "452", "531", "628", "79", "449", "408", "328", "375", "325", "202", "137", "181", "460", "253", "631", "680", "247", "572", "374", "633", "342", "43", "397", "432", "349", "337", "276", "525", "520", "103", "286", "654", "420", "220", "676", "511", "17", "413", "621", "250", "102", "296", "419", "282", "421", "33", "553", "549", "368", "523", "157", "18", "629", "388", "118", "536", "142", "521", "25", "675", "340", "14", "16", "278", "204", "436", "547", "321", "147", "261", "570", "555", "416", "191", "586", "641", "382", "301", "150", "209", "417", "548", "603", "414", "470", "600", "474"], "labels": [1, 1, 1, 0, 0, 1, 0, 0, 0, 0, 1, 1, 0, 0, 1, 1, 0, 0, 0, 0, 0, 0, 0, 1, 0, 1, 1, 0, 0, 0, 0, 0, 1, 0, 1, 1, 1, 1, 0, 0, 1, 1, 0, 0, 0, 0, 0, 0, 0, 0, 0, 0, 0, 0, 0, 0, 0, 1, 1, 1, 0, 1, 1, 1, 1, 0, 1, 0, 0, 1, 0, 0, 1, 0, 1, 0, 1, 0, 1, 1, 1, 1, 0, 1, 1, 0, 0, 0, 1, 0, 0, 0, 1, 1, 1, 1, 0, 0, 1, 0, 1, 0, 0, 0, 1, 1, 1, 0, 1, 1, 1, 1, 1, 1, 0, 0, 1, 0, 1, 0, 0, 1, 0, 0, 1, 1, 0, 1, 1, 0, 0, 0, 1, 0, 1, 0, 1, 0, 0, 1, 0, 0, 0], "predicted_labels": [0, 1, 1, 0, 0, 1, 1, 0, 0, 0, 0, 0, 0, 0, 1, 0, 1, 0, 0, 0, 0, 0, 0, 0, 0, 1, 0, 1, 0, 0, 0, 0, 0, 1, 0, 1, 0, 0, 0, 0, 0, 1, 0, 0, 0, 1, 0, 0, 0, 0, 0, 0, 0, 0, 0, 0, 0, 0, 0, 0, 0, 0, 1, 1, 1, 0, 0, 0, 0, 1, 1, 1, 1, 0, 1, 1, 0, 1, 0, 0, 1, 1, 1, 0, 0, 0, 0, 0, 0, 0, 1, 0, 1, 1, 0, 0, 0, 0, 0, 0, 0, 0, 0, 0, 1, 0, 0, 1, 1, 0, 1, 0, 1, 0, 0, 0, 1, 0, 1, 0, 0, 1, 0, 0, 0, 1, 0, 0, 0, 0, 1, 0, 1, 1, 1, 1, 1, 0, 0, 0, 0, 0, 0], "confidence_scores": [[0.9229818116705759, 0.07701818832942411], [0.30470166168862667, 0.6952983383113733], [0.48816878794935414, 0.5118312120506459], [0.647474578308204, 0.352525421691796], [0.9045861176725588, 0.09541388232744123], [0.3506905687803099, 0.6493094312196901], [0.3876767654980159, 0.6123232345019841], [0.5956596681330006, 0.4043403318669993], [0.7995063308715867, 0.20049366912841324], [0.8090678374771421, 0.19093216252285797], [0.5683686561867841, 0.4316313438132159], [0.5122861932920124, 0.48771380670798753], [0.6264611896501457, 0.3735388103498542], [0.5196704520386917, 0.4803295479613084], [0.15516454206457497, 0.844835457935425], [0.6166467380130582, 0.38335326198694175], [0.4475589932208015, 0.5524410067791985], [0.7035972692693538, 0.29640273073064616], [0.6574187829508188, 0.3425812170491812], [0.6098256716800294, 0.3901743283199705], [0.5206893270933646, 0.4793106729066354], [0.5301492901295739, 0.46985070987042604], [0.7572199397980003, 0.2427800602019997], [0.6699816968196873, 0.33001830318031267], [0.8987020832562552, 0.10129791674374479], [0.40746742180810025, 0.5925325781918998], [0.7846702176418436, 0.21532978235815634], [0.0932929413806286, 0.9067070586193714], [0.8476346030045911, 0.15236539699540882], [0.8887014804790743, 0.11129851952092577], [0.9261784495049001, 0.07382155049509982], [0.6013204344838556, 0.3986795655161443], [0.5508406526415919, 0.44915934735840807], [0.2415081519935005, 0.7584918480064995], [0.581504483401996, 0.41849551659800394], [0.27752036913900346, 0.7224796308609965], [0.6788209934364746, 0.3211790065635254], [0.766073905885469, 0.23392609411453102], [0.9040910544010936, 0.09590894559890635], [0.8864661566286162, 0.11353384337138384], [0.5026232402483213, 0.49737675975167867], [0.13405499397086285, 0.8659450060291372], [0.8430934866225652, 0.15690651337743478], [0.6632853995272072, 0.33671460047279284], [0.8099448103258986, 0.1900551896741014], [0.31110022500740886, 0.6888997749925911], [0.8749951322105203, 0.12500486778947975], [0.817413100755586, 0.18258689924441396], [0.8849690548216121, 0.11503094517838788], [0.8889996398616711, 0.11100036013832897], [0.5424472363414535, 0.45755276365854647], [0.6940980633666121, 0.30590193663338794], [0.6922229984632379, 0.30777700153676213], [0.8981548756146503, 0.10184512438534968], [0.8920421422198104, 0.10795785778018968], [0.8065022054553402, 0.19349779454465973], [0.6513949411482793, 0.3486050588517206], [0.9103621841481566, 0.08963781585184336], [0.6351907046429929, 0.3648092953570071], [0.5819170158762186, 0.4180829841237814], [0.7175710274742737, 0.2824289725257263], [0.6314236499567996, 0.36857635004320044], [0.2980073097885717, 0.7019926902114283], [0.39291067780361566, 0.6070893221963843], [0.49198273483724975, 0.5080172651627503], [0.6088061105384799, 0.3911938894615202], [0.6337703691304675, 0.3662296308695326], [0.7414763366877223, 0.2585236633122777], [0.8433531753748108, 0.15664682462518922], [0.48398062674468545, 0.5160193732553146], [0.2538229436024655, 0.7461770563975345], [0.4968256484751423, 0.5031743515248577], [0.2036829323392524, 0.7963170676607476], [0.8874849397184652, 0.11251506028153477], [0.3442926369130246, 0.6557073630869754], [0.27127268069602195, 0.728727319303978], [0.5035867671120753, 0.4964132328879247], [0.1421367498984505, 0.8578632501015495], [0.6824109440492248, 0.3175890559507753], [0.6687374653250018, 0.3312625346749983], [0.24348782257763957, 0.7565121774223604], [0.4712245856689664, 0.5287754143310336], [0.48081010388798373, 0.5191898961120163], [0.6443847670239002, 0.35561523297609976], [0.5031909179786608, 0.4968090820213392], [0.9073601643214808, 0.0926398356785192], [0.7802862819257923, 0.21971371807420773], [0.6580687977146672, 0.3419312022853328], [0.533799476668828, 0.466200523331172], [0.7731186147574381, 0.22688138524256188], [0.47448634355410657, 0.5255136564458934], [0.7576943715296557, 0.24230562847034434], [0.38488457782939833, 0.6151154221706017], [0.46425028918122135, 0.5357497108187786], [0.816918793154358, 0.18308120684564197], [0.8016223342554363, 0.19837766574456372], [0.67552445628292, 0.32447554371708], [0.7497714285079848, 0.25022857149201516], [0.6041963104591741, 0.39580368954082584], [0.5920486929662527, 0.4079513070337472], [0.8095171674009604, 0.19048283259903961], [0.7425575341886117, 0.2574424658113883], [0.6322283983778636, 0.36777160162213635], [0.686628845990177, 0.313371154009823], [0.3144385323011807, 0.6855614676988193], [0.556423147387442, 0.44357685261255797], [0.8577151600298136, 0.1422848399701864], [0.4929549669693414, 0.5070450330306586], [0.3966469126269012, 0.6033530873730988], [0.8111683103285071, 0.18883168967149289], [0.41234772239283557, 0.5876522776071644], [0.7485491726362548, 0.2514508273637452], [0.40462975469366935, 0.5953702453063306], [0.5754455446816259, 0.4245544553183741], [0.6025937850716272, 0.39740621492837286], [0.5824137981257815, 0.41758620187421847], [0.1735840932142103, 0.8264159067857897], [0.697420904332892, 0.30257909566710794], [0.3654858738053903, 0.6345141261946097], [0.7546575695831843, 0.24534243041681572], [0.8181062082263366, 0.18189379177366344], [0.42156122414083785, 0.5784387758591621], [0.65562574737808, 0.34437425262192006], [0.8780499536700981, 0.1219500463299019], [0.5997050897583069, 0.40029491024169306], [0.2673435473533412, 0.7326564526466588], [0.6731305088676383, 0.3268694911323617], [0.896413034675768, 0.10358696532423192], [0.6674620667151965, 0.33253793328480347], [0.888080890570473, 0.11191910942952701], [0.258078414502112, 0.741921585497888], [0.8348073664071806, 0.1651926335928194], [0.49573541332185744, 0.5042645866781426], [0.3464226632288584, 0.6535773367711416], [0.3513192917795043, 0.6486807082204957], [0.3543750158785902, 0.6456249841214098], [0.3613371453100095, 0.6386628546899905], [0.7540075580902005, 0.24599244190979955], [0.8034003187269538, 0.19659968127304622], [0.5751754357267085, 0.42482456427329146], [0.8368663296317258, 0.16313367036827414], [0.8767273050225024, 0.12327269497749764], [0.8066468435334276, 0.1933531564665724]]}}