{"test": {"ids": ["677", "145", "326", "71", "675", "227", "111", "384", "710", "183", "338", "582", "505", "186", "375", "577", "683", "684", "215", "176", "281", "649", "132", "478", "280", "323", "337", "415", "686", "614", "194", "328", "284", "394", "510", "73", "477", "526", "388", "555", "632", "177", "393", "460", "379", "155", "350", "292", "620", "24", "316", "304", "657", "397", "638", "489", "239", "340", "513", "405", "462", "10", "611", "370", "520", "85", "451", "258", "486", "367", "474", "275", "63", "248", "101", "622", "16", "431", "655", "149", "706", "122", "171", "208", "6", "452", "547", "310", "360", "417", "487", "530", "307", "198", "663", "207", "48", "492", "141", "665", "447", "252", "312", "172", "47", "637", "368", "377", "250", "233", "249", "40", "46", "353", "491", "57", "333", "295", "251", "105", "494", "528", "398", "387", "498", "72", "199", "703", "253", "648", "179", "436", "264", "409", "205", "694", "461", "571", "542", "121", "662"], "labels": [0, 0, 0, 1, 0, 1, 1, 1, 0, 1, 0, 1, 1, 1, 0, 1, 0, 0, 1, 1, 1, 0, 0, 1, 1, 1, 0, 0, 1, 0, 1, 0, 1, 0, 1, 1, 1, 0, 0, 1, 0, 1, 0, 1, 1, 0, 0, 1, 0, 1, 1, 1, 0, 0, 0, 0, 1, 0, 1, 0, 1, 0, 0, 0, 0, 0, 1, 0, 0, 0, 1, 1, 1, 0, 0, 1, 1, 0, 0, 0, 0, 0, 0, 1, 0, 1, 0, 1, 0, 0, 0, 0, 1, 1, 0, 1, 1, 1, 0, 0, 0, 1, 1, 0, 1, 0, 0, 0, 1, 1, 1, 1, 1, 0, 1, 1, 0, 1, 1, 0, 0, 0, 0, 0, 1, 1, 1, 0, 1, 0, 1, 0, 1, 0, 1, 0, 1, 1, 1, 0, 0], "predicted_labels": [0, 0, 0, 0, 1, 0, 1, 0, 0, 0, 0, 1, 1, 1, 1, 1, 0, 1, 1, 0, 1, 0, 0, 1, 1, 1, 0, 0, 0, 1, 0, 0, 1, 0, 0, 0, 0, 1, 1, 1, 0, 0, 0, 1, 0, 0, 0, 1, 1, 0, 1, 0, 1, 1, 1, 0, 1, 0, 0, 0, 0, 0, 1, 0, 1, 0, 1, 0, 0, 0, 1, 1, 0, 0, 0, 0, 0, 0, 1, 0, 0, 0, 0, 1, 0, 1, 1, 0, 0, 1, 0, 0, 0, 0, 0, 0, 0, 0, 0, 0, 1, 0, 1, 1, 1, 0, 0, 0, 1, 1, 0, 0, 1, 1, 1, 0, 0, 0, 1, 0, 0, 0, 0, 1, 1, 0, 1, 0, 1, 0, 1, 0, 1, 1, 1, 0, 1, 1, 0, 0, 1], "confidence_scores": [[0.7798158803315804, 0.2201841196684195], [0.9993185326192439, 0.0006814673807561538], [0.9501665743357861, 0.04983342566421386], [0.8943440400181871, 0.10565595998181287], [0.33235403918340745, 0.6676459608165926], [0.9684238084408996, 0.03157619155910045], [0.2247393960638353, 0.7752606039361647], [0.998611816438377, 0.0013881835616229316], [0.9586403539742342, 0.04135964602576581], [0.6520103607099446, 0.3479896392900555], [0.9993209176582875, 0.0006790823417125814], [0.2027256910941908, 0.7972743089058092], [0.12836243094460842, 0.8716375690553916], [0.2306520057292225, 0.7693479942707775], [0.37673113820848236, 0.6232688617915176], [0.35694069613384394, 0.6430593038661561], [0.9256351826235897, 0.07436481737641036], [0.2746290599826944, 0.7253709400173056], [0.0275865065416393, 0.9724134934583607], [0.6920399477987782, 0.30796005220122175], [0.3704036668483017, 0.6295963331516983], [0.5551552075296705, 0.4448447924703295], [0.9642801461748247, 0.035719853825175236], [0.4671386057305471, 0.5328613942694529], [0.002562042764831851, 0.9974379572351681], [0.4796020584700269, 0.5203979415299731], [0.8147056926865195, 0.1852943073134805], [0.9956469292425806, 0.004353070757419382], [0.5201597941668322, 0.4798402058331678], [0.035433962699555455, 0.9645660373004445], [0.995887620906279, 0.004112379093720996], [0.9980188591056591, 0.0019811408943408867], [0.1326267161923529, 0.8673732838076471], [0.9623855225922126, 0.0376144774077875], [0.9928579288175776, 0.007142071182422376], [0.5708312787561691, 0.42916872124383093], [0.9825168459989772, 0.017483154001022804], [0.06256988442145406, 0.9374301155785459], [0.12862005443045366, 0.8713799455695463], [0.3489028028223061, 0.6510971971776939], [0.6847087064151369, 0.3152912935848631], [0.6938410000514214, 0.30615899994857865], [0.9891221800372086, 0.010877819962791338], [0.03608100748388998, 0.96391899251611], [0.5212889291931682, 0.4787110708068318], [0.9999398003857027, 6.0199614297209994e-05], [0.9992744786178168, 0.0007255213821831789], [0.02048957605359747, 0.9795104239464025], [0.009167035838151483, 0.9908329641618485], [0.7516886862464237, 0.2483113137535763], [0.18663544734221216, 0.8133645526577878], [0.6591094290982834, 0.3408905709017166], [0.0339979812851432, 0.9660020187148568], [0.020471569161819803, 0.9795284308381802], [0.03634546345778811, 0.9636545365422119], [0.8590619266914576, 0.1409380733085423], [0.07064743728518619, 0.9293525627148138], [0.8648052011924696, 0.1351947988075304], [0.6166982700253552, 0.38330172997464484], [0.989546960502392, 0.010453039497607954], [0.8146077496385198, 0.18539225036148022], [0.9885712108472025, 0.01142878915279755], [0.07752351341248831, 0.9224764865875117], [0.7254529993470883, 0.2745470006529117], [0.0928414005237932, 0.9071585994762068], [0.9957547862339532, 0.004245213766046805], [0.0005954509698579136, 0.9994045490301421], [0.9474887117403541, 0.05251128825964587], [0.7109169157500146, 0.2890830842499854], [0.9736945782661504, 0.026305421733849657], [0.3886624501673236, 0.6113375498326764], [0.018825587148734724, 0.9811744128512653], [0.930058280197509, 0.06994171980249098], [0.6823469714949616, 0.3176530285050384], [0.8246194862500876, 0.17538051374991237], [0.9314224909212435, 0.06857750907875645], [0.7354102445478254, 0.26458975545217456], [0.9510716236811785, 0.04892837631882155], [0.36471104535943655, 0.6352889546405635], [0.9971744906499863, 0.002825509350013661], [0.9058239626079472, 0.09417603739205278], [0.8689237705361348, 0.13107622946386527], [0.9998841387283081, 0.00011586127169188807], [0.0021667574732766592, 0.9978332425267233], [0.8727854968195119, 0.12721450318048816], [0.05128394470755404, 0.948716055292446], [0.021863310011120518, 0.9781366899888795], [0.9984622647442656, 0.0015377352557344342], [0.9999152312609265, 8.476873907344367e-05], [0.31099450602467893, 0.6890054939753211], [0.9167957950611542, 0.08320420493884581], [0.7178503432027256, 0.28214965679727444], [0.9554223090976426, 0.04457769090235747], [0.8011173106191652, 0.19888268938083478], [0.6038121456696648, 0.3961878543303352], [0.9585500890906542, 0.04144991090934578], [0.9861180011229541, 0.013881998877045863], [0.6784438212938884, 0.3215561787061117], [0.9999343091097386, 6.569089026142735e-05], [0.9955088110870455, 0.004491188912954483], [0.20816207751047966, 0.7918379224895203], [0.9359769422664765, 0.06402305773352343], [0.11269013998325617, 0.8873098600167438], [0.24298852628100753, 0.7570114737189925], [0.04687314767257045, 0.9531268523274296], [0.9072713381733735, 0.09272866182662648], [0.9786884522743554, 0.02131154772564458], [0.9994942021907272, 0.0005057978092728227], [0.011136063426964049, 0.988863936573036], [0.023267616577051564, 0.9767323834229484], [0.9904414453675494, 0.009558554632450608], [0.6821195975759489, 0.31788040242405113], [0.011358096589460076, 0.9886419034105399], [0.01699993112548237, 0.9830000688745176], [0.022814605679682298, 0.9771853943203177], [0.8015159950064112, 0.19848400499358881], [0.9789325097539643, 0.021067490246035672], [0.9645875330911866, 0.03541246690881336], [0.10285961981029546, 0.8971403801897045], [0.9982185207188042, 0.0017814792811957248], [0.9577587650787363, 0.04224123492126375], [0.8374388443629355, 0.16256115563706447], [0.9198068679421605, 0.08019313205783957], [0.04418580078003587, 0.9558141992199641], [0.0010149277565519865, 0.998985072243448], [0.9110589515863322, 0.08894104841366782], [3.2060067564065875e-05, 0.9999679399324359], [0.887553446802977, 0.11244655319702303], [0.024768951902999103, 0.9752310480970009], [0.9875538273785268, 0.012446172621473194], [0.09126954802651643, 0.9087304519734836], [0.8435362478301949, 0.1564637521698051], [0.04376647228241637, 0.9562335277175836], [0.0067234036597548785, 0.9932765963402451], [0.0001729638700073144, 0.9998270361299927], [0.898199311314914, 0.10180068868508595], [0.36425167347830956, 0.6357483265216904], [0.002176112542535358, 0.9978238874574646], [0.9953862878893659, 0.004613712110634092], [0.995332535055225, 0.004667464944774953], [0.42621776557849556, 0.5737822344215044]]},