{"test": {"ids": ["18", "703", "611", "603", "106", "608", "650", "234", "335", "598", "510", "690", "452", "709", "225", "133", "344", "546", "507", "57", "15", "75", "268", "556", "189", "331", "574", "129", "700", "610", "385", "458", "259", "531", "204", "402", "400", "674", "613", "386", "24", "625", "441", "653", "142", "153", "394", "673", "564", "705", "691", "166", "284", "174", "504", "98", "567", "67", "489", "213", "41", "301", "265", "453", "111", "600", "223", "666", "100", "493", "549", "659", "594", "61", "701", "59", "606", "253", "391", "372", "366", "215", "296", "348", "662", "221", "520", "688", "631", "163", "5", "136", "65", "601", "592", "617", "36", "388", "528", "52", "369", "143", "692", "233", "300", "19", "376", "708", "633", "238", "108", "393", "381", "536"], "labels": [0, 1, 0, 0, 1, 0, 1, 0, 1, 0, 0, 1, 0, 1, 0, 1, 1, 0, 0, 0, 1, 0, 0, 0, 0, 1, 0, 1, 1, 0, 1, 0, 0, 0, 0, 1, 1, 1, 0, 1, 0, 1, 1, 1, 1, 1, 1, 1, 0, 1, 1, 1, 0, 0, 0, 1, 0, 0, 0, 0, 0, 0, 0, 0, 1, 0, 0, 1, 1, 1, 0, 1, 0, 0, 1, 0, 0, 1, 1, 1, 1, 0, 0, 1, 1, 0, 1, 0, 0, 1, 1, 1, 0, 0, 0, 0, 1, 1, 0, 0, 1, 1, 1, 0, 0, 0, 1, 1, 0, 0, 0, 1, 1, 0], "predicted_labels": [0, 1, 0, 0, 0, 0, 1, 0, 0, 1, 1, 1, 0, 0, 0, 1, 0, 0, 0, 0, 0, 0, 0, 0, 0, 0, 0, 0, 1, 1, 1, 1, 0, 0, 0, 0, 0, 0, 0, 1, 0, 0, 0, 1, 1, 0, 1, 1, 0, 1, 1, 1, 0, 0, 0, 0, 1, 1, 1, 0, 0, 1, 1, 0, 0, 0, 0, 0, 1, 1, 0, 1, 0, 0, 0, 0, 0, 0, 1, 1, 1, 0, 1, 1, 0, 1, 0, 0, 0, 1, 0, 1, 1, 1, 0, 0, 0, 0, 0, 1, 1, 1, 0, 0, 0, 1, 1, 0, 0, 0, 1, 1, 0, 0], "confidence_scores": [[0.5843784258237826, 0.41562157417621737], [0.22452272705408294, 0.7754772729459171], [0.6204647053369154, 0.3795352946630845], [0.5336159112159269, 0.46638408878407306], [0.5450330184574711, 0.4549669815425289], [0.7263703671203844, 0.2736296328796156], [0.1816894271988999, 0.8183105728011001], [0.7628475457515965, 0.23715245424840348], [0.6644868411221205, 0.3355131588778794], [0.2760140483347938, 0.7239859516652062], [0.2571402331559698, 0.7428597668440302], [0.4470564164764108, 0.5529435835235892], [0.5852186006034054, 0.41478139939659464], [0.5810454614614252, 0.4189545385385748], [0.7231210036174438, 0.2768789963825562], [0.4738582648806451, 0.5261417351193549], [0.7473430345069532, 0.2526569654930469], [0.5966312297408434, 0.4033687702591567], [0.6762189177050079, 0.32378108229499214], [0.534322731164011, 0.46567726883598903], [0.9741880545775196, 0.025811945422480477], [0.7528046103370221, 0.24719538966297794], [0.5300751142893927, 0.4699248857106073], [0.8577519449006158, 0.14224805509938424], [0.8849216298073769, 0.11507837019262308], [0.7807100668676149, 0.21928993313238512], [0.8412434461714295, 0.1587565538285704], [0.6146618036756049, 0.38533819632439514], [0.18679470260358666, 0.8132052973964133], [0.3004155976166516, 0.6995844023833484], [0.23689982343542515, 0.7631001765645749], [0.33439762304121856, 0.6656023769587814], [0.6675313352530415, 0.33246866474695846], [0.8621427489816094, 0.1378572510183907], [0.5550312188962847, 0.44496878110371524], [0.5373917585407049, 0.4626082414592951], [0.8000554979475768, 0.19994450205242317], [0.8357155861625895, 0.16428441383741058], [0.7730964437962329, 0.22690355620376718], [0.06263076805861112, 0.9373692319413889], [0.8135164566349473, 0.18648354336505266], [0.7904145624492969, 0.20958543755070316], [0.8499797588494018, 0.15002024115059817], [0.31052081573365775, 0.6894791842663422], [0.25105876469156263, 0.7489412353084374], [0.6209110950441121, 0.37908890495588793], [0.07301214784555099, 0.926987852154449], [0.3139157843971716, 0.6860842156028284], [0.645626356375234, 0.3543736436247659], [0.20046414470257456, 0.7995358552974254], [0.06924802291434717, 0.9307519770856528], [0.09755028618968142, 0.9024497138103186], [0.615531975383569, 0.38446802461643104], [0.8145813066723301, 0.18541869332766994], [0.7578008834755561, 0.24219911652444398], [0.512971770750777, 0.487028229249223], [0.2800309818409802, 0.7199690181590198], [0.21734085855828367, 0.7826591414417163], [0.026155298767070345, 0.9738447012329297], [0.7091498879963873, 0.2908501120036127], [0.7991803659124203, 0.20081963408757975], [0.25492813831008176, 0.7450718616899182], [0.2877758567020662, 0.7122241432979338], [0.8872395473449424, 0.11276045265505759], [0.5430357505548131, 0.4569642494451869], [0.7998223011400485, 0.2001776988599515], [0.8445751748778939, 0.15542482512210606], [0.6296339311698501, 0.3703660688301499], [0.17510718515419033, 0.8248928148458097], [0.1656605640410832, 0.8343394359589168], [0.9003043951202234, 0.09969560487977655], [0.2946904220744937, 0.7053095779255063], [0.7458917763127876, 0.2541082236872124], [0.7493588677549897, 0.2506411322450103], [0.7882950903565531, 0.2117049096434469], [0.6669230745429173, 0.3330769254570826], [0.5896947428652606, 0.41030525713473937], [0.7917889264075968, 0.20821107359240326], [0.29358547554453596, 0.706414524455464], [0.19295071740840486, 0.8070492825915951], [0.3906389241505197, 0.6093610758494803], [0.6730855562643285, 0.3269144437356714], [0.1716994302430237, 0.8283005697569763], [0.163762032870424, 0.836237967129576], [0.7323023141261019, 0.2676976858738981], [0.3544704960944667, 0.6455295039055333], [0.608363169368807, 0.391636830631193], [0.5601538984197318, 0.43984610158026816], [0.8135783234025893, 0.18642167659741077], [0.13637008452762933, 0.8636299154723707], [0.7745648440988738, 0.22543515590112614], [0.4659987197758457, 0.5340012802241543], [0.42280858680987987, 0.5771914131901201], [0.2870308490208895, 0.7129691509791105], [0.9118139292057765, 0.0881860707942235], [0.7986806353892193, 0.20131936461078073], [0.7206289764298036, 0.2793710235701964], [0.7303806539788529, 0.26961934602114707], [0.7333563141217199, 0.26664368587828013], [0.4153748124940464, 0.5846251875059536], [0.45023032610486946, 0.5497696738951305], [0.2346924071812838, 0.7653075928187162], [0.72949464692246, 0.27050535307754], [0.8101609189959534, 0.18983908100404653], [0.6463302859388221, 0.35366971406117786], [0.4430166082681928, 0.5569833917318072], [0.10967808947317548, 0.8903219105268245], [0.7918690084928222, 0.20813099150717784], [0.7581110362861389, 0.24188896371386115], [0.865237132130693, 0.13476286786930702], [0.046777938334809144, 0.9532220616651909], [0.19400862102365068, 0.8059913789763493], [0.7928881596523564, 0.20711184034764363], [0.6690513874752031, 0.33094861252479685]]}, "rewritten": {"ids": ["5", "15", "18", "19", "24", "36", "41", "52", "57", "59", "61", "65", "67", "75", "98", "100", "106", "108", "111", "129", "133", "136", "142", "143", "153", "163", "166", "174", "189", "204", "213", "215", "221", "223", "225", "233", "234", "238", "253", "259", "265", "268", "284", "296", "300", "301", "331", "335", "344", "348", "366", "369", "372", "376", "381", "385", "386", "388", "391", "393", "394", "400", "402", "441", "452", "453", "458", "489", "493", "504", "507", "510", "520", "528", "531", "536", "546", "549", "556", "564", "567", "574", "592", "594", "598", "600", "601", "603", "606", "608", "610", "611", "613", "617", "625", "631", "633", "650", "653", "659", "662", "666", "673", "674", "688", "690", "691", "692", "700", "701", "703", "705", "708", "709"], "labels": [1, 1, 0, 0, 0, 1, 0, 0, 0, 0, 0, 0, 0, 0, 1, 1, 1, 0, 1, 1, 1, 1, 1, 1, 1, 1, 1, 0, 0, 0, 0, 0, 0, 0, 0, 0, 0, 0, 1, 0, 0, 0, 0, 0, 0, 0, 1, 1, 1, 1, 1, 1, 1, 1, 1, 1, 1, 1, 1, 1, 1, 1, 1, 1, 0, 0, 0, 0, 1, 0, 0, 0, 1, 0, 0, 0, 0, 0, 0, 0, 0, 0, 0, 0, 0, 0, 0, 0, 0, 0, 0, 0, 0, 0, 1, 0, 0, 1, 1, 1, 1, 1, 1, 1, 0, 1, 1, 1, 1, 1, 1, 1, 1, 1], "predicted_labels": [0, 0, 0, 1, 0, 0, 1, 0, 0, 0, 0, 1, 1, 0, 1, 0, 0, 1, 0, 0, 0, 1, 1, 0, 1, 1, 1, 0, 0, 0, 0, 0, 1, 0, 0, 0, 0, 0, 0, 0, 0, 0, 0, 0, 0, 0, 1, 0, 0, 1, 0, 1, 1, 1, 0, 1, 0, 0, 1, 1, 1, 0, 0, 0, 0, 0, 1, 1, 1, 0, 0, 1, 0, 0, 0, 0, 0, 0, 0, 0, 1, 0, 1, 0, 0, 0, 0, 0, 1, 0, 0, 0, 0, 0, 0, 0, 0, 0, 1, 0, 0, 0, 0, 0, 0, 1, 0, 0, 1, 1, 0, 1, 0, 0],