{"test": {"ids": ["152", "637", "428", "17", "378", "149", "318", "222", "510", "148", "217", "455", "11", "459", "184", "4", "280", "585", "75", "489", "87", "209", "194", "153", "646", "671", "440", "438", "403", "629", "518", "484", "590", "456", "350", "469", "15", "61", "442", "331", "324", "361", "406", "676", "340", "201", "554", "514", "155", "289", "663", "69", "515", "596", "388", "545", "645", "302", "206", "460", "587", "223", "131", "54", "342", "625", "509", "668", "213", "118", "348", "156", "183", "644", "492", "259", "651", "287", "185", "682", "369", "701", "608", "220", "443", "180", "363", "377", "380", "189", "89", "106", "571", "264", "225", "228", "423", "497", "488", "126", "28", "623", "598", "672", "254", "234", "165", "242", "485", "458", "133", "339", "513", "505", "312", "550", "692", "301", "227", "58", "357", "261", "698", "358", "511", "322", "260", "436", "19", "591", "526", "337", "413", "56", "655", "298", "642", "166", "271", "385", "103", "607", "517"], "labels": [1, 1, 1, 1, 1, 1, 0, 0, 0, 1, 0, 0, 1, 0, 0, 0, 0, 0, 0, 0, 0, 0, 0, 1, 1, 1, 1, 1, 1, 1, 1, 0, 0, 0, 1, 0, 1, 0, 1, 1, 1, 1, 1, 1, 1, 0, 1, 1, 1, 0, 1, 0, 0, 0, 1, 0, 1, 0, 0, 0, 0, 0, 1, 0, 1, 1, 0, 1, 0, 1, 1, 1, 0, 1, 0, 0, 1, 0, 0, 1, 1, 1, 0, 0, 1, 0, 1, 1, 1, 0, 1, 1, 0, 0, 0, 0, 1, 0, 0, 1, 0, 1, 0, 1, 1, 0, 1, 0, 0, 0, 1, 1, 0, 0, 0, 0, 1, 0, 0, 0, 1, 0, 1, 1, 0, 0, 0, 1, 0, 0, 1, 1, 1, 0, 1, 0, 1, 1, 0, 1, 1, 0, 1], "predicted_labels": [1, 0, 1, 0, 0, 1, 0, 0, 0, 1, 0, 0, 0, 0, 0, 0, 0, 0, 0, 1, 1, 0, 0, 1, 0, 0, 0, 1, 1, 1, 1, 1, 0, 0, 0, 0, 0, 0, 1, 1, 1, 0, 1, 0, 1, 0, 0, 0, 1, 1, 0, 0, 1, 0, 0, 1, 1, 0, 0, 0, 0, 0, 1, 1, 1, 0, 0, 0, 0, 1, 1, 0, 0, 0, 1, 0, 1, 0, 0, 1, 1, 0, 1, 0, 0, 0, 1, 1, 1, 0, 0, 1, 0, 0, 0, 0, 1, 0, 0, 1, 0, 1, 0, 0, 0, 0, 1, 0, 0, 1, 0, 0, 0, 0, 0, 0, 1, 0, 0, 0, 1, 1, 1, 1, 0, 0, 1, 1, 0, 0, 1, 1, 1, 0, 0, 0, 1, 1, 0, 1, 0, 0, 1], "confidence_scores": [[0.33405958323077894, 0.665940416769221], [0.5800774857237705, 0.41992251427622945], [0.47061841630591617, 0.5293815836940837], [0.5833751318126318, 0.4166248681873683], [0.7621557747807748, 0.23784422521922516], [0.38383672094813404, 0.6161632790518659], [0.7381758866133867, 0.2618241133866134], [0.5841358967829555, 0.4158641032170445], [0.552865429805832, 0.447134570194168], [0.23384061566452885, 0.7661593843354711], [0.7756260871481462, 0.22437391285185407], [0.8113450236890135, 0.18865497631098654], [0.5599431520986828, 0.44005684790131716], [0.7726548590298593, 0.22734514097014105], [0.7490718170718172, 0.250928182928183], [0.7641657134532137, 0.2358342865467866], [0.7230126817626819, 0.2769873182373183], [0.6847852988514752, 0.3152147011485247], [0.5158285603285603, 0.4841714396714397], [0.4875520729270727, 0.5124479270729272], [0.4431787240537241, 0.5568212759462756], [0.7617645826395826, 0.23823541736041737], [0.6318122106651516, 0.36818778933484814], [0.4315354665759077, 0.5684645334240923], [0.6150640459213986, 0.38493595407860126], [0.5963105505605504, 0.4036894494394495], [0.656779734154734, 0.3432202658452659], [0.48041557265198553, 0.5195844273480145], [0.4935091636304872, 0.506490836369513], [0.24430199178840487, 0.7556980082115953], [0.3908519987924013, 0.6091480012075987], [0.3486593561409351, 0.6513406438590645], [0.716286865911866, 0.28371313408813414], [0.5710193030718925, 0.4289806969281076], [0.6023140838629968, 0.3976859161370034], [0.6101802702128787, 0.389819729787121], [0.5471719538631304, 0.4528280461368696], [0.5362701118326118, 0.4637298881673882], [0.45646864410099697, 0.5435313558990029], [0.3621396312021314, 0.6378603687978686], [0.43825016650016657, 0.5617498334998333], [0.5258986974283025, 0.4741013025716974], [0.4435111742832332, 0.5564888257167669], [0.5377844169719169, 0.4622155830280832], [0.31291074723350265, 0.6870892527664975], [0.6335276251526251, 0.3664723748473749], [0.5740173437673437, 0.42598265623265624], [0.5939650148870738, 0.4060349851129262], [0.29844155844155845, 0.7015584415584415], [0.45937161727161724, 0.540628382728383], [0.5408296287046286, 0.45917037129537136], [0.5851554864288879, 0.41484451357111196], [0.47045317672523557, 0.5295468232747643], [0.6872752525252523, 0.31272474747474754], [0.596779761904762, 0.40322023809523827], [0.39879447758124237, 0.6012055224187576], [0.3410179725503255, 0.6589820274496745], [0.6794814213564212, 0.3205185786435786], [0.8567314213564213, 0.14326857864357867], [0.7876368076368077, 0.21236319236319245], [0.6422700375604786, 0.35772996243952127], [0.8449680874680877, 0.15503191253191242], [0.46097824608965887, 0.539021753910341], [0.46771374701150265, 0.5322862529884974], [0.40492899992164694, 0.595071000078353], [0.5476477052359404, 0.4523522947640597], [0.7407387751137748, 0.25926122488622505], [0.6439506882006885, 0.35604931179931176], [0.6733413114663115, 0.3266586885336884], [0.3735996360301281, 0.626400363969872], [0.22043801910282643, 0.7795619808971737], [0.5011546786546786, 0.4988453213453214], [0.5543320429570429, 0.44566795704295714], [0.5014385913000045, 0.4985614086999955], [0.43550232101060266, 0.5644976789893972], [0.6131885524606112, 0.3868114475393888], [0.40588877517410116, 0.5941112248258986], [0.6637966894216893, 0.3362033105783108], [0.6873063048063048, 0.31269369519369516], [0.4741592941372355, 0.5258407058627647], [0.3803525086025086, 0.6196474913974912], [0.5912858460983458, 0.4087141539016541], [0.48843872100122077, 0.5115612789987793], [0.6838821456321458, 0.3161178543678544], [0.5005571164946164, 0.49944288350538363], [0.7476429526355998, 0.25235704736440034], [0.2787859911224043, 0.7212140088775958], [0.24155108012902138, 0.7584489198709786], [0.4728928352349403, 0.5271071647650597], [0.6535634296259297, 0.34643657037407044], [0.5237066981931112, 0.4762933018068887], [0.45679776626022767, 0.5432022337397725], [0.7006504398379394, 0.2993495601620602], [0.5857675657675656, 0.41423243423243433], [0.5605027203188968, 0.43949727968110325], [0.6528170579420579, 0.3471829420579421], [0.358524093961594, 0.6414759060384061], [0.6733140193140195, 0.32668598068598087], [0.5181438513177645, 0.4818561486822357], [0.4270545537795538, 0.5729454462204459], [0.5301658579165932, 0.46983414208340685], [0.3890374291451657, 0.6109625708548343], [0.8268166416916418, 0.17318335830835832], [0.5629685722773956, 0.4370314277226045], [0.6400207064177653, 0.35997929358223485], [0.6496187423687423, 0.35038125763125755], [0.30817214729714737, 0.691827852702853], [0.8229616731307907, 0.17703832686920923], [0.6127588705154495, 0.3872411294845506], [0.395091763113048, 0.6049082368869516], [0.5387692168942168, 0.4612307831057832], [0.5490046867383823, 0.45099531326161774], [0.5380897713397713, 0.4619102286602287], [0.6112183621827164, 0.3887816378172837], [0.5101652819402821, 0.4898347180597179], [0.6596365717615718, 0.34036342823842825], [0.3137169191919192, 0.6862830808080805], [0.6628604568633979, 0.3371395431366018], [0.7419279301616257, 0.2580720698383743], [0.6918785658785656, 0.3081214341214341], [0.48489222305472296, 0.5151077769452769], [0.37932274105547753, 0.6206772589445224], [0.4794723193473194, 0.5205276806526806], [0.2785705741626794, 0.7214294258373205], [0.5545880018674136, 0.4454119981325864], [0.6628991633366632, 0.3371008366633367], [0.4823822101101512, 0.5176177898898489], [0.48586997030747037, 0.5141300296925296], [0.6585405081030078, 0.34145949189699176], [0.5437730880230881, 0.4562269119769119], [0.4464947177006001, 0.5535052822994], [0.4097482239982239, 0.5902517760017761], [0.4291121746610878, 0.5708878253389122], [0.5663102383727385, 0.4336897616272617], [0.5507015297504428, 0.44929847024955727], [0.7314311848282437, 0.26856881517175646], [0.4218968343747757, 0.5781031656252243], [0.32542235264735275, 0.6745776473526476], [0.7746855505605506, 0.2253144494394495], [0.4215849972396024, 0.5784150027603976], [0.516894764957265, 0.48310523504273506], [0.6195743333463922, 0.3804256666536079], [0.475234757807552, 0.524765242192448]]},