{"test": {"ids": ["147", "334", "521", "2", "111", "254", "160", "545", "24", "215", "598", "580", "547", "561", "538", "455", "567", "179", "361", "345", "673", "674", "39", "638", "209", "221", "404", "157", "298", "554", "327", "522", "4", "413", "579", "108", "73", "680", "557", "316", "539", "252", "328", "103", "349", "434", "641", "330", "12", "451", "365", "356", "177", "25", "120", "519", "217", "272", "514", "113", "447", "498", "600", "350", "80", "599", "397", "590", "219", "307", "560", "388", "63", "685", "255", "691", "99", "406", "534", "359", "178", "608", "22", "95", "285", "41", "709", "371", "395", "60", "61", "518", "162", "596", "432", "164", "491", "214", "89", "102", "197", "67", "370", "276", "390", "107", "381", "520", "185", "613", "259", "367", "450", "500", "201", "628", "396", "158", "94", "510", "536", "426", "58", "478", "278", "124", "386", "322", "355", "700", "636", "203", "572", "675", "294", "166", "86", "378", "264", "373", "33", "562", "645"], "labels": [1, 0, 1, 0, 1, 1, 1, 1, 0, 0, 0, 0, 1, 0, 1, 0, 0, 0, 0, 0, 1, 1, 1, 1, 0, 0, 1, 1, 0, 1, 0, 1, 0, 1, 0, 1, 0, 1, 0, 0, 1, 1, 0, 1, 0, 1, 1, 0, 1, 0, 0, 0, 0, 0, 1, 1, 0, 0, 1, 1, 0, 0, 0, 0, 0, 0, 1, 0, 0, 0, 0, 1, 0, 0, 0, 1, 1, 1, 1, 0, 0, 0, 0, 1, 0, 1, 1, 0, 1, 0, 0, 1, 1, 0, 1, 1, 0, 0, 1, 1, 0, 0, 0, 0, 1, 1, 0, 1, 0, 0, 0, 0, 0, 0, 0, 1, 1, 1, 1, 0, 1, 1, 1, 0, 0, 1, 1, 0, 0, 1, 1, 0, 0, 1, 0, 1, 0, 1, 0, 0, 0, 0, 1], "predicted_labels": [1, 0, 1, 0, 1, 0, 1, 1, 0, 0, 0, 0, 0, 0, 1, 0, 1, 1, 0, 0, 1, 0, 1, 0, 0, 1, 0, 1, 0, 1, 0, 0, 0, 0, 0, 1, 1, 1, 0, 1, 0, 0, 0, 0, 0, 1, 1, 0, 0, 0, 1, 0, 1, 1, 1, 0, 0, 0, 0, 0, 0, 0, 0, 0, 1, 0, 1, 0, 0, 0, 0, 1, 1, 1, 1, 1, 1, 0, 0, 0, 0, 0, 1, 0, 0, 0, 1, 0, 1, 1, 0, 1, 1, 0, 1, 1, 1, 0, 0, 1, 0, 0, 0, 0, 0, 0, 1, 1, 1, 0, 0, 0, 0, 1, 0, 0, 1, 1, 1, 0, 1, 1, 0, 0, 0, 1, 1, 0, 0, 0, 1, 1, 0, 1, 0, 1, 0, 0, 1, 1, 0, 0, 1], "confidence_scores": [[0.190729226920065, 0.809270773079935], [0.8849779716254654, 0.11502202837453444], [0.35241832968068826, 0.6475816703193117], [0.5364350914856637, 0.46356490851433624], [0.4664724458653529, 0.5335275541346469], [0.8459110804265024, 0.15408891957349768], [0.06593434167290242, 0.9340656583270976], [0.43818830436949335, 0.5618116956305068], [0.7489807763651035, 0.2510192236348965], [0.7530377430736278, 0.24696225692637228], [0.9536065725737225, 0.04639342742627739], [0.793953171936564, 0.20604682806343605], [0.7055690215827968, 0.29443097841720317], [0.8104290774081148, 0.18957092259188546], [0.3389989326777003, 0.6610010673222996], [0.9403653678890348, 0.059634632110965174], [0.2513101899218288, 0.7486898100781713], [0.46507790868698284, 0.5349220913130172], [0.5425865588184824, 0.45741344118151744], [0.5741172331597071, 0.4258827668402931], [0.4823923486855428, 0.5176076513144574], [0.7378541506536309, 0.26214584934636914], [0.1310840130440076, 0.8689159869559923], [0.6957209791582322, 0.30427902084176783], [0.8886631039655846, 0.11133689603441532], [0.46845426123181244, 0.5315457387681876], [0.5288424583018362, 0.4711575416981638], [0.3406085519035081, 0.6593914480964918], [0.6603665918738794, 0.33963340812612075], [0.38777449921800317, 0.6122255007819968], [0.6901730819633012, 0.3098269180366987], [0.6980532826864073, 0.30194671731359296], [0.816430607049217, 0.1835693929507831], [0.5430077279213538, 0.4569922720786462], [0.8871866093230367, 0.11281339067696328], [0.2109869249710644, 0.7890130750289356], [0.4428730004483379, 0.5571269995516621], [0.3357484611273395, 0.6642515388726604], [0.8351711768618644, 0.1648288231381356], [0.33712443964155586, 0.662875560358444], [0.9069071471951461, 0.09309285280485384], [0.5979757565441944, 0.4020242434558055], [0.5418908018212576, 0.45810919817874246], [0.7765598871543644, 0.2234401128456355], [0.8787994475222354, 0.12120055247776461], [0.12478311481005301, 0.8752168851899469], [0.3728573002555736, 0.6271426997444263], [0.731722885495384, 0.26827711450461594], [0.796989089979435, 0.20301091002056487], [0.9255452719820697, 0.07445472801793049], [0.4406514449255694, 0.5593485550744306], [0.8982472373210517, 0.10175276267894828], [0.47162670494572284, 0.5283732950542773], [0.31687634250086527, 0.6831236574991348], [0.2161647469610128, 0.7838352530389873], [0.6899357339936856, 0.31006426600631454], [0.9562556532177285, 0.043744346782271404], [0.7822253808377674, 0.21777461916223256], [0.5896864558419774, 0.4103135441580225], [0.895184281779303, 0.10481571822069707], [0.8398198108094239, 0.160180189190576], [0.9804264399389254, 0.019573560061074587], [0.5598659434445753, 0.44013405655542465], [0.6457561279728754, 0.35424387202712476], [0.38058638539268863, 0.6194136146073114], [0.7576048737064364, 0.24239512629356355], [0.4279052390698021, 0.5720947609301977], [0.7984703079072357, 0.20152969209276425], [0.6235508191029717, 0.3764491808970283], [0.5636218684811433, 0.4363781315188567], [0.8511568407317259, 0.14884315926827396], [0.41382959896321525, 0.5861704010367847], [0.2760347464070074, 0.7239652535929925], [0.4782683743646, 0.5217316256353999], [0.15137725200597238, 0.8486227479940275], [0.3203271866612049, 0.6796728133387949], [0.34857928188391557, 0.6514207181160845], [0.7234071844563305, 0.2765928155436695], [0.9187397493062734, 0.08126025069372654], [0.6474945904351838, 0.35250540956481624], [0.9147400244481848, 0.08525997555181503], [0.5497966525640664, 0.4502033474359336], [0.3343282315026672, 0.6656717684973327], [0.8089870044229353, 0.19101299557706466], [0.7886842360896389, 0.21131576391036122], [0.5231418350105456, 0.47685816498945455], [0.18892707047682453, 0.8110729295231754], [0.7273748752983005, 0.2726251247016994], [0.481514000275847, 0.518485999724153], [0.22426240026761537, 0.7757375997323848], [0.7603252315637515, 0.23967476843624835], [0.45326837467115694, 0.5467316253288433], [0.27005963511261044, 0.7299403648873899], [0.725272224085525, 0.27472777591447506], [0.43697410759894495, 0.563025892401055], [0.48866317350556443, 0.5113368264944356], [0.27726271517166806, 0.7227372848283317], [0.6333860090437842, 0.3666139909562159], [0.5187431049707686, 0.48125689502923125], [0.4735029835025785, 0.5264970164974215], [0.8816044313494146, 0.11839556865058552], [0.5785624140759816, 0.4214375859240185], [0.8897198351171631, 0.11028016488283705], [0.7245381518410497, 0.2754618481589501], [0.5979767133111761, 0.4020232866888239], [0.5303938797238741, 0.46960612027612597], [0.456786300334435, 0.5432136996655651], [0.38630592434001054, 0.6136940756599896], [0.4458643497549805, 0.5541356502450194], [0.7111952396084933, 0.2888047603915066], [0.5951102070076205, 0.4048897929923796], [0.6303796153840271, 0.369620384615973], [0.7457576921313236, 0.2542423078686763], [0.4465701485420549, 0.553429851457945], [0.7213945694716435, 0.2786054305283565], [0.5774825979540469, 0.4225174020459532], [0.2037582451415806, 0.7962417548584194], [0.08360238694943983, 0.9163976130505602], [0.2480014390117092, 0.751998560988291], [0.5225827775948431, 0.47741722240515677], [0.42205798819246043, 0.5779420118075397], [0.42969062360120264, 0.5703093763987974], [0.5390695637562039, 0.46093043624379626], [0.6703039538647414, 0.3296960461352586], [0.6159123660917456, 0.3840876339082544], [0.46656643915147467, 0.5334335608485253], [0.3969938834731301, 0.6030061165268698], [0.9477924473279499, 0.05220755267205005], [0.757938581445249, 0.2420614185547512], [0.7039797311565327, 0.29602026884346727], [0.3298362698896151, 0.6701637301103849], [0.4045679267071277, 0.5954320732928722], [0.874370652386121, 0.12562934761387903], [0.273104225824088, 0.7268957741759121], [0.7782007296844092, 0.2217992703155908], [0.17356534880940044, 0.8264346511905997], [0.7733261065786405, 0.22667389342135943], [0.8996488724528593, 0.10035112754714065], [0.36592463985558343, 0.6340753601444166], [0.5, 0.5], [0.615310131309227, 0.38468986869077293], [0.8347564540221152, 0.16524354597788454], [0.41163213065065946, 0.5883678693493407]]}}