{"test": {"ids": ["428", "651", "289", "348", "58", "659", "54", "629", "97", "202", "610", "375", "170", "250", "200", "532", "505", "141", "236", "491", "344", "52", "668", "298", "373", "471", "707", "272", "485", "540", "522", "111", "24", "246", "612", "75", "568", "385", "22", "46", "67", "255", "369", "506", "529", "630", "596", "683", "265", "349", "321", "96", "42", "0", "389", "189", "313", "587", "260", "129", "355", "640", "268", "121", "210", "161", "37", "48", "451", "457", "442", "114", "512", "217", "318", "183", "159", "574", "657", "585", "445", "443", "515", "62", "423", "195", "38", "456", "8", "275", "140", "15", "519", "486", "525", "652", "115", "654", "104", "308", "406", "144", "224", "9", "616", "578", "493", "327", "286", "76", "307", "127", "687", "550", "252", "362", "703", "577", "419", "163", "120", "2", "377", "461", "101", "251", "132", "253", "56", "483", "352", "691", "685", "228", "548", "122", "28", "635", "466", "174", "513", "553", "158"], "labels": [0, 0, 1, 0, 1, 0, 1, 1, 0, 1, 0, 0, 0, 1, 1, 0, 1, 0, 1, 1, 0, 1, 0, 1, 0, 1, 0, 1, 0, 0, 0, 1, 1, 0, 0, 1, 1, 0, 1, 1, 1, 0, 0, 1, 0, 1, 1, 0, 1, 0, 1, 0, 1, 0, 0, 1, 1, 1, 0, 0, 0, 0, 1, 0, 1, 0, 1, 1, 1, 1, 0, 1, 1, 1, 1, 1, 0, 1, 0, 1, 0, 0, 0, 1, 0, 1, 1, 1, 0, 1, 0, 0, 0, 0, 0, 0, 1, 0, 0, 1, 0, 0, 1, 0, 0, 1, 0, 0, 1, 1, 1, 0, 1, 0, 1, 0, 0, 1, 0, 0, 1, 0, 0, 1, 0, 1, 0, 1, 1, 0, 0, 0, 1, 1, 0, 0, 1, 1, 1, 1, 1, 0, 0], "predicted_labels": [0, 0, 1, 0, 1, 0, 0, 0, 0, 1, 1, 0, 0, 1, 1, 0, 1, 0, 1, 0, 0, 0, 1, 1, 0, 1, 0, 1, 1, 0, 1, 0, 1, 0, 0, 1, 1, 0, 1, 1, 0, 0, 0, 1, 0, 1, 1, 0, 1, 0, 1, 0, 0, 0, 0, 1, 1, 0, 0, 0, 0, 0, 1, 0, 1, 1, 0, 0, 1, 0, 0, 1, 1, 1, 1, 0, 0, 1, 0, 1, 1, 1, 0, 1, 0, 1, 0, 1, 1, 1, 0, 1, 0, 0, 0, 1, 0, 0, 0, 0, 1, 0, 1, 1, 1, 0, 1, 1, 0, 0, 0, 0, 1, 0, 0, 0, 0, 0, 0, 1, 1, 0, 0, 1, 0, 0, 1, 0, 1, 1, 0, 1, 0, 1, 0, 0, 1, 0, 1, 1, 0, 0, 0], "confidence_scores": [[0.9219327867965814, 0.07806721320341857], [0.914981032997977, 0.08501896700202305], [0.29669743309890717, 0.7033025669010928], [0.9263276370254442, 0.07367236297455583], [0.04071094953840826, 0.9592890504615917], [0.940988143797796, 0.05901185620220393], [0.5492364213465701, 0.4507635786534299], [0.8038313646740846, 0.19616863532591544], [0.8352971306602257, 0.16470286933977424], [0.47504076017675245, 0.5249592398232475], [0.45806259742236544, 0.5419374025776346], [0.8241879616905199, 0.17581203830948014], [0.9295197169500395, 0.07048028304996046], [0.36035645750855705, 0.639643542491443], [0.20069632435886575, 0.7993036756411342], [0.8832563107555415, 0.1167436892444585], [0.3687783472089349, 0.6312216527910651], [0.9291537287354878, 0.07084627126451211], [0.13959888469354376, 0.8604011153064562], [0.8996139680513431, 0.10038603194865686], [0.9341673385269714, 0.06583266147302853], [0.5090849665190756, 0.49091503348092436], [0.06384637166427465, 0.9361536283357254], [0.18436107373195199, 0.815638926268048], [0.9104919445252324, 0.08950805547476759], [0.13705458822972916, 0.8629454117702708], [0.5185210566917912, 0.48147894330820884], [0.3016443556489071, 0.6983556443510929], [0.04336170316788801, 0.956638296832112], [0.8775238865007325, 0.12247611349926746], [0.1972986058604983, 0.8027013941395017], [0.7673319740973182, 0.2326680259026818], [0.27249121610329674, 0.7275087838967033], [0.6363452947261242, 0.3636547052738758], [0.6048050115758299, 0.39519498842417017], [0.4092067618153509, 0.5907932381846491], [0.2072067710272697, 0.7927932289727303], [0.7244566590185457, 0.2755433409814542], [0.19686775606943274, 0.8031322439305673], [0.4820613577646333, 0.5179386422353667], [0.6946658570872504, 0.30533414291274963], [0.6203569003396263, 0.3796430996603737], [0.9581822944075168, 0.04181770559248326], [0.4749337224384116, 0.5250662775615884], [0.7052879926299016, 0.29471200737009845], [0.370273124857598, 0.629726875142402], [0.09930294886606095, 0.900697051133939], [0.6331362015084334, 0.3668637984915666], [0.4685770315691782, 0.5314229684308218], [0.7204921580348752, 0.2795078419651248], [0.20909545416126485, 0.7909045458387352], [0.6910410037039867, 0.30895899629601326], [0.7353467155064635, 0.2646532844935365], [0.8050347217982761, 0.19496527820172393], [0.7001744084792972, 0.29982559152070276], [0.07155814778723557, 0.9284418522127644], [0.054643303452332814, 0.9453566965476672], [0.5493098953891888, 0.45069010461081116], [0.9634361194576135, 0.036563880542386504], [0.7153579944728312, 0.28464200552716873], [0.6638016998265469, 0.3361983001734531], [0.796345785917022, 0.20365421408297796], [0.4913784594460189, 0.5086215405539811], [0.8753214551325355, 0.12467854486746453], [0.09636689940103127, 0.9036331005989687], [0.09445393278479863, 0.9055460672152014], [0.9066267226424475, 0.09337327735755249], [0.8757927367655606, 0.12420726323443942], [0.1576987958066366, 0.8423012041933634], [0.6696190323458671, 0.3303809676541329], [0.7227094569828032, 0.27729054301719686], [0.03713332486469145, 0.9628666751353085], [0.1975148037228459, 0.8024851962771541], [0.04762839990241552, 0.9523716000975845], [0.21795040620944572, 0.7820495937905543], [0.7316114061487545, 0.26838859385124547], [0.9038295613950184, 0.09617043860498167], [0.2127210784049921, 0.7872789215950079], [0.8887847303647571, 0.1112152696352429], [0.31549268483518733, 0.6845073151648127], [0.06388877687652705, 0.936111223123473], [0.471339035401269, 0.528660964598731], [0.7294334444870192, 0.2705665555129808], [0.30660319927889723, 0.6933968007211028], [0.9470841630847369, 0.0529158369152631], [0.3189508309253467, 0.6810491690746533], [0.9734875509383013, 0.0265124490616987], [0.4539364171673168, 0.5460635828326832], [0.4437543118247774, 0.5562456881752226], [0.24210260014950968, 0.7578973998504903], [0.5018707394736651, 0.4981292605263349], [0.40988817261557897, 0.590111827384421], [0.6333985540663409, 0.36660144593365906], [0.9116681041609846, 0.08833189583901535], [0.7167530941349086, 0.2832469058650914], [0.28625283292788717, 0.7137471670721128], [0.5035506238692091, 0.4964493761307908], [0.7778865660268844, 0.22211343397311553], [0.6664772874633926, 0.33352271253660737], [0.6092962365706336, 0.39070376342936647], [0.3675241351342826, 0.6324758648657174], [0.9558868259326961, 0.04411317406730386], [0.10355561664230739, 0.8964443833576926], [0.09676933313727465, 0.9032306668627254], [0.04630927747739999, 0.9536907225226], [0.5141633387193537, 0.4858366612806463], [0.479610044819619, 0.520389955180381], [0.4787359915399052, 0.5212640084600948], [0.6204231331162766, 0.37957686688372333], [0.8194622251660268, 0.18053777483397312], [0.6321270678751635, 0.3678729321248365], [0.6968210284604759, 0.3031789715395241], [0.22209809814206705, 0.777901901857933], [0.6027541805525418, 0.39724581944745824], [0.824278048080557, 0.17572195191944298], [0.9364707046366397, 0.0635292953633603], [0.8307752254938585, 0.1692247745061415], [0.6247832334262328, 0.37521676657376724], [0.7640180081993366, 0.23598199180066337], [0.3838782309585358, 0.6161217690414642], [0.3847255664775998, 0.6152744335224002], [0.8514478422689424, 0.14855215773105762], [0.9445194488857532, 0.05548055111424677], [0.15633050010568306, 0.8436694998943169], [0.7331934933015574, 0.26680650669844264], [0.7123518867366689, 0.287648113263331], [0.3074310562484883, 0.6925689437515117], [0.7559782041283253, 0.24402179587167475], [0.26097550171032646, 0.7390244982896735], [0.41449239024916085, 0.5855076097508392], [0.6862246073715953, 0.3137753926284047], [0.4835541633219711, 0.5164458366780289], [0.7969204140876432, 0.20307958591235675], [0.06318914561446276, 0.9368108543855372], [0.6182784382457761, 0.3817215617542239], [0.8643690258517223, 0.1356309741482777], [0.4450934688938266, 0.5549065311061734], [0.5435545632019771, 0.4564454367980229], [0.44533428786521234, 0.5546657121347877], [0.26962249663755733, 0.7303775033624427], [0.6203991090730689, 0.3796008909269311], [0.7842177172864152, 0.21578228271358477], [0.9882875652655793, 0.011712434734420707]]},