{"test": {"ids": ["653", "41", "325", "640", "607", "130", "179", "159", "235", "175", "578", "580", "42", "109", "693", "266", "97", "292", "366", "380", "359", "425", "419", "675", "90", "304", "187", "377", "426", "703", "231", "606", "216", "495", "433", "575", "517", "464", "481", "246", "18", "609", "245", "168", "446", "411", "502", "154", "497", "238", "579", "627", "293", "301", "0", "174", "244", "602", "516", "30", "430", "46", "545", "637", "347", "397", "99", "251", "625", "242", "28", "29", "220", "388", "352", "635", "63", "585", "581", "128", "129", "180", "234", "111", "332", "541", "237", "172", "383", "341", "336", "584", "82", "263", "302", "125", "145", "277", "664", "203", "685", "360", "608", "527", "1", "141", "345", "57", "543", "537", "204", "297", "233", "62", "407", "137", "587", "310", "85", "139", "468", "338", "634", "485", "60", "93", "455", "100", "432", "22", "11", "667", "676", "437", "195", "70", "240", "320", "112"], "labels": [0, 0, 1, 0, 0, 1, 0, 1, 0, 0, 0, 0, 0, 1, 1, 0, 0, 0, 1, 1, 1, 1, 1, 0, 0, 0, 0, 1, 1, 1, 0, 0, 0, 1, 1, 0, 1, 0, 0, 1, 0, 0, 0, 1, 0, 1, 0, 1, 0, 0, 0, 1, 0, 0, 1, 0, 0, 0, 1, 0, 1, 0, 0, 0, 1, 1, 0, 1, 1, 0, 0, 0, 0, 1, 1, 0, 1, 0, 0, 1, 1, 0, 0, 1, 1, 1, 0, 1, 1, 1, 1, 0, 1, 1, 0, 1, 1, 0, 0, 0, 0, 1, 0, 1, 1, 1, 1, 0, 1, 1, 0, 0, 0, 1, 1, 1, 0, 0, 1, 1, 0, 1, 0, 0, 1, 0, 0, 0, 1, 0, 0, 0, 0, 1, 0, 1, 0, 0, 1], "predicted_labels": [0, 0, 1, 0, 1, 0, 0, 0, 0, 0, 0, 0, 1, 0, 1, 0, 1, 0, 1, 1, 1, 0, 0, 0, 1, 0, 1, 1, 0, 0, 0, 1, 0, 1, 1, 0, 1, 0, 0, 0, 1, 0, 0, 0, 0, 0, 0, 0, 1, 0, 1, 1, 0, 1, 1, 0, 0, 0, 1, 1, 1, 1, 0, 1, 1, 1, 0, 0, 0, 0, 1, 0, 0, 0, 1, 1, 1, 0, 1, 1, 1, 0, 1, 0, 0, 0, 0, 0, 0, 0, 0, 0, 0, 0, 0, 1, 0, 0, 0, 0, 0, 1, 0, 0, 1, 0, 0, 1, 0, 0, 1, 1, 0, 1, 0, 0, 1, 0, 1, 1, 0, 1, 0, 0, 0, 1, 1, 1, 1, 0, 0, 0, 0, 0, 1, 0, 0, 0, 0], "confidence_scores": [[0.6399618787368277, 0.36003812126317225], [0.6347416689262823, 0.36525833107371786], [0.4764385964715613, 0.5235614035284387], [0.6898059756473311, 0.310194024352669], [0.44752145523319736, 0.5524785447668026], [0.5472483929077968, 0.45275160709220336], [0.6974078326054893, 0.3025921673945106], [0.6084085177888537, 0.3915914822111463], [0.7148708223920855, 0.2851291776079146], [0.544394203906796, 0.4556057960932042], [0.6601272857021766, 0.33987271429782345], [0.568177500622477, 0.43182249937752304], [0.4075003349602753, 0.5924996650397246], [0.6559740924741132, 0.3440259075258868], [0.5397545090929604, 0.46024549090703964], [0.5641330256894012, 0.435866974310599], [0.4389151849992393, 0.5610848150007609], [0.6720685633650222, 0.3279314366349778], [0.4807775111933587, 0.5192224888066415], [0.36204285240380707, 0.6379571475961929], [0.47380027785835394, 0.5261997221416462], [0.6464038563938842, 0.35359614360611585], [0.6344281574719869, 0.36557184252801295], [0.6444107519843943, 0.3555892480156057], [0.3117570259993756, 0.6882429740006243], [0.6409918959094117, 0.35900810409058825], [0.5260431568917915, 0.4739568431082085], [0.5, 0.5], [0.6424125529660936, 0.3575874470339064], [0.6115345625946059, 0.3884654374053939], [0.6294586444418229, 0.3705413555581771], [0.49245284966954495, 0.507547150330455], [0.6690082335061089, 0.33099176649389095], [0.4719731360441278, 0.5280268639558723], [0.4730450154304421, 0.526954984569558], [0.6838068931826966, 0.3161931068173033], [0.360862347387431, 0.6391376526125689], [0.6561243712813597, 0.34387562871864025], [0.547652806123537, 0.452347193876463], [0.6468783566225029, 0.353121643377497], [0.4279844865135246, 0.5720155134864754], [0.5433354493794041, 0.4566645506205959], [0.6401132627734499, 0.35988673722655], [0.5471972058207578, 0.4528027941792423], [0.5621396929418524, 0.4378603070581476], [0.6886896689423926, 0.31131033105760747], [0.6142890778411969, 0.3857109221588031], [0.5939289519454888, 0.40607104805451116], [0.5, 0.5], [0.612304561654786, 0.387695438345214], [0.5314702152883372, 0.4685297847116627], [0.45623434531468016, 0.5437656546853199], [0.6707412710926365, 0.3292587289073635], [0.5348520377454413, 0.4651479622545588], [0.5217977457986047, 0.47820225420139517], [0.5920058909058272, 0.4079941090941729], [0.6935318741077092, 0.3064681258922906], [0.6146511387389297, 0.3853488612610704], [0.4169147116650841, 0.5830852883349158], [0.4368704961097604, 0.5631295038902395], [0.5, 0.5], [0.5323325987241052, 0.46766740127589485], [0.656236821715429, 0.3437631782845711], [0.512526176832521, 0.487473823167479], [0.5, 0.5], [0.405789029658683, 0.5942109703413169], [0.6661664196712018, 0.3338335803287981], [0.6524593334104318, 0.34754066658956817], [0.6437878076706891, 0.35621219232931106], [0.6420531923192158, 0.3579468076807842], [0.45688588348368653, 0.5431141165163135], [0.6097518146069628, 0.3902481853930371], [0.6826170382771213, 0.3173829617228787], [0.5537621492088366, 0.44623785079116346], [0.3291105123147142, 0.6708894876852857], [0.5185139736172002, 0.4814860263827996], [0.4125734436175842, 0.5874265563824158], [0.6833817110301594, 0.31661828896984073], [0.49417155311768673, 0.5058284468823134], [0.4306939236946492, 0.5693060763053507], [0.49458975108176406, 0.5054102489182359], [0.6766545683878112, 0.3233454316121888], [0.5285003547096004, 0.47149964529039945], [0.578363696651868, 0.421636303348132], [0.5957797382031644, 0.4042202617968355], [0.6219114115267982, 0.37808858847320187], [0.72907937988336, 0.27092062011664], [0.5590495208457986, 0.4409504791542015], [0.5509103335981658, 0.4490896664018344], [0.6055794679626744, 0.3944205320373257], [0.5567940584285638, 0.44320594157143645], [0.620788348800766, 0.3792116511992341], [0.5764864459869574, 0.4235135540130425], [0.6642650414573036, 0.33573495854269636], [0.6840379826995601, 0.3159620173004397], [0.3441187627752275, 0.6558812372247724], [0.6228771624222659, 0.37712283757773424], [0.5762891799040576, 0.4237108200959424], [0.570603906366116, 0.4293960936338839], [0.6932927245994278, 0.3067072754005723], [0.6247498333157206, 0.3752501666842794], [0.44599054760457246, 0.5540094523954275], [0.6186504885200366, 0.3813495114799634], [0.8159424385992219, 0.18405756140077825], [0.4913429711216444, 0.5086570288783555], [0.6978737727568244, 0.3021262272431759], [0.5813480582356078, 0.4186519417643924], [0.5372635419935228, 0.46273645800647734], [0.6481864162076579, 0.35181358379234207], [0.618689635442825, 0.3813103645571752], [0.5386959075894461, 0.4613040924105541], [0.5300451080130718, 0.4699548919869282], [0.6456431222687686, 0.3543568777312314], [0.5378092007408048, 0.4621907992591952], [0.5570765501485084, 0.44292344985149146], [0.6775655333789213, 0.32243446662107866], [0.5343566440004164, 0.4656433559995834], [0.6420073476567196, 0.35799265234328026], [0.5273312413630538, 0.4726687586369461], [0.49010687468900205, 0.509893125310998], [0.5870630182820585, 0.41293698171794146], [0.3086122044152326, 0.6913877955847674], [0.6568165245066656, 0.34318347549333444], [0.6675598581871112, 0.33244014181288883], [0.5497149150291055, 0.4502850849708944], [0.4744321443691052, 0.5255678556308947], [0.5361715681382767, 0.4638284318617235], [0.4314284281813592, 0.5685715718186407], [0.5146449558723667, 0.4853550441276332], [0.5570306287885372, 0.4429693712114629], [0.5721386863814771, 0.42786131361852286], [0.595333662780518, 0.4046663372194819], [0.7041292996252775, 0.29587070037472246], [0.7067766561585149, 0.2932233438414852], [0.3951974493462648, 0.6048025506537353], [0.6054129563233218, 0.3945870436766783], [0.6146732650428851, 0.38532673495711506], [0.5506943513010811, 0.4493056486989188], [0.6987705594729425, 0.30122944052705747]]},