{"test": {"ids": ["334", "646", "347", "485", "142", "396", "502", "333", "63", "166", "621", "648", "475", "245", "161", "697", "492", "101", "400", "32", "112", "575", "231", "159", "138", "306", "211", "106", "518", "480", "107", "224", "74", "384", "174", "230", "190", "603", "577", "265", "607", "267", "335", "484", "636", "679", "127", "3", "474", "363", "216", "497", "560", "628", "418", "192", "562", "522", "155", "413", "582", "146", "270", "681", "125", "640", "616", "195", "78", "79", "241", "362", "29", "239", "470", "687", "294", "489", "532", "374", "457", "181", "169", "292", "237", "93", "433", "535", "100", "512", "380", "34", "392", "557", "476", "622", "391", "31", "533", "479", "121", "428", "266", "414", "631", "366", "477", "226", "382", "232", "50", "268", "548", "643", "469", "399", "601", "213", "27", "220", "76", "252", "441", "354", "144", "305", "581", "153", "519", "614", "259", "343", "117", "626", "332", "59", "500", "12", "263", "685", "340", "431", "691"], "labels": [1, 0, 1, 0, 1, 1, 0, 1, 1, 1, 1, 0, 0, 0, 1, 1, 0, 0, 1, 0, 1, 0, 0, 1, 1, 0, 0, 1, 1, 0, 1, 0, 1, 1, 0, 0, 0, 0, 0, 0, 0, 0, 1, 0, 0, 0, 1, 0, 0, 1, 0, 0, 0, 1, 1, 0, 0, 1, 1, 1, 0, 1, 0, 0, 1, 0, 0, 0, 1, 1, 0, 1, 0, 0, 0, 1, 0, 0, 1, 1, 0, 0, 1, 0, 0, 0, 1, 1, 0, 0, 1, 0, 1, 0, 0, 1, 1, 0, 1, 0, 1, 1, 0, 1, 0, 1, 0, 0, 1, 0, 0, 0, 0, 0, 0, 1, 0, 0, 0, 0, 1, 1, 1, 1, 1, 0, 0, 1, 1, 0, 1, 1, 1, 1, 1, 1, 0, 0, 1, 0, 1, 1, 1], "predicted_labels": [1, 1, 1, 0, 1, 1, 0, 1, 1, 0, 0, 0, 0, 0, 1, 1, 1, 1, 0, 0, 0, 0, 0, 1, 1, 0, 0, 1, 1, 0, 0, 0, 1, 1, 0, 0, 1, 0, 0, 0, 1, 0, 1, 1, 1, 0, 1, 0, 0, 1, 0, 0, 0, 1, 1, 0, 0, 1, 1, 1, 0, 1, 0, 0, 1, 0, 0, 0, 1, 1, 1, 1, 1, 0, 1, 1, 1, 0, 1, 1, 0, 0, 1, 0, 0, 1, 0, 0, 0, 0, 1, 1, 1, 0, 0, 1, 0, 0, 0, 0, 1, 1, 0, 0, 1, 1, 1, 0, 1, 0, 0, 0, 0, 0, 0, 1, 0, 0, 1, 0, 0, 0, 0, 1, 1, 0, 0, 0, 1, 0, 1, 1, 0, 0, 1, 1, 0, 0, 0, 1, 1, 1, 1], "confidence_scores": [[0.11984789736468199, 0.880152102635318], [0.4321101864387405, 0.5678898135612593], [0.34002926339482625, 0.6599707366051738], [0.7285374967035114, 0.2714625032964886], [0.1392481630759256, 0.8607518369240745], [0.47214655288031765, 0.5278534471196824], [0.6270991357153954, 0.37290086428460467], [0.046715558979571255, 0.9532844410204288], [0.22877550456087642, 0.7712244954391234], [0.7175535221222451, 0.28244647787775484], [0.7310669132027984, 0.2689330867972015], [0.628060068265987, 0.3719399317340129], [0.9408957898898616, 0.059104210110138555], [0.9733173839932049, 0.026682616006795137], [0.4419177033873824, 0.5580822966126175], [0.33257643256766717, 0.6674235674323329], [0.41202900751679294, 0.587970992483207], [0.3777526743878097, 0.6222473256121904], [0.6107132351633122, 0.3892867648366879], [0.6325577525964476, 0.36744224740355247], [0.5116139910821684, 0.4883860089178318], [0.9577093875591252, 0.04229061244087492], [0.8664489033330232, 0.13355109666697673], [0.27036243919236624, 0.7296375608076336], [0.33576413066739924, 0.6642358693326007], [0.8936660759202749, 0.10633392407972493], [0.7273767988432305, 0.2726232011567695], [0.32737310838440214, 0.6726268916155979], [0.19238353232548938, 0.8076164676745107], [0.5811038229652447, 0.41889617703475535], [0.6192843133628986, 0.38071568663710154], [0.6151330407744835, 0.3848669592255166], [0.13309926738536726, 0.8669007326146325], [0.2039566402732303, 0.7960433597267698], [0.6436889121529136, 0.3563110878470863], [0.9108883594243616, 0.08911164057563821], [0.35685977689664833, 0.6431402231033516], [0.8740163613258491, 0.12598363867415066], [0.6892606324786216, 0.31073936752137843], [0.5150105084532143, 0.48498949154678567], [0.4707554655370489, 0.529244534462951], [0.700136444583465, 0.29986355541653464], [0.03629853512304736, 0.9637014648769529], [0.13716855579644963, 0.8628314442035503], [0.3886540468137004, 0.6113459531862996], [0.8189761740918109, 0.18102382590818938], [0.4414489874000122, 0.5585510125999875], [0.7174485867010665, 0.28255141329893346], [0.768586449217072, 0.2314135507829281], [0.23282378968161604, 0.7671762103183839], [0.9531913600735593, 0.04680863992644073], [0.5458939660993233, 0.4541060339006769], [0.8433380725174289, 0.1566619274825712], [0.3729337804179479, 0.6270662195820522], [0.2527874158818308, 0.7472125841181692], [0.8272021969716665, 0.1727978030283335], [0.7834321005369435, 0.21656789946305657], [0.0665135061687821, 0.933486493831218], [0.13058310021625333, 0.8694168997837466], [0.06187884978832399, 0.9381211502116763], [0.6217740730522552, 0.37822592694774476], [0.43614136983701096, 0.5638586301629891], [0.8120140381786852, 0.18798596182131497], [0.7328559911251527, 0.2671440088748473], [0.03216140175052762, 0.9678385982494725], [0.8486520880918847, 0.15134791190811525], [0.6792628269937572, 0.32073717300624305], [0.6775533782343148, 0.32244662176568517], [0.454864691051734, 0.5451353089482661], [0.32711725362147437, 0.6728827463785254], [0.35081268327744713, 0.6491873167225528], [0.031385822273510736, 0.9686141777264893], [0.37091314216755, 0.6290868578324499], [0.657700773151751, 0.3422992268482489], [0.31369532021929086, 0.6863046797807091], [0.43526197313797677, 0.5647380268620232], [0.42800830032161447, 0.5719916996783855], [0.7191346535805879, 0.2808653464194122], [0.445296503395116, 0.554703496604884], [0.22794913286967106, 0.7720508671303288], [0.7934729435585003, 0.20652705644149957], [0.8893932335020569, 0.11060676649794345], [0.03391383624954495, 0.966086163750455], [0.5, 0.5], [0.7296342620730414, 0.27036573792695867], [0.2783151045518908, 0.7216848954481093], [0.664221903079964, 0.33577809692003596], [0.8136090307574566, 0.1863909692425435], [0.5713944209643921, 0.428605579035608], [0.742053318837203, 0.257946681162797], [0.14917518322374276, 0.8508248167762572], [0.18877404187847566, 0.8112259581215244], [0.46006220774054996, 0.5399377922594502], [0.9256956702707769, 0.07430432972922316], [0.705111867196992, 0.2948881328030081], [0.18546788030213662, 0.8145321196978631], [0.5814231928782765, 0.4185768071217236], [0.5628498799253215, 0.4371501200746787], [0.5071970813453003, 0.49280291865469955], [0.7634673148137945, 0.2365326851862055], [0.07423080470330229, 0.9257691952966979], [0.25296420988248297, 0.7470357901175171], [0.6302641895868266, 0.36973581041317327], [0.5, 0.5], [0.4549901175920586, 0.5450098824079413], [0.48598506134087155, 0.5140149386591285], [0.23778231155086416, 0.7622176884491357], [0.5418576455719148, 0.4581423544280851], [0.14274717851801003, 0.8572528214819897], [0.5271121206313388, 0.47288787936866106], [0.8192005266669016, 0.18079947333309832], [0.7114704028860386, 0.2885295971139614], [0.613896513785608, 0.386103486214392], [0.9085902670826727, 0.09140973291732729], [0.6056017663983143, 0.39439823360168574], [0.3193239030899959, 0.680676096910004], [0.6319624127279737, 0.36803758727202635], [0.9151820852060972, 0.08481791479390265], [0.2915096770511895, 0.7084903229488103], [0.8385872263164461, 0.16141277368355375], [0.7340788142640238, 0.26592118573597595], [0.7989001873971385, 0.20109981260286153], [0.5937244610216236, 0.4062755389783766], [0.13307541970496492, 0.866924580295035], [0.2850465820909931, 0.7149534179090072], [0.8377732310735418, 0.16222676892645813], [0.9539762715393483, 0.04602372846065177], [0.48733885653737014, 0.5126611434626299], [0.1312529680486474, 0.8687470319513525], [0.7407031453485217, 0.25929685465147834], [0.30624048853463315, 0.693759511465367], [0.26213065702726407, 0.7378693429727361], [0.5295025156954166, 0.4704974843045834], [0.853561305692609, 0.14643869430739084], [0.22250385698707786, 0.777496143012922], [0.28220971930769273, 0.7177902806923074], [0.6677140308548783, 0.33228596914512154], [0.9233074116404129, 0.07669258835958725], [0.573851709974498, 0.42614829002550203], [0.47377280667523725, 0.5262271933247629], [0.07681111008956971, 0.9231888899104305], [0.448392507300613, 0.5516074926993871], [0.10747608426927278, 0.8925239157307271]]},