{"test": {"ids": ["632", "33", "545", "496", "495", "656", "123", "513", "253", "296", "162", "664", "580", "668", "649", "241", "0", "357", "484", "410", "554", "341", "25", "385", "692", "287", "290", "574", "506", "549", "701", "467", "402", "303", "478", "116", "66", "294", "229", "617", "91", "107", "328", "661", "205", "145", "528", "65", "285", "525", "703", "316", "317", "481", "414", "134", "216", "635", "557", "524", "202", "393", "378", "277", "322", "311", "200", "578", "323", "460", "441", "446", "87", "8", "679", "383", "417", "1", "31", "143", "154", "388", "488", "128", "442", "370", "431", "593", "567", "636", "511", "443", "682", "245", "560", "612", "671", "243", "501", "293", "114", "435", "690", "129", "218", "47", "455", "69", "221", "566", "105", "299", "691", "475", "670", "409", "295", "350", "521", "196", "625", "156", "461", "519", "117", "648", "131", "453", "666", "544", "532", "73", "517", "89", "451", "170", "665", "641", "51"], "labels": [0, 1, 0, 0, 0, 0, 0, 1, 1, 1, 0, 0, 1, 0, 0, 1, 0, 0, 0, 0, 1, 0, 1, 0, 0, 1, 1, 1, 1, 0, 0, 1, 0, 1, 1, 1, 1, 1, 1, 0, 0, 0, 0, 0, 1, 0, 0, 1, 1, 0, 0, 1, 1, 0, 0, 0, 1, 1, 1, 0, 1, 0, 1, 1, 1, 1, 1, 1, 1, 1, 0, 0, 0, 0, 0, 1, 0, 0, 1, 0, 0, 0, 0, 0, 0, 0, 0, 1, 1, 1, 1, 0, 0, 1, 1, 0, 0, 1, 1, 1, 1, 0, 0, 0, 1, 1, 1, 1, 1, 1, 0, 1, 0, 1, 0, 0, 1, 0, 0, 1, 1, 0, 1, 0, 1, 0, 0, 1, 0, 0, 0, 1, 0, 0, 1, 0, 0, 0, 1], "predicted_labels": [1, 0, 0, 1, 0, 1, 0, 0, 1, 1, 0, 0, 1, 0, 0, 1, 1, 0, 0, 0, 0, 1, 0, 0, 0, 1, 1, 1, 1, 1, 0, 0, 0, 0, 0, 0, 1, 1, 1, 1, 0, 0, 0, 1, 1, 1, 0, 0, 0, 0, 1, 0, 0, 0, 0, 0, 1, 0, 0, 0, 1, 0, 1, 0, 1, 1, 1, 1, 1, 0, 1, 0, 0, 0, 1, 1, 0, 1, 0, 0, 1, 0, 1, 0, 0, 1, 1, 1, 1, 1, 0, 1, 0, 1, 0, 0, 0, 0, 0, 1, 1, 1, 0, 0, 0, 0, 1, 0, 1, 1, 1, 1, 1, 1, 1, 1, 1, 1, 0, 0, 1, 0, 1, 0, 1, 0, 0, 0, 1, 0, 0, 0, 0, 0, 1, 0, 0, 1, 1], "confidence_scores": [[0.38174275128237184, 0.6182572487176283], [0.6896996599739366, 0.31030034002606316], [0.5221207802814227, 0.47787921971857733], [0.4309293010271034, 0.5690706989728964], [0.6264345773323386, 0.3735654226676614], [0.48039581155574756, 0.5196041884442526], [0.600531394970376, 0.39946860502962395], [0.5062829185935409, 0.4937170814064592], [0.3521240632835527, 0.6478759367164474], [0.47750643568984946, 0.5224935643101505], [0.649356334765628, 0.350643665234372], [0.6066537436101757, 0.3933462563898244], [0.4274242698818147, 0.5725757301181854], [0.5662504511882555, 0.43374954881174455], [0.5980116998691271, 0.40198830013087283], [0.4584624854361597, 0.5415375145638402], [0.45512349634515303, 0.5448765036548471], [0.5079561558493012, 0.4920438441506988], [0.6192415227468832, 0.3807584772531172], [0.5110023945612788, 0.4889976054387213], [0.5155009103111021, 0.4844990896888978], [0.4806704192702485, 0.5193295807297513], [0.5319299625156838, 0.46807003748431614], [0.587600608631472, 0.4123993913685278], [0.533248838502863, 0.46675116149713675], [0.38295267103371927, 0.6170473289662808], [0.49574817742278476, 0.5042518225772152], [0.45285768969962353, 0.5471423103003766], [0.4320397086702055, 0.5679602913297948], [0.49241293390806085, 0.5075870660919392], [0.5891606857099582, 0.41083931429004195], [0.6217819651348367, 0.3782180348651628], [0.5249516032823764, 0.4750483967176236], [0.5191422153214158, 0.4808577846785841], [0.5430875601260465, 0.4569124398739533], [0.6500992329992321, 0.34990076700076783], [0.3991366674614589, 0.6008633325385412], [0.4875309782331649, 0.5124690217668352], [0.3772774389440701, 0.62272256105593], [0.48652943584621433, 0.5134705641537856], [0.6554089131952716, 0.3445910868047281], [0.6046318770411506, 0.39536812295884927], [0.5299177724376537, 0.47008222756234636], [0.39494050411796133, 0.6050594958820388], [0.3348816150163559, 0.6651183849836444], [0.46548410550502906, 0.534515894494971], [0.5172395791196074, 0.4827604208803926], [0.518543238259441, 0.481456761740559], [0.5406539455469723, 0.45934605445302784], [0.556384213719297, 0.443615786280703], [0.38715901299309957, 0.6128409870069005], [0.5056614575693322, 0.4943385424306679], [0.6046926234692263, 0.39530737653077375], [0.536630718595154, 0.463369281404846], [0.5543109907657947, 0.44568900923420507], [0.6705742936651365, 0.3294257063348632], [0.49017507560625595, 0.5098249243937442], [0.515376114641294, 0.48462388535870593], [0.5231672892149268, 0.47683271078507306], [0.5040073485799905, 0.49599265142000953], [0.48748778305416396, 0.512512216945836], [0.6024733075039378, 0.3975266924960621], [0.475826681548311, 0.524173318451689], [0.5251603336487067, 0.47483966635129327], [0.47150738251360186, 0.5284926174863981], [0.39019791909029217, 0.6098020809097079], [0.4962571861285573, 0.503742813871443], [0.34487056397157295, 0.6551294360284267], [0.380571381545061, 0.6194286184549391], [0.5171095798302824, 0.4828904201697177], [0.4795377259415754, 0.5204622740584245], [0.561862559825538, 0.4381374401744618], [0.5116816922223968, 0.48831830777760316], [0.5388636128827489, 0.46113638711725113], [0.4002938318039026, 0.5997061681960976], [0.48570057494458857, 0.5142994250554113], [0.585037335081448, 0.4149626649185524], [0.42666200645385177, 0.5733379935461482], [0.6352953365672466, 0.3647046634327535], [0.5764463535818257, 0.42355364641817417], [0.47559967557914995, 0.52440032442085], [0.5350508427366883, 0.4649491572633116], [0.4642251368450953, 0.5357748631549047], [0.6558520759904044, 0.34414792400959526], [0.5673224678367075, 0.4326775321632924], [0.40673722588379435, 0.5932627741162054], [0.4579093648583816, 0.5420906351416185], [0.47776823644432503, 0.5222317635556749], [0.33538895777218314, 0.664611042227817], [0.3820622076129146, 0.6179377923870853], [0.5974306002947373, 0.4025693997052627], [0.4085631750674763, 0.5914368249325238], [0.535038112517645, 0.46496188748235495], [0.33744988777231305, 0.6625501122276871], [0.6145583626587043, 0.3854416373412956], [0.5233177665319186, 0.4766822334680814], [0.5177220756122779, 0.48227792438772193], [0.5683041821517198, 0.43169581784828004], [0.6028110288032732, 0.3971889711967269], [0.42573643368294617, 0.5742635663170538], [0.4108899819897152, 0.5891100180102847], [0.4583246366838976, 0.5416753633161024], [0.5758220320059716, 0.4241779679940281], [0.5007231445762879, 0.49927685542371214], [0.5048666985562085, 0.4951333014437915], [0.51711861959202, 0.4828813804079801], [0.4686710457594476, 0.5313289542405526], [0.5397277952698523, 0.4602722047301478], [0.48735444098378783, 0.5126455590162121], [0.42678066701601614, 0.5732193329839841], [0.4716747341564744, 0.5283252658435258], [0.344854225329617, 0.6551457746703829], [0.42864484133262293, 0.5713551586673771], [0.4706945209580555, 0.5293054790419445], [0.45892489436347034, 0.5410751056365295], [0.40032656625737034, 0.5996734337426299], [0.4021925598146668, 0.5978074401853334], [0.49943504388897464, 0.5005649561110252], [0.5908335003311843, 0.4091664996688156], [0.5771620287916027, 0.42283797120839717], [0.42294032914180085, 0.5770596708581992], [0.5739041945550156, 0.42609580544498427], [0.3937900152874045, 0.6062099847125957], [0.5223975238535905, 0.47760247614640944], [0.4520732623908091, 0.5479267376091911], [0.5934084153640268, 0.40659158463597317], [0.650030242946105, 0.34996975705389466], [0.5441474599047659, 0.4558525400952343], [0.47840655123421977, 0.5215934487657801], [0.581746743748373, 0.4182532562516269], [0.5259584863291277, 0.47404151367087244], [0.5908986459610939, 0.40910135403890613], [0.5101728117700918, 0.4898271882299081], [0.5932014446909308, 0.4067985553090691], [0.3710876027398363, 0.6289123972601636], [0.5170189698902078, 0.4829810301097924], [0.5165020633322062, 0.48349793666779384], [0.48975835253070726, 0.5102416474692928], [0.4343554946990634, 0.5656445053009367]]},