{"test": {"ids": ["394", "513", "612", "602", "330", "194", "464", "234", "136", "165", "448", "295", "489", "396", "106", "361", "684", "319", "573", "140", "190", "303", "698", "591", "517", "667", "5", "707", "403", "119", "326", "212", "17", "434", "324", "604", "58", "598", "590", "30", "649", "59", "527", "358", "630", "508", "408", "458", "304", "35", "488", "611", "218", "415", "639", "179", "692", "125", "631", "343", "376", "54", "114", "655", "159", "267", "647", "523", "701", "354", "509", "219", "554", "78", "129", "380", "243", "660", "244", "398", "240", "466", "511", "271", "282", "328", "463", "191", "393", "662", "299", "287", "265", "453", "116", "522", "449", "336", "558", "84", "617", "594", "548", "477", "521", "664", "447", "65", "206", "585", "308", "183", "8", "21", "150", "323", "290", "445", "645", "3", "148", "557", "673", "599", "309", "143", "301", "320", "217", "182", "423", "600", "28", "51", "36", "25", "281", "168", "615", "166", "691", "624", "249"], "labels": [1, 0, 0, 0, 1, 0, 0, 0, 1, 1, 0, 0, 0, 1, 1, 1, 0, 0, 0, 1, 0, 0, 1, 0, 1, 0, 0, 1, 1, 1, 1, 0, 1, 1, 1, 0, 0, 0, 0, 0, 0, 1, 1, 1, 1, 0, 1, 0, 0, 0, 0, 0, 0, 1, 0, 0, 1, 1, 0, 1, 1, 0, 1, 0, 1, 0, 0, 1, 1, 1, 0, 0, 1, 1, 1, 1, 0, 0, 0, 1, 0, 0, 0, 0, 0, 1, 0, 0, 1, 0, 0, 0, 0, 0, 1, 1, 0, 1, 0, 1, 0, 0, 0, 0, 1, 0, 0, 1, 0, 0, 0, 0, 0, 0, 1, 0, 0, 0, 0, 0, 1, 0, 0, 0, 0, 1, 0, 0, 0, 0, 1, 0, 0, 0, 0, 0, 0, 1, 0, 1, 1, 1, 1], "predicted_labels": [1, 0, 0, 0, 1, 0, 0, 1, 1, 1, 0, 0, 0, 1, 1, 1, 0, 0, 0, 1, 1, 0, 1, 0, 1, 0, 1, 0, 1, 0, 1, 1, 0, 1, 1, 1, 1, 0, 0, 0, 0, 0, 1, 1, 1, 0, 1, 1, 0, 0, 0, 0, 0, 1, 1, 0, 0, 1, 0, 1, 1, 1, 1, 0, 1, 0, 0, 1, 0, 1, 0, 0, 0, 0, 1, 1, 0, 0, 0, 1, 0, 1, 0, 0, 0, 1, 0, 0, 1, 0, 0, 0, 1, 0, 1, 1, 0, 1, 1, 0, 0, 0, 0, 1, 1, 0, 0, 1, 0, 0, 0, 1, 0, 0, 1, 0, 0, 0, 1, 0, 1, 0, 0, 0, 0, 1, 0, 0, 0, 0, 1, 0, 0, 0, 1, 1, 0, 1, 0, 0, 1, 0, 1], "confidence_scores": [[0.10512249809811523, 0.8948775019018846], [0.8567877109300504, 0.14321228906994976], [0.9952279730091286, 0.004772026990871436], [0.7642501690655134, 0.23574983093448662], [0.26953624426930384, 0.7304637557306963], [0.5873328311022645, 0.4126671688977354], [0.9914152914357335, 0.008584708564266496], [0.4338794779760466, 0.5661205220239535], [0.08536720113000264, 0.9146327988699974], [0.01628916696274863, 0.9837108330372514], [0.7976466661853485, 0.20235333381465145], [0.7973634910179868, 0.20263650898201324], [0.7740315957040108, 0.22596840429598913], [0.21247406475046282, 0.7875259352495374], [0.08136794949261712, 0.9186320505073828], [0.3084417093956902, 0.6915582906043096], [0.9541063636263959, 0.045893636373604024], [0.9446342247295978, 0.0553657752704021], [0.6304973474719372, 0.3695026525280627], [0.12331138400797176, 0.8766886159920282], [0.42098676382741695, 0.579013236172583], [0.8411698454457804, 0.15883015455421962], [0.027559540144236776, 0.9724404598557633], [0.8912352709567479, 0.10876472904325211], [0.29401186872851026, 0.7059881312714896], [0.9383987562856012, 0.06160124371439884], [0.11048993536556176, 0.8895100646344383], [0.669220180176193, 0.33077981982380694], [0.05326642027796404, 0.946733579722036], [0.7129033333411132, 0.28709666665888667], [0.17825936193376452, 0.8217406380662353], [0.10339454736292777, 0.8966054526370725], [0.7642533082417385, 0.23574669175826157], [0.3000492723380293, 0.6999507276619709], [0.45347046173243677, 0.5465295382675632], [0.4432775575516916, 0.5567224424483084], [0.46755511216612994, 0.5324448878338701], [0.9373899355937735, 0.06261006440622635], [0.9018768628774945, 0.0981231371225054], [0.6876322761730552, 0.3123677238269447], [0.9493777586195787, 0.05062224138042129], [0.7360018992298215, 0.26399810077017855], [0.15395932639034574, 0.8460406736096544], [0.04345092965615177, 0.9565490703438484], [0.05134886755979791, 0.9486511324402022], [0.6142745804986777, 0.38572541950132233], [0.15732636866266056, 0.8426736313373394], [0.4579613833989559, 0.5420386166010441], [0.9797889948705198, 0.020211005129480136], [0.735083145984217, 0.2649168540157827], [0.6393079755643808, 0.36069202443561926], [0.9563408938033615, 0.04365910619663848], [0.8950261687754156, 0.10497383122458413], [0.18060399477713251, 0.8193960052228677], [0.25497304990587244, 0.7450269500941277], [0.5578676825194891, 0.44213231748051096], [0.6245187827529265, 0.37548121724707356], [0.0036066555193471957, 0.9963933444806529], [0.7596984509451877, 0.24030154905481205], [0.18276370574292716, 0.8172362942570728], [0.40950116415819104, 0.590498835841809], [0.12106193340872615, 0.8789380665912742], [0.44584521305482144, 0.5541547869451784], [0.8677935788643694, 0.13220642113563055], [0.1001710392600655, 0.8998289607399345], [0.9261759803582098, 0.07382401964179029], [0.8212521815197361, 0.17874781848026403], [0.3752885251183921, 0.6247114748816079], [0.5758185243258078, 0.42418147567419207], [0.17776058614426263, 0.8222394138557375], [0.928757752867224, 0.07124224713277619], [0.8151160434828261, 0.1848839565171737], [0.8226086626602997, 0.17739133733970033], [0.506882530924574, 0.49311746907542586], [0.019299542261084802, 0.9807004577389151], [0.022918599167882667, 0.9770814008321174], [0.8991157365148672, 0.10088426348513281], [0.5583134917195733, 0.44168650828042666], [0.9933624332153569, 0.006637566784643198], [0.13651530681957094, 0.8634846931804291], [0.9471118778886946, 0.05288812211130531], [0.19883209522627454, 0.8011679047737256], [0.6921170406264696, 0.30788295937353044], [0.9532211687515894, 0.046778831248410695], [0.666332329956587, 0.3336676700434132], [0.26164964286091946, 0.7383503571390806], [0.9465416124124504, 0.053458387587549734], [0.9264284753723037, 0.07357152462769652], [0.11561553081574885, 0.8843844691842511], [0.8649911433784027, 0.13500885662159726], [0.9582153170609546, 0.0417846829390454], [0.9456744184914235, 0.054325581508576554], [0.46208923460932005, 0.5379107653906798], [0.9225292398525271, 0.077470760147473], [0.08258095635514406, 0.9174190436448559], [0.06906931307436874, 0.9309306869256312], [0.8784405102241838, 0.12155948977581624], [0.17514283523165292, 0.8248571647683473], [0.371669110875887, 0.6283308891241131], [0.5064400575470301, 0.4935599424529697], [0.9129675487490725, 0.08703245125092737], [0.9420965833083995, 0.05790341669160044], [0.6675107758654348, 0.33248922413456516], [0.365864080769269, 0.6341359192307311], [0.3516474712822908, 0.648352528717709], [0.9134660316835532, 0.08653396831644701], [0.8797134802301005, 0.12028651976989925], [0.3223242727690348, 0.6776757272309653], [0.987956070768156, 0.012043929231843865], [0.7399673144198498, 0.26003268558015014], [0.9442527374843945, 0.05574726251560534], [0.2561731845572253, 0.7438268154427747], [0.5205796422955793, 0.47942035770442065], [0.6960578082307658, 0.3039421917692342], [0.023862880720284294, 0.9761371192797156], [0.8141892525690494, 0.1858107474309508], [0.5747113322503081, 0.4252886677496918], [0.9722306599654604, 0.02776934003453946], [0.11855439630428881, 0.8814456036957111], [0.8584994185108341, 0.1415005814891658], [0.023626296599310617, 0.9763737034006894], [0.9840529622758751, 0.015947037724124837], [0.9595046315806549, 0.040495368419345174], [0.7796682197090317, 0.2203317802909683], [0.9213324982942362, 0.07866750170576359], [0.2583279704860831, 0.741672029513917], [0.91694468366262, 0.08305531633737995], [0.8354980074808178, 0.16450199251918218], [0.9951507660784695, 0.004849233921530272], [0.891899000186419, 0.10810099981358094], [0.17723491111806372, 0.8227650888819362], [0.772658972181176, 0.2273410278188241], [0.860963445277281, 0.13903655472271928], [0.7569474919104292, 0.24305250808957057], [0.09198325365124099, 0.9080167463487588], [0.34466836324470945, 0.6553316367552906], [0.9712269468839666, 0.028773053116033353], [0.22405724175378583, 0.7759427582462143], [0.9935473997647044, 0.006452600235295526], [0.5439410699914746, 0.4560589300085255], [0.09611320081755693, 0.9038867991824433], [0.779666323814473, 0.220333676185527], 