{"test": {"ids": ["593", "134", "570", "501", "460", "319", "645", "623", "618", "237", "498", "684", "433", "132", "611", "521", "146", "11", "422", "675", "676", "464", "563", "654", "316", "550", "350", "243", "343", "682", "380", "552", "373", "565", "114", "377", "196", "472", "660", "182", "226", "535", "456", "74", "195", "454", "399", "162", "149", "117", "400", "642", "339", "435", "69", "48", "131", "53", "38", "108", "564", "401", "635", "34", "184", "297", "50", "585", "560", "503", "559", "115", "271", "514", "144", "630", "36", "344", "509", "35", "61", "269", "410", "222", "586", "140", "22", "395", "10", "200", "621", "282", "543", "27", "628", "313", "152", "362", "596", "428", "252", "17", "209", "90", "710", "681", "646", "447", "295", "515", "704", "322", "154", "321", "102", "241", "555", "73", "488", "426", "9", "124", "62", "12", "123", "510", "257", "508", "606", "481", "601", "374", "105", "421", "264", "414", "572", "227", "94", "215", "470", "546", "92"], "labels": [0, 1, 0, 0, 0, 0, 0, 1, 0, 0, 0, 0, 1, 1, 0, 1, 1, 0, 1, 0, 0, 0, 0, 0, 0, 0, 1, 0, 1, 0, 1, 0, 1, 0, 1, 1, 0, 0, 0, 0, 0, 1, 0, 1, 0, 0, 1, 1, 1, 1, 1, 0, 1, 1, 1, 0, 1, 0, 0, 0, 0, 1, 0, 0, 0, 0, 0, 0, 0, 0, 0, 1, 0, 0, 1, 1, 0, 1, 0, 0, 1, 0, 1, 0, 0, 1, 0, 1, 0, 0, 1, 0, 1, 0, 1, 0, 1, 1, 0, 1, 1, 1, 0, 0, 0, 0, 0, 0, 0, 0, 1, 0, 1, 0, 0, 0, 1, 1, 0, 1, 0, 1, 1, 0, 1, 0, 1, 0, 0, 0, 0, 1, 0, 1, 0, 1, 0, 0, 0, 0, 0, 0, 0], "predicted_labels": [0, 1, 0, 0, 0, 0, 0, 1, 0, 0, 0, 0, 1, 1, 0, 0, 1, 0, 0, 0, 0, 0, 0, 0, 0, 0, 1, 0, 1, 0, 1, 0, 1, 0, 0, 1, 0, 1, 0, 0, 0, 0, 1, 1, 0, 0, 1, 1, 1, 0, 1, 0, 0, 0, 0, 0, 1, 1, 1, 1, 0, 0, 0, 0, 0, 0, 1, 0, 0, 0, 0, 0, 0, 0, 1, 1, 0, 1, 0, 0, 0, 0, 1, 0, 1, 0, 0, 1, 1, 0, 0, 0, 1, 0, 0, 0, 1, 1, 0, 0, 0, 0, 0, 0, 0, 0, 0, 0, 0, 1, 0, 0, 1, 0, 0, 0, 0, 1, 1, 0, 0, 0, 1, 0, 0, 0, 1, 0, 0, 0, 0, 1, 1, 1, 0, 1, 0, 0, 0, 0, 0, 0, 0], "confidence_scores": [[0.5588031455659038, 0.4411968544340958], [0.49489460724149864, 0.5051053927585013], [0.6383684505111565, 0.3616315494888434], [0.7028437280101053, 0.29715627198989464], [0.8230803150879686, 0.1769196849120317], [0.7943428618862562, 0.2056571381137438], [0.7562655703707603, 0.24373442962923936], [0.3319628360629448, 0.6680371639370553], [0.5256508030818211, 0.47434919691817884], [0.7376496613261646, 0.2623503386738351], [0.6098076508263026, 0.39019234917369744], [0.648256970098466, 0.35174302990153405], [0.4155953144467468, 0.584404685553253], [0.35774503931014456, 0.6422549606898551], [0.7248205777730248, 0.27517942222697533], [0.5360601390219485, 0.46393986097805134], [0.4103013559163758, 0.5896986440836242], [0.6435796505725365, 0.35642034942746376], [0.6167088802324191, 0.3832911197675809], [0.7191792022244735, 0.28082079777552676], [0.5571340372521734, 0.4428659627478267], [0.6808054093761132, 0.31919459062388716], [0.7597196921506061, 0.2402803078493937], [0.7551182888686124, 0.24488171113138782], [0.6126170540795975, 0.3873829459204021], [0.6679980713376048, 0.3320019286623952], [0.48446655499699964, 0.5155334450030004], [0.7236524092760015, 0.2763475907239984], [0.3493318397668164, 0.6506681602331834], [0.5719634286951019, 0.4280365713048979], [0.3248953522249336, 0.6751046477750665], [0.5668771447336217, 0.4331228552663783], [0.24654386442131546, 0.7534561355786847], [0.5482102088341745, 0.4517897911658254], [0.7359250208286465, 0.26407497917135353], [0.12045618921389332, 0.8795438107861063], [0.6760808765275796, 0.3239191234724206], [0.4936919002196481, 0.5063080997803519], [0.8024473054575383, 0.19755269454246116], [0.6560401841961158, 0.3439598158038845], [0.5981737987395634, 0.40182620126043633], [0.6082159484655869, 0.3917840515344132], [0.4547239831193957, 0.5452760168806043], [0.3279773541528764, 0.6720226458471233], [0.6996591719633531, 0.30034082803664713], [0.8455369837800204, 0.15446301621997927], [0.4072743785415511, 0.592725621458449], [0.4621810157504063, 0.5378189842495937], [0.3878992469902143, 0.6121007530097857], [0.5170472685272651, 0.4829527314727348], [0.44279965021813367, 0.5572003497818663], [0.5157699205587327, 0.48423007944126717], [0.5658143948043928, 0.4341856051956073], [0.6318800418981478, 0.36811995810185233], [0.5534681274635718, 0.44653187253642806], [0.6203424299399335, 0.3796575700600663], [0.4904159073704414, 0.5095840926295586], [0.3779074542873353, 0.6220925457126646], [0.45681409545654267, 0.5431859045434575], [0.35865698392220197, 0.6413430160777982], [0.6421030139810867, 0.3578969860189131], [0.5735455887563731, 0.426454411243627], [0.5570067813400729, 0.4429932186599272], [0.5331037688578413, 0.4668962311421588], [0.753951453941963, 0.24604854605803694], [0.8436765714509, 0.15632342854909964], [0.4750789683039801, 0.5249210316960199], [0.7586458378008745, 0.24135416219912556], [0.8421806832705233, 0.15781931672947708], [0.6248806251191624, 0.3751193748808372], [0.7835000124564189, 0.2164999875435809], [0.6721700327054704, 0.32782996729452935], [0.8355111303993127, 0.16448886960068698], [0.6664635543024647, 0.33353644569753527], [0.4309450932218089, 0.5690549067781911], [0.4006843307285257, 0.5993156692714743], [0.7218363744814137, 0.27816362551858625], [0.38898978898289066, 0.6110102110171095], [0.6618418373677751, 0.3381581626322248], [0.6234647166898596, 0.3765352833101405], [0.5061215413560577, 0.4938784586439423], [0.8079231176895664, 0.19207688231043366], [0.4323612591372402, 0.5676387408627598], [0.7729492389104274, 0.22705076108957276], [0.49334257882648275, 0.5066574211735173], [0.5492773061565532, 0.45072269384344665], [0.5833001670021694, 0.41669983299783053], [0.4385741289538883, 0.5614258710461117], [0.48184418883044167, 0.5181558111695583], [0.7963778536714307, 0.20362214632856948], [0.7372565674587053, 0.2627434325412949], [0.6001201616035969, 0.39987983839640295], [0.48344960712898133, 0.5165503928710187], [0.5699418553134241, 0.43005814468657577], [0.644808423230727, 0.35519157676927293], [0.7281791709408525, 0.27182082905914745], [0.31293376071979967, 0.6870662392802004], [0.25004197928564037, 0.7499580207143595], [0.7586337823047056, 0.241366217695294], [0.5547235951674432, 0.4452764048325568], [0.5212399968623174, 0.47876000313768274], [0.6710263763934023, 0.3289736236065981], [0.7845103584255722, 0.21548964157442757], [0.6758004773018307, 0.32419952269816904], [0.5925610891973198, 0.4074389108026806], [0.651161030623606, 0.3488389693763937], [0.7121839246963649, 0.2878160753036348], [0.6763247802627177, 0.32367521973728275], [0.6997573139712933, 0.30024268602870685], [0.35308168075600577, 0.6469183192439942], [0.627580977959891, 0.3724190220401091], [0.7423484616540875, 0.25765153834591215], [0.44882450716731304, 0.5511754928326872], [0.7579410337356762, 0.24205896626432338], [0.5015980406832024, 0.4984019593167977], [0.5974337496282341, 0.40256625037176597], [0.6542969383415311, 0.34570306165846887], [0.3959299863986252, 0.6040700136013749], [0.48806132882571845, 0.5119386711742816], [0.5554237974881101, 0.44457620251189], [0.6129404008648975, 0.38705959913510257], [0.6931420266509639, 0.30685797334903625], [0.458522011871756, 0.541477988128244], [0.5739576915550361, 0.4260423084449638], [0.5731791406939027, 0.42682085930609726], [0.5531026683174209, 0.4468973316825789], [0.4187023637942313, 0.5812976362057687], [0.6404946991067212, 0.35950530089327876], [0.6826742903506557, 0.31732570964934437], [0.6131239032701723, 0.38687609672982726], [0.6825807755209813, 0.31741922447901894], [0.25507321839568275, 0.7449267816043169], [0.44535205400781924, 0.5546479459921807], [0.4845012479428372, 0.5154987520571627], [0.6495917082559225, 0.35040829174407695], [0.37551629774347167, 0.624483702256528], [0.7825890183243694, 0.21741098167563017], [0.6576498396495216, 0.3423501603504783], [0.5807906958756456, 0.4192093041243547], [0.7067544237901936, 0.29324557620980674], [0.6039220108800745, 0.39607798911992576], [0.513773324493982, 0.48622667550601795], [0.6299059677908702, 0.37009403220912984]]},