{"test": {"ids": ["371", "321", "167", "434", "579", "245", "383", "326", "608", "303", "281", "323", "133", "669", "83", "609", "649", "628", "94", "602", "574", "22", "344", "475", "168", "660", "272", "516", "505", "246", "695", "158", "506", "494", "446", "596", "417", "706", "686", "199", "118", "228", "115", "155", "18", "511", "144", "386", "309", "49", "577", "631", "510", "653", "143", "693", "24", "604", "353", "370", "684", "437", "127", "582", "320", "142", "214", "220", "493", "79", "96", "288", "86", "138", "19", "409", "572", "622", "332", "260", "318", "280", "71", "477", "111", "466", "88", "425", "3", "404", "278", "156", "180", "159", "481", "215", "641", "406", "27", "106", "238", "329", "55", "657", "34", "316", "74", "376", "421", "56", "84", "595", "703", "251", "644", "21", "668", "514", "553", "443", "590", "101", "333", "571", "569", "583", "219", "102", "478", "438", "20", "405", "515", "255", "327", "626", "37", "6", "77", "13", "5", "468", "557"], "labels": [1, 0, 1, 1, 0, 0, 1, 1, 0, 0, 0, 0, 1, 0, 1, 0, 0, 1, 0, 0, 0, 0, 1, 0, 1, 0, 0, 1, 0, 1, 1, 1, 0, 1, 0, 0, 1, 1, 1, 0, 1, 0, 1, 1, 0, 0, 1, 1, 0, 0, 0, 0, 0, 0, 1, 1, 0, 0, 1, 1, 0, 1, 1, 0, 0, 1, 0, 0, 1, 1, 0, 0, 0, 1, 0, 1, 0, 1, 1, 1, 0, 0, 1, 0, 1, 0, 1, 1, 0, 1, 0, 1, 0, 1, 0, 0, 0, 1, 0, 1, 0, 1, 0, 0, 0, 0, 1, 1, 1, 0, 1, 0, 1, 1, 0, 0, 0, 0, 0, 1, 0, 0, 1, 0, 0, 0, 0, 0, 0, 1, 0, 1, 0, 1, 1, 1, 0, 0, 1, 0, 0, 0, 0], "predicted_labels": [0, 0, 1, 1, 0, 0, 1, 1, 0, 0, 0, 0, 0, 0, 0, 1, 0, 0, 0, 0, 0, 1, 1, 0, 1, 0, 0, 0, 0, 1, 1, 1, 0, 0, 0, 0, 0, 1, 1, 0, 0, 0, 0, 1, 1, 0, 1, 1, 0, 0, 0, 0, 1, 0, 1, 1, 0, 0, 1, 1, 0, 1, 0, 0, 0, 1, 0, 0, 1, 1, 0, 0, 1, 1, 0, 0, 0, 0, 1, 1, 0, 0, 0, 0, 1, 1, 1, 0, 1, 0, 0, 0, 0, 1, 0, 0, 0, 0, 1, 0, 0, 1, 1, 0, 1, 0, 1, 1, 0, 0, 1, 0, 0, 0, 0, 0, 0, 0, 0, 0, 0, 0, 1, 0, 0, 0, 0, 0, 0, 0, 1, 0, 0, 0, 0, 0, 0, 0, 1, 0, 0, 0, 0], "confidence_scores": [[0.556048018747342, 0.44395198125265806], [0.771750842270906, 0.22824915772909404], [0.163006502278898, 0.836993497721102], [0.35343813900990484, 0.6465618609900952], [0.732251051401158, 0.2677489485988421], [0.5245817490503458, 0.4754182509496542], [0.4420704038845622, 0.5579295961154378], [0.4876374023194471, 0.5123625976805529], [0.6763817773952441, 0.32361822260475587], [0.7759717479598437, 0.22402825204015633], [0.7156709799552012, 0.2843290200447987], [0.6095027788590792, 0.3904972211409208], [0.6720119898092709, 0.32798801019072904], [0.8374539630191674, 0.16254603698083256], [0.6565238947567149, 0.34347610524328515], [0.42180594921751213, 0.5781940507824879], [0.729585916533664, 0.27041408346633594], [0.7269686998990734, 0.2730313001009265], [0.8186519711540712, 0.18134802884592877], [0.7865459351446081, 0.21345406485539187], [0.7546310212050854, 0.24536897879491462], [0.4532509094517314, 0.5467490905482686], [0.43046225395213344, 0.5695377460478666], [0.7585215094767418, 0.2414784905232582], [0.4370050525593572, 0.5629949474406428], [0.5070644013091476, 0.4929355986908523], [0.6901561780895176, 0.3098438219104824], [0.6503608816743387, 0.3496391183256613], [0.547052469264157, 0.452947530735843], [0.47089857954119285, 0.5291014204588071], [0.237540780403244, 0.762459219596756], [0.14567385298140856, 0.8543261470185914], [0.5491801461513859, 0.4508198538486141], [0.8298109502031659, 0.17018904979683416], [0.7135001027942611, 0.2864998972057389], [0.5247014356915295, 0.4752985643084705], [0.7737980026705178, 0.2262019973294822], [0.41346785874466074, 0.5865321412553393], [0.34335270739176704, 0.656647292608233], [0.6942932991320697, 0.3057067008679303], [0.6244079969936724, 0.37559200300632756], [0.8505272382202492, 0.14947276177975077], [0.5244964752218289, 0.4755035247781712], [0.15746557014683626, 0.8425344298531637], [0.4894444879958523, 0.5105555120041477], [0.5964921386391133, 0.4035078613608866], [0.1621432474396911, 0.8378567525603089], [0.35475450595311975, 0.6452454940468803], [0.7281095729816591, 0.2718904270183408], [0.5059083733177766, 0.4940916266822234], [0.7010675262227928, 0.29893247377720716], [0.7587615033333752, 0.2412384966666248], [0.46562871819634066, 0.5343712818036593], [0.8160594165454064, 0.1839405834545936], [0.42696938762221726, 0.5730306123777827], [0.2807333599469908, 0.7192666400530092], [0.5934335685785288, 0.40656643142147125], [0.6362845243417743, 0.36371547565822576], [0.33824057119893847, 0.6617594288010615], [0.2904153072374469, 0.7095846927625531], [0.8194614210827507, 0.18053857891724934], [0.35785431551059155, 0.6421456844894085], [0.6040151586856681, 0.39598484131433187], [0.7321199675099899, 0.2678800324900101], [0.5952256629091541, 0.4047743370908458], [0.12351623639358533, 0.8764837636064147], [0.8747301714923545, 0.1252698285076454], [0.7932610139928622, 0.20673898600713783], [0.20703411711525743, 0.7929658828847426], [0.25306223418728624, 0.7469377658127138], [0.761054245030811, 0.238945754969189], [0.5605533620843837, 0.4394466379156163], [0.40813599257421385, 0.5918640074257862], [0.3302175958551664, 0.6697824041448336], [0.6432651991041995, 0.3567348008958005], [0.6897846195612789, 0.31021538043872116], [0.8277695036651175, 0.17223049633488252], [0.6416956019289393, 0.35830439807106074], [0.241249434594759, 0.758750565405241], [0.3849121430930159, 0.6150878569069841], [0.6491219567085103, 0.3508780432914897], [0.5701964952667802, 0.4298035047332199], [0.5317818537189672, 0.46821814628103275], [0.5838141677908657, 0.41618583220913435], [0.4487330185961408, 0.5512669814038592], [0.3885378570124758, 0.6114621429875242], [0.1917859484893918, 0.8082140515106082], [0.5798024865775434, 0.4201975134224566], [0.4608830905737179, 0.5391169094262821], [0.6818889878410614, 0.3181110121589386], [0.7990844003904513, 0.20091559960954875], [0.7369884821269024, 0.26301151787309757], [0.6524872354318046, 0.34751276456819535], [0.38605586885668386, 0.6139441311433161], [0.7121978623358202, 0.28780213766417984], [0.5223977103965756, 0.47760228960342443], [0.7081506957019224, 0.2918493042980776], [0.5219217619953761, 0.4780782380046239], [0.344741906662411, 0.655258093337589], [0.6467686671974564, 0.3532313328025436], [0.822783170423906, 0.17721682957609394], [0.4224697500253616, 0.5775302499746384], [0.41637311379500974, 0.5836268862049903], [0.7599521806493686, 0.24004781935063133], [0.3928745437527057, 0.6071254562472943], [0.843900583945048, 0.156099416054952], [0.2980242705834676, 0.7019757294165324], [0.14113398619099948, 0.8588660138090005], [0.589888413622053, 0.41011158637794703], [0.6932004658845301, 0.30679953411546984], [0.37523499316817654, 0.6247650068318235], [0.853179818047659, 0.14682018195234106], [0.7037569338174008, 0.29624306618259916], [0.5449230374791525, 0.45507696252084756], [0.5790968015017941, 0.4209031984982059], [0.6445688830822669, 0.35543111691773316], [0.7312421549074177, 0.2687578450925822], [0.7597701187194853, 0.2402298812805147], [0.7898751806219099, 0.21012481937809016], [0.5126355147971265, 0.48736448520287345], [0.7724035349868104, 0.2275964650131896], [0.6501089634354311, 0.3498910365645689], [0.26451315873089976, 0.7354868412691002], [0.6492452824347756, 0.3507547175652243], [0.7844727135401585, 0.21552728645984154], [0.8390810406479533, 0.16091895935204667], [0.7189261824437848, 0.2810738175562152], [0.6897147340485117, 0.31028526595148836], [0.829107348838544, 0.17089265116145605], [0.7834088775259141, 0.21659112247408585], [0.48810234028959576, 0.5118976597104042], [0.5289999979106236, 0.4710000020893764], [0.5241658434388308, 0.4758341565611692], [0.6792365684323771, 0.32076343156762294], [0.6181754444112066, 0.3818245555887934], [0.7576802966425114, 0.2423197033574887], [0.698310280934242, 0.30168971906575803], [0.7542100421818633, 0.24578995781813673], [0.20830983805838588, 0.7916901619416141], [0.6325218506022965, 0.36747814939770346], [0.5262064215952744, 0.47379357840472563], [0.5545395018950903, 0.4454604981049097], [0.7214935040618555, 0.2785064959381445]]},