{"test": {"ids": ["38", "179", "52", "93", "285", "127", "259", "170", "395", "687", "136", "576", "35", "624", "387", "453", "549", "263", "158", "539", "521", "261", "355", "166", "360", "266", "588", "589", "333", "583", "337", "683", "702", "563", "199", "276", "21", "203", "636", "656", "365", "704", "660", "231", "444", "249", "191", "188", "413", "198", "571", "596", "581", "258", "1", "318", "70", "612", "504", "216", "640", "69", "427", "182", "356", "129", "439", "56", "94", "134", "289", "237", "58", "288", "161", "19", "336", "688", "25", "533", "286", "680", "50", "268", "220", "376", "405", "193", "143", "244", "350", "390", "251", "186", "565", "257", "54", "573", "425", "508", "278", "175", "317", "460", "281", "435", "51", "400", "498", "308", "579", "431", "113", "296", "320", "59", "41", "682", "147", "291", "456", "433", "580", "586", "575", "36", "204", "467", "89", "160", "107", "700", "329", "232", "13", "128", "235", "651", "529", "30", "513", "544", "674"], "labels": [1, 0, 0, 1, 0, 1, 0, 1, 1, 0, 1, 0, 0, 1, 1, 0, 0, 0, 1, 0, 1, 0, 1, 1, 1, 0, 0, 0, 1, 0, 1, 1, 1, 0, 0, 0, 0, 0, 0, 1, 1, 1, 1, 0, 0, 0, 0, 0, 1, 0, 0, 0, 0, 0, 1, 0, 0, 0, 0, 0, 1, 0, 1, 0, 1, 1, 1, 0, 1, 1, 0, 0, 0, 0, 1, 0, 1, 0, 0, 0, 0, 1, 0, 0, 0, 1, 1, 0, 1, 0, 1, 1, 1, 0, 0, 0, 0, 0, 1, 0, 0, 0, 0, 0, 0, 1, 0, 1, 0, 0, 0, 1, 1, 0, 0, 0, 0, 1, 1, 0, 0, 1, 0, 0, 0, 1, 0, 0, 1, 1, 1, 1, 1, 0, 1, 1, 0, 1, 0, 0, 0, 0, 1], "predicted_labels": [0, 0, 0, 1, 0, 1, 1, 1, 1, 0, 1, 0, 0, 0, 0, 0, 1, 1, 1, 0, 1, 1, 1, 0, 1, 0, 0, 1, 1, 0, 1, 1, 0, 0, 0, 0, 1, 0, 1, 0, 1, 0, 1, 0, 0, 1, 0, 0, 1, 1, 0, 0, 0, 0, 0, 0, 1, 0, 0, 0, 0, 1, 1, 0, 1, 1, 0, 0, 1, 1, 0, 0, 0, 0, 1, 0, 1, 0, 1, 1, 1, 1, 0, 1, 0, 1, 0, 0, 0, 0, 1, 1, 0, 0, 0, 0, 0, 1, 1, 0, 0, 0, 0, 0, 0, 1, 0, 0, 0, 0, 0, 1, 1, 0, 1, 1, 0, 1, 0, 1, 0, 0, 0, 1, 0, 1, 0, 1, 0, 1, 0, 1, 1, 0, 1, 1, 0, 1, 1, 0, 0, 0, 0], "confidence_scores": [[0.5328029993551722, 0.4671970006448279], [0.9876958639853811, 0.012304136014618928], [0.9999997380495551, 2.6195044490532163e-07], [6.801954137081179e-05, 0.9999319804586292], [0.9999994683444797, 5.316555202331721e-07], [0.0002919082553703989, 0.9997080917446296], [0.3301233752634958, 0.6698766247365042], [5.66064807472344e-07, 0.9999994339351925], [2.6700294669668168e-06, 0.999997329970533], [0.972673473330436, 0.02732652666956401], [0.034526429430832395, 0.9654735705691676], [0.9999922306291017, 7.769370898295759e-06], [0.9999919443602385, 8.055639761424564e-06], [0.6466746961619276, 0.3533253038380724], [0.5426491777796261, 0.4573508222203739], [0.9999956173518868, 4.382648113205709e-06], [0.14423046574766707, 0.8557695342523329], [0.0005085670111469875, 0.999491432988853], [3.219390386732801e-05, 0.9999678060961327], [0.9999999787800706, 2.1219929394749294e-08], [0.4155290735021582, 0.5844709264978418], [0.017686268126957283, 0.9823137318730427], [6.849907308037473e-10, 0.9999999993150093], [0.9902550938274143, 0.00974490617258575], [8.681345842198596e-08, 0.9999999131865416], [0.9632306658643116, 0.03676933413568843], [0.7274239955061205, 0.27257600449387953], [9.5176118917073e-05, 0.9999048238810829], [5.110702611110796e-07, 0.9999994889297389], [0.9999467468115981, 5.32531884019101e-05], [6.637591885017002e-07, 0.9999993362408115], [0.0010805410578781371, 0.9989194589421219], [0.9316042366189398, 0.06839576338106021], [0.9998596417946574, 0.00014035820534260892], [0.9999999995335662, 4.664337873576479e-10], [0.8558893107536306, 0.14411068924636936], [0.002043650741310299, 0.9979563492586897], [0.8898265665320874, 0.11017343346791264], [0.0019320656342142195, 0.9980679343657858], [0.885189241541164, 0.11481075845883605], [0.27207385186800936, 0.7279261481319906], [0.9998891480527974, 0.0001108519472026498], [0.00028465051573600686, 0.999715349484264], [0.9999983552831193, 1.6447168806510593e-06], [0.9999764725091173, 2.352749088278124e-05], [0.2579953737124212, 0.7420046262875788], [0.9999998563274743, 1.4367252561661967e-07], [0.9978364711444568, 0.0021635288555431572], [1.0871437017279106e-07, 0.9999998912856298], [0.011225442158383059, 0.9887745578416169], [0.9997615374974297, 0.0002384625025702679], [0.8716853557039941, 0.1283146442960059], [0.9998311018253021, 0.00016889817469792427], [0.9971769565814835, 0.0028230434185164974], [0.9933396980016832, 0.006660301998316795], [0.9994825997161078, 0.0005174002838922038], [0.1795513759819436, 0.8204486240180564], [0.999999887888611, 1.1211138892007913e-07], [0.9999985582029902, 1.4417970097712332e-06], [0.9999998950547618, 1.0494523818684428e-07], [0.9982076277883104, 0.0017923722116896296], [0.0002425247722903645, 0.9997574752277096], [0.010748418882287947, 0.989251581117712], [0.7934836870615055, 0.2065163129384945], [1.2546613192832012e-08, 0.9999999874533868], [1.95033589278637e-09, 0.9999999980496641], [0.5738156445747913, 0.42618435542520866], [0.9999999999999993, 6.339989100824013e-16], [0.11604778382181968, 0.8839522161781803], [6.249765149846098e-10, 0.9999999993750235], [0.9760924565074243, 0.02390754349257576], [0.9999993383735428, 6.616264571885241e-07], [0.9999138100659184, 8.618993408157237e-05], [0.9957305392733571, 0.004269460726642914], [0.017004842070476922, 0.9829951579295231], [0.9999679679895618, 3.203201043822178e-05], [3.481185839593337e-08, 0.9999999651881416], [0.998816553246989, 0.0011834467530109655], [9.812316621449213e-07, 0.9999990187683379], [0.4755433444859276, 0.5244566555140724], [0.00012181377016762251, 0.9998781862298324], [0.12829378519943158, 0.8717062148005684], [0.9999989121390792, 1.0878609208209224e-06], [0.18784371437465164, 0.8121562856253484], [0.9763698008794777, 0.023630199120522354], [0.00012549330755118326, 0.9998745066924488], [0.5126418540092792, 0.4873581459907208], [0.9997063822060065, 0.00029361779399349273], [0.9127418454399455, 0.08725815456005445], [0.9999999904917847, 9.508215303120343e-09], [0.009049637502428265, 0.9909503624975717], [2.2940807500204663e-05, 0.9999770591924998], [0.9339773569426434, 0.06602264305735658], [0.8424075822374103, 0.1575924177625897], [0.9782827858868526, 0.021717214113147462], [0.9991494309497887, 0.0008505690502113014], [0.9842311392772954, 0.015768860722704572], [0.020090815778806337, 0.9799091842211937], [0.3179566421221527, 0.6820433578778473], [0.999132049828599, 0.000867950171400905], [0.8302289977164903, 0.16977100228350978], [0.9999838967756657, 1.610322433433604e-05], [0.9997208149408041, 0.00027918505919586185], [0.999948568849119, 5.1431150881020354e-05], [0.9999486506418723, 5.134935812772593e-05], [0.05055394018131687, 0.9494460598186831], [0.99999485047041, 5.1495295899586415e-06], [0.9970399831682705, 0.002960016831729519], [0.9671613296422149, 0.032838670357785094], [0.7479898267250786, 0.25201017327492137], [0.9888119440336426, 0.011188055966357425], [0.021250285880418884, 0.9787497141195811], [0.03829722465575591, 0.9617027753442441], [0.9999999970527361, 2.947263861182388e-09], [0.03923773830826571, 0.9607622616917343], [3.688847343141788e-07, 0.9999996311152657], [0.9999997075471198, 2.924528802255294e-07], [1.2937078132102542e-06, 0.9999987062921868], [0.9235685724188087, 0.07643142758119123], [0.009437650295842537, 0.9905623497041575], [0.9983453172719328, 0.0016546827280671974], [0.8087900708517066, 0.19120992914829343], [0.6151839692639269, 0.384816030736073], [0.011001682582341687, 0.9889983174176583], [0.9999999999253176, 7.468236556414227e-11], [0.03611212627586535, 0.9638878737241346], [0.688353190529837, 0.31164680947016293], [0.0020107154992216048, 0.9979892845007784], [0.9679817013339335, 0.03201829866606655], [7.557059154006396e-07, 0.9999992442940846], [0.9999993551970751, 6.44802924968852e-07], [7.399880299630013e-07, 0.99999926001197], [0.002406346399926873, 0.9975936536000731], [0.9999226552332329, 7.734476676717856e-05], [0.0028092257997973658, 0.9971907742002026], [0.001687248461863855, 0.9983127515381361], [0.9999999993244325, 6.755675083617161e-10], [0.0008880335777701198, 