{"test": {"ids": ["655", "163", "530", "476", "514", "581", "218", "78", "702", "333", "50", "217", "694", "116", "606", "176", "698", "485", "440", "345", "104", "561", "426", "47", "311", "148", "94", "13", "455", "480", "118", "671", "15", "9", "315", "504", "364", "558", "246", "166", "154", "181", "183", "314", "179", "269", "608", "344", "593", "301", "658", "136", "115", "31", "12", "257", "62", "79", "347", "100", "351", "324", "522", "542", "424", "575", "11", "477", "661", "691", "331", "582", "121", "432", "109", "710", "17", "704", "49", "75", "525", "39", "588", "253", "286", "153", "401", "484", "222", "296", "341", "313", "409", "293", "609", "254", "519", "260", "332", "328", "647", "189", "135", "130", "526", "422", "583", "368", "157", "569", "394", "107", "24", "103", "7", "36", "106", "550", "352", "584", "117", "410", "152", "384", "41", "644", "521", "508", "397", "20", "533", "40", "325", "256", "185", "204", "638", "453", "589", "471", "402", "126", "637"], "labels": [0, 1, 1, 0, 0, 0, 0, 1, 1, 1, 0, 0, 1, 1, 0, 0, 1, 0, 1, 1, 0, 0, 1, 0, 0, 1, 0, 0, 0, 0, 1, 0, 0, 0, 0, 0, 1, 0, 1, 1, 1, 0, 0, 0, 0, 0, 0, 1, 0, 0, 0, 1, 1, 0, 0, 1, 1, 1, 1, 0, 1, 1, 1, 1, 1, 0, 0, 0, 0, 1, 1, 0, 1, 1, 1, 0, 1, 1, 0, 1, 1, 0, 0, 1, 0, 1, 1, 0, 0, 0, 1, 0, 1, 0, 0, 1, 1, 1, 1, 1, 0, 0, 1, 1, 1, 1, 0, 1, 1, 0, 1, 1, 0, 0, 0, 0, 1, 0, 1, 0, 1, 1, 1, 1, 0, 0, 1, 0, 1, 0, 1, 0, 1, 1, 0, 0, 0, 0, 0, 0, 1, 1, 0], "predicted_labels": [0, 1, 1, 0, 0, 0, 0, 0, 1, 1, 1, 0, 1, 1, 0, 0, 0, 1, 1, 1, 0, 0, 1, 1, 1, 1, 0, 0, 0, 0, 0, 0, 0, 0, 0, 0, 1, 0, 1, 1, 1, 0, 0, 0, 0, 0, 1, 1, 0, 0, 0, 1, 0, 1, 0, 1, 0, 0, 1, 0, 1, 1, 1, 1, 1, 0, 0, 0, 0, 0, 1, 0, 1, 0, 1, 0, 0, 1, 0, 1, 1, 1, 0, 0, 0, 0, 1, 1, 0, 0, 1, 0, 0, 0, 0, 0, 0, 1, 1, 1, 0, 0, 1, 1, 1, 0, 0, 1, 0, 0, 1, 1, 0, 0, 0, 0, 1, 0, 1, 0, 0, 1, 1, 1, 1, 0, 0, 0, 1, 0, 1, 0, 1, 1, 1, 0, 0, 0, 0, 0, 1, 1, 0], "confidence_scores": [[0.7754905192280569, 0.2245094807719429], [0.5, 0.5], [0.48832953053999156, 0.5116704694600083], [0.6450041761896338, 0.3549958238103661], [0.5235129961994652, 0.4764870038005346], [0.7357380984900396, 0.2642619015099604], [0.6861534645749071, 0.3138465354250928], [0.8458210509839995, 0.15417894901600054], [0.4841169683799932, 0.5158830316200068], [0.11920674524556027, 0.8807932547544399], [0.12830109040250504, 0.871698909597495], [0.9379007034843155, 0.06209929651568469], [0.25882581692331347, 0.7411741830766865], [0.33254976598844843, 0.6674502340115517], [0.824362188215186, 0.1756378117848138], [0.7018372775996016, 0.2981627224003984], [0.797364227561164, 0.20263577243883604], [0.4128541386936351, 0.5871458613063649], [0.4936348731288285, 0.5063651268711716], [0.5, 0.5], [0.7335809609572405, 0.26641903904275954], [0.81877654224657, 0.18122345775342974], [0.2644565796337712, 0.7355434203662288], [0.28497860304474526, 0.7150213969552549], [0.13877910109070823, 0.8612208989092917], [0.029856530325756074, 0.970143469674244], [0.6615627206486486, 0.3384372793513512], [0.5566662165427205, 0.44333378345727964], [0.9085417233652068, 0.09145827663479296], [0.7871841556368612, 0.2128158443631388], [0.5585602603500629, 0.441439739649937], [0.9662912040656761, 0.03370879593432393], [0.7086395566528767, 0.2913604433471236], [0.7692427931881797, 0.23075720681182046], [0.7354814495256919, 0.2645185504743083], [0.8311665478946972, 0.16883345210530276], [0.0976761300471816, 0.9023238699528183], [0.8666217194326701, 0.13337828056733012], [0.1775508318922791, 0.8224491681077212], [0.39030675035288376, 0.609693249647116], [0.36304796964902786, 0.6369520303509723], [0.8806453687996216, 0.1193546312003784], [0.5346890653503983, 0.4653109346496018], [0.753778828423315, 0.24622117157668522], [0.8754816436455202, 0.12451835635447989], [0.5778958556515055, 0.42210414434849464], [0.3619287424764433, 0.6380712575235566], [0.36908873994747293, 0.6309112600525272], [0.611552140348197, 0.38844785965180295], [0.8042872324686448, 0.19571276753135528], [0.9484993821338905, 0.051500617866109405], [0.18324745440747434, 0.8167525455925255], [0.6626080262833419, 0.337391973716658], [0.32801474280093507, 0.6719852571990652], [0.7654723225192892, 0.2345276774807106], [0.09774965044672006, 0.9022503495532799], [0.5620184294162703, 0.4379815705837295], [0.7492540694165128, 0.2507459305834873], [0.2010015729435957, 0.7989984270564046], [0.6525372875873486, 0.3474627124126514], [0.152490172621018, 0.8475098273789821], [0.19786375526670374, 0.8021362447332964], [0.2515913770219279, 0.7484086229780721], [0.37788695788606724, 0.6221130421139326], [0.2621861360846897, 0.7378138639153105], [0.9597318574226014, 0.04026814257739861], [0.6537207974277867, 0.3462792025722133], [0.6927963638734808, 0.30720363612651913], [0.683505388053254, 0.3164946119467458], [0.8239749077499998, 0.17602509225], [0.3641998545938876, 0.6358001454061123], [0.9332358739441149, 0.06676412605588519], [0.13858625042103703, 0.8614137495789631], [0.6657292495412054, 0.33427075045879473], [0.31602826928902855, 0.6839717307109714], [0.7842066971883955, 0.21579330281160453], [0.6937620707408689, 0.3062379292591312], [0.4798915538982848, 0.5201084461017154], [0.567591044196536, 0.43240895580346406], [0.36626544199326516, 0.6337345580067347], [0.5, 0.5], [0.41081820894587107, 0.5891817910541289], [0.7966035440342588, 0.2033964559657412], [0.6323272911159251, 0.3676727088840749], [0.7892717693670276, 0.21072823063297252], [0.6313398227722494, 0.3686601772277505], [0.40108323255179057, 0.5989167674482094], [0.18216562845156828, 0.8178343715484319], [0.7408039966462026, 0.2591960033537974], [0.6660927417060195, 0.3339072582939806], [0.1715872641924367, 0.8284127358075634], [0.807591620621124, 0.19240837937887598], [0.5131372434348818, 0.48686275656511807], [0.9788524810484431, 0.021147518951556823], [0.6867587302468144, 0.31324126975318567], [0.8947373706754215, 0.10526262932457858], [0.6005082675701894, 0.3994917324298105], [0.29089946489837404, 0.7091005351016259], [0.11830507944045318, 0.8816949205595468], [0.1664178392244077, 0.8335821607755923], [0.6354316419480794, 0.3645683580519206], [0.6324655452879913, 0.3675344547120087], [0.07486452651518669, 0.9251354734848134], [0.17759941403046828, 0.8224005859695319], [0.35313356706951954, 0.6468664329304803], [0.750636905501839, 0.2493630944981611], [0.8486376327982574, 0.15136236720174262], [0.13881812250954403, 0.8611818774904558], [0.7908131523401185, 0.2091868476598817], [0.5646495695075079, 0.4353504304924921], [0.5, 0.5], [0.29230793102421454, 0.7076920689757853], [0.7054179490601217, 0.2945820509398783], [0.7181028831214243, 0.2818971168785757], [0.6902624717891801, 0.30973752821081996], [0.9465918069732566, 0.05340819302674328], [0.37716386736945196, 0.6228361326305479], [0.8270208599143479, 0.1729791400856521], [0.17125681398955456, 0.8287431860104454], [0.8732001773226218, 0.12679982267737813], [0.6036618179670998, 0.39633818203290005], [0.1382792249654577, 0.8617207750345427], [0.2857030636489843, 0.7142969363510155], [0.3600339252144069, 0.639966074785593], [0.14770753602227082, 0.8522924639777291], [0.7032533752182266, 0.2967466247817736], [0.7078019899874539, 0.29219801001254614], [0.7558837068684126, 0.24411629313158745], [0.40930677651331626, 0.5906932234866837], [0.8565702476779058, 0.14342975232209423], [0.4570940493518585, 0.5429059506481416], [0.6710284000740132, 0.32897159992598696], [0.4172227577619956, 0.5827772422380043], [0.3069016612399043, 0.6930983387600957], [0.46601368627083417, 0.5339863137291658], [0.7440422326163635, 0.25595776738363674], [0.8754305237518927, 0.1245694762481072], [0.9658179380207983, 0.034182061979201726], [0.7709940075632377, 0.22900599243676228], [0.6374113178220713, 0.3625886821779289], [0.2975340770489931, 0.7024659229510067], [0.4516668052818198, 0.5483331947181802], [0.5903857829606662, 0.4096142170393336]]},