{"test": {"ids": ["238", "27", "66", "408", "175", "118", "46", "501", "43", "14", "483", "675", "496", "666", "630", "644", "542", "112", "503", "5", "497", "297", "24", "50", "648", "674", "116", "641", "150", "417", "211", "199", "597", "106", "393", "638", "361", "558", "353", "610", "86", "621", "456", "194", "278", "579", "599", "645", "606", "301", "346", "90", "636", "700", "664", "26", "48", "218", "631", "612", "568", "273", "135", "549", "34", "498", "406", "690", "70", "111", "312", "160", "61", "282", "274", "626", "318", "523", "629", "604", "89", "104", "455", "268", "681", "561", "405", "371", "530", "560", "266", "75", "359", "448", "257", "427", "163", "635", "119", "325", "324", "229", "396", "671", "261", "212", "161", "391", "650", "283", "440", "687", "76", "366", "115", "437", "432", "531", "611", "508", "468", "192", "18", "351", "516", "581", "435", "699", "151", "145", "138", "362", "310", "6", "84", "554", "365", "627", "196", "141", "562", "267", "223"], "labels": [0, 0, 0, 1, 0, 1, 0, 0, 0, 1, 0, 1, 1, 1, 1, 1, 1, 1, 0, 1, 0, 0, 0, 0, 1, 1, 1, 1, 1, 1, 0, 0, 0, 1, 1, 1, 1, 0, 1, 0, 0, 1, 0, 0, 0, 0, 0, 1, 0, 0, 1, 1, 0, 1, 1, 0, 0, 0, 0, 0, 0, 0, 1, 0, 0, 0, 1, 1, 0, 1, 0, 1, 0, 0, 0, 1, 0, 1, 1, 0, 1, 1, 0, 0, 1, 0, 1, 1, 0, 0, 0, 0, 1, 0, 0, 1, 1, 0, 1, 1, 1, 0, 1, 1, 0, 0, 1, 1, 1, 0, 1, 0, 0, 1, 1, 1, 1, 0, 0, 0, 0, 0, 0, 1, 1, 0, 1, 1, 1, 1, 1, 1, 0, 1, 1, 1, 1, 1, 0, 1, 0, 0, 0], "predicted_labels": [0, 0, 0, 0, 0, 1, 1, 0, 0, 0, 1, 0, 0, 1, 1, 1, 1, 0, 0, 1, 0, 0, 1, 1, 1, 0, 1, 1, 0, 1, 0, 0, 0, 1, 1, 0, 0, 0, 1, 0, 0, 0, 0, 0, 0, 0, 1, 0, 0, 0, 0, 0, 0, 1, 0, 1, 0, 0, 1, 0, 1, 1, 1, 1, 0, 0, 1, 1, 0, 1, 0, 1, 1, 0, 0, 0, 0, 1, 1, 0, 0, 0, 0, 0, 0, 0, 1, 1, 1, 0, 0, 1, 1, 1, 1, 1, 1, 0, 0, 1, 1, 0, 1, 0, 1, 0, 1, 1, 1, 0, 0, 0, 0, 1, 0, 1, 0, 0, 0, 0, 0, 0, 0, 1, 1, 0, 1, 1, 1, 1, 1, 1, 0, 0, 1, 0, 1, 1, 1, 1, 0, 0, 0], "confidence_scores": [[0.8325921775592826, 0.16740782244071714], [0.5351713716838716, 0.46482862831612837], [0.5658734810511128, 0.4341265189488875], [0.5007283835445602, 0.4992716164554398], [0.8039299173049175, 0.1960700826950826], [0.3690852386992092, 0.6309147613007907], [0.4538163949520962, 0.5461836050479039], [0.6220066563553407, 0.3779933436446595], [0.5347428058053055, 0.4652571941946944], [0.5265409102636269, 0.4734590897363731], [0.4499936991113461, 0.5500063008886538], [0.5597583874458875, 0.4402416125541126], [0.540746295371295, 0.45925370462870496], [0.44554913142413144, 0.5544508685758686], [0.4930791259179418, 0.5069208740820583], [0.49913145188145186, 0.5008685481185481], [0.44277158806106165, 0.5572284119389382], [0.5797548701298701, 0.42024512987012985], [0.5676718787069607, 0.43232812129303916], [0.42270301920301934, 0.5772969807969808], [0.7369748576586814, 0.26302514234131885], [0.6505414565010154, 0.3494585434989847], [0.4205596417471418, 0.5794403582528583], [0.4568062716904249, 0.543193728309575], [0.43047389171286204, 0.5695261082871379], [0.6075587329337327, 0.39244126706626714], [0.4804229797979799, 0.5195770202020201], [0.42825036075036066, 0.5717496392496393], [0.5489801693676694, 0.4510198306323307], [0.47677714424521694, 0.5232228557547832], [0.6236094824293353, 0.3763905175706648], [0.6711869588744588, 0.32881304112554105], [0.6345530303030301, 0.36544696969696994], [0.45604776473526487, 0.5439522352647351], [0.4840680034834446, 0.5159319965165554], [0.7082027139527137, 0.2917972860472861], [0.6048131219915275, 0.3951868780084723], [0.7042953409894197, 0.29570465901058013], [0.2945512555077774, 0.7054487444922231], [0.5598944279404805, 0.44010557205951933], [0.547141137457314, 0.45285886254268604], [0.7045278263403263, 0.29547217365967365], [0.5379710775335778, 0.46202892246642235], [0.5050136183261185, 0.49498638167388165], [0.6771931463144696, 0.3228068536855301], [0.6027725644238804, 0.3972274355761199], [0.42650908813408805, 0.5734909118659118], [0.5273022720313741, 0.4726977279686259], [0.6849575085861851, 0.3150424914138149], [0.7352807339719104, 0.2647192660280896], [0.5368942626468372, 0.4631057373531629], [0.5017074873226189, 0.498292512677381], [0.5574704115329115, 0.44252958846708845], [0.4793172938172939, 0.5206827061827061], [0.6146539432789433, 0.3853460567210567], [0.4749337259962259, 0.5250662740037741], [0.5768902498467714, 0.4231097501532286], [0.6705283836820216, 0.32947161631797867], [0.482157085969586, 0.517842914030414], [0.5109808247308248, 0.4890191752691752], [0.4889295051353876, 0.5110704948646124], [0.48027504766475354, 0.5197249523352463], [0.268793543058249, 0.7312064569417512], [0.3662510738530474, 0.6337489261469524], [0.6311177323765559, 0.3688822676234443], [0.7553921919583683, 0.24460780804163157], [0.4689575635707601, 0.53104243642924], [0.43349704783663784, 0.5665029521633622], [0.5022039594392536, 0.49779604056074644], [0.4641293768366139, 0.5358706231633862], [0.5708010461760462, 0.4291989538239537], [0.3126746747404643, 0.6873253252595356], [0.49942656148461095, 0.500573438515389], [0.6555813834857951, 0.34441861651420475], [0.5524352730602731, 0.44756472693972676], [0.5496405677655677, 0.45035943223443214], [0.6156236194361193, 0.38437638056388046], [0.45360683899433896, 0.5463931610056608], [0.2850621169765906, 0.7149378830234093], [0.6661143994893993, 0.33388560051060046], [0.5379680527805527, 0.4620319472194472], [0.5129025002775002, 0.4870974997224997], [0.824355481506797, 0.1756445184932027], [0.6732941988566985, 0.32670580114330117], [0.5156343184593183, 0.4843656815406817], [0.6655839062897887, 0.33441609371021136], [0.39271660284160265, 0.6072833971583974], [0.34373488171185557, 0.6562651182881445], [0.47439453112247243, 0.5256054688775276], [0.7357767440892441, 0.264223255910756], [0.7790168650793649, 0.2209831349206349], [0.40472144357134776, 0.5952785564286522], [0.38621585359085375, 0.6137841464091466], [0.43496607314254393, 0.5650339268574561], [0.4818452304274672, 0.5181547695725329], [0.42604359692594973, 0.5739564030740503], [0.3410786870078666, 0.6589213129921334], [0.5668058012249186, 0.4331941987750813], [0.5954629259629258, 0.4045370740370741], [0.3639486888492896, 0.6360513111507106], [0.43528867087019285, 0.564711329129807], [0.5185887445887444, 0.48141125541125546], [0.4677849185128599, 0.53221508148714], [0.53094585969586, 0.46905414030413994], [0.3087783519584992, 0.6912216480415013], [0.6356965934392406, 0.3643034065607595], [0.4509855316252376, 0.5490144683747624], [0.40323235618011166, 0.5967676438198883], [0.4909816384595795, 0.5090183615404206], [0.5850668706293707, 0.4149331293706293], [0.5851014410426175, 0.4148985589573824], [0.6597095324266375, 0.34029046757336245], [0.5201156135531135, 0.4798843864468866], [0.4034576563142742, 0.5965423436857258], [0.5848677515295161, 0.4151322484704837], [0.4270006937506938, 0.5729993062493061], [0.508591960305776, 0.4914080396942239], [0.7050773768714944, 0.2949226231285056], [0.6946213621904411, 0.30537863780955893], [0.701348856187672, 0.298651143812328], [0.7805758506199677, 0.21942414938003174], [0.7628022451404805, 0.23719775485951955], [0.5568785813859343, 0.4431214186140657], [0.29903343878343885, 0.7009665612165611], [0.42194078062460433, 0.5780592193753956], [0.6712667193917194, 0.32873328060828066], [0.4816223082473082, 0.5183776917526918], [0.43863902208902183, 0.5613609779109782], [0.46822365461336046, 0.5317763453866395], [0.4552946253093312, 0.544705374690669], [0.4659629869399604, 0.5340370130600397], [0.2921289821289823, 0.7078710178710179], [0.6500148532023527, 0.3499851467976468], [0.5214441322566321, 0.4785558677433677], [0.35098222610722624, 0.6490177738927738], [0.6741904631316396, 0.32580953686836045], [0.3262974835621895, 0.6737025164378104], [0.2728449605949606, 0.7271550394050393], [0.45296927794857345, 0.5470307220514266], [0.3605097290909982, 0.6394902709090017], [0.767170593295593, 0.23282940670440666], [0.5275605572546361, 0.472439442745364], [0.8907498543123542, 0.10925014568764566]]},