{"test": {"ids": ["153", "574", "9", "37", "332", "52", "215", "222", "308", "505", "262", "480", "537", "318", "169", "129", "171", "708", "131", "320", "63", "585", "93", "178", "57", "190", "225", "556", "81", "102", "326", "524", "638", "403", "183", "528", "497", "188", "550", "294", "532", "418", "676", "145", "331", "136", "502", "507", "630", "407", "191", "683", "512", "488", "543", "327", "217", "567", "639", "392", "54", "193", "687", "23", "684", "487", "272", "431", "656", "182", "398", "127", "243", "337", "14", "500", "520", "698", "702", "529", "704", "427", "176", "160", "423", "486", "511", "477", "279", "266", "601", "560", "689", "440", "42", "420", "385", "692", "343", "177", "239", "45", "549", "490", "597", "445", "442", "459", "390", "624", "256", "540", "207", "157"], "labels": [1, 0, 1, 1, 1, 0, 0, 0, 0, 0, 0, 0, 0, 0, 1, 1, 1, 1, 1, 0, 0, 0, 1, 0, 0, 0, 0, 0, 1, 1, 1, 1, 1, 1, 0, 0, 0, 0, 0, 0, 0, 1, 1, 1, 1, 1, 0, 0, 1, 1, 0, 1, 0, 0, 1, 1, 0, 0, 1, 1, 0, 0, 0, 0, 1, 0, 0, 1, 1, 0, 1, 1, 0, 1, 1, 0, 1, 1, 1, 0, 1, 1, 0, 1, 1, 0, 0, 0, 0, 0, 0, 0, 1, 1, 0, 1, 1, 1, 1, 0, 0, 0, 0, 0, 0, 0, 1, 0, 1, 1, 0, 0, 0, 1], "predicted_labels": [1, 1, 0, 0, 1, 1, 0, 0, 0, 1, 0, 1, 0, 0, 1, 1, 0, 1, 0, 0, 1, 0, 0, 0, 0, 0, 0, 0, 1, 1, 1, 0, 0, 1, 0, 0, 0, 0, 0, 0, 0, 1, 1, 0, 0, 1, 1, 0, 1, 1, 1, 0, 0, 1, 1, 0, 0, 0, 1, 0, 1, 1, 0, 0, 0, 0, 0, 1, 0, 0, 0, 1, 1, 0, 0, 1, 0, 1, 1, 0, 1, 1, 1, 1, 1, 1, 0, 0, 1, 0, 1, 1, 1, 1, 1, 1, 1, 0, 1, 0, 0, 1, 0, 0, 1, 0, 1, 0, 0, 1, 1, 0, 0, 1], "confidence_scores": [[0.5, 0.5], [0.4947315102282195, 0.5052684897717805], [0.7699993838550612, 0.23000061614493905], [0.7298434011084493, 0.27015659889155064], [0.4789414329977542, 0.5210585670022458], [0.3865000729528609, 0.6134999270471391], [0.6057524359223934, 0.3942475640776066], [0.7673840744235214, 0.23261592557647875], [0.6998221060993725, 0.3001778939006277], [0.3847273662466004, 0.6152726337533995], [0.6893679101981017, 0.31063208980189816], [0.5, 0.5], [0.5185441058558395, 0.4814558941441603], [0.8096617172745876, 0.19033828272541237], [0.3056999578282407, 0.6943000421717593], [0.3708499020308985, 0.6291500979691016], [0.7957578438923559, 0.2042421561076443], [0.5103609101943226, 0.4896390898056774], [0.6333024692119346, 0.3666975307880654], [0.5444535599133443, 0.45554644008665574], [0.37051044122315246, 0.6294895587768475], [0.7114439095514333, 0.28855609044856656], [0.5863815564828665, 0.4136184435171334], [0.7964567761358923, 0.2035432238641075], [0.5972580613585261, 0.40274193864147395], [0.5778174627072785, 0.4221825372927215], [0.6548607037745398, 0.3451392962254602], [0.7555583041719139, 0.24444169582808623], [0.45830785695539583, 0.5416921430446042], [0.45411096957740205, 0.545889030422598], [0.3940911848586692, 0.6059088151413307], [0.6615888257351475, 0.33841117426485245], [0.740685200937544, 0.2593147990624557], [0.4769446007685662, 0.5230553992314337], [0.7108778892472919, 0.28912211075270816], [0.5949256755725381, 0.40507432442746205], [0.7561954674425295, 0.24380453255747064], [0.6265270621555521, 0.373472937844448], [0.676550986581739, 0.3234490134182612], [0.5276458388361785, 0.47235416116382145], [0.5590909913082098, 0.4409090086917902], [0.36278684185661864, 0.6372131581433813], [0.4410729718068897, 0.5589270281931105], [0.5720678431393429, 0.427932156860657], [0.6120670743290535, 0.38793292567094656], [0.3635593237376472, 0.6364406762623528], [0.26687020394067684, 0.7331297960593232], [0.649573556591102, 0.3504264434088979], [0.37317856932417903, 0.626821430675821], [0.3925028564174193, 0.6074971435825807], [0.4080576292001307, 0.5919423707998691], [0.5689100865041573, 0.4310899134958426], [0.6139091767696566, 0.3860908232303434], [0.46171235306107483, 0.5382876469389252], [0.4335664566715859, 0.5664335433284141], [0.7435218681342239, 0.2564781318657761], [0.7286579852654095, 0.27134201473459085], [0.517394491842369, 0.48260550815763137], [0.4744372594216255, 0.5255627405783745], [0.5861098379740367, 0.4138901620259633], [0.33715193079817796, 0.6628480692018219], [0.3694064087799552, 0.6305935912200448], [0.7119076671751199, 0.2880923328248803], [0.6117870521507687, 0.3882129478492312], [0.6532165271453528, 0.3467834728546471], [0.5517379124914543, 0.44826208750854557], [0.7071376000328187, 0.29286239996718144], [0.3528154808031096, 0.6471845191968902], [0.5222177531169506, 0.4777822468830493], [0.5812988814619419, 0.4187011185380581], [0.64059885730911, 0.3594011426908898], [0.4944658123923611, 0.5055341876076389], [0.38245594903804864, 0.6175440509619513], [0.5327739528620571, 0.46722604713794286], [0.5469799157287065, 0.4530200842712935], [0.37636194795289596, 0.6236380520471041], [0.5176136788818518, 0.48238632111814816], [0.42751501605362835, 0.5724849839463716], [0.43938718391745635, 0.5606128160825437], [0.682123670208631, 0.3178763297913691], [0.3669008956523875, 0.6330991043476125], [0.35351852439385834, 0.6464814756061417], [0.41381834534583145, 0.5861816546541685], [0.19344289146148375, 0.8065571085385165], [0.44129213215151014, 0.5587078678484899], [0.2947390431831349, 0.705260956816865], [0.722099311105659, 0.27790068889434116], [0.6050096651667473, 0.39499033483325274], [0.43549419492928265, 0.5645058050707175], [0.6683087670617155, 0.33169123293828445], [0.3271513234226562, 0.6728486765773438], [0.40477449746826655, 0.5952255025317333], [0.4830492015724217, 0.5169507984275781], [0.456097698748953, 0.543902301251047], [0.16072129452595893, 0.8392787054740412], [0.5054256693210818, 0.4945743306789182], [0.3784248666854043, 0.6215751333145958], [0.5410396789812051, 0.45896032101879475], [0.44970995949006054, 0.5502900405099392], [0.6271466086996171, 0.3728533913003829], [0.5719845771858005, 0.42801542281419963], [0.31955372037315605, 0.680446279626844], [0.7415267364113252, 0.25847326358867495], [0.724180192381125, 0.2758198076188751], [0.47002325112402565, 0.5299767488759742], [0.6041444320279368, 0.3958555679720632], [0.36129456932688425, 0.6387054306731158], [0.6653873356937583, 0.33461266430624176], [0.569642969890487, 0.4303570301095131], [0.46804649782889224, 0.5319535021711077], [0.3433389648051301, 0.6566610351948697], [0.6117955319604317, 0.3882044680395682], [0.7063806045181527, 0.29361939548184746], [0.44360694086517016, 0.5563930591348298]]}, "rewritten": {"ids": ["9", "14", "23", "37", "42", "45", "52", "54", "57", "63", "81", "93", "102", "127", "129", "131", "136", "145", "153", "157", "160", "169", "171", "176", "177", "178", "182", "183", "188", "190", "191", "193", "207", "215", "217", "222", "225", "239", "243", "256", "262", "266", "272", "279", "294", "308", "318", "320", "326", "327", "331", "332", "337", "343", "385", "390", "392", "398", "403", "407", "418", "420", "423", "427", "431", "440", "442", "445", "459", "477", "480", "486", "487", "488", "490", "497", "500", "502", "505", "507", "511", "512", "520", "524", "528", "529", "532", "537", "540", "543", "549", "550", "556", "560", "567", "574", "585", "597", "601", "624", "630", "638", "639", "656", "676", "683", "684", "687", "689", "692", "698", "702", "704", "708"], "labels": [1, 1, 0, 1, 0, 0, 0, 0, 0, 0, 1, 1, 1, 1, 1, 1, 1, 1, 1, 1, 1, 1, 1, 0, 0, 0, 0, 0, 0, 0, 0, 0, 0, 0, 0, 0, 0, 0, 0, 0, 0, 0, 0, 0, 0, 0, 0, 0, 1, 1, 1, 1, 1, 1, 1, 1, 1, 1, 1, 1, 1, 1, 1, 1, 1, 1, 1, 0, 0, 0, 0, 0, 0, 0, 0, 0, 0, 0, 0, 0, 0, 0, 1, 1, 0, 0, 0, 0, 0, 1, 0, 0, 0, 0, 0, 0, 0, 0, 0, 1, 1, 1, 1, 1, 1, 1, 1, 0, 1, 1, 1, 1, 1, 1], "predicted_labels": [0, 0, 0, 1, 1, 1, 1, 1, 0, 0, 1, 0, 1, 0, 0, 0, 0, 0, 0, 1, 1, 0, 0, 1, 0, 0, 0, 0, 0, 0, 0, 0, 0, 0, 0, 0, 0, 0, 0, 1, 0, 0, 0, 0, 0, 0, 0, 0, 0, 0, 0, 1, 1, 1, 0, 0, 1, 0, 0, 1, 1, 0, 1, 0, 1, 0, 0, 0, 0, 0, 0, 1, 1, 1, 0, 0, 0, 1, 0, 0, 0, 0, 1, 0, 0, 0, 0, 0, 0, 0, 0, 0, 0, 0, 0, 0, 0, 0, 0, 0, 1, 0, 0, 0, 0, 0, 0, 0, 0, 0, 0, 1, 0, 0],