{"test": {"ids": ["176", "270", "586", "324", "8", "223", "366", "303", "480", "144", "349", "535", "280", "174", "43", "161", "177", "420", "15", "240", "72", "381", "64", "110", "90", "513", "211", "132", "247", "16", "335", "669", "352", "485", "591", "632", "180", "683", "17", "651", "508", "511", "621", "207", "178", "456", "244", "27", "292", "462", "19", "183", "131", "450", "677", "151", "150", "47", "344", "387", "91", "189", "82", "213", "58", "215", "569", "321", "546", "388", "583", "187", "11", "692", "50", "533", "143", "79", "405", "181", "431", "506", "640", "196", "417", "355", "285", "582", "6", "135", "322", "392", "645", "661", "121", "252", "550", "294", "540", "601", "496", "25", "580", "56", "437", "363", "407", "447", "402", "70", "257", "629", "409", "353", "573", "369", "118", "449", "471", "527", "396", "618", "557", "198", "481", "113", "312", "473", "28", "78", "509", "100", "542", "704", "0", "115", "676", "465", "210", "356", "318", "160", "641"], "labels": [0, 0, 0, 1, 1, 0, 1, 0, 0, 1, 1, 0, 0, 0, 0, 1, 0, 1, 1, 0, 0, 1, 0, 1, 1, 0, 0, 1, 0, 1, 1, 1, 1, 0, 0, 0, 0, 1, 1, 1, 0, 0, 1, 0, 0, 0, 0, 0, 0, 0, 0, 0, 1, 0, 1, 1, 1, 0, 1, 1, 1, 0, 1, 0, 0, 0, 0, 0, 0, 1, 0, 0, 1, 1, 0, 0, 1, 0, 1, 0, 1, 0, 1, 0, 1, 1, 0, 0, 1, 1, 0, 1, 1, 1, 1, 1, 0, 0, 0, 0, 1, 0, 0, 0, 1, 1, 1, 0, 1, 0, 0, 1, 1, 1, 0, 1, 1, 0, 0, 0, 1, 0, 0, 0, 0, 1, 0, 0, 0, 0, 0, 1, 1, 1, 1, 1, 1, 0, 0, 1, 0, 1, 1], "predicted_labels": [1, 0, 1, 1, 0, 0, 1, 0, 0, 1, 1, 1, 0, 0, 1, 0, 0, 1, 0, 0, 0, 0, 1, 0, 1, 0, 0, 1, 1, 1, 1, 0, 1, 0, 1, 1, 0, 1, 0, 1, 0, 0, 0, 0, 0, 0, 0, 0, 0, 1, 0, 0, 0, 0, 0, 1, 1, 1, 0, 0, 0, 0, 0, 0, 0, 0, 0, 0, 1, 0, 0, 0, 0, 1, 1, 0, 0, 1, 1, 0, 1, 0, 0, 1, 1, 0, 0, 0, 1, 1, 0, 1, 1, 1, 1, 1, 0, 0, 1, 0, 0, 1, 0, 0, 1, 1, 0, 0, 0, 1, 1, 1, 0, 1, 0, 1, 0, 0, 0, 0, 1, 1, 0, 0, 0, 0, 1, 0, 1, 0, 0, 1, 1, 1, 1, 0, 0, 0, 0, 1, 0, 1, 1], "confidence_scores": [[0.44370883969196306, 0.556291160308037], [0.5893307007320162, 0.4106692992679838], [0.38041946248196257, 0.6195805375180375], [0.40832306479210495, 0.5916769352078949], [0.5853480326862678, 0.41465196731373205], [0.9066824425574426, 0.09331755744255743], [0.33728800828800837, 0.6627119917119917], [0.539882964559595, 0.46011703544040494], [0.7004825680855091, 0.2995174319144907], [0.3139618860671492, 0.6860381139328507], [0.3378496746201855, 0.6621503253798143], [0.4966659998498234, 0.5033340001501766], [0.792017316017316, 0.20798268398268394], [0.7063306472938824, 0.2936693527061176], [0.3870499292374294, 0.6129500707625706], [0.5061799242424242, 0.49382007575757586], [0.6291322843822842, 0.3708677156177157], [0.37063877809609075, 0.6293612219039092], [0.5696344974469972, 0.43036550255300254], [0.696753307150366, 0.30324669284963396], [0.6141050799690506, 0.38589492003094944], [0.5243675776837544, 0.4756324223162458], [0.3955400053163211, 0.6044599946836788], [0.6871491335461922, 0.31285086645380766], [0.4836964955334522, 0.5163035044665478], [0.5143824951050655, 0.4856175048949345], [0.6408976140818244, 0.35910238591817545], [0.3015411892029541, 0.6984588107970461], [0.4652917707292709, 0.5347082292707291], [0.3875045288594387, 0.612495471140561], [0.3164853030955973, 0.6835146969044027], [0.5817833743054333, 0.41821662569456663], [0.38437268042415107, 0.615627319575849], [0.6296592364463881, 0.37034076355361173], [0.4652961621711624, 0.5347038378288377], [0.48540692640692645, 0.5145930735930735], [0.7077419802419803, 0.29225801975801974], [0.48351744475854375, 0.5164825552414563], [0.5922387986054867, 0.40776120139451344], [0.4138862942612944, 0.5861137057387055], [0.7829454018204018, 0.21705459817959813], [0.5312587834851767, 0.4687412165148233], [0.722950715950716, 0.2770492840492841], [0.7298451605583957, 0.2701548394416041], [0.7676063035616807, 0.2323936964383188], [0.5646774544899543, 0.4353225455100455], [0.792671402943462, 0.20732859705653822], [0.5395399720678359, 0.4604600279321641], [0.6653824300699298, 0.3346175699300699], [0.4985510637023795, 0.5014489362976206], [0.607067053453083, 0.3929329465469171], [0.6322800802139037, 0.3677199197860962], [0.5127040875790875, 0.4872959124209126], [0.583481462981463, 0.4165185370185368], [0.5059022574647577, 0.49409774253524225], [0.44006032856032873, 0.5599396714396714], [0.36654680246224375, 0.6334531975377564], [0.36655007286315344, 0.6334499271368466], [0.5214930984549792, 0.47850690154502096], [0.5093787316484686, 0.49062126835153136], [0.7044374551102492, 0.29556254488975087], [0.646457264957265, 0.3535427350427352], [0.6225796246237423, 0.3774203753762578], [0.6609335582717938, 0.33906644172820627], [0.6026951502603676, 0.3973048497396323], [0.6522234684390259, 0.3477765315609742], [0.5197423939374068, 0.4802576060625931], [0.6430732600732603, 0.3569267399267402], [0.42037734487734474, 0.5796226551226551], [0.6366672841047841, 0.3633327158952158], [0.6257817832752043, 0.3742182167247957], [0.6467619047619049, 0.35323809523809524], [0.5519033568135397, 0.4480966431864602], [0.3782274304642725, 0.6217725695357275], [0.43359709406091, 0.5664029059390903], [0.5666582256901946, 0.4333417743098053], [0.526952847805789, 0.47304715219421106], [0.4720749594608289, 0.5279250405391711], [0.4038474966725741, 0.5961525033274256], [0.8802252469752467, 0.11977475302475302], [0.34235123332549816, 0.6576487666745021], [0.535894431548843, 0.464105568451157], [0.6683770257520254, 0.3316229742479741], [0.43936184575658244, 0.5606381542434175], [0.35713657380201497, 0.6428634261979851], [0.5134359459984461, 0.48656405400155395], [0.8148838456229762, 0.1851161543770238], [0.6892447413697411, 0.31075525863025866], [0.4259182204319589, 0.5740817795680411], [0.19838444647140296, 0.8016155535285969], [0.7963112622530727, 0.20368873774692745], [0.40182674678262914, 0.5981732532173708], [0.39521825396825405, 0.6047817460317458], [0.42830444651966404, 0.5716955534803361], [0.25288085525585524, 0.7471191447441451], [0.4842847777222778, 0.5157152222777222], [0.7105775890775891, 0.28942241092241106], [0.7571857170607171, 0.242814282939283], [0.4666054860882226, 0.5333945139117774], [0.7120527764718939, 0.2879472235281058], [0.615641839885261, 0.3843581601147391], [0.3791617491985139, 0.6208382508014861], [0.5158424769674771, 0.484157523032523], [0.5955025853775855, 0.40449741462241456], [0.37145910536607474, 0.6285408946339254], [0.24653406109714163, 0.7534659389028583], [0.6650098261451237, 0.33499017385487634], [0.6340194388944389, 0.3659805611055611], [0.5313105790193637, 0.46868942098063615], [0.35280121632753214, 0.6471987836724677], [0.4552510247105836, 0.5447489752894162], [0.2513358932733933, 0.7486641067266068], [0.5786012160643759, 0.42139878393562413], [0.25686457292707304, 0.7431354270729267], [0.7405159331409328, 0.25948406685906683], [0.3273901724994992, 0.6726098275005009], [0.5772472666222666, 0.42275273337773345], [0.5779439408630583, 0.42205605913694155], [0.6930712065712064, 0.3069287934287934], [0.5293380598869729, 0.47066194011302714], [0.3268479821906679, 0.6731520178093321], [0.48292505622396936, 0.5170749437760307], [0.7261497177143458, 0.27385028228565383], [0.5853503090047208, 0.41464969099527915], [0.5254783475253678, 0.4745216524746322], [0.6452007575757576, 0.3547992424242425], [0.4911616577866578, 0.5088383422133421], [0.536274155582979, 0.46372584441702086], [0.45606326516620627, 0.5439367348337936], [0.6371045898545897, 0.3628954101454101], [0.7204496353319881, 0.2795503646680117], [0.45578806684577133, 0.5442119331542288], [0.42467462654304766, 0.5753253734569524], [0.44297872960372986, 0.5570212703962703], [0.4179142422120363, 0.5820857577879635], [0.5783354631479631, 0.42166453685203686], [0.5205175380175381, 0.479482461982462], [0.6637574508824509, 0.3362425491175491], [0.7339024439612676, 0.2660975560387325], [0.29454487179487177, 0.705455128205128], [0.6963730505605507, 0.3036269494394494], [0.21292595598845604, 0.787074044011544], [0.45650516150516135, 0.5434948384948386]]}}