{"test": {"ids": ["103", "518", "239", "233", "246", "30", "238", "449", "160", "242", "45", "592", "339", "293", "313", "81", "202", "224", "91", "67", "271", "497", "188", "546", "525", "82", "337", "403", "323", "405", "561", "455", "111", "142", "153", "240", "38", "450", "527", "179", "7", "181", "582", "435", "20", "80", "417", "216", "413", "461", "214", "661", "530", "206", "215", "669", "352", "526", "355", "312", "663", "619", "90", "274", "193", "343", "706", "51", "60", "660", "143", "476", "486", "84", "96", "550", "648", "496", "267", "675", "10", "585", "292", "141", "268", "294", "25", "358", "321", "473", "145", "400", "428", "152", "394", "2", "488", "241", "543", "0", "62", "629", "367", "542", "52", "441", "412", "190", "305", "229", "302", "31", "16", "247", "144", "485", "186", "522", "621", "578", "284", "609", "366", "183", "83", "70", "379", "317", "39", "420", "697", "309", "605", "303", "59", "378", "625", "580", "388", "50", "507", "124", "674"], "labels": [0, 1, 0, 0, 1, 0, 0, 0, 1, 0, 0, 0, 1, 0, 0, 1, 0, 0, 0, 1, 0, 0, 0, 0, 1, 1, 1, 1, 0, 1, 0, 0, 1, 1, 1, 0, 0, 0, 1, 0, 0, 0, 0, 1, 0, 1, 1, 0, 1, 0, 0, 0, 1, 0, 0, 0, 1, 1, 1, 0, 0, 0, 0, 0, 0, 1, 1, 0, 1, 0, 1, 0, 0, 1, 0, 0, 0, 1, 0, 0, 0, 0, 0, 1, 0, 0, 0, 1, 0, 0, 1, 1, 1, 1, 1, 0, 0, 0, 1, 1, 1, 1, 1, 1, 0, 1, 1, 0, 0, 0, 0, 0, 1, 1, 1, 0, 0, 1, 1, 0, 0, 0, 1, 0, 1, 1, 1, 0, 0, 1, 1, 0, 0, 0, 1, 1, 1, 0, 1, 0, 0, 1, 0], "predicted_labels": [0, 1, 0, 0, 0, 0, 0, 0, 0, 0, 1, 0, 0, 0, 0, 1, 0, 0, 0, 0, 0, 0, 0, 0, 0, 1, 1, 1, 0, 0, 0, 0, 0, 1, 1, 0, 0, 0, 1, 0, 0, 0, 0, 0, 0, 1, 0, 0, 0, 0, 0, 0, 0, 0, 0, 0, 1, 0, 0, 0, 0, 0, 0, 0, 0, 1, 1, 1, 0, 0, 1, 0, 0, 0, 0, 0, 0, 0, 0, 0, 0, 0, 0, 1, 0, 0, 1, 1, 0, 0, 1, 0, 0, 1, 0, 0, 0, 0, 1, 0, 0, 1, 1, 0, 1, 0, 0, 1, 0, 0, 0, 1, 1, 1, 1, 0, 0, 1, 0, 0, 0, 0, 1, 0, 1, 0, 0, 0, 0, 0, 0, 0, 0, 0, 0, 1, 0, 0, 0, 0, 0, 0, 0], "confidence_scores": [[0.6228588773080094, 0.3771411226919905], [0.48305523346491785, 0.516944766535082], [0.5431175661772537, 0.45688243382274624], [0.5984589048630917, 0.40154109513690833], [0.5128891026095274, 0.48711089739047275], [0.6071508111221431, 0.39284918887785664], [0.6612726427987533, 0.3387273572012469], [0.6333271847640293, 0.36667281523597084], [0.5287411390350316, 0.4712588609649683], [0.694794066307035, 0.30520593369296495], [0.4637976497789641, 0.536202350221036], [0.659884525907637, 0.3401154740923628], [0.5620416972799569, 0.437958302720043], [0.5680622319646644, 0.43193776803533573], [0.5874936892581819, 0.41250631074181815], [0.4471050736420008, 0.5528949263579994], [0.7235101132236434, 0.2764898867763567], [0.6850714015875453, 0.3149285984124546], [0.6028639821161779, 0.39713601788382197], [0.5272281911641196, 0.4727718088358802], [0.6697029579702058, 0.3302970420297941], [0.6043858549290473, 0.395614145070953], [0.5857196853810839, 0.4142803146189161], [0.5972165740997746, 0.40278342590022503], [0.5436728082601417, 0.4563271917398581], [0.4582115320337329, 0.5417884679662669], [0.4787848542817304, 0.5212151457182695], [0.4526793425964785, 0.5473206574035215], [0.6300909612124823, 0.3699090387875178], [0.5459461928035086, 0.45405380719649113], [0.7232413956403846, 0.27675860435961536], [0.6756803619765162, 0.3243196380234835], [0.5638942613616602, 0.4361057386383401], [0.3838682393963682, 0.6161317606036317], [0.4706895374029346, 0.5293104625970652], [0.7111646761663653, 0.288835323833635], [0.5373453719465877, 0.46265462805341234], [0.6373577154939463, 0.36264228450605357], [0.4734463528703705, 0.5265536471296296], [0.5778133437912569, 0.42218665620874335], [0.5948998418502724, 0.4051001581497278], [0.6547391839082315, 0.3452608160917688], [0.6411564884499544, 0.3588435115500452], [0.5913456259729117, 0.4086543740270885], [0.5483365626705037, 0.45166343732949626], [0.4324658989720075, 0.5675341010279922], [0.5826448251230126, 0.41735517487698715], [0.6557887350132391, 0.34421126498676097], [0.5117484283389664, 0.4882515716610336], [0.6174734257422348, 0.38252657425776504], [0.6507767698817529, 0.3492232301182468], [0.6348594611869123, 0.3651405388130878], [0.5894608678163901, 0.41053913218361016], [0.7187971699296292, 0.281202830070371], [0.6561976074758108, 0.34380239252418915], [0.6076783065701905, 0.39232169342980944], [0.45809837827691097, 0.5419016217230891], [0.5566105267980991, 0.4433894732019011], [0.5329921276344125, 0.46700787236558755], [0.6073165471770489, 0.39268345282295114], [0.5271668671986856, 0.47283313280131484], [0.6720237078751774, 0.32797629212482254], [0.6021371628678329, 0.3978628371321672], [0.6821347795196185, 0.31786522048038146], [0.7191664012413586, 0.28083359875864167], [0.4028330787005078, 0.5971669212994927], [0.4889667895098478, 0.5110332104901523], [0.45892336667839423, 0.5410766333216058], [0.5289106601117182, 0.47108933988828194], [0.5023410280564751, 0.497658971943525], [0.4453997183959991, 0.5546002816040009], [0.6810354715111632, 0.31896452848883655], [0.5113213350253287, 0.48867866497467133], [0.5187143186869605, 0.4812856813130393], [0.610519564305134, 0.3894804356948664], [0.7029931456363967, 0.29700685436360363], [0.6033065896503691, 0.396693410349631], [0.6698021776944828, 0.33019782230551736], [0.6620696447108514, 0.3379303552891485], [0.6650734357135613, 0.33492656428643847], [0.6145157193777926, 0.3854842806222075], [0.5446522373028091, 0.45534776269719074], [0.5809030851147268, 0.4190969148852735], [0.4610103899097036, 0.5389896100902964], [0.6785273215427661, 0.32147267845723315], [0.6292846686663727, 0.37071533133362755], [0.48525008991121354, 0.5147499100887863], [0.48671863000108295, 0.5132813699989169], [0.5943798552833702, 0.40562014471662955], [0.5560895552178262, 0.44391044478217384], [0.431128251974681, 0.568871748025319], [0.6230772221956576, 0.37692277780434214], [0.5350410968303826, 0.4649589031696175], [0.3610510327635198, 0.63894896723648], [0.5511286807923054, 0.4488713192076945], [0.6085085336033578, 0.39149146639664206], [0.5343742760610116, 0.46562572393898827], [0.6080141527149426, 0.3919858472850574], [0.43156597478594005, 0.5684340252140598], [0.5713313927736908, 0.42866860722630923], [0.5907185441739947, 0.4092814558260045], [0.48509408012525196, 0.5149059198747482], [0.4464113236466898, 0.55358867635331], [0.5645793618247253, 0.43542063817527477], [0.4239694607137857, 0.5760305392862142], [0.6148914966677481, 0.3851085033322518], [0.6473441167348616, 0.3526558832651383], [0.48662755052756757, 0.5133724494724323], [0.6777418238842994, 0.32225817611570073], [0.5719912905500103, 0.42800870944998953], [0.5636593179761774, 0.43634068202382265], [0.48269584226595147, 0.5173041577340486], [0.4506055000724814, 0.5493944999275185], [0.47294539557933524, 0.5270546044206649], [0.47510401484331777, 0.5248959851566822], [0.626171413930098, 0.3738285860699019], [0.6379396706608386, 0.36206032933916127], [0.4227832276812694, 0.5772167723187308], [0.6279810189110996, 0.37201898108890014], [0.7557866076911166, 0.24421339230888323], [0.6755901636002166, 0.3244098363997833], [0.6550702877367479, 0.34492971226325225], [0.46652319329113345, 0.5334768067088665], [0.6027067156910654, 0.3972932843089348], [0.45883114071725195, 0.5411688592827485], [0.5768662208292425, 0.42313377917075773], [0.5007826107311988, 0.4992173892688012], [0.6301802340493352, 0.36981976595066485], [0.5117618537021965, 0.4882381462978035], [0.5583914296974116, 0.4416085703025882], [0.5313831262505591, 0.4686168737494407], [0.589110027342269, 0.410889972657731], [0.6176417413695843, 0.3823582586304161], [0.6793390767905378, 0.32066092320946216], [0.5414029120033113, 0.45859708799668875], [0.4469280245549644, 0.5530719754450358], [0.616529536846601, 0.38347046315339905], [0.6226854717044082, 0.37731452829559164], [0.5379272731255315, 0.46207272687446843], [0.5175513249249521, 0.48244867507504785], [0.5546574454410205, 0.4453425545589796], [0.5687273856217727, 0.4312726143782271], [0.5727635701760797, 0.4272364298239202]]},