{"test": {"ids": ["676", "61", "686", "374", "467", "187", "673", "430", "338", "131", "605", "420", "280", "199", "639", "592", "152", "360", "216", "348", "340", "497", "520", "446", "630", "259", "522", "273", "129", "270", "496", "484", "233", "405", "91", "350", "569", "36", "628", "664", "455", "111", "302", "351", "284", "322", "157", "185", "502", "171", "615", "33", "296", "556", "243", "653", "282", "312", "661", "76", "489", "288", "506", "263", "228", "701", "180", "394", "501", "12", "328", "333", "331", "493", "16", "88", "203", "654", "636", "83", "56", "262", "425", "509", "538", "536", "681", "192", "209", "103", "514", "22", "379", "624", "120", "542", "92", "365", "63", "227", "419", "382", "621", "670", "188", "438", "518", "104", "377", "458", "441", "281", "689", "44", "634", "236", "271", "318", "28", "590", "691", "313", "495", "41", "32", "389", "503", "58", "480", "42", "507", "128", "553", "444", "662", "98", "679", "251", "208", "431", "357", "471", "286"], "labels": [1, 0, 1, 0, 0, 0, 1, 1, 0, 1, 0, 1, 0, 0, 1, 0, 1, 0, 0, 0, 0, 0, 1, 0, 1, 0, 1, 0, 1, 0, 1, 0, 0, 1, 1, 0, 0, 1, 1, 1, 0, 1, 0, 0, 0, 0, 1, 0, 0, 1, 0, 0, 0, 0, 0, 1, 0, 0, 1, 0, 0, 0, 0, 0, 0, 1, 0, 1, 0, 1, 0, 0, 0, 1, 0, 1, 0, 1, 1, 0, 1, 0, 1, 0, 1, 1, 1, 0, 0, 1, 1, 0, 1, 1, 1, 1, 1, 0, 0, 0, 1, 0, 1, 1, 0, 1, 1, 1, 0, 0, 1, 0, 1, 1, 1, 0, 0, 0, 0, 0, 1, 0, 0, 1, 0, 1, 0, 1, 0, 1, 0, 1, 1, 0, 1, 1, 1, 1, 0, 1, 0, 0, 0], "predicted_labels": [0, 0, 0, 0, 1, 0, 0, 1, 0, 1, 0, 1, 0, 0, 0, 0, 1, 0, 0, 0, 0, 0, 0, 0, 1, 0, 0, 1, 1, 1, 1, 1, 0, 1, 0, 0, 0, 1, 0, 0, 0, 1, 0, 0, 0, 0, 0, 0, 0, 1, 0, 0, 1, 0, 0, 1, 0, 0, 1, 0, 1, 0, 1, 1, 0, 1, 0, 1, 0, 0, 0, 0, 0, 1, 1, 1, 0, 1, 1, 0, 0, 0, 1, 0, 1, 0, 0, 0, 0, 1, 0, 0, 0, 0, 1, 1, 1, 0, 1, 0, 1, 0, 0, 0, 0, 0, 0, 0, 0, 0, 0, 0, 1, 1, 1, 0, 0, 0, 1, 0, 1, 0, 1, 1, 0, 1, 0, 1, 1, 0, 1, 0, 0, 0, 0, 0, 1, 1, 0, 1, 0, 0, 0], "confidence_scores": [[0.5745561198998853, 0.42544388010011475], [0.523956817937532, 0.47604318206246804], [0.628475896997578, 0.37152410300242217], [0.561287836419294, 0.438712163580706], [0.4260106088302533, 0.5739893911697468], [0.6354142219833964, 0.36458577801660375], [0.5317566441213978, 0.46824335587860233], [0.43910729902425627, 0.5608927009757437], [0.5939030124723303, 0.40609698752767015], [0.4464700529712342, 0.5535299470287659], [0.5332896777793592, 0.4667103222206409], [0.4133591058736462, 0.5866408941263538], [0.6043194549639531, 0.39568054503604694], [0.6331808003512117, 0.36681919964878845], [0.6576674002923315, 0.34233259970766866], [0.5682144920022759, 0.4317855079977241], [0.41600363403152946, 0.5839963659684705], [0.6408802379478459, 0.35911976205215423], [0.6214849222985381, 0.378515077701462], [0.5384173532918757, 0.46158264670812443], [0.5966279745113807, 0.4033720254886192], [0.667282020960709, 0.33271797903929096], [0.5614845828067597, 0.43851541719324033], [0.5422577580155131, 0.45774224198448676], [0.467726941631593, 0.5322730583684069], [0.6402899273672751, 0.3597100726327249], [0.65670184502337, 0.34329815497662997], [0.41445918363485956, 0.5855408163651407], [0.3177531013979222, 0.6822468986020779], [0.41051969835493, 0.58948030164507], [0.49968575848007496, 0.5003142415199251], [0.3694346553049511, 0.6305653446950488], [0.5956756313102621, 0.4043243686897378], [0.4320046630343576, 0.5679953369656423], [0.634489831459608, 0.3655101685403918], [0.6333978840141987, 0.36660211598580134], [0.5871338486959476, 0.41286615130405224], [0.45788589651558664, 0.5421141034844134], [0.6214657762538577, 0.3785342237461423], [0.581272463428342, 0.41872753657165795], [0.7310557630742421, 0.2689442369257579], [0.45655535500805605, 0.5434446449919439], [0.6498349313547603, 0.35016506864523955], [0.5216138777688151, 0.47838612223118493], [0.5406214350635336, 0.45937856493646656], [0.6286141350814858, 0.3713858649185141], [0.5219191407503718, 0.4780808592496282], [0.6177128468354217, 0.3822871531645783], [0.5003134715566178, 0.4996865284433822], [0.4026282363559293, 0.5973717636440702], [0.627980551836618, 0.3720194481633819], [0.7355360870820203, 0.26446391291798], [0.45796960716871277, 0.5420303928312873], [0.6345008968958807, 0.36549910310411926], [0.7094351293615712, 0.290564870638429], [0.3228314653022283, 0.6771685346977716], [0.5859033431116296, 0.4140966568883705], [0.6198784936137978, 0.38012150638620235], [0.48446254895761226, 0.5155374510423877], [0.5746334444067042, 0.42536655559329595], [0.43432038588551203, 0.5656796141144881], [0.7331486703198764, 0.2668513296801238], [0.45118627988058513, 0.548813720119415], [0.4796043459800914, 0.5203956540199087], [0.7308647980394488, 0.2691352019605514], [0.4951649698181946, 0.5048350301818054], [0.7104068628461582, 0.2895931371538422], [0.44811597511171536, 0.5518840248882849], [0.5856829078265692, 0.4143170921734307], [0.5587974979342847, 0.44120250206571526], [0.7061446236338049, 0.2938553763661954], [0.5342143166577915, 0.4657856833422087], [0.6241114667052381, 0.37588853329476185], [0.3795474984345274, 0.6204525015654724], [0.39601736421931577, 0.6039826357806845], [0.38489199187955025, 0.6151080081204497], [0.6251721200110054, 0.3748278799889946], [0.3437187263562118, 0.6562812736437883], [0.4926407954397487, 0.5073592045602511], [0.5058353362501474, 0.49416466374985263], [0.5444677197394343, 0.45553228026056564], [0.6516050649049424, 0.34839493509505765], [0.4365830663142926, 0.5634169336857076], [0.6875429001816283, 0.3124570998183717], [0.40523345058468985, 0.5947665494153103], [0.5363560046744422, 0.4636439953255577], [0.5102207339129504, 0.4897792660870495], [0.7196383588156382, 0.280361641184362], [0.7140697222668938, 0.2859302777331065], [0.4586381318532784, 0.5413618681467214], [0.5526832774459787, 0.4473167225540212], [0.5394881634349094, 0.46051183656509065], [0.6024412610538995, 0.3975587389461005], [0.6019275623798848, 0.39807243762011524], [0.35675793710207643, 0.6432420628979234], [0.46496949651825686, 0.535030503481743], [0.4717134555068816, 0.5282865444931184], [0.5527635860813627, 0.44723641391863755], [0.4519164473697733, 0.5480835526302268], [0.734895873199316, 0.2651041268006837], [0.4701651255984502, 0.5298348744015497], [0.5466814664378241, 0.4533185335621759], [0.5850687709316501, 0.4149312290683499], [0.55340758062307, 0.4465924193769299], [0.6467362956815471, 0.3532637043184526], [0.5938209512638017, 0.40617904873619837], [0.5731074701520482, 0.42689252984795184], [0.5717326741387544, 0.4282673258612458], [0.5029857040598821, 0.4970142959401179], [0.5066013878377311, 0.4933986121622691], [0.5660749591272264, 0.43392504087277345], [0.6755574273737942, 0.3244425726262064], [0.41473060181623067, 0.5852693981837696], [0.3101753297079116, 0.6898246702920882], [0.4715880299080014, 0.5284119700919985], [0.7012632200945056, 0.2987367799054946], [0.7478905280123304, 0.2521094719876695], [0.6327617716888413, 0.36723822831115854], [0.49267407059521134, 0.5073259294047887], [0.7118890280692506, 0.2881109719307494], [0.46091004417116044, 0.5390899558288396], [0.6553711486274465, 0.34462885137255356], [0.33370481826851267, 0.6662951817314874], [0.48248241453867347, 0.5175175854613265], [0.6500978859686861, 0.34990211403131377], [0.44965279534330144, 0.5503472046566986], [0.5902305947911731, 0.409769405208827], [0.4827811352869115, 0.5172188647130885], [0.4807530430919673, 0.5192469569080328], [0.5207721019662032, 0.47922789803379684], [0.43697778475417187, 0.5630222152458281], [0.6104041001030397, 0.3895958998969604], [0.5257786484779958, 0.4742213515220041], [0.5127082980113596, 0.4872917019886403], [0.5206641543386138, 0.47933584566138604], [0.537332100618152, 0.46266789938184805], [0.44997675243017154, 0.5500232475698286], [0.48290860203541525, 0.5170913979645847], [0.6260660715471833, 0.3739339284528168], [0.4550648623866367, 0.5449351376133632], [0.5728177607707484, 0.42718223922925175], [0.6601190302089379, 0.3398809697910618], [0.6663006709437889, 0.33369932905621125]]},