{"test": {"ids": ["204", "632", "429", "327", "11", "191", "84", "96", "182", "293", "115", "477", "670", "337", "441", "339", "609", "520", "32", "653", "595", "284", "463", "392", "457", "691", "72", "46", "62", "295", "125", "527", "414", "97", "498", "52", "35", "556", "503", "366", "403", "53", "14", "707", "430", "607", "439", "419", "673", "0", "143", "289", "184", "443", "623", "645", "221", "481", "139", "416", "48", "505", "290", "320", "257", "351", "205", "47", "50", "41", "75", "667", "276", "646", "255", "207", "626", "64", "409", "601", "502", "680", "371", "318", "703", "355", "102", "661", "21", "278", "474", "282", "558", "678", "198", "165", "432", "252", "529", "297", "251", "656", "563", "638", "440", "521", "668", "681", "552", "587", "208", "63", "442", "346", "261", "550", "176", "370", "70", "618", "690", "640", "488", "354", "536", "299", "287", "490", "553", "131", "655", "140", "427", "373", "239", "508", "540", "296", "259", "532", "575", "484", "197"], "labels": [0, 1, 1, 0, 1, 0, 0, 1, 0, 0, 1, 0, 1, 0, 1, 0, 0, 1, 0, 1, 0, 0, 0, 1, 0, 1, 0, 1, 0, 0, 1, 1, 1, 1, 0, 1, 0, 0, 0, 0, 1, 1, 1, 1, 1, 0, 1, 1, 1, 0, 1, 0, 0, 1, 1, 1, 0, 0, 1, 1, 1, 0, 0, 0, 0, 0, 0, 1, 1, 1, 0, 1, 0, 1, 0, 0, 1, 0, 1, 0, 0, 1, 0, 0, 1, 0, 1, 1, 0, 0, 0, 0, 0, 1, 0, 1, 1, 1, 1, 0, 1, 1, 0, 1, 1, 1, 1, 1, 1, 0, 0, 0, 1, 0, 0, 1, 0, 0, 0, 0, 1, 1, 0, 0, 1, 0, 0, 0, 1, 1, 1, 1, 1, 0, 0, 0, 1, 0, 0, 1, 0, 0, 0], "predicted_labels": [0, 0, 0, 0, 1, 0, 1, 0, 0, 0, 0, 1, 1, 0, 1, 0, 0, 0, 1, 1, 1, 0, 0, 1, 1, 1, 1, 1, 1, 0, 1, 1, 1, 0, 0, 1, 0, 0, 1, 1, 0, 1, 0, 0, 1, 0, 0, 0, 1, 0, 0, 1, 0, 1, 0, 1, 0, 1, 1, 1, 1, 0, 0, 0, 0, 0, 0, 1, 1, 0, 0, 1, 0, 0, 0, 0, 1, 0, 0, 0, 1, 1, 0, 0, 0, 1, 0, 0, 1, 0, 0, 0, 0, 1, 1, 1, 0, 1, 1, 0, 1, 1, 0, 0, 1, 1, 0, 0, 0, 0, 0, 1, 1, 0, 1, 0, 0, 0, 0, 0, 1, 0, 0, 1, 0, 0, 0, 1, 0, 1, 1, 0, 1, 0, 1, 1, 0, 0, 1, 1, 0, 1, 0], "confidence_scores": [[0.9998975862119487, 0.00010241378805130836], [0.999999989862021, 1.013797901386995e-08], [0.9217487582871082, 0.07825124171289179], [0.9988893607640289, 0.0011106392359711394], [0.02404687785854087, 0.9759531221414591], [0.9998767402372317, 0.00012325976276829817], [0.0010957861497236099, 0.9989042138502764], [0.896631844104846, 0.10336815589515401], [0.9942954529129863, 0.0057045470870137355], [0.9438720167363428, 0.056127983263657234], [0.9708791274529245, 0.029120872547075523], [0.032647721486268155, 0.9673522785137318], [0.0008538979353346354, 0.9991461020646654], [0.9999880082952856, 1.1991704714457991e-05], [0.04034239385621674, 0.9596576061437833], [0.9998102374197683, 0.00018976258023169703], [0.8038402099184285, 0.19615979008157144], [0.9999999990433929, 9.566071261159984e-10], [0.2551672105434136, 0.7448327894565864], [0.0002332179230053466, 0.9997667820769947], [0.3418769930385621, 0.6581230069614379], [0.9999991046203037, 8.95379696305885e-07], [0.9999999891920048, 1.0807995110173046e-08], [3.446711507382183e-05, 0.9999655328849262], [0.4513859009268404, 0.5486140990731596], [3.565616901735069e-08, 0.999999964343831], [0.001232321259618363, 0.9987676787403816], [0.001459553895660104, 0.9985404461043399], [0.11308376419006838, 0.8869162358099316], [0.9590822756889592, 0.04091772431104078], [5.967708327503374e-09, 0.9999999940322917], [3.2780284368039148e-06, 0.9999967219715632], [0.00012939512227660988, 0.9998706048777234], [0.9998462223187465, 0.0001537776812534644], [0.9805248827672602, 0.019475117232739772], [0.16061967579211645, 0.8393803242078836], [0.99999994200595, 5.799405001475206e-08], [0.9999999998993482, 1.0065180645436224e-10], [0.0004413899335207194, 0.9995586100664793], [0.2023307748826062, 0.7976692251173938], [0.6561327119905126, 0.3438672880094874], [8.00834023428898e-07, 0.9999991991659766], [0.9998199494562697, 0.00018005054373024988], [0.6880811785315358, 0.31191882146846417], [2.592384085176036e-10, 0.9999999997407616], [0.9956783721448828, 0.004321627855117234], [0.6357828523442423, 0.36421714765575774], [0.9995139358600624, 0.00048606413993752904], [0.16969531284737782, 0.8303046871526222], [0.9974749859090608, 0.0025250140909392027], [0.8273920816646576, 0.17260791833534234], [0.08919949043976894, 0.9108005095602311], [0.9996557177645516, 0.0003442822354484114], [0.00012199244320221236, 0.9998780075567978], [0.9555504696288228, 0.04444953037117713], [0.0001750956385700997, 0.9998249043614299], [0.9999995768515868, 4.231484131670942e-07], [2.2802707519864462e-05, 0.9999771972924801], [4.154880219975343e-05, 0.9999584511978002], [3.0108352533364524e-07, 0.9999996989164747], [0.11975779139313081, 0.8802422086068692], [0.6827054640623258, 0.31729453593767426], [0.9993158648500825, 0.000684135149917494], [0.9991194360837186, 0.0008805639162814519], [0.9971475472177752, 0.0028524527822247534], [0.6915307788316838, 0.30846922116831615], [0.9999999630886014, 3.691139863768342e-08], [0.00036622456900559097, 0.9996337754309944], [5.630938131329088e-07, 0.9999994369061869], [0.998586652396618, 0.0014133476033819864], [0.9999995351430017, 4.648569983512862e-07], [1.0054769177259004e-06, 0.9999989945230823], [0.999999999998394, 1.606036593525055e-12], [0.7472943109607306, 0.25270568903926943], [0.9591124510312168, 0.040887548968783244], [0.9997635013430203, 0.00023649865697975738], [0.0009139188076919824, 0.999086081192308], [0.9990345751048569, 0.0009654248951430441], [0.9999859606983935, 1.403930160643555e-05], [0.9999949116853041, 5.088314695919858e-06], [0.030695080554626664, 0.9693049194453733], [6.863104081711313e-07, 0.9999993136895918], [0.9247628407849237, 0.07523715921507637], [0.9999987586608963, 1.2413391037067562e-06], [0.7942178052195997, 0.20578219478040025], [2.788303907763634e-07, 0.9999997211696092], [0.9999999033549373, 9.664506274947016e-08], [0.9999960147344512, 3.9852655488358e-06], [0.17723010730402444, 0.8227698926959756], [0.9999980419033189, 1.9580966811361403e-06], [0.9999999976583801, 2.341619879498621e-09], [0.994423769938126, 0.005576230061873971], [0.9986500615574854, 0.0013499384425146631], [0.08313669552370218, 0.9168633044762978], [1.971756091734278e-13, 0.9999999999998028], [2.96996769399982e-08, 0.9999999703003231], [0.7769418933821608, 0.22305810661783926], [0.2359883978047166, 0.7640116021952834], [2.277987212806476e-05, 0.9999772201278719], [0.9999797738805916, 2.0226119408484842e-05], [0.00028879807711468253, 0.9997112019228853], [0.33999371565641123, 0.6600062843435888], [0.9999968697185092, 3.1302814907454846e-06], [0.9900291511289425, 0.009970848871057434], [0.15547097515550667, 0.8445290248444933], [0.0018997106918309248, 0.9981002893081691], [0.7883043640858896, 0.21169563591411042], [0.8002728279123557, 0.19972717208764437], [0.996652601588253, 0.0033473984117470632], [0.9999999336952258, 6.630477419412273e-08], [0.9991509555959309, 0.0008490444040690921], [5.558197176736002e-06, 0.9999944418028233], [9.20397744418322e-05, 0.9999079602255582], [0.9978705022381386, 0.002129497761861464], [3.7282369144686633e-05, 0.9999627176308553], [0.999822659966376, 0.00017734003362401683], [0.9959049219558747, 0.004095078044125306], [0.9997234639009681, 0.00027653609903190764], [0.9997843481892457, 0.00021565181075438073], [0.999957750652072, 4.2249347927926244e-05], [0.0003266339355320058, 0.999673366064468], [0.9998540672666978, 0.00014593273330218675], [0.9999999999094459, 9.055416449411276e-11], [6.016010012244166e-05, 0.9999398398998776], [0.9608246891837433, 0.039175310816256734], [0.9999744781141421, 2.5521885857871343e-05], [0.9992468995817961, 0.0007531004182038522], [1.7208543542590604e-05, 0.9999827914564574], [0.9999999392208659, 6.07791341079289e-08], [0.2628955634390703, 0.7371044365609297], [0.0007399978890562098, 0.9992600021109438], [0.6330989116177442, 0.36690108838225577], [0.00034901990917557413, 0.9996509800908244], [0.8253527926206851, 0.1746472073793149], [5.616205487668502e-06, 0.9999943837945123], [0.009137289020464512, 0.9908627109795355], [0.9999917983583899, 8.201641610039287e-06], 