{"test": {"ids": ["579", "4", "633", "689", "164", "263", "546", "329", "392", "287", "201", "574", "75", "441", "597", "264", "525", "629", "81", "363", "456", "309", "535", "526", "271", "178", "570", "508", "235", "182", "344", "428", "628", "97", "325", "679", "395", "255", "321", "558", "388", "96", "709", "694", "158", "215", "573", "230", "226", "89", "454", "60", "233", "648", "372", "189", "408", "183", "248", "548", "51", "553", "424", "232", "496", "169", "324", "368", "238", "617", "462", "504", "141", "129", "604", "383", "413", "588", "192", "706", "621", "439", "463", "231", "294", "365", "425", "125", "376", "170", "219", "39", "650", "467", "538", "345", "444", "65", "299", "451", "490", "671", "117", "649", "11", "140", "587", "251", "501", "532", "240", "353", "15", "613", "593", "291", "676", "618", "416", "675", "567", "623", "681", "381", "552", "491", "664", "110", "258", "204", "62", "523", "707", "220", "608", "397", "13", "433", "522", "497", "564"], "labels": [0, 0, 0, 1, 1, 1, 0, 1, 1, 0, 0, 0, 1, 1, 0, 0, 1, 1, 1, 1, 0, 0, 1, 1, 0, 0, 0, 0, 0, 0, 1, 1, 1, 0, 1, 0, 1, 1, 0, 0, 1, 0, 1, 1, 1, 0, 0, 0, 0, 0, 0, 1, 0, 0, 1, 0, 1, 0, 1, 0, 0, 0, 1, 0, 1, 1, 1, 1, 0, 0, 0, 0, 1, 1, 0, 1, 1, 0, 0, 1, 1, 1, 0, 0, 0, 1, 1, 1, 1, 1, 0, 0, 0, 0, 1, 1, 0, 1, 0, 0, 0, 0, 1, 0, 0, 1, 0, 1, 0, 1, 0, 1, 0, 0, 0, 0, 0, 0, 1, 0, 0, 1, 0, 1, 0, 0, 0, 1, 1, 0, 1, 1, 1, 0, 0, 1, 0, 1, 1, 0, 0], "predicted_labels": [0, 0, 0, 0, 1, 1, 0, 0, 0, 1, 0, 0, 0, 0, 0, 0, 0, 0, 1, 0, 0, 0, 0, 1, 0, 1, 0, 0, 0, 0, 0, 0, 1, 0, 1, 0, 0, 0, 1, 1, 1, 0, 1, 0, 0, 0, 1, 0, 0, 0, 0, 0, 1, 0, 0, 0, 1, 0, 1, 0, 1, 0, 0, 0, 0, 1, 1, 0, 0, 0, 0, 0, 0, 0, 0, 0, 1, 1, 0, 1, 0, 0, 0, 0, 0, 1, 0, 1, 1, 1, 0, 0, 1, 0, 0, 1, 0, 0, 0, 0, 1, 0, 1, 0, 0, 0, 0, 0, 0, 1, 0, 1, 0, 0, 0, 0, 1, 0, 0, 0, 1, 0, 1, 1, 0, 1, 0, 1, 1, 0, 0, 0, 0, 0, 0, 1, 0, 0, 0, 0, 0], "confidence_scores": [[0.573777287476412, 0.42622271252358795], [0.6391514923697583, 0.3608485076302416], [0.6171611667048587, 0.3828388332951413], [0.6912198180213082, 0.30878018197869184], [0.36020109417175283, 0.6397989058282472], [0.14283753429538737, 0.8571624657046126], [0.7911355024062586, 0.20886449759374137], [0.7981065571445737, 0.20189344285542635], [0.6690254379551442, 0.33097456204485576], [0.3493833591329497, 0.6506166408670503], [0.8281848042895368, 0.17181519571046316], [0.547800341434507, 0.452199658565493], [0.751252359674402, 0.24874764032559807], [0.783299616991697, 0.21670038300830302], [0.7341010493225245, 0.2658989506774755], [0.7868663108268806, 0.21313368917311934], [0.5057076461137515, 0.49429235388624854], [0.6757157178265861, 0.3242842821734139], [0.4329009741824744, 0.5670990258175256], [0.6281754265795916, 0.3718245734204084], [0.863795139813874, 0.13620486018612596], [0.8061351858451438, 0.19386481415485626], [0.8396506822285701, 0.16034931777142994], [0.42808129480955126, 0.5719187051904487], [0.5891023650713121, 0.41089763492868797], [0.4136019152274536, 0.5863980847725464], [0.7776114390386015, 0.22238856096139847], [0.7931270326732597, 0.20687296732674035], [0.8685625854849989, 0.13143741451500113], [0.7440682608757884, 0.25593173912421163], [0.8350059914317256, 0.16499400856827437], [0.6187985182916025, 0.38120148170839746], [0.4153559035402775, 0.5846440964597225], [0.6328263235596856, 0.36717367644031434], [0.39158354729341527, 0.6084164527065847], [0.7535920609192102, 0.24640793908078978], [0.519422697231021, 0.48057730276897903], [0.753093738693293, 0.246906261306707], [0.42198636167117853, 0.5780136383288215], [0.38472266776439534, 0.6152773322356047], [0.4432364567818836, 0.5567635432181164], [0.6364944128251464, 0.36350558717485354], [0.3774891363471269, 0.6225108636528731], [0.5591614058385322, 0.44083859416146776], [0.5558866795126436, 0.44411332048735647], [0.8566700957278522, 0.14332990427214773], [0.40059887580396936, 0.5994011241960306], [0.6408540406566696, 0.35914595934333043], [0.5231777470245746, 0.4768222529754253], [0.7892469995160727, 0.21075300048392728], [0.7329069993510383, 0.2670930006489617], [0.8342866430918364, 0.1657133569081636], [0.4050309276764108, 0.5949690723235892], [0.724671236736065, 0.2753287632639349], [0.5752060754148831, 0.42479392458511694], [0.861210206417625, 0.13878979358237503], [0.19639992657528083, 0.8036000734247192], [0.7573413019340195, 0.24265869806598053], [0.32979877899550825, 0.6702012210044918], [0.547111848777847, 0.45288815122215303], [0.3933305642507273, 0.6066694357492727], [0.6310047564985765, 0.36899524350142354], [0.6617863349364284, 0.33821366506357164], [0.6657459193090655, 0.33425408069093454], [0.6949012851165959, 0.3050987148834041], [0.18086148677005875, 0.8191385132299412], [0.35887180216027204, 0.641128197839728], [0.6141251333651242, 0.3858748666348758], [0.7119001694712765, 0.28809983052872346], [0.7417113422766033, 0.25828865772339665], [0.5505357796008168, 0.44946422039918327], [0.7605019380195608, 0.23949806198043924], [0.676140987936896, 0.3238590120631039], [0.7375417141238594, 0.2624582858761407], [0.5787461884464746, 0.4212538115535253], [0.5864274584877066, 0.4135725415122934], [0.412233175818837, 0.587766824181163], [0.3372506399827836, 0.6627493600172164], [0.7450922168021598, 0.25490778319784024], [0.4965772401010651, 0.5034227598989349], [0.5056415850981288, 0.4943584149018712], [0.7166417928852591, 0.28335820711474086], [0.6678894307635457, 0.33211056923645427], [0.8979724281951675, 0.10202757180483242], [0.508787747841403, 0.491212252158597], [0.41040826147187137, 0.5895917385281286], [0.5057477759278737, 0.49425222407212627], [0.2158300246423024, 0.7841699753576976], [0.24662233278177248, 0.7533776672182275], [0.4655907017412493, 0.5344092982587507], [0.656210103792922, 0.34378989620707795], [0.6069991130451747, 0.39300088695482527], [0.3462294203522749, 0.6537705796477251], [0.5911916050755197, 0.40880839492448023], [0.8038172193871604, 0.19618278061283959], [0.49273087397502324, 0.5072691260249768], [0.751510516179921, 0.248489483820079], [0.7702250413385396, 0.22977495866146033], [0.6971535837038549, 0.302846416296145], [0.6075398292998175, 0.3924601707001825], [0.303526916198382, 0.696473083801618], [0.7916833447565949, 0.20831665524340512], [0.3697725701794957, 0.6302274298205043], [0.7663732530126894, 0.23362674698731056], [0.7340310638803236, 0.2659689361196764], [0.781049634280815, 0.21895036571918502], [0.6989422491008128, 0.3010577508991871], [0.6528361748278042, 0.3471638251721958], [0.75045962706464, 0.24954037293536005], [0.3865582221323801, 0.6134417778676199], [0.6524481001454798, 0.3475518998545201], [0.4739381462394353, 0.5260618537605647], [0.6256288526688714, 0.3743711473311287], [0.7174355712636608, 0.28256442873633925], [0.6670998081172823, 0.33290019188271774], [0.6361193755300099, 0.36388062446999014], [0.19942705447977527, 0.8005729455202247], [0.8073926935699439, 0.19260730643005608], [0.7739526583659934, 0.22604734163400667], [0.685861313917815, 0.314138686082185], [0.3357066242972745, 0.6642933757027255], [0.5858226096297124, 0.41417739037028756], [0.3498907506694343, 0.6501092493305657], [0.4427819353901802, 0.5572180646098198], [0.7498245671513537, 0.25017543284864635], [0.4512779315737099, 0.5487220684262901], [0.6163871765131816, 0.3836128234868183], [0.49351458871799847, 0.5064854112820015], [0.4460228358465129, 0.5539771641534871], [0.7488184635680886, 0.2511815364319114], [0.8309421218584568, 0.16905787814154313], [0.7581440573689119, 0.24185594263108812], [0.7110848644730698, 0.28891513552693016], [0.6782772979828231, 0.32172270201717695], [0.7564370516612546, 0.2435629483387453], [0.4194542525322901, 0.5805457474677099], [0.6595200586456567, 0.3404799413543433], [0.597649437896933, 0.402350562103067], [0.5480846916591626, 0.4519153083408373], [0.6361775875384877, 0.36382241246151226], [0.8466817847884256, 0.15331821521157435]]},