{"test": {"ids": ["474", "394", "324", "417", "433", "232", "194", "374", "467", "376", "375", "291", "203", "607", "279", "507", "653", "120", "131", "503", "250", "622", "685", "128", "5", "652", "261", "347", "660", "41", "176", "667", "3", "215", "641", "445", "42", "494", "280", "553", "371", "397", "469", "683", "177", "56", "251", "52", "264", "157", "643", "647", "236", "619", "502", "501", "100", "326", "78", "700", "441", "269", "649", "420", "608", "242", "344", "225", "601", "495", "329", "356", "19", "21", "162", "551", "134", "491", "271", "516", "201", "97", "558", "16", "74", "319", "13", "66", "492", "470", "708", "597", "335", "202", "75", "557", "171", "506", "694", "31", "487", "636", "434", "228", "408", "101", "595", "62", "106", "606", "666", "76", "348", "63", "677", "115", "455", "598", "265", "706", "360", "655", "283", "10", "366", "703", "499", "116", "583", "273", "425", "12", "254", "302", "368", "138", "35", "630", "346", "220", "370", "671", "523"], "labels": [0, 1, 1, 1, 1, 0, 0, 1, 0, 1, 1, 0, 0, 0, 0, 0, 0, 1, 1, 0, 1, 1, 0, 1, 0, 0, 1, 1, 0, 0, 0, 0, 0, 0, 0, 0, 0, 1, 0, 0, 1, 1, 0, 0, 0, 0, 1, 0, 0, 1, 0, 0, 0, 0, 0, 0, 0, 1, 1, 1, 1, 0, 0, 1, 0, 0, 1, 0, 0, 1, 1, 1, 0, 0, 1, 0, 1, 0, 0, 1, 0, 0, 0, 1, 1, 0, 0, 1, 0, 0, 1, 0, 1, 0, 1, 0, 1, 0, 1, 0, 0, 0, 1, 0, 1, 0, 0, 1, 1, 0, 0, 1, 1, 1, 0, 1, 0, 0, 0, 1, 1, 0, 0, 0, 1, 1, 0, 1, 0, 0, 1, 0, 1, 0, 1, 1, 0, 1, 1, 0, 1, 0, 1], "predicted_labels": [0, 1, 1, 1, 0, 0, 1, 1, 1, 0, 1, 1, 0, 0, 0, 0, 1, 1, 0, 0, 0, 1, 1, 0, 1, 1, 1, 0, 0, 0, 1, 0, 0, 0, 0, 0, 0, 1, 0, 1, 1, 0, 0, 0, 1, 0, 0, 1, 0, 1, 0, 0, 0, 0, 0, 0, 0, 1, 0, 1, 1, 0, 0, 1, 0, 0, 1, 0, 0, 0, 1, 0, 0, 0, 1, 0, 1, 0, 0, 1, 0, 0, 1, 1, 1, 0, 0, 1, 0, 1, 1, 0, 1, 0, 0, 0, 1, 1, 1, 1, 0, 1, 1, 0, 1, 1, 0, 0, 1, 0, 0, 0, 1, 0, 0, 0, 0, 0, 0, 1, 1, 0, 0, 0, 1, 0, 0, 1, 0, 0, 1, 1, 0, 0, 1, 1, 0, 1, 1, 0, 1, 0, 0], "confidence_scores": [[0.9953848282094513, 0.004615171790548679], [0.08727998065718257, 0.9127200193428174], [0.27830599170671766, 0.7216940082932823], [0.0006912486730885625, 0.9993087513269114], [0.7941028189757048, 0.20589718102429522], [0.6852493737597121, 0.314750626240288], [0.3085681808032159, 0.6914318191967841], [0.004015315052990909, 0.9959846849470091], [0.014322730714991794, 0.9856772692850082], [0.6219466210018622, 0.37805337899813785], [0.05475217468988913, 0.9452478253101109], [0.43682328144827287, 0.5631767185517271], [0.9996525706170754, 0.00034742938292465803], [0.8271385078115455, 0.17286149218845448], [0.9947570863060794, 0.005242913693920581], [0.996944373808301, 0.003055626191698947], [0.31324817382395176, 0.6867518261760482], [0.14060679813860932, 0.8593932018613907], [0.9216333195583873, 0.07836668044161266], [0.9930718286620623, 0.006928171337937685], [0.9710205955892606, 0.028979404410739405], [0.0026866989374583206, 0.9973133010625417], [0.2213752074265598, 0.7786247925734402], [0.8730494164983503, 0.12695058350164964], [0.03562958669190841, 0.9643704133080916], [0.3332640588535706, 0.6667359411464294], [0.09494673964202183, 0.9050532603579782], [0.7221439477893026, 0.2778560522106974], [0.9668550231794819, 0.03314497682051804], [0.9712189036215032, 0.02878109637849682], [0.42530320982797487, 0.5746967901720251], [0.9914844777323019, 0.00851552226769812], [0.7251821670206391, 0.2748178329793609], [0.8445351771702136, 0.1554648228297863], [0.6331582388903183, 0.36684176110968164], [0.9963151711372857, 0.0036848288627142293], [0.9792029242578318, 0.02079707574216821], [0.2834447867377128, 0.7165552132622872], [0.9263047055211219, 0.07369529447887808], [0.4715437929065569, 0.5284562070934431], [0.0329497670588389, 0.9670502329411611], [0.9708402217389478, 0.02915977826105216], [0.9501482020934651, 0.04985179790653496], [0.9997033482317332, 0.00029665176826674676], [0.4682268021621102, 0.5317731978378898], [0.9817187418634126, 0.01828125813658743], [0.9863796037645315, 0.013620396235468535], [0.022515101511819346, 0.9774848984881807], [0.8837309216794421, 0.1162690783205579], [0.015030380514134634, 0.9849696194858654], [0.9757167364607984, 0.024283263539201648], [0.9600791520249508, 0.0399208479750493], [0.9803756482873176, 0.019624351712682432], [0.998778828159763, 0.0012211718402369714], [0.9805815396558761, 0.019418460344123874], [0.9996145286732122, 0.0003854713267877823], [0.9349875692579254, 0.0650124307420746], [0.020837049358125914, 0.9791629506418741], [0.7674584236744105, 0.2325415763255895], [0.14884033871922986, 0.8511596612807701], [0.2679544202494596, 0.7320455797505404], [0.9683467693289147, 0.03165323067108523], [0.9938369052408523, 0.00616309475914762], [0.021346758218372508, 0.9786532417816275], [0.9982052417882368, 0.0017947582117632697], [0.9997533418990078, 0.000246658100992174], [0.0027682801851682814, 0.9972317198148317], [0.5284757791344692, 0.47152422086553086], [0.9276398486548665, 0.07236015134513353], [0.9710300283769795, 0.028969971623020563], [0.003570185538967041, 0.996429814461033], [0.8837604330123844, 0.11623956698761563], [0.9485742946567018, 0.05142570534329811], [0.6771303410090974, 0.3228696589909026], [0.278108677008697, 0.721891322991303], [0.9944207070381532, 0.0055792929618468335], [0.0048829015214311156, 0.9951170984785689], [0.9969691449677462, 0.003030855032253764], [0.9989767194681944, 0.00102328053180556], [0.0021813098006324694, 0.9978186901993675], [0.9805343603298592, 0.01946563967014084], [0.991942237442822, 0.008057762557178064], [0.20285943627952197, 0.797140563720478], [0.22517434563646987, 0.7748256543635301], [0.0012298918262129144, 0.9987701081737871], [0.9523869055052924, 0.04761309449470761], [0.8823275401748096, 0.1176724598251904], [0.1737809731633252, 0.8262190268366748], [0.880308673716686, 0.11969132628331403], [0.17477174344232127, 0.8252282565576787], [0.30080539194725087, 0.6991946080527491], [0.9177972828329698, 0.08220271716703025], [0.002674162776241329, 0.9973258372237587], [0.998786005469724, 0.0012139945302759917], [0.8728001763167327, 0.12719982368326735], [0.9994159643829672, 0.0005840356170327533], [0.1180065336024736, 0.8819934663975264], [0.42196601049513605, 0.578033989504864], [0.09236206389608081, 0.9076379361039192], [0.09225002993177478, 0.9077499700682252], [0.8119019626808119, 0.188098037319188], [0.18330619573213724, 0.8166938042678628], [0.26088713446859857, 0.7391128655314014], [0.996985714058765, 0.003014285941234933], [0.053962022365471096, 0.9460379776345289], [0.0471119866656976, 0.9528880133343024], [0.9984468141301418, 0.0015531858698582242], [0.9699805600868077, 0.03001943991319235], [0.20603868129041658, 0.7939613187095834], [0.9423014125456649, 0.057698587454335044], [0.6203537170761814, 0.37964628292381863], [0.7790554250971387, 0.22094457490286132], [0.19777181619648, 0.80222818380352], [0.7492211771252704, 0.2507788228747297], [0.9996017027004803, 0.0003982972995197022], [0.7670874223804426, 0.2329125776195574], [0.980522341011042, 0.019477658988958063], [0.9717953206883422, 0.02820467931165781], [0.6387629751168404, 0.3612370248831595], [0.06092375081080148, 0.9390762491891985], [0.0015533181868006007, 0.9984466818131994], [0.9995985339140945, 0.0004014660859055146], [0.9907104358776858, 0.009289564122314211], [0.8208275562160425, 0.17917244378395752], [0.2533680505581799, 0.7466319494418201], [0.9642703696833096, 0.03572963031669038], [0.6928643168559705, 0.30713568314402956], [0.032111631506044236, 0.9678883684939558], [0.9985043332693856, 0.0014956667306144369], [0.9996610429593755, 0.0003389570406244714], [0.10465831624230515, 0.8953416837576949], [0.27213855651915675, 0.7278614434808433], [0.9817834796700117, 0.01821652032998828], [0.9948908142248586, 0.005109185775141374], [0.007709700818153253, 0.9922902991818467], [0.2163912453584267, 0.7836087546415733], [0.9914329465616053, 0.008567053438394718], [0.01222614700418223, 0.9877738529958178], [0.057972113332179, 0.942027886667821], [0.966695992423627, 0.033304007576372995], [0.005681603063819596, 0.9943183969361804], 