{"test": {"ids": ["562", "494", "692", "628", "655", "46", "626", "27", "132", "637", "222", "228", "324", "556", "203", "41", "281", "467", "502", "101", "575", "168", "239", "558", "248", "443", "214", "34", "158", "11", "431", "129", "596", "471", "524", "581", "676", "130", "35", "2", "632", "344", "43", "518", "271", "235", "244", "134", "74", "253", "484", "578", "317", "318", "651", "372", "70", "192", "205", "377", "446", "10", "610", "437", "688", "554", "555", "411", "24", "599", "291", "520", "174", "32", "259", "260", "429", "493", "156", "513", "247", "449", "500", "339", "391", "197", "630", "505", "323", "572", "550", "506", "635", "355", "373", "290", "169", "381", "694", "348", "88", "704", "1", "282", "315", "194", "574", "345", "164", "399", "225", "601", "455", "442", "26", "663", "73", "465", "396", "49", "232", "705", "475", "491", "160", "289", "340", "76", "211", "8", "246", "609", "385", "64", "236", "198", "530", "698", "67", "700", "501", "445", "382"], "labels": [0, 0, 1, 1, 1, 1, 1, 0, 1, 1, 0, 0, 0, 0, 0, 1, 0, 0, 0, 1, 0, 1, 0, 0, 0, 1, 0, 0, 1, 1, 1, 1, 0, 0, 1, 0, 1, 1, 0, 0, 1, 0, 1, 1, 0, 0, 0, 1, 0, 1, 0, 0, 0, 0, 1, 0, 0, 0, 0, 0, 0, 1, 0, 1, 0, 1, 1, 1, 0, 0, 0, 1, 0, 0, 0, 0, 1, 1, 1, 0, 0, 0, 0, 0, 1, 0, 1, 0, 0, 0, 1, 0, 1, 0, 0, 0, 1, 0, 1, 0, 1, 1, 0, 0, 0, 0, 0, 0, 1, 1, 0, 0, 0, 1, 0, 1, 0, 0, 1, 1, 0, 1, 0, 0, 1, 0, 0, 0, 0, 1, 0, 0, 1, 0, 0, 0, 1, 1, 0, 1, 0, 0, 0], "predicted_labels": [0, 1, 1, 1, 1, 1, 1, 0, 1, 1, 0, 0, 0, 0, 0, 0, 0, 1, 0, 1, 0, 1, 1, 0, 1, 1, 0, 0, 1, 1, 1, 1, 0, 0, 1, 0, 1, 1, 0, 0, 0, 0, 1, 1, 0, 0, 0, 1, 0, 1, 1, 0, 0, 0, 1, 0, 0, 0, 0, 1, 0, 1, 0, 1, 1, 0, 0, 1, 1, 0, 0, 0, 1, 1, 1, 1, 0, 1, 1, 0, 0, 0, 0, 0, 0, 0, 1, 0, 0, 0, 0, 1, 0, 1, 0, 0, 1, 0, 0, 0, 0, 1, 0, 1, 0, 1, 0, 0, 0, 1, 1, 0, 0, 1, 0, 0, 0, 0, 1, 1, 1, 1, 0, 0, 1, 0, 0, 0, 0, 0, 0, 0, 1, 0, 0, 1, 0, 1, 1, 1, 0, 0, 0], "confidence_scores": [[0.9999998286087793, 1.7139122065642124e-07], [2.4447438233154983e-05, 0.9999755525617668], [0.04043708003167623, 0.9595629199683238], [0.0002241749957302419, 0.9997758250042698], [0.021093701143004573, 0.9789062988569954], [0.005226664011373394, 0.9947733359886266], [1.1747430295194761e-07, 0.999999882525697], [0.9545114595988764, 0.045488540401123635], [0.02765592995380728, 0.9723440700461927], [0.0005693181950247039, 0.9994306818049753], [0.9642207455052658, 0.03577925449473415], [0.991160550551452, 0.00883944944854792], [0.9999997402462318, 2.597537682077216e-07], [0.9999241325019574, 7.5867498042581e-05], [0.999253458465122, 0.0007465415348780144], [0.978548498049189, 0.021451501950811025], [0.9998926181776592, 0.00010738182234078388], [0.0002873737211731564, 0.9997126262788268], [0.9453556219110215, 0.05464437808897848], [0.2423197949048429, 0.7576802050951571], [0.9999999127517815, 8.724821854880565e-08], [0.060551723175074956, 0.939448276824925], [1.1157914152404302e-05, 0.9999888420858476], [0.939825167552355, 0.06017483244764495], [0.0010691756569928268, 0.9989308243430072], [0.0001705887477753132, 0.9998294112522247], [0.9999999252736288, 7.472637121625593e-08], [0.9999652302236545, 3.476977634557041e-05], [8.658289196716851e-08, 0.999999913417108], [0.23385065024256801, 0.766149349757432], [0.014000286035152687, 0.9859997139648473], [0.12004734354494906, 0.8799526564550509], [0.999999983004271, 1.699572910159079e-08], [0.9779689621128369, 0.022031037887163082], [0.0018374185677162425, 0.9981625814322838], [0.9999999950946906, 4.905309344119953e-09], [8.35110598340627e-06, 0.9999916488940166], [7.795617087413831e-07, 0.9999992204382913], [0.999950224678654, 4.977532134596982e-05], [0.985554554447973, 0.014445445552026962], [0.9999998077380903, 1.9226190972419974e-07], [0.9938784769781854, 0.006121523021814542], [0.22125247962775652, 0.7787475203722435], [0.30455988236803, 0.69544011763197], [0.9999996498968959, 3.5010310405227424e-07], [0.8762944275538308, 0.12370557244616917], [0.9952201152109038, 0.004779884789096226], [2.2509662023217913e-08, 0.999999977490338], [0.9999986811688981, 1.3188311018341333e-06], [5.8576427930834285e-05, 0.9999414235720692], [0.2589026032268611, 0.7410973967731389], [0.9999999826474577, 1.7352542297333707e-08], [0.9212387348128985, 0.07876126518710148], [0.9859694652125557, 0.014030534787444291], [2.1209699702096074e-06, 0.9999978790300298], [0.9999993488004038, 6.511995962987971e-07], [0.9999998142794376, 1.8572056240013434e-07], [0.9999069581964548, 9.304180354521288e-05], [0.9717652583473255, 0.028234741652674457], [0.015316741352529917, 0.9846832586474701], [0.9967558174309631, 0.003244182569036902], [0.0003903094131326723, 0.9996096905868673], [0.9999991352542201, 8.647457799015443e-07], [0.028771146497573175, 0.9712288535024268], [6.330147919286766e-05, 0.9999366985208071], [0.8261587571553526, 0.17384124284464736], [0.963389140413767, 0.03661085958623301], [2.8292858382794606e-06, 0.9999971707141617], [0.0023701067729000602, 0.9976298932270999], [0.9999999583245116, 4.167548836428472e-08], [0.9996751977219902, 0.0003248022780097645], [0.9999430595867957, 5.694041320424186e-05], [0.007800126706622779, 0.9921998732933772], [0.027500846559208147, 0.9724991534407919], [0.018372421232952352, 0.9816275787670476], [0.019418776536858307, 0.9805812234631417], [0.9030140804162511, 0.09698591958374891], [3.892568981589406e-07, 0.9999996107431018], [2.416877146327323e-05, 0.9999758312285367], [0.9994354370157494, 0.0005645629842505398], [0.9964664480596097, 0.003533551940390296], [0.9821814241221875, 0.017818575877812562], [0.8538591566137013, 0.14614084338629876], [0.9999994723110787, 5.276889213314175e-07], [0.8671636431396921, 0.13283635686030795], [0.8731225024562493, 0.12687749754375063], [0.04425166297198835, 0.9557483370280117], [0.5570542331593571, 0.4429457668406429], [0.9999982039266996, 1.7960733003712744e-06], [0.9999999130540835, 8.694591641145597e-08], [0.999931548409935, 6.845159006500033e-05], [2.325900975819195e-05, 0.9999767409902418], [0.9988005077567744, 0.0011994922432255306], [0.1405282242092496, 0.8594717757907504], [0.6936378733764724, 0.3063621266235276], [0.9998216385615528, 0.0001783614384471691], [0.08618128692217752, 0.9138187130778225], [0.9999136107818161, 8.638921818393114e-05], [0.7255664955092155, 0.2744335044907845], [0.9982437061855303, 0.0017562938144697], [0.749573630832561, 0.250426369167439], [2.1911278759167985e-05, 0.9999780887212408], [0.9999326318019247, 6.736819807523502e-05], [0.16613563925906372, 0.8338643607409363], [0.9585546564240122, 0.04144534357598788], [0.21570546186915351, 0.7842945381308465], [0.999509056821552, 0.000490943178447949], [0.9465816529183911, 0.053418347081608836], [0.6756789319502363, 0.32432106804976374], [3.403671937096675e-05, 0.999965963280629], [0.26586207696171216, 0.7341379230382878], [0.9999999345715596, 6.542844045204733e-08], [0.9893522104782408, 0.010647789521759108], [8.611727032392658e-05, 0.9999138827296761], [0.9959781657282071, 0.004021834271792921], [0.7377818716324507, 0.2622181283675494], [0.9224203791672484, 0.07757962083275159], [0.9999761562464929, 2.3843753507069743e-05], [2.0642806608739406e-05, 0.9999793571933913], [2.2054309314234466e-05, 0.9999779456906858], [0.33668800577726377, 0.6633119942227362], [0.0027734490868708273, 0.9972265509131292], [0.9999971639039241, 2.8360960759264225e-06], [0.9999999455377185, 5.4462281424109015e-08], [9.55596724017127e-06, 0.9999904440327598], [0.9549115185629512, 0.04508848143704884], [0.8571050365007992, 0.14289496349920083], [0.9999999094050455, 9.05949545075565e-08], [0.9992534626674726, 0.0007465373325273493], [0.995118006548445, 0.004881993451555097], [0.9998675718707041, 0.00013242812929593737], [0.999999011438272, 9.885617280715864e-07], [0.002063527784693875, 0.9979364722153061], [0.988538717675662, 0.011461282324337923], [0.9999999031239377, 9.687606226342304e-08], [9.451295133611204e-05, 0.9999054870486639], [0.8980716397724623, 0.10192836022753772], [0.00038434401335818436, 0.9996156559866418], 