{"test": {"ids": ["81", "459", "214", "489", "422", "286", "572", "99", "296", "424", "208", "385", "338", "408", "23", "7", "191", "31", "4", "705", "402", "654", "139", "247", "519", "203", "587", "559", "362", "88", "589", "571", "445", "652", "256", "635", "488", "607", "397", "180", "386", "579", "348", "702", "38", "249", "535", "16", "588", "349", "212", "248", "186", "167", "549", "341", "155", "168", "606", "355", "630", "688", "700", "123", "672", "314", "318", "621", "686", "147", "53", "343", "71", "507", "465", "76", "542", "646", "103", "521", "406", "685", "86", "152", "52", "345", "44", "464", "398", "281", "569", "252", "595", "582", "77", "491", "79", "625", "196", "140", "299", "84", "107", "8", "484", "70", "379", "210", "596", "699", "65", "664", "158", "220", "668", "239", "591", "334", "523", "553", "189", "395", "485", "13", "131", "469", "333", "361", "603", "371", "497", "316", "421", "364", "466", "518", "258", "506", "185", "12", "620", "216", "221"], "labels": [1, 0, 0, 0, 1, 0, 0, 1, 0, 1, 0, 1, 1, 1, 0, 1, 0, 0, 0, 1, 1, 1, 1, 0, 1, 0, 0, 0, 1, 1, 0, 0, 0, 1, 0, 0, 0, 0, 1, 0, 1, 0, 1, 1, 1, 0, 0, 1, 0, 1, 0, 0, 0, 1, 0, 1, 1, 1, 0, 1, 1, 0, 1, 1, 1, 0, 0, 1, 0, 1, 0, 1, 0, 0, 0, 0, 1, 1, 1, 1, 1, 0, 0, 1, 0, 1, 0, 0, 1, 0, 0, 1, 0, 0, 0, 0, 0, 1, 0, 1, 0, 1, 1, 1, 0, 0, 1, 0, 0, 1, 0, 1, 1, 0, 1, 0, 0, 1, 1, 0, 0, 1, 0, 1, 1, 0, 1, 1, 0, 1, 0, 0, 1, 1, 0, 1, 0, 0, 0, 1, 0, 0, 0], "predicted_labels": [1, 0, 0, 0, 1, 0, 0, 0, 0, 0, 0, 0, 1, 1, 1, 0, 1, 0, 0, 1, 0, 1, 1, 1, 0, 0, 0, 0, 1, 1, 1, 0, 0, 1, 1, 1, 0, 0, 0, 0, 1, 0, 1, 1, 1, 1, 0, 1, 1, 1, 1, 1, 1, 1, 0, 0, 1, 1, 0, 1, 1, 1, 1, 1, 1, 0, 0, 0, 1, 1, 0, 0, 0, 0, 0, 1, 1, 1, 0, 0, 1, 1, 1, 1, 0, 0, 0, 0, 1, 0, 0, 0, 0, 0, 1, 0, 0, 0, 0, 0, 0, 1, 0, 0, 0, 1, 0, 0, 0, 1, 0, 1, 1, 0, 1, 1, 0, 1, 1, 0, 0, 1, 0, 0, 1, 1, 1, 0, 0, 1, 0, 0, 1, 1, 1, 1, 0, 1, 0, 1, 0, 0, 1], "confidence_scores": [[2.9877226433994153e-06, 0.9999970122773566], [0.9994760224513536, 0.0005239775486463696], [0.9999579747456683, 4.202525433171854e-05], [0.5343993933275986, 0.46560060667240144], [0.06365781706865525, 0.9363421829313447], [0.9991496026344174, 0.0008503973655825953], [0.9999883309298756, 1.16690701243591e-05], [0.8483344655941237, 0.15166553440587627], [0.9999989530253437, 1.0469746562649407e-06], [0.9607926001660309, 0.0392073998339691], [0.9998548345697845, 0.00014516543021549961], [0.7066996644673049, 0.29330033553269513], [0.00013960099179677332, 0.9998603990082032], [0.005081978575742885, 0.9949180214242571], [0.25712820447057383, 0.7428717955294262], [0.9962893945753362, 0.003710605424663795], [7.002125319399699e-05, 0.999929978746806], [0.9997371481496234, 0.00026285185037657697], [0.9999899389921156, 1.0061007884327828e-05], [0.07621946568771143, 0.9237805343122886], [0.637819644822368, 0.36218035517763203], [0.0003468263750519007, 0.9996531736249481], [0.007598425855405044, 0.992401574144595], [0.012309238938863376, 0.9876907610611366], [0.96839448835192, 0.031605511648079954], [0.9906705887385427, 0.00932941126145724], [0.9999999260584124, 7.39415876585808e-08], [0.9994574255214486, 0.0005425744785514446], [2.7516461247878432e-05, 0.9999724835387521], [0.006937007791967487, 0.9930629922080325], [0.38721697953758505, 0.612783020462415], [0.9989583255675154, 0.0010416744324846397], [0.999999960874245, 3.912575492737045e-08], [0.0461096722944323, 0.9538903277055677], [0.010846810292457265, 0.9891531897075427], [0.3247252634415717, 0.6752747365584283], [0.9984188100522206, 0.001581189947779465], [0.9993512248804207, 0.0006487751195792367], [0.7264842033681957, 0.2735157966318042], [0.9999993705367151, 6.294632849421852e-07], [2.538273961905091e-06, 0.9999974617260381], [0.9989030831756818, 0.0010969168243181824], [0.03194541873973855, 0.9680545812602614], [0.01966891363902301, 0.980331086360977], [0.03681720782263842, 0.9631827921773616], [0.010479175816697328, 0.9895208241833027], [0.9989452681302801, 0.0010547318697198926], [0.0011496806378086255, 0.9988503193621914], [0.4680519359212467, 0.5319480640787533], [0.00017549332232780213, 0.9998245066776722], [4.363203450985509e-06, 0.999995636796549], [0.009448677660422566, 0.9905513223395774], [0.37558990970953743, 0.6244100902904626], [0.0009862828825547565, 0.9990137171174452], [0.9999140911195064, 8.590888049369868e-05], [0.9957124287488595, 0.0042875712511405], [1.874640081467316e-05, 0.9999812535991853], [5.719218560962247e-07, 0.9999994280781439], [0.9997920735379203, 0.00020792646207966749], [0.1523728491073857, 0.8476271508926143], [1.421786492872279e-05, 0.9999857821350713], [0.019883932514363933, 0.9801160674856361], [1.8955008307397492e-06, 0.9999981044991693], [0.00712411715754202, 0.992875882842458], [0.016925016639436463, 0.9830749833605635], [0.9999987494919269, 1.2505080731445914e-06], [0.9978998093912209, 0.002100190608779072], [0.871903402085796, 0.128096597914204], [0.09403714534689411, 0.9059628546531059], [0.05774073353670617, 0.9422592664632938], [0.9999982551251847, 1.7448748152714802e-06], [0.986230701365895, 0.013769298634105077], [0.5109168752699292, 0.48908312473007076], [0.983386036423645, 0.01661396357635507], [0.9999530700815514, 4.6929918448589417e-05], [0.003485268308128009, 0.996514731691872], [1.8205328990550385e-05, 0.9999817946710094], [0.005019417568862372, 0.9949805824311376], [0.9638952005140337, 0.03610479948596632], [0.9647080869504499, 0.03529191304955017], [0.003870873062229885, 0.9961291269377701], [0.0003671126468103303, 0.9996328873531897], [9.146042804364374e-05, 0.9999085395719564], [0.0924091811345652, 0.9075908188654348], [0.7509979369903945, 0.2490020630096055], [0.9854928076992615, 0.014507192300738454], [0.9953414154668654, 0.004658584533134666], [0.9999575490395588, 4.2450960441148475e-05], [0.37247918421551873, 0.6275208157844813], [0.9975646107078614, 0.0024353892921385794], [0.9999999495253179, 5.047468206448216e-08], [0.9998404715127049, 0.00015952848729502224], [0.6749057675839791, 0.3250942324160209], [0.9997458031657642, 0.000254196834235792], [0.17347572491638008, 0.8265242750836199], [0.9800004432649144, 0.019999556735085546], [0.9962139659359102, 0.00378603406408987], [0.9994092876555895, 0.0005907123444104982], [0.5155974807012573, 0.4844025192987426], [0.9979345150318587, 0.0020654849681413325], [0.9996951821185536, 0.00030481788144644863], [7.204943373817496e-05, 0.9999279505662618], [0.999940169001598, 5.983099840195567e-05], [0.9824404746667718, 0.01755952533322823], [0.5372605770887287, 0.4627394229112713], [0.09240779753655048, 0.9075922024634495], [0.9999979254572252, 2.074542774753644e-06], [0.9999758064036104, 2.4193596389651917e-05], [0.9999764790477603, 2.3520952239654934e-05], [4.010414124122619e-07, 0.9999995989585876], [0.9969247272474299, 0.003075272752570114], [0.006506676527577082, 0.9934933234724229], [8.221143785736018e-07, 0.9999991778856214], [0.9391134985880054, 0.06088650141199456], [0.0034863463816698914, 0.9965136536183301], [0.05490726034529869, 0.9450927396547013], [0.9997788037304788, 0.00022119626952118432], [0.0007226399000406225, 0.9992773600999594], [0.00033947038685555597, 0.9996605296131444], [0.9999869969871525, 1.3003012847491755e-05], [0.9931010244096357, 0.006898975590364327], [1.791836811149139e-07, 0.9999998208163189], [0.9999872589072782, 1.2741092721721525e-05], [0.9993095351153755, 0.0006904648846245892], [0.019871570402410388, 0.9801284295975896], [0.26487595629869254, 0.7351240437013075], [0.05316425620815601, 0.946835743791844], [0.9981999542003686, 0.001800045799631399], [0.9961771565562122, 0.00382284344378782], [0.1019386648306646, 0.8980613351693354], [0.9998888940066215, 0.00011110599337843953], [0.9957309249761631, 0.004269075023836844], [0.00011612600376531557, 0.9998838739962347], [0.09051159587111346, 0.9094884041288865], [4.534231442132608e-05, 0.9999546576855787], [0.0037319115987826113, 0.9962680884012174], [0.9857218156090369, 0.014278184390963043], [5.20409930637733e-06, 0.9999947959006936], 