{"test": {"ids": ["443", "184", "200", "11", "97", "232", "205", "552", "658", "319", "678", "345", "211", "449", "300", "431", "13", "64", "419", "574", "590", "281", "456", "435", "244", "102", "464", "558", "561", "687", "253", "578", "492", "90", "309", "92", "663", "135", "442", "322", "75", "99", "289", "168", "222", "401", "531", "696", "385", "410", "633", "680", "79", "86", "2", "617", "624", "602", "148", "499", "559", "294", "313", "553", "180", "55", "549", "10", "520", "586", "526", "434", "529", "563", "34", "134", "577", "649", "288", "215", "7", "516", "674", "327", "432", "52", "87", "463", "49", "675", "371", "433", "458", "486", "241", "334", "301", "500", "89", "627", "428", "507", "306", "209", "258", "660", "471", "459", "45", "691", "684", "243", "357", "238", "237", "693", "231", "167", "548", "614", "5", "478", "384", "445", "44", "152", "488", "187", "207", "409", "690", "245", "307", "622", "154", "297", "576", "204", "54", "47", "199", "404", "226"], "labels": [1, 0, 0, 0, 0, 0, 0, 0, 0, 0, 0, 1, 0, 0, 0, 1, 0, 1, 1, 0, 0, 0, 0, 1, 0, 0, 0, 0, 0, 1, 1, 0, 0, 0, 0, 0, 0, 1, 1, 0, 1, 0, 0, 1, 0, 1, 1, 1, 1, 1, 0, 0, 1, 0, 0, 0, 1, 0, 1, 0, 0, 0, 0, 0, 0, 0, 0, 0, 1, 0, 1, 1, 1, 0, 0, 1, 0, 0, 0, 0, 0, 1, 0, 1, 1, 0, 0, 0, 0, 0, 1, 1, 0, 0, 0, 1, 0, 0, 0, 1, 1, 0, 0, 0, 1, 0, 0, 0, 0, 1, 0, 0, 1, 0, 0, 1, 0, 1, 0, 0, 0, 0, 1, 0, 0, 1, 0, 0, 0, 1, 1, 0, 0, 1, 1, 0, 0, 0, 0, 0, 0, 1, 0], "predicted_labels": [0, 0, 0, 0, 0, 0, 0, 0, 0, 0, 1, 0, 0, 0, 1, 0, 0, 1, 0, 0, 0, 0, 0, 0, 0, 1, 0, 0, 0, 0, 1, 0, 1, 0, 0, 0, 0, 1, 0, 0, 0, 1, 0, 0, 0, 0, 0, 1, 0, 1, 1, 0, 1, 0, 0, 0, 0, 0, 1, 0, 0, 0, 0, 0, 0, 0, 0, 0, 0, 1, 0, 0, 0, 0, 1, 1, 0, 0, 0, 0, 0, 1, 0, 0, 1, 1, 1, 0, 0, 0, 1, 0, 0, 0, 1, 1, 0, 0, 0, 1, 1, 0, 0, 1, 0, 1, 0, 0, 0, 1, 0, 0, 1, 0, 0, 1, 0, 1, 0, 0, 0, 0, 1, 0, 0, 1, 1, 0, 0, 0, 1, 0, 1, 1, 0, 0, 0, 0, 1, 0, 0, 0, 0], "confidence_scores": [[0.6445559691456029, 0.3554440308543976], [0.7181804992290247, 0.28181950077097584], [0.6228541497328625, 0.3771458502671375], [0.6329412737847677, 0.3670587262152318], [0.5770242836745341, 0.42297571632546616], [0.5922220785392681, 0.40777792146073183], [0.546211238600584, 0.45378876139941576], [0.5149856624379615, 0.48501433756203843], [0.7377174116353167, 0.26228258836468327], [0.643099628450163, 0.35690037154983706], [0.4661387211818468, 0.5338612788181529], [0.504601945733821, 0.49539805426617906], [0.6802684039571746, 0.31973159604282575], [0.6005202599011836, 0.3994797400988166], [0.4712134095855533, 0.5287865904144468], [0.559536236317167, 0.4404637636828331], [0.5913841372669224, 0.4086158627330774], [0.4411825141226858, 0.5588174858773143], [0.6084402235666472, 0.39155977643335277], [0.5212425973220997, 0.47875740267790046], [0.5170492399909996, 0.48295076000900056], [0.6505217188323513, 0.34947828116764873], [0.5843305152288293, 0.4156694847711707], [0.6465195203670837, 0.3534804796329156], [0.6502507055534305, 0.3497492944465697], [0.44440100944957334, 0.5555989905504267], [0.6364849438870824, 0.3635150561129174], [0.5253757097479866, 0.47462429025201325], [0.694366285753377, 0.30563371424662283], [0.5216485834754669, 0.4783514165245332], [0.4785352232423491, 0.5214647767576508], [0.7578679367295179, 0.24213206327048217], [0.49342034662860856, 0.5065796533713914], [0.600556010568585, 0.3994439894314151], [0.5373153229072035, 0.46268467709279637], [0.5188227194366571, 0.48117728056334286], [0.5852841340746581, 0.41471586592534176], [0.3318604302398489, 0.6681395697601517], [0.5259410867689903, 0.4740589132310097], [0.532781038976559, 0.46721896102344107], [0.5107245336436973, 0.48927546635630265], [0.4320536180344127, 0.5679463819655874], [0.5820569013014453, 0.4179430986985545], [0.5118878757811894, 0.4881121242188105], [0.585292545873555, 0.4147074541264451], [0.6114336637241709, 0.3885663362758294], [0.6886757659584539, 0.31132423404154663], [0.422837395340134, 0.5771626046598662], [0.5705176271552296, 0.4294823728447704], [0.48868338127198535, 0.5113166187280146], [0.37886160636888067, 0.6211383936311197], [0.5881546567942091, 0.41184534320579064], [0.4922916040789524, 0.5077083959210477], [0.5991052912185332, 0.4008947087814668], [0.5756766178829478, 0.424323382117052], [0.5266493742075421, 0.4733506257924579], [0.6091288042729022, 0.3908711957270976], [0.5486781422835473, 0.4513218577164528], [0.43310836478562553, 0.5668916352143749], [0.6291179782688903, 0.37088202173110996], [0.7094199417185184, 0.29058005828148187], [0.547493029879033, 0.4525069701209669], [0.6670036897092089, 0.3329963102907912], [0.5118446152882631, 0.48815538471173686], [0.5796133991387765, 0.4203866008612231], [0.5995878467029633, 0.40041215329703655], [0.5031977588559469, 0.4968022411440531], [0.6894535093949148, 0.31054649060508543], [0.5517457030308711, 0.4482542969691286], [0.4235405410693742, 0.576459458930626], [0.6302484140990713, 0.36975158590092855], [0.5583946262117797, 0.44160537378822007], [0.6486138101160892, 0.3513861898839109], [0.6243845286454224, 0.37561547135457757], [0.45685170865241814, 0.543148291347582], [0.38248597225773795, 0.617514027742262], [0.6516093238937475, 0.3483906761062523], [0.7266954337582187, 0.2733045662417813], [0.5535935332098083, 0.4464064667901914], [0.6327353263356804, 0.36726467366431953], [0.5485724556793945, 0.45142754432060567], [0.43605404282405974, 0.5639459571759405], [0.5379727943688373, 0.4620272056311628], [0.6744246170152989, 0.3255753829847016], [0.4875148832190417, 0.5124851167809584], [0.45386130721059903, 0.5461386927894009], [0.48022072470873434, 0.5197792752912658], [0.5933763647141014, 0.4066236352858988], [0.5097958043883574, 0.49020419561164263], [0.6931413590744046, 0.3068586409255956], [0.4440720354868467, 0.5559279645131534], [0.5111101483049199, 0.4888898516950801], [0.5090813972237935, 0.4909186027762065], [0.5091652415436468, 0.49083475845635316], [0.4603545437579337, 0.5396454562420665], [0.3857376088075318, 0.6142623911924685], [0.6068673057284855, 0.3931326942715146], [0.5984040575362869, 0.401595942463713], [0.5131153640667785, 0.48688463593322157], [0.4826196443674554, 0.5173803556325446], [0.4448513940626843, 0.5551486059373156], [0.523186803304305, 0.47681319669569483], [0.650548003737839, 0.3494519962621611], [0.4930723733603639, 0.506927626639636], [0.515733332731178, 0.48426666726882195], [0.4875479576193529, 0.5124520423806473], [0.6664940265559891, 0.33350597344401134], [0.6627426545197339, 0.3372573454802658], [0.5383398068297212, 0.4616601931702788], [0.4680871289211756, 0.5319128710788243], [0.6006096713615032, 0.39939032863849677], [0.5689054027159631, 0.4310945972840369], [0.3801568289921459, 0.6198431710078539], [0.6605015157134073, 0.3394984842865925], [0.5853724788247723, 0.41462752117522766], [0.47904405728137417, 0.5209559427186258], [0.6007149344577686, 0.3992850655422315], [0.47837775521708814, 0.521622244782912], [0.5981690869121128, 0.40183091308788726], [0.5455393683414765, 0.4544606316585234], [0.5193429015130797, 0.4806570984869201], [0.5456245926057427, 0.45437540739425736], [0.4791265944222797, 0.5208734055777203], [0.5259069213162629, 0.47409307868373696], [0.5292141294828993, 0.47078587051710075], [0.37752924959054274, 0.6224707504094579], [0.48973773267318843, 0.5102622673268116], [0.62224669247831, 0.37775330752168995], [0.6252680221825939, 0.37473197781740614], [0.6458113043989047, 0.35418869560109534], [0.3937584568998852, 0.6062415431001148], [0.7308553162215925, 0.2691446837784071], [0.4992348145559875, 0.5007651854440125], [0.4470137110604829, 0.5529862889395175], [0.5560113789728316, 0.44398862102716835], [0.6954645445208631, 0.3045354554791372], [0.6354445800919413, 0.36455541990805834], [0.6383965674582165, 0.3616034325417836], [0.4511147320892762, 0.548885267910724], [0.5532190024339321, 0.44678099756606815], [0.7226360844090892, 0.2773639155909107], [0.5640344750237186, 0.43596552497628155], [0.57534349349166, 0.4246565065083403]]},