{"test": {"ids": ["579", "428", "542", "507", "209", "70", "704", "508", "61", "5", "648", "456", "374", "50", "10", "414", "341", "192", "141", "157", "15", "188", "254", "292", "485", "375", "419", "575", "497", "282", "84", "184", "114", "173", "437", "111", "148", "660", "676", "248", "370", "225", "558", "92", "301", "410", "709", "365", "708", "16", "430", "138", "673", "683", "564", "288", "500", "350", "674", "19", "0", "151", "557", "262", "535", "435", "334", "554", "655", "392", "180", "313", "259", "198", "319", "505", "345", "478", "373", "434", "473", "559", "186", "665", "35", "324", "26", "536", "561", "696", "142", "31", "3", "2", "226", "661", "547", "256", "325", "323", "357", "393", "206", "607", "124", "546", "268", "11", "633", "574", "108", "54", "310", "531", "549", "255", "165", "52", "570", "490", "363", "76", "522", "504", "364", "43", "390", "6", "136", "338", "224", "383", "644", "606", "230", "397", "369", "125", "599", "314", "433", "244", "339"], "labels": [0, 1, 1, 0, 0, 1, 1, 0, 1, 0, 0, 0, 1, 0, 0, 1, 1, 0, 1, 1, 0, 0, 1, 0, 0, 1, 1, 0, 0, 0, 1, 0, 1, 1, 1, 1, 1, 0, 0, 1, 1, 0, 0, 0, 0, 1, 1, 1, 1, 1, 1, 1, 0, 0, 0, 0, 0, 1, 0, 0, 1, 1, 0, 1, 1, 1, 1, 1, 0, 1, 0, 0, 1, 0, 0, 0, 1, 0, 1, 1, 0, 0, 0, 0, 0, 1, 0, 1, 0, 1, 1, 0, 0, 0, 0, 0, 0, 1, 1, 0, 1, 1, 0, 0, 1, 0, 0, 0, 0, 0, 0, 0, 0, 1, 0, 1, 1, 0, 0, 0, 1, 1, 1, 0, 1, 0, 1, 0, 1, 1, 0, 1, 0, 0, 0, 1, 1, 1, 0, 0, 1, 0, 1], "predicted_labels": [0, 1, 1, 0, 0, 1, 1, 1, 0, 1, 1, 0, 1, 0, 1, 1, 1, 0, 1, 1, 1, 0, 0, 0, 0, 1, 0, 0, 0, 0, 1, 0, 1, 1, 0, 1, 1, 0, 1, 0, 1, 1, 1, 1, 0, 1, 1, 1, 1, 1, 1, 1, 0, 0, 0, 0, 0, 1, 0, 0, 1, 1, 0, 1, 0, 1, 1, 0, 0, 1, 0, 0, 1, 1, 0, 0, 0, 0, 1, 0, 0, 0, 0, 0, 0, 0, 1, 0, 0, 1, 1, 1, 0, 0, 1, 0, 0, 1, 1, 1, 1, 1, 0, 0, 0, 0, 1, 1, 0, 0, 0, 1, 0, 0, 1, 1, 1, 0, 0, 1, 1, 0, 1, 0, 1, 1, 1, 0, 1, 1, 1, 0, 0, 1, 0, 0, 1, 1, 0, 1, 1, 0, 1], "confidence_scores": [[0.9999999285003559, 7.149964414109158e-08], [0.0006069019174923529, 0.9993930980825076], [1.0647567441068873e-06, 0.9999989352432559], [0.9995938407436182, 0.0004061592563817561], [0.9615634550876317, 0.03843654491236822], [0.009028911747911206, 0.9909710882520888], [0.11365403678955444, 0.8863459632104456], [0.00284218051835472, 0.9971578194816453], [0.9740565197389285, 0.025943480261071537], [0.17018755611381275, 0.8298124438861872], [0.000644798121680723, 0.9993552018783193], [0.8240622877312149, 0.17593771226878507], [8.157878816916764e-10, 0.9999999991842121], [0.9986872660876371, 0.0013127339123628757], [0.01622143564228473, 0.9837785643577153], [1.6459336116270151e-09, 0.9999999983540664], [8.848268007177751e-09, 0.999999991151732], [0.9999805054517211, 1.9494548278883364e-05], [5.853517226483973e-09, 0.9999999941464828], [0.3383550726143457, 0.6616449273856543], [0.0006267759626885638, 0.9993732240373114], [0.999979900059364, 2.0099940635960685e-05], [0.9868999997980725, 0.01310000020192747], [0.9998475431396491, 0.0001524568603508936], [0.9998568052702967, 0.00014319472970330817], [0.04469423854689525, 0.9553057614531048], [0.8061523399261304, 0.19384766007386958], [0.999999981496106, 1.8503893953051413e-08], [0.9287816975935451, 0.0712183024064549], [0.8447696262848237, 0.1552303737151763], [0.000854255441347096, 0.9991457445586529], [0.9998962873629679, 0.00010371263703214466], [0.25157902937826115, 0.7484209706217388], [0.0018988526846293041, 0.9981011473153707], [0.9999689977414538, 3.100225854621893e-05], [0.0014138443371506382, 0.9985861556628494], [9.93904736290574e-10, 0.9999999990060953], [0.990486615074423, 0.009513384925576926], [3.872511200597728e-10, 0.9999999996127489], [0.6214375080112006, 0.37856249198879943], [2.3571335061589593e-07, 0.9999997642866494], [0.4470161129085908, 0.5529838870914092], [0.04865664493515787, 0.9513433550648421], [1.4165279405009557e-07, 0.999999858347206], [0.9999921157210676, 7.884278932444978e-06], [0.00017200951371587614, 0.9998279904862841], [0.0072874781266563105, 0.9927125218733437], [0.002975342159151295, 0.9970246578408487], [3.310639391818082e-05, 0.9999668936060818], [1.265459959043369e-09, 0.99999999873454], [1.8945560786853832e-08, 0.9999999810544392], [0.0007671678887205546, 0.9992328321112794], [0.9999977093990187, 2.2906009813711912e-06], [0.9999997488436695, 2.511563305112241e-07], [0.999997771000671, 2.228999328954522e-06], [0.9999999304577241, 6.95422759356441e-08], [0.6670782279656836, 0.3329217720343164], [2.2140533850745214e-09, 0.9999999977859466], [0.9999546561618069, 4.5343838193138516e-05], [0.6634880994023098, 0.33651190059769026], [0.001594364466855347, 0.9984056355331447], [0.15188961310041238, 0.8481103868995876], [0.9999999929400539, 7.0599461274250824e-09], [8.905226223099305e-09, 0.9999999910947738], [0.9970499683565371, 0.002950031643462851], [0.0003635639443556604, 0.9996364360556443], [2.050004610509859e-11, 0.9999999999795], [0.9996406641336939, 0.00035933586630610765], [0.999999909273259, 9.072674105996692e-08], [0.0021348278951519584, 0.997865172104848], [0.9994424607084054, 0.000557539291594623], [0.999694461001996, 0.00030553899800403374], [0.00010124426055679869, 0.9998987557394432], [1.0530152563248407e-05, 0.9999894698474368], [0.9992140240893249, 0.0007859759106750792], [0.9999854087540906, 1.4591245909448876e-05], [0.9999678727681843, 3.212723181567546e-05], [0.9289678751248756, 0.07103212487512439], [6.872113544886815e-09, 0.9999999931278865], [0.9841536512950587, 0.015846348704941293], [0.9879633000256904, 0.012036699974309568], [0.9999983399095715, 1.660090428436414e-06], [0.9958576753377851, 0.004142324662214845], [0.9610910593389876, 0.038908940661012414], [0.9999999987456042, 1.2543957713194498e-09], [0.9633664027082969, 0.03663359729170311], [0.009900410662202264, 0.9900995893377977], [0.9964669704388288, 0.0035330295611711647], [0.9999995791816917, 4.208183082729069e-07], [0.17451346065715523, 0.8254865393428448], [5.54152186549306e-06, 0.9999944584781345], [0.0008800473833469047, 0.9991199526166531], [0.8278299939874032, 0.17217000601259674], [0.9136297563204, 0.08637024367959997], [3.688958078562621e-06, 0.9999963110419214], [0.9594486257101834, 0.04055137428981658], [0.9999974302764588, 2.5697235411354227e-06], [4.861362005170733e-07, 0.9999995138637995], [2.5492007740934852e-05, 0.9999745079922591], [0.02663551351479365, 0.9733644864852063], [3.543999190602776e-05, 0.999964560008094], [5.241319229742913e-07, 0.999999475868077], [0.9999999996231861, 3.768139385352325e-10], [0.9273297552932155, 0.07267024470678456], [0.8257785532164871, 0.17422144678351295], [0.9999493999020398, 5.060009796016337e-05], [0.4897236383504616, 0.5102763616495384], [7.510259122156526e-06, 0.9999924897408778], [0.8289138886095258, 0.17108611139047422], [0.9999999436653272, 5.633467281202134e-08], [0.6622465795103373, 0.3377534204896627], [0.00042328197764152087, 0.9995767180223585], [0.9999991741865775, 8.258134225052336e-07], [0.9919799674796954, 0.008020032520304643], [0.01703858682468451, 0.9829614131753155], [0.0005689800236634568, 0.9994310199763365], [2.0025985314475747e-09, 0.9999999979974015], [0.8623037148728014, 0.13769628512719856], [0.9999999889044004, 1.1095599594374936e-08], [1.713608670517175e-07, 0.999999828639133], [0.0034524071376631493, 0.9965475928623369], [0.9990919184801833, 0.0009080815198166423], [1.5909151745985284e-06, 0.9999984090848254], [0.999900078397627, 9.99216023730959e-05], [0.005146031494377534, 0.9948539685056225], [3.7570049136181893e-06, 0.9999962429950864], [1.3241734575841768e-05, 0.9999867582654242], [0.9988892039319073, 0.0011107960680927108], [0.0012943689095991084, 0.9987056310904009], [0.08516713000677356, 0.9148328699932264], [0.022470649642559848, 0.9775293503574402], [0.9898585801135088, 0.010141419886491147], [0.9964698498138208, 0.003530150186179149], [0.005188114595093607, 0.9948118854049064], [0.9999999969351321, 3.0648679202659086e-09], [0.9828170583723449, 0.01718294162765506], [7.324439312683673e-05, 0.9999267556068732], 