{"test": {"ids": ["554", "684", "614", "640", "377", "2", "249", "347", "127", "536", "500", "35", "36", "388", "499", "148", "4", "77", "552", "439", "496", "541", "93", "646", "604", "366", "399", "238", "631", "208", "174", "464", "60", "511", "376", "39", "389", "508", "395", "668", "637", "663", "616", "85", "418", "129", "94", "307", "186", "436", "365", "414", "515", "584", "209", "17", "526", "3", "509", "168", "353", "695", "242", "662", "246", "573", "334", "105", "98", "397", "46", "696", "462", "193", "112", "626", "147", "167", "282", "659", "327", "427", "104", "479", "0", "248", "59", "55", "539", "565", "705", "641", "194", "266", "652", "18", "360", "130", "703", "111", "76", "556", "326", "628", "420", "380", "672", "581", "506", "501", "25", "257", "203", "482", "406", "456", "152", "134", "295", "154", "14", "621", "653", "120", "559", "114", "188", "172", "527", "597", "546", "587", "171", "133", "582", "164", "678", "223", "708", "435", "413", "688", "48"], "labels": [1, 1, 0, 1, 0, 0, 1, 0, 1, 1, 0, 0, 1, 1, 0, 1, 0, 0, 1, 1, 1, 1, 1, 1, 0, 0, 1, 0, 1, 0, 0, 0, 0, 0, 0, 1, 1, 0, 1, 1, 1, 1, 0, 0, 1, 1, 1, 0, 0, 1, 0, 1, 0, 0, 0, 1, 1, 0, 0, 1, 0, 1, 0, 1, 0, 0, 0, 1, 1, 1, 1, 1, 0, 0, 1, 1, 1, 1, 0, 1, 0, 1, 1, 0, 0, 0, 0, 1, 1, 0, 1, 1, 0, 0, 1, 0, 0, 1, 1, 1, 0, 0, 0, 1, 1, 1, 1, 0, 0, 0, 0, 0, 0, 0, 1, 0, 1, 1, 0, 1, 1, 1, 1, 1, 0, 1, 0, 1, 1, 0, 1, 0, 1, 1, 0, 1, 1, 0, 1, 1, 1, 0, 1], "predicted_labels": [0, 1, 0, 0, 1, 0, 0, 0, 1, 0, 1, 0, 0, 1, 0, 1, 0, 1, 0, 1, 1, 0, 1, 1, 0, 1, 1, 0, 0, 1, 0, 0, 1, 0, 0, 1, 1, 0, 0, 0, 0, 0, 0, 1, 1, 1, 1, 0, 0, 1, 0, 0, 0, 0, 0, 0, 0, 0, 0, 0, 1, 0, 0, 1, 1, 0, 0, 1, 0, 1, 1, 1, 0, 0, 1, 1, 1, 0, 0, 1, 0, 1, 1, 1, 1, 1, 1, 1, 0, 1, 1, 1, 0, 0, 1, 0, 0, 0, 1, 1, 1, 0, 0, 0, 1, 0, 1, 0, 1, 0, 1, 1, 0, 1, 0, 0, 1, 1, 0, 0, 1, 0, 1, 1, 0, 1, 0, 0, 1, 0, 1, 0, 1, 1, 0, 1, 1, 0, 0, 1, 1, 0, 0], "confidence_scores": [[0.7422031377123366, 0.2577968622876634], [0.4275256246075336, 0.5724743753924664], [0.9180229971560052, 0.08197700284399483], [0.5651266843831126, 0.4348733156168874], [0.39934356166532325, 0.6006564383346767], [0.9417737820492372, 0.0582262179507628], [0.7254376579967954, 0.27456234200320456], [0.9515397439233768, 0.04846025607662313], [0.48226420217411115, 0.5177357978258889], [0.8011413236790411, 0.19885867632095885], [0.04503790999532131, 0.9549620900046787], [0.7886862865196715, 0.21131371348032849], [0.8322083925063708, 0.1677916074936292], [0.16560307749736236, 0.8343969225026376], [0.9094721400116322, 0.0905278599883678], [0.032833271814952436, 0.9671667281850476], [0.9190855149461676, 0.08091448505383236], [0.32904190498840347, 0.6709580950115965], [0.6487604341903641, 0.35123956580963583], [0.010322193048866835, 0.9896778069511332], [0.03982021704677474, 0.9601797829532253], [0.9214627078364607, 0.0785372921635393], [0.21213749063859677, 0.7878625093614032], [0.4594655551244794, 0.5405344448755206], [0.8794426629056322, 0.12055733709436776], [0.19727795226051104, 0.802722047739489], [0.35047778036299526, 0.6495222196370047], [0.9513264261641762, 0.04867357383582385], [0.5049582372148134, 0.4950417627851867], [0.29390782100600377, 0.7060921789939962], [0.5148992258535359, 0.4851007741464641], [0.9858067839792425, 0.01419321602075753], [0.04568039667946888, 0.9543196033205311], [0.9863347823510797, 0.01366521764892026], [0.9685723870639066, 0.031427612936093426], [0.029810586842824782, 0.9701894131571752], [0.43232733398283496, 0.567672666017165], [0.945565743587853, 0.05443425641214707], [0.6604095502747975, 0.3395904497252024], [0.967940401256408, 0.03205959874359203], [0.5295664518455112, 0.47043354815448873], [0.6082872419367142, 0.3917127580632858], [0.9935754401800938, 0.006424559819906241], [0.21369942009318132, 0.7863005799068187], [0.017556852910802778, 0.9824431470891972], [0.23669887059055572, 0.7633011294094443], [0.027983631533046283, 0.9720163684669537], [0.5517636287268946, 0.44823637127310545], [0.9801126724658706, 0.019887327534129414], [0.2558918591424195, 0.7441081408575805], [0.8998901445947015, 0.10010985540529846], [0.8606525452866876, 0.1393474547133125], [0.5170212054562409, 0.4829787945437591], [0.8482583146411812, 0.15174168535881885], [0.8359658665702597, 0.16403413342974024], [0.9772574245888477, 0.022742575411152356], [0.8235750719995463, 0.17642492800045376], [0.9470479794956993, 0.05295202050430065], [0.8702614563974498, 0.12973854360255027], [0.7805343498581466, 0.21946565014185335], [0.2114667968925581, 0.7885332031074419], [0.9669514770574813, 0.03304852294251874], [0.7600352249407532, 0.23996477505924688], [0.17610427066423517, 0.8238957293357648], [0.4431973446009282, 0.5568026553990718], [0.9900184885792848, 0.009981511420715286], [0.8987440475111284, 0.10125595248887162], [0.2035861846644591, 0.7964138153355409], [0.6169657850891551, 0.3830342149108449], [0.13829508463954732, 0.8617049153604527], [0.19760391219618467, 0.8023960878038153], [0.31898773262291735, 0.6810122673770826], [0.7275912336776372, 0.27240876632236277], [0.969406040796747, 0.030593959203253033], [0.06551218610781417, 0.9344878138921858], [0.01926174338333586, 0.9807382566166641], [0.1421348013392678, 0.8578651986607322], [0.5218091091962028, 0.4781908908037972], [0.9548801694141231, 0.04511983058587689], [0.15071542247228753, 0.8492845775277125], [0.7784867196282933, 0.22151328037170667], [0.13388875561498115, 0.8661112443850189], [0.09408482176037558, 0.9059151782396244], [0.3850335316572202, 0.6149664683427798], [0.14749401031638432, 0.8525059896836157], [0.3097837848185533, 0.6902162151814467], [0.17224977960706167, 0.8277502203929383], [0.30504942906981247, 0.6949505709301875], [0.7704778039688174, 0.22952219603118257], [0.06516134536339035, 0.9348386546366096], [0.018946205222825196, 0.9810537947771748], [0.26164202842788964, 0.7383579715721104], [0.9806134051415696, 0.01938659485843037], [0.8460163667873044, 0.1539836332126956], [0.29930478106389935, 0.7006952189361006], [0.5534522465000469, 0.44654775349995307], [0.7784136175662755, 0.22158638243372453], [0.5002403104857198, 0.49975968951428024], [0.07584853934394786, 0.9241514606560521], [0.20136273652902503, 0.798637263470975], [0.10935331959653039, 0.8906466804034696], [0.7470934980793422, 0.2529065019206578], [0.7699618081533424, 0.2300381918466577], [0.9356816225474629, 0.06431837745253705], [0.18668254492537606, 0.8133174550746239], [0.9319409311826048, 0.0680590688173952], [0.41659455081716146, 0.5834054491828385], [0.531250311201634, 0.46874968879836604], [0.1491125247785492, 0.8508874752214508], [0.8043559107543732, 0.19564408924562676], [0.10693599383791974, 0.8930640061620803], [0.06067684418143948, 0.9393231558185605], [0.6016611878099165, 0.39833881219008355], [0.34469776902192173, 0.6553022309780783], [0.9484453177708807, 0.05155468222911927], [0.7897533852936722, 0.21024661470632777], [0.026291639063180217, 0.9737083609368198], [0.005052423582377674, 0.9949475764176223], [0.6416230231011101, 0.3583769768988899], [0.5613146076881093, 0.4386853923118907], [0.3027926097773098, 0.6972073902226902], [0.9510145467024349, 0.04898545329756504], [0.0034753986750547528, 0.9965246013249452], [0.16260108765816605, 0.837398912341834], [0.6805644831830782, 0.31943551681692184], [0.14575369680452155, 0.8542463031954785], [0.6972234063061955, 0.3027765936938045], [0.8846671523993836, 0.11533284760061638], [0.29050476712032247, 0.7094952328796775], [0.6386424568721583, 0.36135754312784174], [0.03774028426925913, 0.9622597157307409], [0.6307757264716896, 0.3692242735283105], [0.16629973179624125, 0.8337002682037588], [0.23752054913549037, 0.7624794508645096], [0.5339158036803431, 0.4660841963196569], [0.1877656906283277, 0.8122343093716723], [0.05159940093859705, 0.948400599061403], [0.9851751399542621, 0.014824860045737872], [0.6179380487902171, 0.3820619512097829], [0.4138620453104266, 0.5861379546895734], [0.2659924063639816, 0.7340075936360184], [0.7871610759558829, 0.21283892404411714], 