{"test": {"ids": ["243", "588", "686", "584", "107", "437", "691", "574", "439", "497", "89", "343", "650", "489", "454", "76", "524", "660", "666", "182", "37", "23", "665", "614", "176", "401", "647", "331", "298", "255", "249", "484", "391", "242", "226", "13", "425", "351", "133", "275", "223", "257", "166", "85", "452", "363", "638", "352", "579", "639", "435", "19", "410", "704", "607", "504", "426", "303", "675", "413", "465", "27", "202", "75", "601", "161", "99", "60", "560", "211", "709", "222", "683", "613", "490", "710", "221", "411", "134", "248", "310", "145", "32", "538", "212", "670", "195", "582", "94", "602", "486", "394", "217", "181", "571", "615", "199", "359", "34", "53", "366", "66", "493", "529", "681", "260", "215", "659", "470", "357", "643", "422", "361", "155", "54", "428", "288", "237", "272", "3", "405", "447", "149", "208", "445", "396", "126", "268", "608", "523", "649", "184", "672", "417", "240", "252", "377", "48", "605", "475", "400", "473", "491"], "labels": [1, 1, 1, 1, 0, 0, 0, 1, 0, 1, 0, 0, 0, 0, 1, 1, 0, 0, 0, 1, 1, 1, 0, 0, 1, 0, 0, 0, 1, 0, 1, 0, 0, 1, 1, 0, 0, 0, 0, 1, 1, 0, 0, 0, 1, 0, 0, 0, 1, 0, 0, 1, 0, 0, 0, 1, 0, 1, 0, 0, 1, 1, 1, 1, 1, 0, 0, 1, 1, 1, 0, 1, 0, 0, 1, 0, 1, 0, 0, 0, 1, 0, 1, 0, 1, 0, 1, 1, 0, 1, 0, 0, 1, 1, 1, 0, 1, 0, 1, 1, 0, 1, 0, 0, 0, 0, 1, 0, 1, 0, 0, 0, 0, 0, 1, 0, 1, 1, 1, 0, 0, 0, 0, 1, 0, 0, 0, 1, 0, 0, 0, 1, 0, 0, 1, 1, 0, 1, 1, 1, 0, 1, 1], "predicted_labels": [0, 1, 0, 1, 0, 0, 0, 1, 0, 1, 1, 0, 0, 1, 1, 0, 0, 1, 0, 0, 0, 0, 0, 1, 0, 1, 1, 0, 1, 1, 0, 0, 1, 1, 0, 0, 1, 0, 1, 0, 1, 0, 0, 0, 1, 0, 1, 0, 1, 1, 0, 1, 0, 0, 1, 1, 0, 0, 0, 0, 0, 1, 1, 1, 1, 1, 0, 0, 1, 1, 0, 0, 1, 1, 1, 0, 0, 0, 0, 0, 1, 0, 1, 0, 1, 1, 1, 1, 0, 1, 0, 0, 1, 1, 1, 1, 1, 0, 1, 0, 0, 1, 0, 0, 0, 0, 1, 0, 0, 0, 1, 0, 0, 0, 1, 1, 1, 1, 1, 1, 0, 1, 0, 1, 1, 0, 1, 1, 0, 1, 1, 1, 1, 0, 1, 0, 0, 1, 1, 1, 0, 1, 0], "confidence_scores": [[0.5086507613173881, 0.4913492386826119], [0.4198325459576801, 0.5801674540423198], [0.501799920454467, 0.49820007954553297], [0.48266478153673803, 0.5173352184632618], [0.5166095521665676, 0.48339044783343227], [0.6107823645379109, 0.38921763546208976], [0.5891606750634742, 0.410839324936526], [0.4095031611857416, 0.5904968388142585], [0.524688920680569, 0.475311079319431], [0.3960568339127317, 0.6039431660872681], [0.47967292193610417, 0.5203270780638957], [0.6829685372014763, 0.31703146279852423], [0.5387409898915938, 0.4612590101084062], [0.4682885416561962, 0.5317114583438037], [0.38437044588687896, 0.6156295541131214], [0.5006576667144762, 0.49934233328552385], [0.5936763798777593, 0.4063236201222404], [0.4288798142728498, 0.5711201857271502], [0.5127716827583392, 0.4872283172416609], [0.5396262419365548, 0.46037375806344527], [0.5978298019796002, 0.40217019802039994], [0.5507753929577948, 0.4492246070422049], [0.5164831307702571, 0.48351686922974274], [0.3983526048733845, 0.6016473951266154], [0.5676290075595528, 0.4323709924404475], [0.42013169016216434, 0.5798683098378357], [0.4434559137861068, 0.556544086213893], [0.7666239166246048, 0.2333760833753953], [0.34248564689823796, 0.6575143531017619], [0.47187763870184, 0.5281223612981599], [0.5690038909914718, 0.4309961090085284], [0.6405083001224574, 0.35949169987754326], [0.4932428112460112, 0.5067571887539888], [0.2816340121158135, 0.7183659878841868], [0.5193984621716893, 0.48060153782831067], [0.5285641053655483, 0.47143589463445174], [0.49027020632706503, 0.5097297936729349], [0.7128463050728949, 0.28715369492710424], [0.41703830189903235, 0.5829616981009674], [0.5072863562441522, 0.4927136437558478], [0.21156613933020388, 0.7884338606697964], [0.6698636901789252, 0.3301363098210741], [0.5615757095083873, 0.4384242904916131], [0.6248299719218992, 0.3751700280781013], [0.4838050327783088, 0.5161949672216913], [0.6708790112977319, 0.32912098870226886], [0.33171980713386234, 0.6682801928661377], [0.6590594271736747, 0.3409405728263261], [0.47099280342734146, 0.5290071965726586], [0.3980710895126593, 0.6019289104873407], [0.5960157546334782, 0.4039842453665219], [0.4323008709447446, 0.567699129055255], [0.6251942686444584, 0.37480573135554174], [0.6137114619159024, 0.3862885380840977], [0.4756800320240127, 0.5243199679759873], [0.3063361613607402, 0.6936638386392605], [0.5092149008395699, 0.4907850991604301], [0.5669597750308427, 0.4330402249691575], [0.557577200315695, 0.442422799684305], [0.6055190213768908, 0.3944809786231095], [0.5345700048353366, 0.4654299951646628], [0.45069279053242467, 0.549307209467575], [0.4640592628670241, 0.5359407371329757], [0.4587716787962485, 0.5412283212037516], [0.44261132240058343, 0.5573886775994163], [0.46556962400266, 0.53443037599734], [0.5196934601187535, 0.4803065398812466], [0.5653708582721804, 0.43462914172781963], [0.3593815854488883, 0.6406184145511113], [0.4915341092837171, 0.5084658907162829], [0.6351770395631393, 0.36482296043686097], [0.5383649794327019, 0.461635020567298], [0.46580465587491426, 0.5341953441250858], [0.4773028091290055, 0.5226971908709948], [0.47170686534130285, 0.528293134658697], [0.6113758093357274, 0.3886241906642728], [0.6305389679886543, 0.36946103201134567], [0.536225349949929, 0.4637746500500712], [0.5988984649675243, 0.40110153503247564], [0.5403016475889194, 0.45969835241108087], [0.47192214363667484, 0.5280778563633252], [0.680540156668391, 0.3194598433316091], [0.4206301721210987, 0.5793698278789011], [0.5400249969863357, 0.4599750030136642], [0.4688220958910984, 0.5311779041089016], [0.4860120026275856, 0.5139879973724144], [0.4775148852496716, 0.5224851147503283], [0.4479611679540655, 0.5520388320459346], [0.5369985873516073, 0.4630014126483929], [0.44521468449770146, 0.5547853155022986], [0.6230601331303581, 0.3769398668696417], [0.5144846742191451, 0.4855153257808549], [0.28439796464899997, 0.7156020353509993], [0.23330343293400696, 0.7666965670659932], [0.4110775595802658, 0.5889224404197337], [0.3904609076467682, 0.6095390923532319], [0.3390239795837947, 0.6609760204162057], [0.5865496006531645, 0.4134503993468355], [0.3723860201318318, 0.6276139798681678], [0.6121359695507259, 0.38786403044927387], [0.6797014889938114, 0.320298511006189], [0.4905239278371941, 0.5094760721628059], [0.5704224235714682, 0.4295775764285318], [0.5177718689935542, 0.4822281310064456], [0.5048286799757028, 0.49517132002429726], [0.6101906234211266, 0.38980937657887327], [0.4713793399856832, 0.5286206600143171], [0.6376227270615252, 0.36237727293847494], [0.5113442511858852, 0.48865574881411483], [0.5692503175681436, 0.43074968243185596], [0.4687864102706127, 0.5312135897293878], [0.5740124000329309, 0.4259875999670695], [0.5604977474509367, 0.43950225254906355], [0.7060135879164035, 0.293986412083597], [0.47342868500139174, 0.5265713149986082], [0.4516329380838299, 0.5483670619161702], [0.32521407758216675, 0.674785922417833], [0.3058384917704243, 0.6941615082295761], [0.37786270313079173, 0.6221372968692087], [0.42620370317395595, 0.5737962968260436], [0.6168747687901762, 0.3831252312098242], [0.406101844797064, 0.5938981552029362], [0.6803248533904314, 0.31967514660956836], [0.336884357727608, 0.663115642272392], [0.3875449074214642, 0.6124550925785355], [0.5665823134449092, 0.43341768655509083], [0.4940887852901147, 0.5059112147098853], [0.4237782400308375, 0.5762217599691628], [0.5884591334248463, 0.41154086657515376], [0.49490301230497075, 0.5050969876950293], [0.4461374285326918, 0.5538625714673082], [0.4232631519307628, 0.5767368480692372], [0.4206399215136401, 0.57936007848636], [0.5244081469733176, 0.47559185302668233], [0.40916048075661043, 0.5908395192433893], [0.55060243509286, 0.4493975649071399], [0.7846996510202383, 0.21530034897976244], [0.4931309021852945, 0.5068690978147056], [0.4330194584649622, 0.5669805415350379], [0.39176963126921044, 0.6082303687307897], [0.5781885251172737, 0.42181147488272647], [0.45638640104635797, 0.5436135989536419], [0.6942935354982502, 0.30570646450174943]]},