{"test": {"ids": ["551", "235", "454", "250", "9", "130", "341", "256", "333", "482", "290", "206", "73", "54", "439", "660", "165", "26", "592", "142", "181", "259", "626", "174", "421", "629", "203", "431", "490", "164", "488", "550", "223", "324", "201", "44", "57", "350", "682", "678", "106", "643", "553", "167", "244", "193", "123", "710", "598", "252", "410", "609", "480", "440", "52", "366", "487", "47", "373", "375", "17", "697", "182", "6", "175", "8", "455", "94", "63", "266", "430", "600", "473", "166", "681", "93", "403", "387", "389", "707", "84", "367", "356", "330", "310", "78", "361", "528", "583", "376", "561", "61", "586", "520", "362", "476", "100", "692", "567", "185", "435", "183", "20", "334", "701", "588", "504", "512", "372", "303", "631", "14", "656", "92", "540", "24", "50", "511", "351", "444", "146", "109", "432", "434", "264", "679", "696", "452", "359", "348", "82", "98", "357", "391", "442", "68", "568", "563", "607", "585", "240", "311", "498"], "labels": [1, 0, 0, 1, 1, 1, 0, 0, 0, 0, 0, 0, 0, 1, 1, 1, 1, 0, 0, 1, 0, 0, 1, 0, 1, 1, 0, 1, 0, 1, 0, 1, 0, 0, 0, 1, 1, 0, 1, 1, 1, 1, 1, 1, 0, 0, 1, 0, 0, 1, 1, 0, 0, 1, 1, 0, 0, 1, 0, 0, 1, 1, 0, 1, 0, 1, 0, 1, 0, 0, 1, 0, 0, 1, 1, 1, 1, 1, 1, 1, 0, 0, 0, 0, 0, 0, 0, 1, 0, 0, 0, 0, 0, 1, 0, 0, 1, 1, 0, 0, 1, 0, 0, 0, 1, 0, 0, 0, 0, 0, 1, 1, 1, 1, 1, 0, 1, 0, 0, 0, 1, 1, 1, 1, 0, 1, 1, 0, 0, 0, 1, 1, 0, 1, 1, 0, 0, 0, 0, 0, 0, 0, 0], "predicted_labels": [0, 0, 0, 0, 0, 1, 0, 0, 0, 0, 1, 0, 0, 1, 1, 1, 1, 1, 0, 1, 0, 0, 1, 0, 1, 1, 0, 1, 1, 1, 1, 0, 0, 0, 0, 1, 1, 0, 1, 1, 0, 1, 0, 0, 0, 0, 1, 0, 0, 1, 1, 0, 1, 0, 1, 0, 0, 0, 0, 0, 0, 1, 0, 0, 0, 0, 0, 1, 1, 0, 1, 0, 0, 1, 0, 1, 1, 0, 1, 1, 0, 0, 1, 0, 0, 0, 0, 0, 0, 0, 0, 0, 0, 1, 0, 1, 0, 1, 1, 0, 0, 0, 0, 0, 0, 0, 0, 1, 0, 0, 0, 0, 0, 0, 0, 1, 1, 0, 1, 0, 1, 1, 1, 1, 0, 1, 0, 0, 0, 0, 0, 0, 0, 0, 0, 0, 0, 0, 0, 0, 0, 1, 0], "confidence_scores": [[0.6161080087353308, 0.3838919912646691], [0.7055418782198195, 0.2944581217801805], [0.7977099851129259, 0.2022900148870738], [0.6246798724151668, 0.3753201275848336], [0.5568002381605325, 0.4431997618394679], [0.3715642329892332, 0.628435767010767], [0.5760864317055494, 0.4239135682944505], [0.5957551160140173, 0.40424488398598285], [0.5267420220941325, 0.4732579779058675], [0.5734658586511525, 0.4265341413488473], [0.42693308015513876, 0.573066919844861], [0.7553927724322462, 0.24460722756775394], [0.5013305966479343, 0.4986694033520657], [0.49873150717531506, 0.5012684928246849], [0.36530392954139074, 0.6346960704586089], [0.46743495291258425, 0.5325650470874158], [0.23542562715062715, 0.7645743728493731], [0.4399038339713263, 0.5600961660286736], [0.5873808741911685, 0.41261912580883153], [0.2103857446475094, 0.7896142553524911], [0.7903554202333617, 0.20964457976663858], [0.5837134179545945, 0.4162865820454057], [0.43490840548340554, 0.5650915945165943], [0.6728983186038174, 0.3271016813961825], [0.353907520352025, 0.6460924796479749], [0.41303494621993064, 0.5869650537800694], [0.6037429743459155, 0.3962570256540845], [0.45459569085884843, 0.5454043091411513], [0.4831404022448139, 0.5168595977551862], [0.47747748640248655, 0.5225225135975134], [0.4402351837275209, 0.5597648162724791], [0.6967072483782203, 0.3032927516217797], [0.8109218753468752, 0.18907812465312462], [0.615714894163807, 0.3842851058361927], [0.5947459515051586, 0.40525404849484137], [0.3672011904761904, 0.6327988095238096], [0.4712142480068951, 0.5287857519931051], [0.5580791882031012, 0.4419208117968989], [0.4919669990140578, 0.5080330009859423], [0.4483431713711132, 0.5516568286288869], [0.5528211577638048, 0.44717884223619553], [0.45572695763988286, 0.544273042360117], [0.5551189645321999, 0.4448810354677999], [0.5001218919968923, 0.49987810800310756], [0.7245772043316158, 0.275422795668384], [0.6893851232101239, 0.31061487678987704], [0.37970950373156265, 0.620290496268437], [0.5758256447800566, 0.4241743552199432], [0.8284689153003859, 0.17153108469961417], [0.43428007988743283, 0.5657199201125673], [0.45980844821844835, 0.5401915517815514], [0.503438898597103, 0.49656110140289705], [0.45398673369114545, 0.5460132663088549], [0.62845782386688, 0.37154217613312035], [0.4832588042033797, 0.5167411957966205], [0.5223578468916703, 0.4776421531083296], [0.5563474356912435, 0.44365256430875627], [0.5645250569691745, 0.43547494303082523], [0.5096121032476301, 0.4903878967523699], [0.5342239486004191, 0.46577605139958095], [0.5957696198538301, 0.40423038014616947], [0.4323488809693915, 0.5676511190306084], [0.5813638813800586, 0.41863611861994204], [0.5210064363569006, 0.47899356364309925], [0.7899511016761018, 0.21004889832389845], [0.6938759379509382, 0.30612406204906195], [0.7250846077125496, 0.27491539228745127], [0.45793381978702413, 0.542066180212976], [0.43597085692085674, 0.5640291430791432], [0.76338774003774, 0.23661225996225999], [0.4164684273243094, 0.583531572675691], [0.5508840596918975, 0.44911594030810265], [0.5284756527785937, 0.47152434722140607], [0.40079182826976945, 0.599208171730231], [0.5145216216789747, 0.4854783783210253], [0.4827363964466907, 0.5172636035533091], [0.4055829771535656, 0.5944170228464346], [0.6095325607399136, 0.39046743926008615], [0.4936251393343496, 0.5063748606656504], [0.44732549197037674, 0.5526745080296227], [0.5326223304473305, 0.46737766955266946], [0.5014291819291817, 0.49857081807081827], [0.49489861700391097, 0.5051013829960891], [0.5567141692734664, 0.44328583072653394], [0.5677924023688727, 0.4322075976311276], [0.6189178843516308, 0.38108211564836963], [0.5896752577573787, 0.4103247422426215], [0.7442159399016951, 0.25578406009830523], [0.6119808516646754, 0.3880191483353248], [0.6174156059626645, 0.3825843940373352], [0.6358660339660339, 0.3641339660339657], [0.5845763517528222, 0.41542364824717776], [0.5001674131424131, 0.4998325868575868], [0.43719960594960583, 0.5628003940503938], [0.536073787557995, 0.46392621244200494], [0.4069242770301592, 0.5930757229698408], [0.5609817876567876, 0.4390182123432124], [0.3068960286445583, 0.6931039713554421], [0.48286170594111744, 0.5171382940588825], [0.6271964821126589, 0.3728035178873413], [0.561605998885875, 0.43839400111412496], [0.5608866274678196, 0.43911337253218036], [0.6292510447928406, 0.37074895520715967], [0.6319028301636594, 0.36809716983634094], [0.5254897054636181, 0.4745102945363816], [0.5128490419711008, 0.4871509580288992], [0.6338628806544413, 0.36613711934555904], [0.4543228975273093, 0.5456771024726907], [0.528340297056931, 0.47165970294306875], [0.5506673742001109, 0.4493326257998892], [0.5687192932798198, 0.43128070672018026], [0.5426991647241648, 0.4573008352758354], [0.5279788794538793, 0.4720211205461205], [0.5154369633634339, 0.48456303663656597], [0.5549346298438398, 0.4450653701561601], [0.4770442366457072, 0.522955763354293], [0.3847521068800481, 0.6152478931199519], [0.5992762474453651, 0.40072375255463494], [0.4567980339382131, 0.543201966061787], [0.5206776448611585, 0.47932235513884136], [0.3889364049349344, 0.611063595065066], [0.36604761757849985, 0.6339523824214995], [0.4771713875993288, 0.5228286124006712], [0.36565950111979517, 0.6343404988802052], [0.5386004913387265, 0.46139950866127355], [0.4237147241647243, 0.5762852758352757], [0.5746974469974474, 0.4253025530025528], [0.6540274099756452, 0.34597259002435476], [0.534022892948125, 0.4659771070518747], [0.6222215190038723, 0.377778480996128], [0.5701285714285718, 0.42987142857142885], [0.5628068205788016, 0.4371931794211983], [0.5978542724561302, 0.4021457275438699], [0.5129706924717796, 0.4870293075282205], [0.5772719179513298, 0.42272808204867074], [0.5688952011524765, 0.4311047988475236], [0.6021370506944037, 0.3978629493055965], [0.6514990922476219, 0.3485009077523784], [0.6310381625620752, 0.36896183743792416], [0.5694634842711471, 0.43053651572885304], [0.648457106782107, 0.35154289321789306], [0.47366991195938535, 0.5263300880406148], [0.6877982843953435, 0.31220171560465704]]},