{"test": {"ids": ["287", "474", "691", "610", "587", "391", "497", "19", "680", "226", "571", "578", "337", "332", "615", "203", "166", "218", "29", "47", "487", "232", "111", "399", "371", "81", "231", "229", "109", "175", "630", "706", "482", "263", "28", "511", "510", "150", "45", "390", "78", "294", "40", "318", "306", "416", "421", "365", "452", "593", "392", "17", "550", "241", "303", "215", "381", "673", "447", "201", "704", "320", "361", "403", "49", "572", "339", "352", "559", "128", "490", "85", "59", "11", "437", "326", "640", "92", "282", "56", "457", "585", "646", "153", "681", "46", "611", "526", "290", "53", "684", "5", "127", "84", "279", "248", "7", "467", "26", "676", "83", "543", "22", "374", "506", "665", "277", "653", "607", "382", "156", "308", "473", "261", "530", "191", "446", "44", "325", "14", "148", "94", "423", "600", "602", "427", "700", "36", "558", "164", "184", "230", "651", "15", "397", "39", "154", "606", "601", "656", "291", "194", "32"], "labels": [0, 0, 1, 0, 0, 1, 0, 0, 1, 0, 0, 0, 1, 1, 0, 0, 1, 0, 0, 0, 0, 0, 1, 1, 1, 1, 0, 0, 1, 0, 1, 1, 0, 0, 0, 0, 0, 1, 0, 1, 0, 0, 1, 0, 0, 1, 1, 1, 0, 0, 1, 1, 0, 0, 0, 0, 1, 1, 0, 0, 1, 0, 1, 1, 0, 0, 1, 1, 0, 1, 0, 1, 0, 1, 1, 1, 1, 1, 0, 0, 0, 0, 1, 1, 1, 0, 0, 1, 0, 0, 1, 1, 1, 1, 0, 0, 1, 0, 0, 1, 1, 1, 0, 1, 0, 1, 0, 1, 0, 1, 1, 0, 0, 0, 0, 0, 0, 0, 1, 1, 1, 1, 1, 0, 0, 1, 1, 1, 0, 1, 0, 0, 1, 1, 1, 1, 1, 0, 0, 1, 0, 0, 0], "predicted_labels": [0, 0, 1, 0, 0, 0, 0, 0, 1, 0, 0, 0, 1, 1, 0, 0, 1, 0, 0, 1, 1, 0, 1, 1, 1, 1, 0, 1, 1, 0, 1, 1, 1, 1, 1, 1, 0, 0, 0, 1, 0, 0, 1, 0, 0, 1, 1, 1, 0, 0, 0, 1, 1, 0, 1, 0, 0, 1, 0, 0, 1, 0, 1, 1, 1, 0, 0, 1, 0, 0, 1, 0, 1, 1, 1, 1, 0, 1, 0, 0, 0, 1, 1, 1, 1, 1, 0, 1, 1, 0, 1, 1, 0, 1, 0, 0, 1, 1, 1, 1, 1, 0, 1, 1, 0, 1, 0, 1, 0, 0, 1, 0, 0, 0, 1, 0, 1, 1, 1, 1, 1, 1, 1, 1, 0, 1, 0, 0, 0, 0, 0, 0, 1, 0, 1, 1, 0, 0, 0, 1, 1, 0, 0], "confidence_scores": [[0.5356305815962145, 0.46436941840378554], [0.5188563494620906, 0.4811436505379095], [0.19139567873029695, 0.808604321269703], [0.55369569825091, 0.44630430174909], [0.7627563624169906, 0.23724363758300931], [0.535730789972735, 0.464269210027265], [0.7191760428797092, 0.2808239571202908], [0.6327185759901748, 0.3672814240098253], [0.29039340339773734, 0.7096065966022627], [0.7898072372335815, 0.2101927627664185], [0.6909670255982353, 0.3090329744017647], [0.6636963119669861, 0.3363036880330139], [0.456218992298168, 0.543781007701832], [0.2033281368301324, 0.7966718631698676], [0.6525203035799181, 0.347479696420082], [0.845414144113962, 0.15458585588603804], [0.27000066345980833, 0.7299993365401917], [0.5309984607316878, 0.4690015392683123], [0.629753464667185, 0.3702465353328151], [0.456218992298168, 0.543781007701832], [0.4751964043799878, 0.5248035956200122], [0.8456323082222313, 0.15436769177776863], [0.3281903297776957, 0.6718096702223043], [0.33562854222952576, 0.6643714577704742], [0.4048975550215119, 0.5951024449784881], [0.2367615213802815, 0.7632384786197185], [0.823765311060058, 0.17623468893994199], [0.30973863376563004, 0.69026136623437], [0.18627356859486333, 0.8137264314051367], [0.8765374947274286, 0.12346250527257138], [0.46183314954265065, 0.5381668504573494], [0.42498700989694205, 0.575012990103058], [0.4720500523139054, 0.5279499476860946], [0.42678277554192523, 0.5732172244580748], [0.3272322962796588, 0.6727677037203412], [0.4293198360337033, 0.5706801639662967], [0.5450494060082129, 0.4549505939917871], [0.5348546549651476, 0.46514534503485233], [0.7943356005183719, 0.20566439948162807], [0.4626085435544136, 0.5373914564455864], [0.7359165735637615, 0.2640834264362385], [0.6986784771805702, 0.3013215228194298], [0.4148354279491644, 0.5851645720508356], [0.6906291172570515, 0.30937088274294855], [0.6373647950622527, 0.3626352049377472], [0.3859676555623156, 0.6140323444376844], [0.30689933245291035, 0.6931006675470897], [0.4507590482804609, 0.5492409517195391], [0.8179266472108133, 0.18207335278918668], [0.6321919357470602, 0.3678080642529397], [0.5573069158029553, 0.44269308419704473], [0.3556433062092432, 0.6443566937907568], [0.4931454505926143, 0.5068545494073857], [0.6363256737546884, 0.3636743262453116], [0.49321018148932394, 0.5067898185106761], [0.7668173466978869, 0.23318265330211302], [0.6116925376302921, 0.3883074623697079], [0.41586675569621356, 0.5841332443037864], [0.5295646724534462, 0.47043532754655376], [0.5895294984681254, 0.41047050153187453], [0.36427113901128305, 0.635728860988717], [0.8108189686450216, 0.1891810313549784], [0.4739636100747039, 0.5260363899252961], [0.43515194225360765, 0.5648480577463924], [0.4719544182976225, 0.5280455817023775], [0.8776770461778466, 0.12232295382215343], [0.612148833301964, 0.387851166698036], [0.30319370532257217, 0.6968062946774278], [0.5689734798092092, 0.4310265201907908], [0.5577996442542659, 0.44220035574573413], [0.4489640953368209, 0.5510359046631791], [0.5396104843746498, 0.46038951562535024], [0.29744690785632055, 0.7025530921436794], [0.44598686033452206, 0.5540131396654779], [0.4121157792205514, 0.5878842207794486], [0.2573384433135397, 0.7426615566864603], [0.7563463797057913, 0.24365362029420864], [0.29465597996779425, 0.7053440200322058], [0.5490901657797319, 0.4509098342202681], [0.5440095217815204, 0.4559904782184796], [0.5468511363996409, 0.4531488636003591], [0.4739636100747039, 0.5260363899252961], [0.4762217977344253, 0.5237782022655747], [0.2494372321521674, 0.7505627678478326], [0.29187374387909193, 0.7081262561209081], [0.28431352708723323, 0.7156864729127668], [0.7270242105914069, 0.27297578940859313], [0.49240971904038666, 0.5075902809596133], [0.21322939989847134, 0.7867706001015287], [0.6151779296127131, 0.38482207038728683], [0.3076121874971317, 0.6923878125028683], [0.42853803882059616, 0.5714619611794038], [0.5233785335242274, 0.47662146647577264], [0.4070923130226666, 0.5929076869773334], [0.695465638918223, 0.30453436108177695], [0.5949321996196009, 0.4050678003803991], [0.4913664051444909, 0.5086335948555091], [0.44155155792394407, 0.5584484420760559], [0.4326711749117945, 0.5673288250882055], [0.40322800641121204, 0.596771993588788], [0.33432492245443046, 0.6656750775455695], [0.7242141997961782, 0.27578580020382176], [0.4730674441357713, 0.5269325558642287], [0.3120673390546047, 0.6879326609453953], [0.6783423090748317, 0.3216576909251682], [0.15095204624977887, 0.8490479537502211], [0.6134079117799822, 0.3865920882200178], [0.19185733851863163, 0.8081426614813684], [0.7879388866340926, 0.2120611133659074], [0.7690656058291326, 0.2309343941708674], [0.49180564023786355, 0.5081943597621364], [0.6169014873060146, 0.38309851269398537], [0.5315075467411801, 0.4684924532588199], [0.5562165536004977, 0.44378344639950235], [0.3090766505713043, 0.6909233494286957], [0.8331888806997886, 0.16681111930021142], [0.38679627132147665, 0.6132037286785234], [0.364102149296479, 0.635897850703521], [0.30883674553652307, 0.6911632544634769], [0.4353681105726962, 0.5646318894273038], [0.23111053636061218, 0.7688894636393878], [0.3371178226256294, 0.6628821773743706], [0.3878387447702969, 0.6121612552297031], [0.46163039171141296, 0.538369608288587], [0.7401090522782765, 0.25989094772172355], [0.31149447812906794, 0.6885055218709321], [0.5166122088478164, 0.48338779115218355], [0.5387423781824175, 0.46125762181758245], [0.6407477138124467, 0.3592522861875534], [0.6419417289367072, 0.3580582710632928], [0.8158479567871079, 0.18415204321289216], [0.8293207095787456, 0.17067929042125443], [0.3324929052011495, 0.6675070947988505], [0.5184127455464538, 0.48158725445354617], [0.49240971904038666, 0.5075902809596133], [0.441573013906445, 0.558426986093555], [0.5386523810103556, 0.46134761898964444], [0.8659114115331633, 0.1340885884668367], [0.5506809557359522, 0.4493190442640478], [0.31442240173131797, 0.685577598268682], [0.4522896619765113, 0.5477103380234887], [0.6787489640627051, 0.32125103593729487], [0.6169014873060146, 0.38309851269398537]]},