{"test": {"ids": ["284", "535", "214", "24", "402", "169", "194", "256", "68", "222", "372", "359", "35", "111", "416", "612", "358", "22", "470", "382", "555", "679", "575", "344", "371", "180", "662", "519", "43", "157", "296", "343", "432", "320", "451", "11", "355", "170", "36", "247", "545", "195", "601", "415", "288", "79", "152", "33", "607", "304", "581", "103", "253", "663", "695", "260", "236", "51", "181", "443", "218", "686", "363", "270", "564", "494", "50", "238", "228", "4", "351", "104", "224", "348", "520", "100", "212", "554", "75", "592", "333", "255", "485", "652", "198", "84", "412", "48", "225", "227", "192", "188", "421", "316", "148", "354", "83", "461", "282", "308", "531", "123", "159", "151", "650", "569", "572", "553", "158", "478", "208", "516", "171", "706", "587", "699", "522", "239", "431", "539", "388", "707", "81", "5", "199", "571", "493", "660", "92", "659", "232", "306", "430", "246", "206", "385", "108", "417", "452", "640", "599"], "labels": [0, 1, 0, 0, 1, 1, 0, 0, 0, 0, 0, 0, 0, 1, 1, 0, 0, 0, 0, 0, 1, 1, 0, 0, 0, 0, 1, 1, 1, 1, 0, 0, 1, 0, 0, 1, 0, 1, 1, 0, 1, 0, 0, 1, 0, 0, 1, 0, 0, 0, 0, 1, 1, 1, 1, 0, 0, 1, 0, 1, 0, 1, 0, 0, 0, 0, 1, 0, 0, 0, 0, 1, 0, 0, 1, 1, 0, 1, 0, 0, 0, 0, 0, 1, 0, 0, 1, 1, 0, 0, 0, 0, 1, 0, 1, 0, 0, 0, 0, 0, 1, 1, 1, 1, 1, 0, 0, 1, 1, 0, 0, 1, 1, 1, 0, 1, 1, 0, 1, 1, 1, 1, 1, 1, 0, 0, 1, 1, 1, 1, 0, 0, 1, 0, 0, 1, 1, 1, 0, 1, 0], "predicted_labels": [1, 1, 0, 0, 1, 1, 0, 0, 0, 0, 1, 0, 0, 0, 1, 0, 0, 0, 0, 1, 0, 0, 0, 0, 0, 0, 0, 0, 1, 0, 0, 1, 0, 1, 0, 0, 0, 1, 1, 0, 0, 0, 0, 0, 1, 0, 1, 1, 0, 0, 0, 0, 0, 0, 0, 0, 0, 1, 0, 0, 0, 0, 0, 1, 0, 1, 0, 0, 0, 0, 0, 0, 0, 1, 0, 0, 0, 0, 0, 0, 1, 0, 0, 1, 0, 0, 0, 1, 0, 0, 0, 0, 0, 0, 1, 0, 0, 0, 0, 0, 0, 1, 1, 1, 0, 0, 0, 0, 1, 0, 0, 0, 1, 1, 0, 0, 0, 0, 0, 0, 0, 0, 0, 0, 0, 1, 1, 0, 0, 1, 0, 0, 1, 0, 0, 1, 0, 0, 0, 0, 0], "confidence_scores": [[0.4998099601178796, 0.5001900398821205], [0.4710237398191044, 0.5289762601808957], [0.5926622463453733, 0.4073377536546271], [0.5459208220310178, 0.45407917796898234], [0.49391368796965074, 0.5060863120303493], [0.38466123632561416, 0.615338763674386], [0.584114801946978, 0.4158851980530219], [0.5326108498222271, 0.46738915017777305], [0.5585411369199148, 0.4414588630800852], [0.6308736564322105, 0.3691263435677899], [0.46161976701662827, 0.5383802329833716], [0.517977614744508, 0.4820223852554919], [0.5573475603613416, 0.4426524396386582], [0.5969610334858549, 0.4030389665141449], [0.4805077520651463, 0.5194922479348537], [0.6333332989707147, 0.3666667010292856], [0.5037599864072464, 0.4962400135927536], [0.5567830905755652, 0.44321690942443503], [0.5201458965897369, 0.47985410341026324], [0.4626257643415648, 0.5373742356584351], [0.5998348973409121, 0.40016510265908734], [0.580172975349496, 0.4198270246505039], [0.6723386228247817, 0.32766137717521854], [0.5545007841737484, 0.44549921582625174], [0.5770673698236055, 0.42293263017639476], [0.6333543843818048, 0.366645615618195], [0.5395459055503015, 0.46045409444969876], [0.5377701021214331, 0.46222989787856683], [0.39141836089903825, 0.6085816391009617], [0.5066396731907719, 0.49336032680922826], [0.5313368794660779, 0.46866312053392195], [0.4905905139457639, 0.5094094860542361], [0.5284933043139035, 0.47150669568609616], [0.46525197133733026, 0.5347480286626699], [0.5931720201322271, 0.40682797986777275], [0.577218688900989, 0.4227813110990109], [0.5677279510342793, 0.43227204896572113], [0.43988882742034285, 0.5601111725796573], [0.4411369248562861, 0.558863075143714], [0.5966634579868286, 0.4033365420131714], [0.554010444829306, 0.44598955517069394], [0.5474626639510547, 0.4525373360489454], [0.5800062003029313, 0.41999379969706857], [0.5654050416160417, 0.43459495838395856], [0.49394097203181314, 0.5060590279681868], [0.5431892831893959, 0.45681071681060426], [0.3877319633072232, 0.6122680366927767], [0.4701476408235703, 0.5298523591764297], [0.5430003596198789, 0.4569996403801211], [0.5977410602215778, 0.40225893977842236], [0.6414461812188356, 0.3585538187811646], [0.5799357309794286, 0.42006426902057126], [0.500517448398869, 0.49948255160113114], [0.5386939538452801, 0.46130604615472], [0.5626060204706851, 0.4373939795293145], [0.5563372469909873, 0.4436627530090127], [0.6330481654448787, 0.3669518345551219], [0.47560417476278677, 0.5243958252372133], [0.6303488769367646, 0.36965112306323544], [0.5052501195010636, 0.49474988049893653], [0.6010993263508996, 0.39890067364910037], [0.51757966356791, 0.48242033643208987], [0.5085879903149272, 0.4914120096850727], [0.4908879628933394, 0.5091120371066606], [0.6291526491965402, 0.37084735080345976], [0.3350437954319052, 0.6649562045680948], [0.500729049310374, 0.49927095068962596], [0.6682331060507144, 0.33176689394928577], [0.5170063883500443, 0.4829936116499558], [0.5620463871366728, 0.43795361286332735], [0.5069210875418775, 0.4930789124581226], [0.5996941914352866, 0.4003058085647132], [0.6419116291663873, 0.35808837083361256], [0.4713042389045219, 0.5286957610954781], [0.5667632961943639, 0.43323670380563584], [0.5474260525488418, 0.452573947451158], [0.5522473450460506, 0.44775265495394934], [0.5427906958486769, 0.457209304151323], [0.5098482598550267, 0.4901517401449734], [0.5868920832276386, 0.41310791677236147], [0.48729492159160664, 0.5127050784083934], [0.6138746070632649, 0.38612539293673503], [0.5746202195869364, 0.4253797804130636], [0.49202920170961734, 0.5079707982903827], [0.5301422118472607, 0.4698577881527394], [0.5012220983062117, 0.49877790169378833], [0.5032245165698919, 0.49677548343010813], [0.477614233324655, 0.5223857666753451], [0.6033209737050262, 0.3966790262949741], [0.5900702836539748, 0.4099297163460249], [0.6260757552208699, 0.3739242447791301], [0.5877631900723032, 0.412236809927697], [0.5086607394772613, 0.4913392605227388], [0.5482433413209065, 0.45175665867909387], [0.4755009101002485, 0.5244990898997517], [0.5219289993639014, 0.4780710006360988], [0.5486310180686119, 0.4513689819313882], [0.6362975880071802, 0.3637024119928203], [0.5600370121576493, 0.43996298784235066], [0.570909192391729, 0.4290908076082711], [0.6366359253305408, 0.36336407466945947], [0.446155545298018, 0.553844454701982], [0.40070243575060727, 0.5992975642493927], [0.463701183242395, 0.5362988167576049], [0.5412807552195149, 0.4587192447804851], [0.6756805585045039, 0.3243194414954957], [0.575276012959219, 0.42472398704078085], [0.6369114330896158, 0.36308856691038394], [0.3876365508045808, 0.6123634491954191], [0.537232470212929, 0.4627675297870707], [0.5700209478880347, 0.4299790521119653], [0.5602735879390842, 0.4397264120609158], [0.4384491629651052, 0.561550837034895], [0.43620007232310865, 0.5637999276768914], [0.5871691636877315, 0.41283083631226863], [0.5651453379762613, 0.43485466202373846], [0.5170494511981888, 0.4829505488018112], [0.5788619124260561, 0.42113808757394394], [0.5120269228436573, 0.48797307715634275], [0.6414126961081298, 0.3585873038918704], [0.5396171552342618, 0.4603828447657384], [0.5345873781943548, 0.4654126218056453], [0.5138030182076535, 0.48619698179234655], [0.5465691689021516, 0.4534308310978485], [0.6316913703319678, 0.3683086296680327], [0.442712424089396, 0.557287575910604], [0.35259630110795587, 0.6474036988920442], [0.5079817827802504, 0.49201821721974953], [0.5324700945516493, 0.4675299054483507], [0.44565460145396635, 0.5543453985460335], [0.5871589676397481, 0.4128410323602514], [0.5991772850401151, 0.4008227149598848], [0.49697178143949516, 0.5030282185605048], [0.5382516163935901, 0.46174838360640996], [0.7203164972907021, 0.27968350270929787], [0.45806921241233256, 0.5419307875876679], [0.5238846341321025, 0.47611536586789766], [0.558427497951092, 0.4415725020489082], [0.7496282634127966, 0.25037173658720374], [0.6604430348949665, 0.3395569651050334], [0.6019692727679304, 0.39803072723206967]]},