{"test": {"ids": ["239", "400", "294", "97", "319", "80", "100", "68", "238", "328", "381", "593", "696", "10", "260", "28", "679", "181", "621", "701", "518", "675", "338", "592", "315", "29", "397", "542", "578", "210", "278", "690", "643", "39", "441", "35", "293", "545", "603", "34", "687", "574", "223", "575", "426", "165", "27", "79", "191", "333", "7", "393", "565", "492", "533", "60", "147", "652", "499", "197", "364", "192", "472", "699", "17", "64", "50", "406", "6", "365", "36", "3", "93", "271", "589", "440", "175", "506", "650", "473", "570", "310", "286", "98", "689", "103", "453", "666", "573", "78", "377", "582", "620", "645", "327", "176", "135", "559", "67", "117", "419", "45", "682", "517", "354", "386", "422", "564", "325", "661", "168", "184", "266", "688", "476", "598", "698", "642", "568", "202", "561", "662", "489", "557", "508", "121", "216", "503", "673", "268", "477", "92", "436", "671", "408", "211", "317", "126", "13", "349", "24", "108", "71"], "labels": [1, 0, 1, 0, 1, 1, 0, 1, 1, 0, 1, 1, 0, 0, 0, 1, 0, 1, 1, 0, 0, 0, 0, 1, 1, 1, 0, 1, 1, 1, 1, 0, 0, 1, 0, 1, 1, 0, 1, 1, 1, 1, 1, 1, 0, 0, 1, 1, 1, 0, 0, 0, 1, 1, 0, 1, 0, 0, 1, 1, 0, 1, 1, 0, 0, 1, 1, 0, 0, 0, 1, 0, 0, 1, 1, 0, 1, 1, 0, 1, 1, 1, 1, 0, 0, 0, 1, 0, 1, 1, 0, 1, 0, 0, 0, 1, 0, 1, 1, 1, 0, 1, 0, 0, 0, 0, 0, 1, 0, 0, 0, 1, 1, 0, 1, 1, 0, 0, 1, 1, 1, 0, 0, 1, 1, 0, 1, 1, 0, 1, 1, 0, 0, 0, 0, 1, 1, 0, 0, 0, 1, 1, 1], "predicted_labels": [0, 0, 1, 0, 1, 0, 0, 1, 1, 0, 0, 0, 1, 0, 0, 1, 0, 1, 1, 0, 0, 0, 0, 0, 0, 0, 0, 0, 1, 1, 1, 0, 0, 1, 0, 1, 1, 0, 1, 1, 0, 1, 1, 1, 0, 0, 1, 0, 1, 0, 0, 0, 1, 0, 0, 0, 0, 0, 1, 1, 0, 1, 1, 0, 1, 1, 1, 0, 0, 0, 0, 0, 0, 1, 0, 0, 1, 1, 0, 0, 1, 0, 0, 1, 0, 0, 1, 0, 1, 0, 0, 1, 1, 0, 0, 0, 0, 1, 0, 0, 1, 1, 0, 1, 0, 0, 0, 1, 0, 1, 0, 1, 1, 0, 1, 1, 0, 0, 1, 1, 1, 0, 0, 1, 0, 0, 1, 0, 1, 1, 0, 0, 0, 0, 1, 0, 1, 0, 0, 0, 0, 0, 0], "confidence_scores": [[0.5393493208608361, 0.46065067913916385], [0.8899584601091334, 0.11004153989086646], [0.12367242355480695, 0.8763275764451929], [0.8890594199426136, 0.11094058005738659], [0.004430740745515459, 0.9955692592544847], [0.5968741047367284, 0.4031258952632717], [0.9443953582568206, 0.05560464174317938], [0.03404209863177631, 0.9659579013682237], [0.20254499779500001, 0.797455002205], [0.9832672938661722, 0.016732706133827664], [0.9814622633930722, 0.018537736606927913], [0.9629376792158276, 0.037062320784172396], [0.01655850588423625, 0.9834414941157639], [0.9963274969322591, 0.003672503067740923], [0.9285576988189133, 0.07144230118108683], [0.195701187528631, 0.8042988124713691], [0.7567553508907194, 0.24324464910928056], [0.342322172952675, 0.657677827047325], [0.40417158856734836, 0.5958284114326515], [0.9914997280320085, 0.008500271967991418], [0.9674140276510154, 0.03258597234898455], [0.6497294190476625, 0.35027058095233743], [0.997247398458598, 0.0027526015414019397], [0.6711711189540772, 0.32882888104592295], [0.9581191694721548, 0.04188083052784514], [0.7612230255983634, 0.2387769744016368], [0.9310545801825899, 0.06894541981740986], [0.9468917898780047, 0.053108210121995215], [0.016860675029714625, 0.9831393249702856], [0.09942127869600334, 0.9005787213039964], [0.05830493330077205, 0.9416950666992279], [0.9915660321046893, 0.008433967895310706], [0.5752944959888776, 0.4247055040111223], [0.04188503165959998, 0.9581149683404001], [0.6644026154663331, 0.335597384533667], [0.12765702029443377, 0.8723429797055663], [0.34404569005488694, 0.6559543099451131], [0.9905612654998449, 0.00943873450015519], [0.1416369968203618, 0.8583630031796383], [0.46754377880460785, 0.5324562211953922], [0.6329701268679981, 0.36702987313200186], [0.1588465259301371, 0.841153474069863], [0.17010192180003048, 0.8298980781999696], [0.056753238662400105, 0.9432467613375999], [0.6301267067551968, 0.3698732932448033], [0.999601345488043, 0.00039865451195697], [0.2817143371287341, 0.7182856628712658], [0.8324650510202961, 0.1675349489797037], [0.003981598418003663, 0.9960184015819963], [0.9921049681890161, 0.007895031810983996], [0.9905526387078173, 0.009447361292182856], [0.9981707764585434, 0.0018292235414565192], [0.08257918554138896, 0.9174208144586108], [0.7876386593612202, 0.2123613406387799], [0.9390263519034562, 0.06097364809654375], [0.74377343265559, 0.2562265673444102], [0.5832604974526249, 0.4167395025473751], [0.6283331663002594, 0.37166683369974063], [0.00658056686755851, 0.9934194331324414], [0.061514453547862856, 0.9384855464521371], [0.9720467299175778, 0.02795327008242232], [0.06038458426440391, 0.939615415735596], [0.15790667424490532, 0.8420933257550947], [0.9791268375498072, 0.020873162450192644], [0.21362201610789783, 0.7863779838921022], [0.3076347216199193, 0.6923652783800809], [0.10366094834711186, 0.896339051652888], [0.7413628113794386, 0.25863718862056134], [0.7851437015421162, 0.2148562984578837], [0.9472469500403742, 0.05275304995962576], [0.9883746207303592, 0.011625379269640738], [0.9548971894541828, 0.04510281054581709], [0.9701776072516105, 0.029822392748389576], [0.017566535524102044, 0.982433464475898], [0.5197255704532914, 0.48027442954670874], [0.5172549588749517, 0.48274504112504824], [0.3262472160544225, 0.6737527839455775], [0.19857259450453635, 0.8014274054954639], [0.9326790134340592, 0.06732098656594077], [0.7011916500812042, 0.2988083499187956], [0.008117777944085249, 0.9918822220559148], [0.9828916814242483, 0.017108318575751794], [0.6172616403733822, 0.3827383596266178], [0.5, 0.5], [0.9392555545003516, 0.060744445499648365], [0.6649337612622179, 0.33506623873778224], [0.04315394047765273, 0.9568460595223472], [0.9232628269482527, 0.07673717305174733], [0.017245707164294133, 0.9827542928357059], [0.952913438568525, 0.047086561431475146], [0.9988027634995273, 0.0011972365004725466], [0.44094657492801453, 0.5590534250719855], [0.0827306567586472, 0.9172693432413527], [0.996557076322625, 0.003442923677375002], [0.5664986665851064, 0.4335013334148938], [0.9009017126596993, 0.09909828734030039], [0.9424551122845322, 0.05754488771546794], [0.012274122905968698, 0.9877258770940313], [0.7456361368109902, 0.2543638631890096], [0.5693483981200342, 0.43065160187996576], [0.12543615241042363, 0.8745638475895764], [0.34609061717738326, 0.6539093828226166], [0.9959524605568242, 0.004047539443175756], [0.20922636696205607, 0.790773633037944], [0.9999299698377584, 7.003016224153484e-05], [0.9987346117688177, 0.0012653882311821365], [0.9405957279364048, 0.059404272063595075], [0.07827229836814188, 0.9217277016318582], [0.9871234265055847, 0.0128765734944152], [0.37247958619095445, 0.6275204138090456], [0.7632324005032799, 0.23676759949672027], [0.03485151157619043, 0.9651484884238096], [0.12291391161909537, 0.8770860883809047], [0.5, 0.5], [0.01953003877905027, 0.9804699612209496], [1.4908631011969217e-05, 0.999985091368988], [0.975555099050716, 0.024444900949284077], [0.9928389595517481, 0.007161040448251767], [0.012862003669518507, 0.9871379963304814], [0.13059529062332081, 0.8694047093766794], [0.21372714656519953, 0.7862728534348001], [0.847433929902686, 0.1525660700973141], [0.9453556352236547, 0.05464436477634526], [0.009427920179084191, 0.9905720798209158], [0.8080365906935101, 0.19196340930648972], [0.9991545863733254, 0.0008454136266745283], [0.029064619566616656, 0.9709353804333835], [0.9285649003080293, 0.07143509969197077], [0.4807651186875302, 0.5192348813124699], [0.11180162469832541, 0.8881983753016748], [0.6260271104217998, 0.3739728895782001], [0.9952987013017183, 0.004701298698281781], [0.9844906311890667, 0.015509368810933283], [0.7726122893592536, 0.22738771064074623], [0.07811753962303476, 0.9218824603769654], [0.6982451017481646, 0.3017548982518354], [0.0097577738658553, 0.9902422261341447], [0.998754115501212, 0.0012458844987879238], [0.9460626606809573, 0.05393733931904259], [0.8371951355747426, 0.16280486442525752], [0.8672753815391201, 0.13272461846087985], [0.874343989977305, 0.12565601002269508], [0.8256262204298405, 0.17437377957015948]]}}