{"test": {"ids": ["197", "123", "564", "693", "93", "33", "710", "417", "565", "206", "249", "242", "300", "451", "315", "69", "283", "363", "152", "233", "133", "706", "257", "408", "7", "410", "11", "440", "467", "489", "295", "429", "196", "560", "275", "418", "171", "117", "527", "633", "246", "62", "157", "570", "510", "381", "320", "302", "282", "407", "521", "578", "651", "220", "623", "660", "222", "416", "87", "665", "84", "465", "276", "354", "462", "575", "261", "20", "385", "439", "32", "703", "524", "190", "643", "667", "678", "331", "199", "434", "365", "459", "202", "28", "544", "224", "195", "409", "254", "346", "437", "463", "448", "675", "237", "78", "46", "632", "445", "666", "247", "146", "473", "500", "344", "60", "411", "645", "433", "57", "183", "387", "48", "490", "173", "36", "528", "104", "180", "683", "309", "341", "436", "294", "267", "377", "164", "263", "452", "145", "709", "649", "589", "248", "401", "592", "85", "26", "541", "402", "690", "573", "61"], "labels": [0, 1, 0, 1, 1, 0, 1, 1, 0, 0, 0, 0, 0, 0, 0, 0, 0, 1, 1, 0, 1, 1, 0, 1, 1, 1, 1, 1, 0, 0, 0, 1, 0, 0, 0, 1, 1, 1, 0, 0, 0, 0, 1, 0, 0, 1, 0, 0, 0, 1, 1, 0, 1, 0, 1, 1, 0, 1, 0, 1, 1, 0, 0, 1, 0, 0, 0, 0, 1, 1, 0, 1, 1, 0, 1, 1, 1, 1, 0, 1, 1, 0, 0, 0, 0, 0, 0, 1, 1, 1, 1, 0, 0, 1, 0, 0, 0, 0, 0, 1, 0, 1, 0, 0, 1, 0, 1, 1, 1, 0, 0, 1, 0, 0, 1, 1, 0, 1, 0, 1, 0, 1, 1, 0, 0, 1, 1, 0, 0, 1, 1, 1, 0, 0, 1, 0, 1, 0, 1, 1, 1, 0, 0], "predicted_labels": [0, 1, 0, 1, 1, 1, 1, 0, 0, 0, 1, 0, 0, 0, 1, 0, 0, 1, 1, 0, 1, 1, 0, 1, 1, 1, 1, 0, 1, 0, 0, 0, 1, 0, 0, 1, 1, 1, 0, 1, 1, 1, 0, 0, 0, 1, 0, 0, 0, 1, 1, 0, 1, 0, 0, 1, 0, 1, 1, 1, 0, 0, 0, 1, 0, 0, 1, 0, 1, 1, 1, 0, 1, 1, 1, 1, 1, 1, 0, 1, 1, 0, 0, 0, 1, 0, 0, 0, 0, 0, 0, 0, 1, 1, 0, 1, 1, 0, 0, 1, 1, 0, 1, 0, 1, 1, 1, 1, 1, 0, 0, 1, 0, 1, 0, 1, 1, 0, 0, 0, 0, 1, 1, 0, 0, 1, 1, 1, 0, 1, 1, 0, 0, 1, 0, 0, 1, 0, 1, 1, 1, 0, 0], "confidence_scores": [[0.9250637747872644, 0.07493622521273571], [0.03233947045484287, 0.9676605295451572], [0.938207256600102, 0.061792743399898084], [0.0782995858716512, 0.9217004141283489], [0.03898571664173191, 0.9610142833582682], [0.3273492501472086, 0.6726507498527916], [0.450170858645222, 0.5498291413547779], [0.5050022958912077, 0.49499770410879235], [0.8145341932279736, 0.18546580677202665], [0.9867263191642973, 0.013273680835702543], [0.06045715749513666, 0.9395428425048633], [0.9608876370333105, 0.03911236296668961], [0.9024839580543437, 0.09751604194565651], [0.923675629951554, 0.0763243700484458], [0.25421347168035857, 0.7457865283196413], [0.5857819127947236, 0.4142180872052764], [0.7753290843348545, 0.22467091566514563], [0.035906103799412226, 0.9640938962005877], [0.008262713927418912, 0.9917372860725812], [0.6297375865809927, 0.3702624134190073], [0.34153281222976484, 0.658467187770235], [0.020658568097668528, 0.9793414319023315], [0.856423867527907, 0.14357613247209305], [0.2141681909980666, 0.7858318090019337], [0.2841761793770004, 0.7158238206229998], [0.24486383448839702, 0.7551361655116029], [0.403215820258877, 0.5967841797411232], [0.5910628866101518, 0.4089371133898482], [0.0723755496927777, 0.9276244503072223], [0.5620017286473165, 0.4379982713526834], [0.8109753493942734, 0.1890246506057267], [0.5476228060722815, 0.4523771939277184], [0.32942928545140115, 0.6705707145485988], [0.9222448206535275, 0.07775517934647248], [0.750893825135877, 0.24910617486412295], [0.15145356452082054, 0.8485464354791795], [0.04154538176017105, 0.9584546182398289], [0.34765401260741596, 0.652345987392584], [0.5085052425291964, 0.49149475747080357], [0.24875237586423363, 0.7512476241357663], [0.355858529786051, 0.644141470213949], [0.3808563633483307, 0.6191436366516695], [0.5412525999937413, 0.45874740000625847], [0.9833672087761479, 0.01663279122385219], [0.5942394696437528, 0.40576053035624715], [0.24336070301527554, 0.7566392969847243], [0.7701377365980981, 0.2298622634019019], [0.8065501782706416, 0.19344982172935857], [0.8159049557826665, 0.18409504421733347], [0.1014901799837383, 0.8985098200162617], [0.31676736750297446, 0.6832326324970255], [0.9453371055979186, 0.05466289440208139], [0.0356551667089828, 0.9643448332910172], [0.6970813386259743, 0.3029186613740257], [0.637181042849519, 0.362818957150481], [0.08379143492797643, 0.9162085650720235], [0.9645120392788172, 0.03548796072118275], [0.1708665022703506, 0.8291334977296493], [0.18754260353396454, 0.8124573964660355], [0.06604846068512366, 0.9339515393148765], [0.5774144322648382, 0.4225855677351618], [0.9362197218705527, 0.06378027812944745], [0.7977349084679837, 0.2022650915320164], [0.039432931606674174, 0.960567068393326], [0.7325876317038793, 0.26741236829612086], [0.9962987324951385, 0.0037012675048617013], [0.26658575280177593, 0.733414247198224], [0.7607412563405802, 0.23925874365941993], [0.4677593747784766, 0.5322406252215234], [0.32564515413421435, 0.6743548458657854], [0.10763000497068592, 0.892369995029314], [0.5346586935182441, 0.4653413064817556], [0.25958130202629254, 0.7404186979737076], [0.21600499959999395, 0.783995000400006], [0.08061170628352876, 0.9193882937164712], [0.048189896284070256, 0.9518101037159298], [0.06805349927172798, 0.931946500728272], [0.05328297383399257, 0.9467170261660074], [0.9417034158541797, 0.05829658414582026], [0.2866633681809399, 0.7133366318190605], [0.07837002463229242, 0.9216299753677076], [0.885856987064765, 0.11414301293523525], [0.7541612285022987, 0.24583877149770147], [0.7763817109861458, 0.22361828901385417], [0.19837967258294895, 0.801620327417051], [0.6999619941655748, 0.3000380058344253], [0.8055755204475636, 0.19442447955243639], [0.851485217798148, 0.14851478220185205], [0.6417182217946498, 0.3582817782053504], [0.5056107929768222, 0.494389207023178], [0.7663355880984508, 0.2336644119015493], [0.88454047662681, 0.11545952337319008], [0.42741624799474504, 0.572583752005255], [0.4605215426024313, 0.5394784573975687], [0.872891087735438, 0.12710891226456203], [0.3741848387524955, 0.6258151612475046], [0.37426678624748744, 0.6257332137525127], [0.73384903703141, 0.26615096296858975], [0.6579928551008892, 0.34200714489911077], [0.4426113772385988, 0.5573886227614012], [0.26070901126750834, 0.7392909887324917], [0.624025711493258, 0.37597428850674197], [0.3356144545922939, 0.6643855454077061], [0.6928267531281455, 0.30717324687185427], [0.45956670974558633, 0.5404332902544136], [0.40085240559152013, 0.5991475944084799], [0.08182481947741878, 0.9181751805225813], [0.021537685902363535, 0.9784623140976366], [0.06226680241101201, 0.9377331975889881], [0.8663128272787846, 0.13368717272121525], [0.5273102290469752, 0.4726897709530247], [0.39127353665645415, 0.6087264633435457], [0.7570991596138723, 0.24290084038612794], [0.46539161534011986, 0.5346083846598803], [0.536263016653711, 0.4637369833462889], [0.01616675663653838, 0.9838332433634617], [0.3229826255565274, 0.6770173744434725], [0.7705794355519344, 0.22942056444806558], [0.9713065329850388, 0.028693467014961213], [0.5878597863294243, 0.4121402136705758], [0.9766155181829469, 0.023384481817053243], [0.11446163288756639, 0.8855383671124337], [0.036589199042773864, 0.9634108009572262], [0.7931765635125431, 0.20682343648745669], [0.9094814616990736, 0.09051853830092624], [0.08897686012527495, 0.9110231398747249], [0.2919888549721481, 0.7080111450278519], [0.19628038596286762, 0.8037196140371325], [0.742984458724201, 0.25701554127579884], [0.030828617083117873, 0.9691713829168822], [0.2623248594877756, 0.7376751405122244], [0.7523869136443365, 0.2476130863556634], [0.5430720498116907, 0.45692795018830945], [0.1290870334105017, 0.8709129665894982], [0.8125426458467016, 0.1874573541532984], [0.9330282166986132, 0.06697178330138673], [0.2462309111862318, 0.7537690888137681], [0.7569673073520012, 0.24303269264799865], [0.42110181599577384, 0.5788981840042262], [0.46610764412784506, 0.533892355872155], [0.05251247311880308, 0.947487526881197], [0.7239096276827288, 0.2760903723172712], [0.7863744305365095, 0.21362556946349054]]},