{"test": {"ids": ["133", "316", "587", "371", "64", "576", "488", "120", "270", "660", "653", "640", "75", "656", "462", "199", "691", "173", "466", "21", "396", "485", "154", "659", "509", "15", "557", "73", "574", "123", "636", "401", "693", "354", "16", "450", "620", "143", "93", "384", "87", "437", "242", "205", "213", "59", "529", "259", "170", "708", "327", "266", "668", "635", "81", "51", "700", "223", "169", "187", "434", "404", "114", "129", "98", "197", "588", "311", "196", "90", "198", "323", "379", "184", "484", "652", "397", "348", "4", "28", "80", "337", "257", "678", "96", "380", "621", "702", "522", "475", "593", "38", "305", "458", "408", "126", "403", "79", "661", "694", "528", "580", "207", "42", "215", "388", "429", "161", "209", "619", "32", "564", "542", "37", "563", "106", "321", "68", "697", "281", "684", "119", "317", "590", "201", "47", "314", "244", "253", "622", "703", "14", "591", "124", "29", "369", "698", "575", "641"], "labels": [0, 1, 1, 0, 1, 1, 0, 1, 1, 0, 0, 0, 1, 0, 1, 1, 0, 0, 1, 1, 0, 0, 0, 0, 1, 0, 1, 1, 1, 0, 1, 0, 0, 0, 1, 0, 0, 0, 0, 1, 0, 0, 1, 1, 1, 1, 0, 0, 0, 0, 0, 1, 0, 1, 0, 1, 0, 1, 0, 1, 0, 0, 1, 0, 0, 1, 1, 1, 1, 0, 1, 1, 1, 1, 0, 0, 0, 0, 0, 1, 1, 0, 0, 0, 0, 1, 1, 0, 0, 1, 1, 1, 1, 1, 0, 0, 0, 1, 0, 0, 0, 1, 1, 1, 1, 0, 0, 0, 1, 0, 1, 1, 1, 1, 1, 0, 1, 1, 0, 1, 0, 1, 1, 1, 1, 1, 1, 1, 1, 1, 0, 0, 1, 0, 1, 0, 0, 1, 0], "predicted_labels": [0, 0, 0, 0, 0, 1, 1, 0, 0, 1, 0, 1, 0, 0, 1, 1, 1, 0, 0, 1, 1, 1, 0, 0, 0, 1, 1, 0, 0, 0, 0, 0, 0, 0, 1, 0, 0, 0, 0, 0, 0, 0, 0, 1, 0, 0, 0, 0, 0, 0, 1, 0, 0, 0, 0, 1, 0, 1, 0, 1, 0, 0, 1, 0, 0, 1, 1, 1, 1, 0, 0, 1, 0, 0, 0, 1, 0, 0, 0, 0, 0, 1, 1, 0, 0, 0, 1, 0, 0, 0, 0, 0, 0, 0, 1, 0, 1, 0, 1, 0, 0, 1, 1, 1, 1, 0, 1, 1, 0, 1, 0, 0, 1, 0, 0, 1, 0, 1, 0, 0, 0, 0, 0, 0, 0, 1, 0, 1, 0, 0, 0, 0, 0, 0, 0, 0, 0, 0, 0], "confidence_scores": [[0.5500526556776559, 0.4499473443223442], [0.5511992590742595, 0.4488007409257407], [0.5891383477633477, 0.41086165223665233], [0.6179342740592741, 0.382065725940726], [0.5566973304473304, 0.4433026695526697], [0.4351202547452548, 0.5648797452547453], [0.4915753968253968, 0.5084246031746031], [0.6088647186147186, 0.39113528138528125], [0.6200727466977467, 0.37992725330225335], [0.4632144660894659, 0.536785533910534], [0.5836145382395379, 0.41638546176046176], [0.38579792429792437, 0.6142020757020755], [0.5582207930957931, 0.44177920690420697], [0.5071059912309913, 0.49289400876900863], [0.4819274198024198, 0.5180725801975803], [0.431302294927295, 0.568697705072705], [0.49782808857808847, 0.5021719114219114], [0.544021214896215, 0.4559787851037849], [0.6021176046176047, 0.3978823953823954], [0.4953884587634587, 0.5046115412365413], [0.4824044011544013, 0.5175955988455988], [0.42464971139971136, 0.5753502886002885], [0.6232876984126985, 0.3767123015873016], [0.6103133116883117, 0.3896866883116883], [0.5203883477633479, 0.4796116522366522], [0.499915959040959, 0.500084040959041], [0.4679962259962259, 0.5320037740037741], [0.5886313686313686, 0.4113686313686314], [0.5541612554112555, 0.4458387445887446], [0.5304790626040627, 0.4695209373959372], [0.5329891081141082, 0.46701089188589195], [0.5469537684537684, 0.45304623154623164], [0.6291327561327562, 0.37086724386724385], [0.5703948412698414, 0.42960515873015864], [0.4931911976911978, 0.5068088023088022], [0.5680138888888889, 0.43198611111111096], [0.5744807414807415, 0.4255192585192586], [0.6358763042513041, 0.36412369574869574], [0.5070717199467198, 0.49292828005328004], [0.5553710594960595, 0.4446289405039404], [0.6166615467865468, 0.38333845321345317], [0.5718486652236653, 0.42815133477633466], [0.5220405844155844, 0.4779594155844156], [0.41546753246753226, 0.5845324675324676], [0.5039479270729271, 0.4960520729270728], [0.5683852813852813, 0.4316147186147187], [0.5623519119769118, 0.43764808802308813], [0.6158941336441337, 0.3841058663558664], [0.6445753968253969, 0.35542460317460306], [0.5088406177156176, 0.4911593822843824], [0.4897040182040184, 0.5102959817959816], [0.5783017676767677, 0.4216982323232324], [0.5607967171717173, 0.4392032828282828], [0.515429292929293, 0.48457070707070715], [0.606315476190476, 0.3936845238095239], [0.4363627344877345, 0.5636372655122655], [0.632409992784993, 0.3675900072150073], [0.4851351426351427, 0.5148648573648573], [0.5800041486291486, 0.41999585137085144], [0.47595393495393495, 0.5240460650460651], [0.5326369047619047, 0.4673630952380953], [0.6069992784992786, 0.39300072150072146], [0.4063790653790653, 0.5936209346209346], [0.589628427128427, 0.41037157287157294], [0.5993398823398823, 0.40066011766011755], [0.38629460816960814, 0.6137053918303917], [0.4455585664335664, 0.5544414335664336], [0.4183837135087134, 0.5816162864912866], [0.48928434065934084, 0.5107156593406592], [0.5640873015873015, 0.4359126984126984], [0.6178113275613275, 0.38218867243867244], [0.43473400210900226, 0.5652659978909977], [0.5396402625152626, 0.46035973748473746], [0.5531055194805194, 0.44689448051948055], [0.5183872793872795, 0.4816127206127206], [0.4596428016428017, 0.5403571983571984], [0.5822437978687979, 0.4177562021312021], [0.5389812409812409, 0.46101875901875905], [0.5693048340548341, 0.430695165945166], [0.550336940836941, 0.44966305916305904], [0.619526085026085, 0.38047391497391503], [0.4528502886002886, 0.5471497113997114], [0.4537876984126985, 0.5462123015873016], [0.5754065656565656, 0.42459343434343444], [0.5244677128427129, 0.47553228715728724], [0.5789762876012876, 0.42102371239871245], [0.48663690476190496, 0.5133630952380951], [0.5331773088023087, 0.46682269119769115], [0.5232200577200579, 0.47677994227994214], [0.5110908258408259, 0.4889091741591741], [0.5006641414141414, 0.4993358585858585], [0.6011782661782662, 0.3988217338217337], [0.5186248334998335, 0.4813751665001665], [0.586128538128538, 0.41387146187146195], [0.49428896103896114, 0.5057110389610389], [0.5121139416139416, 0.4878860583860583], [0.4532095959595958, 0.5467904040404042], [0.6094701825951827, 0.3905298174048174], [0.3842159090909091, 0.6157840909090909], [0.5996765873015872, 0.4003234126984127], [0.5667417582417582, 0.4332582417582419], [0.42725557775557776, 0.5727444222444222], [0.42702980352980346, 0.5729701964701964], [0.46003221778221787, 0.5399677822177821], [0.3996543595293594, 0.6003456404706405], [0.5313024336774336, 0.4686975663225665], [0.49724450549450544, 0.5027554945054945], [0.4589487873237873, 0.5410512126762127], [0.5711144133644135, 0.42888558663558657], [0.47761886724386715, 0.5223811327561326], [0.6321231962481961, 0.3678768037518037], [0.5441634199134199, 0.4558365800865801], [0.4972825924075925, 0.5027174075924075], [0.6210869963369965, 0.3789130036630036], [0.563861111111111, 0.43613888888888896], [0.4966659451659451, 0.5033340548340548], [0.526101911976912, 0.47389808802308797], [0.39448194860694863, 0.6055180513930514], [0.544654401154401, 0.4553455988455989], [0.585606782106782, 0.41439321789321804], [0.5256740620490623, 0.47432593795093786], [0.5488672438672438, 0.45113275613275616], [0.5717043650793654, 0.4282956349206348], [0.5514048035298034, 0.4485951964701966], [0.562412518037518, 0.43758748196248193], [0.4442494588744589, 0.5557505411255412], [0.6016415945165947, 0.3983584054834053], [0.4170806277056277, 0.5829193722943723], [0.5258800505050505, 0.4741199494949494], [0.6053739177489177, 0.3946260822510822], [0.5486333111333112, 0.45136668886668896], [0.6218961177711176, 0.3781038822288823], [0.510798701298701, 0.4892012987012989], [0.5829613997113996, 0.41703860028860035], [0.5451715367965371, 0.45482846320346304], [0.6162583111333112, 0.3837416888666889], [0.5437157287157286, 0.4562842712842712], [0.5256251803751801, 0.4743748196248198], [0.5476484487734489, 0.45235155122655113]]},