{"test": {"ids": ["544", "492", "233", "346", "652", "585", "307", "277", "580", "415", "644", "575", "406", "389", "704", "81", "337", "109", "50", "260", "143", "196", "624", "405", "412", "522", "515", "53", "197", "265", "689", "498", "135", "549", "563", "309", "279", "91", "341", "168", "211", "223", "184", "493", "308", "106", "151", "11", "532", "208", "488", "518", "381", "44", "675", "566", "1", "531", "665", "484", "618", "73", "386", "490", "85", "272", "79", "65", "129", "175", "475", "417", "392", "164", "597", "447", "634", "4", "255", "141", "166", "205", "581", "614", "130", "343", "482", "401", "410", "75", "458", "432", "52", "296", "676", "249", "250", "601", "237", "538", "421", "692", "565", "215", "420", "551", "298", "480", "286", "679", "617", "231", "165", "396", "579", "611", "639", "627", "449", "86", "270", "28", "300", "366", "264", "407", "595", "613", "395", "21", "186", "653", "124", "345", "599", "327", "153", "636", "140"], "labels": [0, 0, 0, 1, 0, 0, 0, 0, 0, 1, 0, 0, 1, 1, 1, 1, 1, 1, 0, 1, 1, 0, 1, 1, 1, 1, 0, 0, 0, 0, 1, 0, 1, 0, 0, 0, 0, 0, 1, 1, 0, 0, 0, 1, 0, 1, 1, 0, 1, 0, 0, 1, 1, 0, 0, 0, 1, 1, 0, 0, 0, 1, 1, 0, 1, 0, 1, 1, 1, 0, 0, 1, 1, 1, 0, 0, 0, 0, 1, 1, 1, 0, 0, 0, 1, 1, 0, 1, 1, 1, 0, 1, 0, 0, 0, 1, 1, 0, 0, 1, 1, 1, 0, 0, 1, 0, 0, 0, 0, 0, 0, 0, 1, 1, 0, 0, 0, 1, 0, 0, 0, 0, 0, 1, 0, 1, 0, 0, 1, 0, 0, 0, 1, 1, 0, 1, 1, 0, 1], "predicted_labels": [0, 1, 0, 0, 0, 0, 1, 1, 0, 0, 0, 0, 1, 0, 1, 1, 0, 0, 0, 1, 0, 1, 0, 0, 1, 1, 0, 1, 0, 0, 0, 0, 1, 1, 0, 0, 0, 1, 1, 0, 0, 0, 1, 0, 0, 1, 1, 0, 0, 1, 0, 1, 0, 1, 0, 1, 1, 0, 0, 1, 1, 0, 1, 0, 1, 0, 0, 0, 1, 0, 1, 1, 1, 0, 1, 0, 0, 0, 1, 0, 1, 0, 0, 0, 0, 1, 1, 0, 0, 1, 1, 1, 1, 0, 0, 1, 0, 0, 0, 0, 0, 1, 1, 1, 1, 1, 0, 0, 0, 0, 1, 1, 0, 0, 1, 0, 1, 0, 0, 0, 1, 0, 1, 1, 0, 0, 0, 1, 0, 1, 0, 0, 0, 0, 0, 0, 0, 0, 1], "confidence_scores": [[0.6531640834195707, 0.34683591658042934], [0.2907122653540003, 0.7092877346459997], [0.7185354363427943, 0.28146456365720574], [0.8429772016233612, 0.15702279837663874], [0.5555746267178663, 0.4444253732821338], [0.8642059256843758, 0.13579407431562415], [0.2332096631028857, 0.7667903368971143], [0.39874664667994086, 0.6012533533200591], [0.9071142591955312, 0.09288574080446879], [0.8637898515640444, 0.1362101484359556], [0.8018167426374683, 0.1981832573625317], [0.6233660618442411, 0.3766339381557589], [0.4973280465043659, 0.5026719534956341], [0.7030225549418463, 0.2969774450581537], [0.3588601496510454, 0.6411398503489546], [0.17730368574983624, 0.8226963142501638], [0.9798224696930922, 0.020177530306907884], [0.9791543461596156, 0.020845653840384375], [0.7893129401634686, 0.21068705983653138], [0.35643653548449306, 0.6435634645155069], [0.9187103666392995, 0.08128963336070053], [0.4849207470152025, 0.5150792529847975], [0.5306817350199328, 0.46931826498006723], [0.8335601923322308, 0.1664398076677692], [0.4145218805041401, 0.5854781194958599], [0.01006522098780871, 0.9899347790121913], [0.6192768884388886, 0.3807231115611114], [0.17991272996796837, 0.8200872700320316], [0.8563181764083712, 0.14368182359162884], [0.8565281235691635, 0.14347187643083653], [0.5239760675552951, 0.4760239324447048], [0.7644781487438598, 0.23552185125614025], [0.39308915808674216, 0.6069108419132578], [0.08978248132133182, 0.9102175186786682], [0.7948331289582483, 0.20516687104175166], [0.8289396054246561, 0.17106039457534392], [0.8395758053684913, 0.1604241946315087], [0.36353099967475033, 0.6364690003252497], [0.3505116535924535, 0.6494883464075465], [0.665473573932498, 0.3345264260675021], [0.7864355371090999, 0.2135644628909002], [0.8244489595958924, 0.1755510404041076], [0.22063392859631048, 0.7793660714036895], [0.7496539310707262, 0.25034606892927375], [0.9452836654584197, 0.05471633454158032], [0.3087767773155734, 0.6912232226844266], [0.4665882941915813, 0.5334117058084187], [0.6175123472994704, 0.3824876527005297], [0.8328343744253951, 0.1671656255746049], [0.34335854868583526, 0.6566414513141647], [0.8209612705007405, 0.17903872949925945], [0.1302382120994654, 0.8697617879005346], [0.806437842534622, 0.19356215746537794], [0.33024981957160504, 0.669750180428395], [0.8005245099566324, 0.1994754900433676], [0.33275448845162625, 0.6672455115483737], [0.22001360794849945, 0.7799863920515006], [0.9327171100411602, 0.06728288995883985], [0.8822709565802895, 0.11772904341971048], [0.1272258323931611, 0.8727741676068389], [0.1479450698225756, 0.8520549301774244], [0.8444406989873289, 0.15555930101267115], [0.3933568370529291, 0.6066431629470709], [0.8577352403596826, 0.14226475964031737], [0.165190976546427, 0.834809023453573], [0.7315163493223067, 0.26848365067769325], [0.6807258259812852, 0.3192741740187149], [0.9863702216730295, 0.013629778326970533], [0.1992182030730928, 0.8007817969269072], [0.7334028120564746, 0.2665971879435253], [0.09467155428417162, 0.9053284457158284], [0.3904108998622028, 0.6095891001377972], [0.05643591970188433, 0.9435640802981157], [0.7386288245692543, 0.2613711754307457], [0.33268808312448916, 0.6673119168755108], [0.5960195069612191, 0.4039804930387809], [0.7749547617434538, 0.22504523825654624], [0.9701858634947647, 0.029814136505235393], [0.20612303799849296, 0.793876962001507], [0.8624168496363614, 0.13758315036363852], [0.2366591900633721, 0.7633408099366279], [0.7477061812797272, 0.2522938187202728], [0.6317475132916508, 0.3682524867083492], [0.8947906705100149, 0.10520932948998508], [0.8024431088132692, 0.19755689118673084], [0.30864180409379405, 0.691358195906206], [0.2890217902426544, 0.7109782097573456], [0.7234317931156358, 0.27656820688436423], [0.9154670913253812, 0.0845329086746188], [0.2160475643013069, 0.7839524356986931], [0.17054985211216456, 0.8294501478878354], [0.1299602872074308, 0.8700397127925692], [0.006368913227620454, 0.9936310867723795], [0.7490715804972716, 0.25092841950272843], [0.9689675785559839, 0.031032421444016033], [0.32400522056375414, 0.6759947794362459], [0.890969740934837, 0.10903025906516298], [0.5853809953672519, 0.41461900463274814], [0.9801992625225331, 0.019800737477466912], [0.9625921699643033, 0.03740783003569666], [0.7356340690476785, 0.2643659309523215], [0.44716818836916894, 0.5528318116308311], [0.27706885288685446, 0.7229311471131455], [0.3984619532214455, 0.6015380467785545], [0.34824730087668454, 0.6517526991233155], [0.4076803223640405, 0.5923196776359595], [0.8504530789269662, 0.14954692107303383], [0.6886711832177994, 0.3113288167822006], [0.5191989760704192, 0.48080102392958074], [0.7143404564836942, 0.2856595435163059], [0.4501623957601597, 0.5498376042398403], [0.33701300170393955, 0.6629869982960604], [0.9201882310728035, 0.07981176892719656], [0.7475896232583783, 0.25241037674162164], [0.3161212016327114, 0.6838787983672886], [0.9342313527303898, 0.06576864726961013], [0.17214363716486136, 0.8278563628351386], [0.8936335775870793, 0.10636642241292076], [0.9564170798227318, 0.04358292017726815], [0.7442286044487216, 0.2557713955512784], [0.39751190014307447, 0.6024880998569255], [0.5092453219919075, 0.4907546780080925], [0.04464712229213996, 0.95535287770786], [0.19975051664623467, 0.8002494833537653], [0.8421231746991055, 0.1578768253008945], [0.7889089419211438, 0.2110910580788562], [0.8510501749364421, 0.14894982506355797], [0.2630923718326933, 0.7369076281673067], [0.8115199233532037, 0.18848007664679636], [0.05237988024352591, 0.9476201197564741], [0.9761690620660102, 0.02383093793398987], [0.9126770936839241, 0.08732290631607592], [0.579941370824123, 0.42005862917587694], [0.6574623701379827, 0.34253762986201725], [0.8242869620714042, 0.1757130379285958], [0.6871051451608916, 0.31289485483910834], [0.5601024112132034, 0.43989758878679663], [0.9833882247803669, 0.01661177521963308], [0.3354512876661453, 0.6645487123338547]]},