{"test": {"ids": ["398", "516", "362", "160", "341", "319", "348", "307", "346", "182", "21", "592", "205", "405", "380", "573", "304", "417", "611", "268", "436", "427", "594", "558", "89", "402", "540", "454", "46", "27", "660", "445", "235", "283", "702", "189", "637", "510", "422", "373", "566", "275", "31", "571", "62", "625", "502", "591", "135", "493", "247", "227", "356", "155", "601", "80", "634", "322", "313", "297", "485", "342", "575", "471", "266", "393", "109", "141", "45", "663", "26", "543", "504", "108", "537", "626", "199", "359", "209", "259", "20", "595", "290", "352", "658", "465", "707", "331", "700", "460", "653", "231", "491", "94", "412", "433", "621", "624", "459", "190", "665", "548", "692", "683", "369", "292", "92", "85", "53", "173", "144", "520", "269", "58", "207", "10", "233", "688", "522", "511", "309", "378", "239", "565", "418", "541", "678", "12", "149", "431", "451", "396", "448", "11", "327", "86", "208", "693", "59", "638", "554", "185", "449"], "labels": [1, 1, 1, 1, 1, 0, 1, 0, 1, 0, 0, 0, 0, 1, 1, 0, 0, 1, 0, 0, 1, 1, 0, 0, 0, 1, 1, 0, 0, 0, 0, 0, 0, 0, 1, 0, 0, 0, 1, 1, 0, 0, 0, 0, 1, 1, 0, 0, 1, 1, 1, 0, 1, 1, 0, 1, 0, 0, 0, 0, 0, 1, 0, 0, 0, 1, 1, 1, 0, 0, 0, 1, 0, 0, 1, 1, 0, 1, 0, 1, 0, 0, 0, 1, 0, 0, 1, 1, 1, 0, 0, 0, 0, 0, 1, 1, 1, 1, 0, 0, 0, 0, 1, 0, 1, 0, 0, 1, 0, 1, 1, 1, 0, 0, 0, 0, 0, 0, 1, 0, 0, 1, 0, 0, 1, 1, 0, 0, 1, 1, 0, 1, 0, 0, 1, 0, 0, 1, 1, 0, 1, 0, 0], "predicted_labels": [1, 1, 1, 1, 1, 0, 1, 0, 1, 0, 0, 0, 0, 1, 1, 0, 0, 1, 0, 0, 1, 1, 0, 0, 1, 0, 1, 0, 1, 0, 0, 0, 0, 0, 0, 0, 1, 0, 1, 1, 0, 0, 1, 0, 0, 0, 0, 0, 1, 1, 1, 1, 0, 1, 0, 1, 0, 0, 0, 0, 0, 1, 0, 0, 0, 1, 1, 1, 0, 0, 1, 1, 1, 0, 1, 0, 0, 1, 0, 1, 0, 0, 0, 1, 0, 0, 0, 1, 1, 0, 1, 0, 0, 1, 0, 1, 0, 0, 0, 0, 0, 0, 1, 0, 1, 1, 1, 1, 0, 1, 1, 0, 0, 0, 0, 0, 0, 0, 1, 0, 0, 1, 0, 0, 1, 1, 0, 0, 1, 0, 0, 0, 0, 1, 1, 1, 0, 1, 0, 0, 0, 0, 0], "confidence_scores": [[0.09358946329338713, 0.9064105367066129], [0.0021156070265150317, 0.997884392973485], [0.0013400593625308987, 0.9986599406374691], [0.02304421015268987, 0.9769557898473101], [0.03970652242556616, 0.9602934775744338], [0.9782052006557743, 0.021794799344225676], [0.05645306309833864, 0.9435469369016614], [0.6619383923347683, 0.33806160766523174], [0.06497641380509633, 0.9350235861949037], [0.9925852649579209, 0.007414735042079159], [0.9182995477920789, 0.08170045220792108], [0.9993313250541546, 0.0006686749458454544], [0.9973778395499162, 0.0026221604500837755], [0.0437668604019662, 0.9562331395980338], [0.0033700646213932206, 0.9966299353786068], [0.8227822504495033, 0.1772177495504967], [0.9968851938593202, 0.003114806140679771], [0.005435336447488726, 0.9945646635525113], [0.9767989864679728, 0.02320101353202717], [0.9129658022482519, 0.08703419775174813], [0.013222378000071644, 0.9867776219999284], [0.03956147470559568, 0.9604385252944043], [0.9973415345458017, 0.002658465454198361], [0.6483620813398145, 0.35163791866018546], [0.4691642584568748, 0.5308357415431252], [0.9567775983649808, 0.04322240163501918], [0.00943639149683373, 0.9905636085031663], [0.9669993509672161, 0.03300064903278388], [0.4616816155272584, 0.5383183844727416], [0.7765412028147793, 0.2234587971852207], [0.9124403674772484, 0.08755963252275155], [0.9995165515135229, 0.000483448486477082], [0.9960271307076267, 0.003972869292373325], [0.9523482013737099, 0.04765179862629015], [0.5255475521010934, 0.4744524478989066], [0.9919827855330771, 0.008017214466922901], [0.49552740489833313, 0.5044725951016669], [0.773802236808899, 0.2261977631911009], [0.025639512190264613, 0.9743604878097354], [0.00047874470865993946, 0.9995212552913401], [0.8128335431315746, 0.18716645686842537], [0.9921687913869347, 0.007831208613065287], [0.09397986105973599, 0.906020138940264], [0.9934359449719311, 0.006564055028068913], [0.9981159379248894, 0.00188406207511055], [0.9397043031092015, 0.060295696890798514], [0.9876939797673214, 0.012306020232678563], [0.9834181855847092, 0.01658181441529078], [0.0006513347393966029, 0.9993486652606034], [0.1434023716761048, 0.8565976283238952], [0.12000034846870633, 0.8799996515312937], [0.16835290937951286, 0.8316470906204871], [0.6513389135514215, 0.3486610864485785], [0.016913133890145815, 0.9830868661098542], [0.9587726233127554, 0.04122737668724465], [0.11203167872039166, 0.8879683212796083], [0.9731096172748875, 0.026890382725112474], [0.7742307994740117, 0.22576920052598828], [0.9737449318079219, 0.02625506819207809], [0.9997729580189013, 0.0002270419810986642], [0.9638105561602364, 0.03618944383976361], [0.014141582481749349, 0.9858584175182507], [0.9998677328332115, 0.0001322671667884407], [0.9457456364478791, 0.05425436355212093], [0.99949780891094, 0.0005021910890600031], [0.04934744608215924, 0.9506525539178408], [0.43230070384936037, 0.5676992961506396], [0.012878590149896896, 0.9871214098501031], [0.8996704961682764, 0.10032950383172354], [0.9687579174010589, 0.03124208259894108], [0.052074213799257474, 0.9479257862007425], [0.015978087289473364, 0.9840219127105266], [0.4341931617838348, 0.5658068382161652], [0.9980525761555531, 0.001947423844446911], [0.47575369784672117, 0.5242463021532788], [0.8317063456505657, 0.16829365434943436], [0.9996644785142097, 0.000335521485790328], [0.2748304400338578, 0.7251695599661422], [0.977265942176037, 0.02273405782396295], [0.01539319636431391, 0.9846068036356861], [0.8619450990402153, 0.13805490095978468], [0.9949140173166019, 0.005085982683398142], [0.9902769556431547, 0.009723044356845376], [0.011789146108946214, 0.9882108538910538], [0.9979732021518513, 0.002026797848148722], [0.9962254196854132, 0.0037745803145867673], [0.9368878540813691, 0.06311214591863092], [0.01480404448434769, 0.9851959555156523], [0.09376319364530883, 0.9062368063546912], [0.9999696505745607, 3.0349425439384856e-05], [0.42265550146742703, 0.577344498532573], [0.9140822856407406, 0.08591771435925943], [0.9834744763188533, 0.016525523681146688], [0.1845301048419592, 0.8154698951580408], [0.9892065770074918, 0.010793422992508132], [0.45740300924082544, 0.5425969907591746], [0.979859076689707, 0.02014092331029306], [0.9945955469353248, 0.005404453064675235], [0.9959809537390685, 0.004019046260931578], [0.9792290826412169, 0.020770917358783145], [0.6750329423397508, 0.3249670576602492], [0.9630743972470084, 0.03692560275299159], [0.4736928894982305, 0.5263071105017695], [0.9997046299327202, 0.00029537006727976616], [0.024813591592481643, 0.9751864084075184], [0.4613224450263852, 0.5386775549736148], [0.02469936471774037, 0.9753006352822596], [0.019987621186903892, 0.9800123788130961], [0.7291654982496378, 0.2708345017503622], [0.27080788930007904, 0.729192110699921], [0.009554541978602393, 0.9904454580213976], [0.8599297180457554, 0.14007028195424467], [0.8972634824112291, 0.10273651758877085], [0.9322103621158785, 0.06778963788412153], [0.994298831417398, 0.0057011685826019315], [0.5898703503319824, 0.41012964966801757], [0.9494526346340337, 0.050547365365966226], [0.970966294532754, 0.029033705467246058], [0.0038303029983285386, 0.9961696970016715], [0.9931633918059553, 0.006836608194044759], [0.8588120021349616, 0.14118799786503844], [0.05982706025427076, 0.9401729397457292], [0.8038495450406635, 0.19615045495933653], [0.9988425033834686, 0.001157496616531388], [0.10863987810530806, 0.8913601218946919], [0.01904787120849427, 0.9809521287915057], [0.7092866622529785, 0.2907133377470214], [0.8723343521740929, 0.12766564782590703], [0.1918348830550729, 0.8081651169449271], [0.916116462716592, 0.083883537283408], [0.9999382266631219, 6.177333687810482e-05], [0.6459089355154191, 0.3540910644845809], [0.9796999500351727, 0.020300049964827222], [0.07226991673751681, 0.9277300832624832], [0.1455735936247906, 0.8544264063752094], [0.2542826215222207, 0.7457173784777793], [0.9608555035341613, 0.039144496465838764], [0.20965957446139805, 0.790340425538602], [0.9616162614498803, 0.03838373855011972], [0.9940790303222088, 0.0059209696777912], [0.8791724201381003, 