{"test": {"ids": ["419", "512", "131", "177", "492", "48", "564", "427", "343", "15", "185", "638", "642", "523", "54", "611", "282", "368", "351", "298", "9", "32", "301", "710", "192", "545", "491", "522", "575", "326", "513", "643", "8", "629", "690", "93", "467", "102", "597", "542", "107", "330", "232", "510", "622", "674", "565", "268", "302", "117", "186", "160", "363", "453", "394", "66", "678", "94", "517", "126", "320", "137", "18", "449", "704", "184", "277", "633", "307", "272", "190", "45", "604", "249", "265", "266", "269", "637", "51", "461", "357", "540", "143", "689", "115", "275", "414", "457", "416", "281", "667", "656", "270", "56", "59", "325", "541", "236", "173", "329", "623", "666", "331", "91", "385", "405", "477", "616", "283", "662", "142", "420"], "labels": [1, 0, 1, 0, 0, 0, 0, 1, 1, 1, 0, 1, 1, 1, 0, 0, 0, 1, 1, 0, 1, 0, 0, 1, 0, 0, 0, 1, 0, 1, 0, 1, 1, 1, 1, 1, 0, 1, 0, 1, 1, 1, 0, 0, 1, 1, 0, 0, 0, 1, 0, 1, 1, 0, 1, 0, 1, 1, 1, 1, 0, 1, 0, 0, 1, 0, 0, 0, 0, 0, 0, 0, 0, 0, 0, 0, 0, 1, 0, 0, 1, 0, 1, 1, 1, 0, 1, 0, 1, 0, 1, 1, 0, 0, 0, 1, 1, 0, 1, 1, 1, 1, 1, 1, 1, 1, 0, 0, 0, 1, 1, 1], "predicted_labels": [0, 0, 0, 1, 1, 1, 0, 1, 1, 0, 0, 0, 0, 1, 1, 0, 0, 1, 1, 0, 0, 0, 0, 0, 0, 0, 1, 1, 0, 1, 1, 0, 1, 1, 0, 0, 1, 0, 0, 0, 0, 0, 0, 0, 0, 0, 0, 0, 0, 0, 0, 1, 1, 0, 1, 1, 1, 1, 1, 1, 0, 0, 0, 0, 1, 0, 0, 1, 0, 0, 0, 1, 0, 1, 1, 0, 0, 0, 1, 0, 1, 1, 1, 1, 0, 0, 0, 0, 1, 1, 1, 1, 0, 0, 1, 1, 0, 0, 0, 1, 1, 0, 1, 0, 1, 1, 0, 0, 0, 0, 1, 1], "confidence_scores": [[0.5162067051218503, 0.4837932948781496], [0.610112661023826, 0.3898873389761739], [0.6029212015059039, 0.3970787984940963], [0.3703205435813045, 0.6296794564186956], [0.3030633273945514, 0.6969366726054489], [0.39239434950507557, 0.6076056504949244], [0.7199042608495708, 0.2800957391504294], [0.35087144285728306, 0.6491285571427171], [0.3501392564102455, 0.6498607435897548], [0.6543146115637782, 0.345685388436222], [0.663527322675372, 0.33647267732462793], [0.6827823532523106, 0.31721764674769], [0.6018492311980945, 0.39815076880190536], [0.4344687605931013, 0.5655312394068983], [0.3940122378497133, 0.6059877621502868], [0.5434295886341323, 0.4565704113658678], [0.6716951538200168, 0.3283048461799835], [0.3404602673250621, 0.6595397326749375], [0.2666371566141283, 0.7333628433858713], [0.7549797422674999, 0.2450202577325005], [0.592478357649927, 0.407521642350073], [0.5790143641654126, 0.42098563583458726], [0.5098756764440204, 0.4901243235559797], [0.5933791128818576, 0.40662088711814226], [0.6473854218356352, 0.3526145781643646], [0.5318304811103597, 0.46816951888964037], [0.31718518636182935, 0.6828148136381703], [0.41949171095381677, 0.580508289046183], [0.7235751553763747, 0.2764248446236253], [0.24668523787010666, 0.7533147621298931], [0.4728816241063038, 0.5271183758936961], [0.6062006480282155, 0.3937993519717844], [0.4947656897078968, 0.5052343102921033], [0.38925017490424446, 0.6107498250957558], [0.614230059060455, 0.3857699409395452], [0.6845483498791921, 0.31545165012080817], [0.4427235384475262, 0.5572764615524735], [0.5255161069057436, 0.47448389309425637], [0.5285455397070217, 0.4714544602929783], [0.5138733839184065, 0.4861266160815934], [0.6957244654792405, 0.3042755345207594], [0.5355588050060998, 0.46444119499390013], [0.8200941693668484, 0.17990583063315152], [0.5240719580969698, 0.47592804190303006], [0.5964841593015041, 0.4035158406984958], [0.5742664716617178, 0.4257335283382821], [0.5121626579581293, 0.4878373420418708], [0.5769978140078251, 0.4230021859921751], [0.5014072911965561, 0.4985927088034438], [0.604510396664658, 0.3954896033353426], [0.7620219302427645, 0.23797806975723557], [0.31441741803323003, 0.6855825819667701], [0.29959079102817016, 0.7004092089718301], [0.6161795267753177, 0.3838204732246821], [0.4922811503718431, 0.5077188496281569], [0.49751572068047045, 0.5024842793195295], [0.4128384654441404, 0.5871615345558596], [0.46375955770335914, 0.5362404422966408], [0.4244408339057694, 0.5755591660942305], [0.4804299007507782, 0.5195700992492217], [0.8035508939542726, 0.19644910604572732], [0.5411359857384411, 0.4588640142615587], [0.5113304736426793, 0.4886695263573205], [0.6295461986412927, 0.3704538013587073], [0.46376769072705365, 0.5362323092729464], [0.7742975622783809, 0.2257024377216192], [0.5585851305150351, 0.4414148694849653], [0.44570206728128187, 0.554297932718718], [0.6311613495639449, 0.3688386504360554], [0.6364095104559375, 0.3635904895440623], [0.7296908329920729, 0.27030916700792706], [0.36220226593069177, 0.6377977340693087], [0.727709426212597, 0.27229057378740307], [0.29221814150110875, 0.7077818584988915], [0.46066462528188873, 0.5393353747181114], [0.7485256701632599, 0.25147432983674034], [0.6573572395655082, 0.3426427604344919], [0.6827176489413641, 0.3172823510586358], [0.44463780620728877, 0.5553621937927113], [0.6767545012760076, 0.32324549872399244], [0.2968204658506169, 0.7031795341493832], [0.4677172973940934, 0.5322827026059066], [0.47858649043282403, 0.5214135095671759], [0.4701944693274307, 0.5298055306725692], [0.6028635377683775, 0.3971364622316223], [0.6459800172831777, 0.35401998271682217], [0.5044025691591285, 0.49559743084087143], [0.6578002548721479, 0.3421997451278521], [0.3648589477077099, 0.63514105229229], [0.47422464321270524, 0.5257753567872946], [0.46558969978565456, 0.5344103002143457], [0.47686623942850614, 0.5231337605714936], [0.7936899571833085, 0.2063100428166917], [0.7151710870983767, 0.2848289129016234], [0.4863302782973556, 0.5136697217026445], [0.3564523718289504, 0.6435476281710496], [0.6935198200809259, 0.3064801799190745], [0.7329460362479101, 0.26705396375209034], [0.557669609571795, 0.44233039042820516], [0.41390263146978745, 0.5860973685302123], [0.44707017075021105, 0.5529298292497887], [0.565018613171383, 0.434981386828617], [0.43616518950021216, 0.563834810499788], [0.5892143943046624, 0.4107856056953375], [0.41572726359171924, 0.5842727364082808], [0.32767513101894474, 0.6723248689810553], [0.6392210739921615, 0.36077892600783834], [0.6319727403658536, 0.36802725963414623], [0.5551171993992393, 0.4448828006007609], [0.6335422322947963, 0.3664577677052038], [0.2116825716551446, 0.7883174283448554], [0.32599940958665413, 0.6740005904133458]]}, "rewritten": {"ids": ["8", "9", "15", "18", "32", "45", "48", "51", "54", "56", "59", "66", "91", "93", "94", "102", "107", "115", "117", "126", "131", "137", "142", "143", "160", "173", "177", "184", "185", "186", "190", "192", "232", "236", "249", "265", "266", "268", "269", "270", "272", "275", "277", "281", "282", "283", "298", "301", "302", "307", "320", "325", "326", "329", "330", "331", "343", "351", "357", "363", "368", "385", "394", "405", "414", "416", "419", "420", "427", "449", "453", "457", "461", "467", "477", "491", "492", "510", "512", "513", "517", "522", "523", "540", "541", "542", "545", "564", "565", "575", "597", "604", "611", "616", "622", "623", "629", "633", "637", "638", "642", "643", "656", "662", "666", "667", "674", "678", "689", "690", "704", "710"], "labels": [1, 1, 1, 0, 0, 0, 0, 0, 0, 0, 0, 0, 1, 1, 1, 1, 1, 1, 1, 1, 1, 1, 1, 1, 1, 1, 0, 0, 0, 0, 0, 0, 0, 0, 0, 0, 0, 0, 0, 0, 0, 0, 0, 0, 0, 0, 0, 0, 0, 0, 0, 1, 1, 1, 1, 1, 1, 1, 1, 1, 1, 1, 1, 1, 1, 1, 1, 1, 1, 0, 0, 0, 0, 0, 0, 0, 0, 0, 0, 0, 1, 1, 1, 0, 1, 1, 0, 0, 0, 0, 0, 0, 0, 0, 1, 1, 1, 0, 1, 1, 1, 1, 1, 1, 1, 1, 1, 1, 1, 1, 1, 1], "predicted_labels": [0, 1, 0, 1, 0, 1, 1, 1, 1, 0, 1, 1, 0, 0, 0, 1, 0, 0, 0, 1, 0, 1, 1, 0, 1, 0, 1, 0, 0, 0, 0, 0, 0, 0, 1, 0, 0, 0, 0, 0, 0, 0, 0, 0, 0, 0, 0, 0, 0, 0, 0, 0, 1, 0, 0, 0, 1, 1, 1, 1, 1, 1, 1, 1, 1, 0, 0, 1, 1, 0, 0, 0, 0, 1, 1, 1, 1, 0, 0, 0, 0, 1, 0, 0, 0, 1, 1, 0, 0, 0, 0, 0, 1, 0, 0, 1, 1, 0, 0, 0, 0, 0, 0, 0, 0, 0, 0, 1, 0, 1, 1, 0],