{"test": {"ids": ["568", "618", "109", "666", "274", "175", "168", "656", "268", "708", "621", "709", "415", "641", "357", "493", "704", "108", "307", "68", "625", "559", "291", "389", "501", "227", "125", "462", "225", "103", "676", "298", "404", "609", "567", "289", "116", "240", "250", "485", "254", "350", "167", "258", "196", "491", "190", "251", "11", "199", "453", "547", "181", "620", "271", "678", "526", "82", "224", "502", "62", "647", "597", "164", "490", "367", "1", "94", "373", "695", "243", "6", "555", "105", "707", "413", "286", "162", "40", "304", "314", "545", "228", "114", "643", "495", "136", "83", "275", "336", "7", "572", "406", "483", "682", "237", "432", "497", "359", "376", "297", "400", "182", "586", "206", "655", "482", "418", "89", "272", "266", "194", "587", "30", "403", "236", "287", "70", "41", "333", "147", "315", "78", "610", "646", "661", "444", "311", "32", "67", "688", "524", "536", "629", "170", "193", "4", "84", "257", "551", "414", "146", "381"], "labels": [0, 0, 1, 1, 0, 0, 1, 1, 0, 1, 1, 1, 1, 1, 0, 1, 1, 1, 0, 0, 1, 0, 0, 1, 0, 0, 1, 0, 0, 1, 1, 0, 1, 0, 0, 0, 1, 0, 1, 0, 1, 0, 1, 0, 0, 0, 0, 1, 1, 0, 0, 1, 0, 0, 0, 1, 1, 1, 0, 0, 0, 1, 0, 1, 0, 0, 0, 1, 0, 1, 0, 1, 1, 1, 1, 1, 0, 1, 1, 0, 0, 1, 0, 1, 1, 0, 1, 0, 0, 0, 1, 0, 1, 0, 1, 0, 1, 0, 0, 0, 0, 1, 0, 0, 0, 1, 0, 1, 1, 0, 0, 0, 0, 0, 1, 0, 0, 0, 1, 0, 1, 0, 0, 0, 1, 1, 0, 0, 0, 0, 0, 1, 1, 1, 1, 0, 0, 0, 0, 1, 1, 1, 0], "predicted_labels": [0, 0, 1, 0, 0, 0, 0, 1, 1, 0, 0, 1, 1, 1, 1, 1, 1, 0, 1, 0, 1, 0, 0, 1, 0, 0, 1, 1, 1, 0, 1, 0, 0, 0, 0, 1, 1, 0, 1, 0, 0, 0, 0, 0, 1, 0, 0, 1, 0, 0, 0, 0, 0, 1, 0, 1, 0, 0, 0, 0, 1, 1, 0, 1, 0, 1, 0, 1, 1, 0, 0, 1, 0, 1, 1, 1, 0, 1, 0, 1, 0, 1, 0, 0, 1, 1, 1, 1, 1, 1, 0, 0, 0, 1, 1, 0, 0, 0, 1, 0, 0, 0, 1, 1, 0, 1, 1, 1, 1, 0, 0, 0, 0, 0, 1, 0, 0, 0, 1, 1, 1, 0, 0, 0, 0, 1, 0, 1, 0, 1, 0, 1, 0, 1, 1, 0, 0, 0, 1, 0, 0, 1, 1], "confidence_scores": [[0.7954064334217683, 0.2045935665782317], [0.9416902293111699, 0.05830977068883019], [0.19775015370828164, 0.8022498462917184], [0.5009751079167969, 0.4990248920832031], [0.8823914101540157, 0.11760858984598437], [0.8823240030960496, 0.11767599690395036], [0.5398186569911013, 0.4601813430088987], [0.10359506043256983, 0.8964049395674302], [0.4014859801359434, 0.5985140198640566], [0.8766274063431552, 0.12337259365684479], [0.9468481240724124, 0.053151875927587584], [0.16279154467554902, 0.837208455324451], [0.3722087051176892, 0.6277912948823108], [0.17750130744906267, 0.8224986925509373], [0.368206808118431, 0.631793191881569], [0.10800404795624186, 0.8919959520437581], [0.03683455386073631, 0.9631654461392637], [0.9487062267383293, 0.05129377326167078], [0.35085291123288054, 0.6491470887671195], [0.6406963145885943, 0.35930368541140567], [0.20517836624743657, 0.7948216337525634], [0.7459760236616384, 0.2540239763383616], [0.6046125527586286, 0.39538744724137137], [0.3082660815162822, 0.6917339184837178], [0.8566600047232146, 0.1433399952767854], [0.7653099259916327, 0.23469007400836725], [0.16187733017648065, 0.8381226698235194], [0.49353860363406965, 0.5064613963659303], [0.2881535563949017, 0.7118464436050983], [0.5825592522397753, 0.41744074776022466], [0.3682637882461228, 0.6317362117538772], [0.6061387813044663, 0.39386121869553375], [0.6909184412423126, 0.30908155875768734], [0.742516321369326, 0.257483678630674], [0.6284152678860138, 0.37158473211398624], [0.1912454789959378, 0.8087545210040622], [0.1980833092300167, 0.8019166907699833], [0.873919013892144, 0.12608098610785606], [0.19522929308302372, 0.8047707069169763], [0.8799139680911676, 0.12008603190883244], [0.9878229860078606, 0.012177013992139451], [0.9331019343290938, 0.06689806567090611], [0.5721452554987829, 0.427854744501217], [0.5845516410861599, 0.41544835891384013], [0.1090213079906518, 0.8909786920093482], [0.6055054193964586, 0.39449458060354137], [0.7840797318621449, 0.21592026813785511], [0.17073546062151768, 0.8292645393784823], [0.5624198832460685, 0.4375801167539315], [0.7236214168098003, 0.2763785831901997], [0.9889044822013117, 0.01109551779868831], [0.9039612896184529, 0.09603871038154711], [0.8406954854501039, 0.1593045145498962], [0.11457042096726411, 0.8854295790327359], [0.9856958623142408, 0.014304137685759178], [0.038068826000695166, 0.9619311739993048], [0.9150477042070203, 0.08495229579297969], [0.6985760007514071, 0.30142399924859287], [0.5314211197129934, 0.4685788802870066], [0.9383361912008585, 0.061663808799141434], [0.21525095771090674, 0.7847490422890933], [0.31377001119893877, 0.6862299888010612], [0.6022502797968621, 0.39774972020313787], [0.47092058082054766, 0.5290794191794523], [0.7266308988427146, 0.2733691011572854], [0.05526630318048853, 0.9447336968195115], [0.6382089285251104, 0.36179107147488965], [0.05932805647771844, 0.9406719435222816], [0.4036098455390803, 0.5963901544609197], [0.8673018608885465, 0.13269813911145342], [0.6880185585898375, 0.3119814414101625], [0.3364352354470429, 0.6635647645529571], [0.8724666189532395, 0.12753338104676043], [0.3071164132183518, 0.6928835867816482], [0.14504469305026102, 0.854955306949739], [0.44869395308833926, 0.5513060469116607], [0.8828038273552452, 0.11719617264475476], [0.1698429408375769, 0.8301570591624231], [0.7907102386642199, 0.20928976133578017], [0.48381811573975786, 0.5161818842602421], [0.6124400827880482, 0.3875599172119518], [0.34333035310500837, 0.6566696468949916], [0.8815402734980695, 0.11845972650193046], [0.5718903152124086, 0.4281096847875913], [0.3546189663727446, 0.6453810336272554], [0.029360884678101384, 0.9706391153218986], [0.19536402344036963, 0.8046359765596304], [0.26399209637266907, 0.7360079036273309], [0.377990891302618, 0.622009108697382], [0.18761321810305986, 0.8123867818969401], [0.5072693558984323, 0.4927306441015677], [0.9739042244795907, 0.026095775520409356], [0.9567720384904679, 0.04322796150953209], [0.43181392120569173, 0.5681860787943083], [0.19137741875595027, 0.8086225812440497], [0.9915073667628146, 0.008492633237185436], [0.9163925689818627, 0.08360743101813728], [0.9640947817088448, 0.03590521829115519], [0.4653166097802882, 0.5346833902197118], [0.831547124991308, 0.16845287500869197], [0.7608804943633007, 0.23911950563669931], [0.8221342765562756, 0.17786572344372448], [0.4081112564828304, 0.5918887435171696], [0.26013590967620714, 0.7398640903237929], [0.9474162498404607, 0.05258375015953931], [0.4644577055975033, 0.5355422944024967], [0.4113208525146025, 0.5886791474853975], [0.0986555308350503, 0.9013444691649497], [0.04356771471729992, 0.9564322852827001], [0.9609840289996838, 0.03901597100031621], [0.7561371996362469, 0.24386280036375313], [0.9766688023150967, 0.02333119768490332], [0.7067706219195163, 0.29322937808048366], [0.8338652872823868, 0.1661347127176131], [0.06783943491117561, 0.9321605650888244], [0.8257190609747097, 0.17428093902529027], [0.5944086537267991, 0.4055913462732009], [0.9768476326591066, 0.02315236734089342], [0.4403246007789704, 0.5596753992210296], [0.19760152129917397, 0.802398478700826], [0.10066548811341869, 0.8993345118865813], [0.8072177310975475, 0.1927822689024526], [0.8041278966197006, 0.1958721033802994], [0.8001176443121087, 0.19988235568789123], [0.5676967428347476, 0.4323032571652524], [0.47680668510665336, 0.5231933148933466], [0.5772285564064986, 0.4227714435935014], [0.3624026715348603, 0.6375973284651397], [0.9292012484197666, 0.07079875158023341], [0.38109703124395256, 0.6189029687560474], [0.670333751407675, 0.3296662485923249], [0.19815646326600678, 0.8018435367339932], [0.8348477305279705, 0.16515226947202957], [0.42629514100751653, 0.5737048589924835], [0.09805743653378529, 0.9019425634662147], [0.9259392173730383, 0.07406078262696168], [0.8973506686628326, 0.10264933133716733], [0.5173482462276967, 0.4826517537723033], [0.09745412279241505, 0.902545877207585], [0.9348462079005488, 0.06515379209945119], [0.7416639433639789, 0.25833605663602116], [0.27656605119413225, 0.7234339488058678], [0.30710165024956915, 