{"test": {"ids": ["529", "114", "521", "77", "291", "462", "226", "444", "39", "658", "301", "670", "288", "269", "578", "177", "378", "83", "500", "510", "241", "522", "20", "264", "293", "190", "36", "122", "75", "0", "364", "286", "299", "686", "446", "702", "259", "200", "15", "470", "574", "590", "198", "266", "439", "24", "170", "497", "251", "604", "256", "409", "237", "549", "135", "483", "329", "543", "657", "191", "525", "560", "277", "465", "164", "78", "159", "454", "615", "551", "655", "127", "407", "501", "678", "284", "427", "610", "150", "70", "557", "459", "295", "130", "611", "246", "174", "263", "281", "270", "144", "72", "275", "456", "355", "43", "182", "374", "392", "417", "67", "467", "619", "64", "562", "533", "469", "153", "7", "588", "448", "576", "513", "441", "98", "396", "665", "708", "276", "333", "46", "638", "2", "419", "356", "479", "315", "134", "475", "234", "202", "9", "581", "311", "546", "308", "599", "477", "656", "460", "172", "125", "113"], "labels": [1, 1, 1, 0, 0, 0, 0, 0, 1, 1, 0, 1, 0, 0, 0, 0, 1, 0, 0, 0, 0, 1, 0, 0, 0, 0, 1, 1, 0, 0, 0, 0, 0, 1, 0, 1, 0, 0, 1, 0, 0, 0, 0, 0, 1, 0, 1, 0, 1, 0, 0, 1, 0, 1, 1, 0, 0, 1, 1, 0, 1, 0, 0, 0, 1, 0, 1, 0, 0, 1, 1, 1, 1, 0, 1, 0, 1, 0, 1, 0, 0, 0, 0, 1, 0, 0, 0, 0, 0, 0, 1, 0, 0, 0, 0, 1, 0, 0, 1, 1, 0, 0, 0, 0, 0, 1, 0, 1, 1, 0, 0, 0, 0, 1, 1, 1, 1, 1, 0, 0, 1, 1, 0, 1, 0, 0, 0, 1, 0, 0, 0, 1, 0, 0, 1, 0, 0, 0, 1, 0, 1, 1, 1], "predicted_labels": [0, 0, 0, 1, 1, 1, 0, 0, 0, 1, 0, 0, 0, 1, 1, 1, 0, 1, 0, 0, 0, 0, 1, 1, 0, 0, 1, 1, 1, 0, 0, 0, 0, 1, 1, 1, 1, 0, 0, 1, 0, 0, 1, 0, 1, 0, 1, 0, 0, 0, 0, 1, 0, 1, 1, 1, 1, 0, 0, 0, 0, 1, 0, 0, 0, 1, 0, 0, 1, 1, 1, 1, 0, 0, 1, 0, 0, 0, 0, 1, 0, 0, 0, 1, 1, 0, 0, 1, 1, 0, 0, 0, 1, 1, 0, 1, 0, 0, 1, 1, 0, 0, 0, 0, 0, 0, 0, 0, 0, 1, 1, 1, 1, 0, 0, 1, 0, 0, 1, 0, 1, 0, 1, 1, 0, 1, 0, 1, 0, 1, 1, 0, 0, 0, 1, 0, 1, 1, 0, 0, 0, 0, 0], "confidence_scores": [[0.6218306367057389, 0.3781693632942611], [0.670837025057696, 0.329162974942304], [0.5481527098524629, 0.4518472901475371], [0.44009833364181417, 0.5599016663581858], [0.4080246644689952, 0.5919753355310048], [0.24205529861656683, 0.7579447013834332], [0.5641919861358782, 0.43580801386412177], [0.6270581763197893, 0.3729418236802107], [0.524640350793178, 0.47535964920682205], [0.37592812422245603, 0.624071875777544], [0.5231148820095357, 0.47688511799046424], [0.5236852020174414, 0.4763147979825586], [0.6544823364772185, 0.3455176635227815], [0.3730207908349743, 0.6269792091650257], [0.4721549655961583, 0.5278450344038417], [0.47896387049174927, 0.5210361295082507], [0.6550046179444962, 0.34499538205550384], [0.4904978985548615, 0.5095021014451385], [0.5479685778269461, 0.4520314221730539], [0.5119722107712071, 0.48802778922879286], [0.5213781044106021, 0.4786218955893979], [0.5594278220662736, 0.4405721779337264], [0.3646509400622121, 0.6353490599377879], [0.3518553847222866, 0.6481446152777134], [0.5752928472375238, 0.4247071527624762], [0.7240179972599712, 0.2759820027400288], [0.38645708390440403, 0.613542916095596], [0.28010964783408576, 0.7198903521659142], [0.459363998198949, 0.540636001801051], [0.5723479552869566, 0.4276520447130434], [0.5950081477855036, 0.40499185221449635], [0.6279392426449311, 0.372060757355069], [0.5241124528241196, 0.47588754717588044], [0.4154582601212643, 0.5845417398787357], [0.49303568886895677, 0.5069643111310432], [0.42104889957264613, 0.5789511004273539], [0.32164369434407003, 0.67835630565593], [0.6383978996162429, 0.3616021003837571], [0.6547937996140185, 0.34520620038598154], [0.4868196207888884, 0.5131803792111116], [0.6346485859693914, 0.36535141403060856], [0.605579096352906, 0.39442090364709403], [0.3022654934481598, 0.6977345065518402], [0.6256142088527684, 0.3743857911472316], [0.3187777180624417, 0.6812222819375583], [0.5594278220662736, 0.4405721779337264], [0.4132914346418781, 0.5867085653581219], [0.7109171597177235, 0.28908284028227654], [0.6665003265635974, 0.3334996734364026], [0.731244922243053, 0.26875507775694696], [0.5499937339722523, 0.4500062660277477], [0.4465685301979341, 0.5534314698020659], [0.7124317004088676, 0.2875682995911324], [0.48396561756119494, 0.5160343824388051], [0.3556951761101649, 0.6443048238898351], [0.4474506903522175, 0.5525493096477825], [0.3797850386427697, 0.6202149613572303], [0.671782485663396, 0.328217514336604], [0.585752364043552, 0.414247635956448], [0.7061545605801065, 0.29384543941989344], [0.5674788663783514, 0.4325211336216486], [0.44276335878740114, 0.5572366412125989], [0.6744100327531661, 0.3255899672468339], [0.5680147262090889, 0.4319852737909111], [0.5070622114828222, 0.49293778851717784], [0.434571713976624, 0.565428286023376], [0.8188597252767873, 0.18114027472321267], [0.5499008580080166, 0.4500991419919834], [0.376939777218816, 0.623060222781184], [0.3672618029116026, 0.6327381970883974], [0.3482741314669374, 0.6517258685330626], [0.4900375596709219, 0.5099624403290781], [0.5836351229094283, 0.41636487709057163], [0.7884760476610871, 0.21152395233891283], [0.4576508727487132, 0.5423491272512868], [0.6145654312165824, 0.38543456878341764], [0.5365003488512283, 0.4634996511487716], [0.6027637409327191, 0.39723625906728094], [0.5100549344611711, 0.48994506553882883], [0.3778996050714033, 0.6221003949285967], [0.5581937848867358, 0.44180621511326423], [0.7807315136780046, 0.21926848632199542], [0.6521331153101209, 0.3478668846898792], [0.31817321926269726, 0.6818267807373027], [0.2970377854639059, 0.7029622145360941], [0.6709385809532897, 0.32906141904671027], [0.6646215667123069, 0.3353784332876931], [0.48073742875483283, 0.5192625712451672], [0.46214035868940795, 0.537859641310592], [0.5150658447724825, 0.4849341552275175], [0.5049401418836658, 0.49505985811633424], [0.5198295999727983, 0.4801704000272017], [0.4140724664241381, 0.5859275335758619], [0.4467290599813879, 0.5532709400186121], [0.6734094681510759, 0.32659053184892406], [0.43652336472556286, 0.5634766352744371], [0.6616161566659411, 0.33838384333405896], [0.5940956196826732, 0.4059043803173268], [0.47926510947810264, 0.5207348905218974], [0.4557302522507918, 0.5442697477492082], [0.5768997003091885, 0.4231002996908115], [0.5840950058013628, 0.4159049941986372], [0.5961029684534911, 0.40389703154650897], [0.5594278220662736, 0.4405721779337264], [0.5520306531661161, 0.4479693468338839], [0.6103790837975267, 0.38962091620247336], [0.6448721130047987, 0.3551278869952012], [0.6978072270284771, 0.3021927729715229], [0.5964238876073136, 0.40357611239268637], [0.42261060476660506, 0.5773893952333949], [0.4099847581775835, 0.5900152418224165], [0.4759929868062698, 0.5240070131937302], [0.46446185770267034, 0.5355381422973297], [0.5399999458081092, 0.46000005419189083], [0.6526853146550038, 0.3473146853449962], [0.309823344897324, 0.690176655102676], [0.6544485792391426, 0.34555142076085743], [0.6623065648421378, 0.3376934351578622], [0.4346254633301384, 0.5653745366698616], [0.5451733518089621, 0.45482664819103796], [0.41319484596271094, 0.5868051540372891], [0.6488303370502128, 0.35116966294978724], [0.3260145698440131, 0.6739854301559869], [0.41795046040094885, 0.5820495395990511], [0.5567669490049432, 0.4432330509950568], [0.49147596091265144, 0.5085240390873486], [0.585828741146019, 0.414171258853981], [0.45286039212242524, 0.5471396078775748], [0.7302227009765423, 0.2697772990234577], [0.431544433274179, 0.568455566725821], [0.47895249864578027, 0.5210475013542197], [0.5648548965664817, 0.43514510343351837], [0.6405385219313343, 0.3594614780686657], [0.6243362201597852, 0.3756637798402148], [0.4346812616806198, 0.5653187383193802], [0.5570571977631598, 0.4429428022368402], [0.377498698931099, 0.622501301068901], [0.3929495335387142, 0.6070504664612858], [0.5828349788777978, 0.4171650211222023], [0.6136111129942122, 0.3863888870057878], [0.5576824576804229, 0.4423175423195771], [0.5699646806226091, 0.4300353193773909], [0.6046106049717281, 0.39538939502827186]]},