{"test": {"ids": ["37", "98", "193", "472", "332", "404", "304", "307", "614", "129", "43", "103", "708", "244", "426", "642", "67", "112", "59", "676", "104", "71", "635", "588", "255", "17", "669", "215", "383", "446", "146", "271", "566", "454", "181", "222", "593", "58", "124", "180", "368", "643", "403", "234", "473", "420", "110", "608", "422", "402", "463", "55", "44", "395", "696", "597", "639", "203", "579", "449", "319", "60", "381", "431", "293", "514", "444", "465", "671", "645", "325", "413", "429", "46", "690", "460", "13", "504", "546", "63", "273", "435", "491", "246", "254", "48", "433", "89", "370", "495", "247", "567", "438", "528", "587", "165", "24", "106", "673", "496", "605", "298", "233", "399", "11", "680", "456", "450", "569", "210", "359", "302", "411", "122", "177", "12", "118", "288", "481", "209", "102", "162", "611", "345", "141", "86", "62", "536", "644", "678", "675", "216", "0", "335", "447", "256", "484", "600", "221", "533", "464", "564", "127"], "labels": [1, 1, 0, 0, 1, 1, 0, 0, 0, 1, 0, 1, 1, 0, 1, 1, 0, 1, 0, 1, 1, 0, 0, 0, 0, 1, 1, 0, 1, 0, 1, 0, 0, 0, 0, 0, 0, 0, 1, 0, 1, 1, 1, 0, 0, 1, 1, 0, 1, 1, 0, 0, 0, 1, 1, 0, 1, 0, 0, 0, 0, 0, 1, 1, 0, 1, 0, 0, 1, 1, 1, 1, 1, 0, 1, 0, 1, 0, 0, 0, 0, 1, 0, 0, 1, 0, 1, 1, 1, 1, 0, 0, 1, 0, 0, 1, 0, 1, 1, 1, 0, 0, 0, 1, 1, 1, 0, 0, 0, 0, 1, 0, 1, 1, 0, 1, 1, 0, 0, 0, 1, 1, 0, 1, 1, 0, 0, 0, 1, 1, 1, 0, 1, 1, 0, 0, 0, 0, 0, 0, 0, 0, 1], "predicted_labels": [1, 1, 0, 0, 1, 0, 1, 0, 0, 1, 1, 1, 1, 1, 0, 1, 1, 0, 0, 0, 1, 1, 0, 0, 1, 1, 0, 0, 0, 0, 1, 0, 1, 0, 0, 0, 0, 0, 1, 0, 1, 0, 1, 0, 0, 1, 1, 0, 1, 1, 0, 1, 1, 1, 1, 0, 0, 0, 0, 1, 0, 1, 1, 1, 1, 0, 0, 0, 1, 1, 0, 1, 0, 1, 1, 0, 1, 0, 0, 1, 1, 0, 0, 0, 1, 1, 1, 0, 1, 1, 0, 0, 0, 0, 0, 1, 0, 0, 1, 0, 1, 0, 1, 1, 1, 0, 0, 0, 0, 0, 1, 0, 1, 0, 1, 1, 0, 0, 1, 0, 0, 1, 1, 1, 1, 0, 0, 0, 0, 1, 0, 0, 1, 1, 0, 1, 1, 0, 1, 0, 0, 0, 1], "confidence_scores": [[0.4184383993015355, 0.5815616006984645], [0.31377146329223893, 0.6862285367077611], [0.699678856307931, 0.3003211436920689], [0.9791991007816374, 0.02080089921836257], [0.10123405902320659, 0.8987659409767934], [0.8339169713478887, 0.16608302865211136], [0.2811229389023028, 0.7188770610976972], [0.680938422677769, 0.319061577322231], [0.9867398774685107, 0.013260122531489355], [0.41833272666879395, 0.581667273331206], [0.19372685111291754, 0.8062731488870825], [0.47944055205292635, 0.5205594479470737], [0.2587092129152745, 0.7412907870847255], [0.3164674800110776, 0.6835325199889224], [0.7393827252763246, 0.26061727472367535], [0.49274769597060053, 0.5072523040293995], [0.435980018167782, 0.564019981832218], [0.661245299107532, 0.33875470089246795], [0.5135288407822536, 0.4864711592177464], [0.7616459478611443, 0.23835405213885574], [0.4518976280524417, 0.5481023719475583], [0.33353847613527254, 0.6664615238647275], [0.6752517393365038, 0.3247482606634962], [0.6182578461662864, 0.3817421538337136], [0.06869791108629797, 0.931302088913702], [0.39683595690690576, 0.6031640430930942], [0.7616916645218762, 0.2383083354781238], [0.6133694865765545, 0.38663051342344545], [0.7119089926058524, 0.28809100739414767], [0.7913742722743706, 0.20862572772562937], [0.4495762446609123, 0.5504237553390877], [0.58734536200307, 0.4126546379969301], [0.12331916816831634, 0.8766808318316837], [0.9488530718382248, 0.051146928161775226], [0.959403374295182, 0.04059662570481804], [0.8500947756356723, 0.14990522436432777], [0.7577984373686534, 0.24220156263134665], [0.6153813354074845, 0.3846186645925155], [0.028292736199119317, 0.9717072638008807], [0.9649328149969878, 0.03506718500301221], [0.1988205389240416, 0.8011794610759584], [0.544924054410202, 0.455075945589798], [0.1338463266802492, 0.8661536733197508], [0.7097649306550461, 0.2902350693449539], [0.9331887692992016, 0.06681123070079845], [0.20942484227187108, 0.7905751577281289], [0.36359344075742817, 0.6364065592425718], [0.612274435027536, 0.3877255649724641], [0.3715533670243417, 0.6284466329756583], [0.39217277848535637, 0.6078272215146436], [0.7621813591897664, 0.23781864081023366], [0.08473684541784277, 0.9152631545821572], [0.038962741703273296, 0.9610372582967267], [0.14564344823187725, 0.8543565517681228], [0.18460334992748262, 0.8153966500725174], [0.5037938891588589, 0.496206110841141], [0.8311330624824401, 0.16886693751755988], [0.6795886733402754, 0.32041132665972466], [0.697558638015577, 0.30244136198442295], [0.3624141137898932, 0.6375858862101068], [0.7353003193602315, 0.26469968063976845], [0.3243298418673747, 0.6756701581326253], [0.32901125199346326, 0.6709887480065367], [0.19194254033010338, 0.8080574596698966], [0.2393369854116647, 0.7606630145883353], [0.6064510695135462, 0.3935489304864538], [0.8013106572387081, 0.19868934276129185], [0.7174443189263109, 0.28255568107368906], [0.4323140626300833, 0.5676859373699167], [0.23739136208783818, 0.7626086379121618], [0.8458621451507968, 0.15413785484920323], [0.2172426025805606, 0.7827573974194394], [0.732691522025144, 0.2673084779748561], [0.10485332235916633, 0.8951466776408337], [0.48519019721227463, 0.5148098027877254], [0.8810447611733527, 0.11895523882664724], [0.29410098781061644, 0.7058990121893836], [0.7436150838020328, 0.25638491619796727], [0.8293690792327171, 0.17063092076728295], [0.3831458494079091, 0.6168541505920909], [0.2557162938957799, 0.7442837061042201], [0.8862231942721979, 0.11377680572780213], [0.5503791192775871, 0.4496208807224129], [0.523925925046225, 0.47607407495377496], [0.29538052472928167, 0.7046194752707183], [0.13558182964361576, 0.8644181703563842], [0.17504862563600931, 0.8249513743639907], [0.6866603197377056, 0.3133396802622944], [0.2121246916942099, 0.7878753083057901], [0.3891911790252853, 0.6108088209747147], [0.8640817594362704, 0.1359182405637296], [0.7222629327598349, 0.27773706724016506], [0.9380854788959457, 0.0619145211040543], [0.8580967768419797, 0.14190322315802026], [0.6388083770359332, 0.36119162296406676], [0.14087762626499034, 0.8591223737350097], [0.9240366907286355, 0.07596330927136451], [0.7447466851300613, 0.2552533148699388], [0.28401577447986337, 0.7159842255201366], [0.9284020518170945, 0.07159794818290553], [0.436120633508166, 0.563879366491834], [0.7287598423517703, 0.27124015764822973], [0.4076716609911546, 0.5923283390088454], [0.32426778363547537, 0.6757322163645246], [0.49755025034521483, 0.5024497496547852], [0.5406662137647303, 0.45933378623526966], [0.8860833468050948, 0.11391665319490517], [0.6144263303747445, 0.3855736696252555], [0.7496578855509466, 0.2503421144490534], [0.8605723146432288, 0.13942768535677122], [0.08692582293675799, 0.913074177063242], [0.7231425315069746, 0.27685746849302534], [0.37572203278468785, 0.6242779672153121], [0.8299212394231128, 0.1700787605768872], [0.4500845770818823, 0.5499154229181177], [0.19179318605284135, 0.8082068139471587], [0.7074810923414607, 0.2925189076585393], [0.8500061115573632, 0.14999388844263678], [0.404953353406758, 0.595046646593242], [0.7323500260024106, 0.2676499739975894], [0.6727160834900261, 0.3272839165099739], [0.07260380854883997, 0.92739619145116], [0.21711757537771492, 0.7828824246222851], [0.21274081481705853, 0.7872591851829415], [0.1314536241854154, 0.8685463758145846], [0.7333624135848471, 0.2666375864151529], [0.5554558888588148, 0.44454411114118514], [0.9426039057919389, 0.057396094208061126], [0.5881458650183813, 0.4118541349816187], [0.08254627943894144, 0.9174537205610586], [0.953579246925945, 0.04642075307405502], [0.9545341235797785, 0.04546587642022151], [0.0826890735866661, 0.9173109264133339], [0.18786173712784782, 0.8121382628721522], [0.839250014551708, 0.16074998544829197], [0.4198905432961244, 0.5801094567038756], [0.47184730179811096, 0.528152698201889], [0.7749311039962452, 0.22506889600375476], [0.09941854392365923, 0.9005814560763408], [0.6801055119887586, 0.31989448801124143], [0.7558431440324205, 0.24415685596757955], [0.9190513651256685, 0.08094863487433146], [0.2078412941069916, 0.7921587058930084]]},