{"test": {"ids": ["94", "553", "289", "567", "555", "434", "273", "455", "701", "193", "70", "185", "38", "667", "305", "37", "348", "426", "356", "50", "660", "92", "216", "415", "407", "464", "505", "121", "522", "542", "268", "684", "142", "460", "672", "378", "681", "64", "558", "318", "103", "550", "320", "388", "280", "592", "128", "451", "359", "497", "27", "178", "186", "34", "452", "249", "275", "9", "165", "402", "485", "215", "11", "302", "707", "211", "562", "182", "509", "330", "406", "395", "397", "564", "569", "23", "345", "45", "582", "116", "331", "283", "160", "453", "276", "260", "489", "677", "266", "74", "385", "258", "167", "616", "226", "20", "113", "175", "197", "379", "323", "642", "488", "177", "459", "693", "232", "494", "372", "39", "208", "308", "220", "427", "297", "120", "71", "502", "33", "153", "676", "445", "123", "79", "696", "632", "591", "52", "272", "695", "668", "590", "463", "68", "237", "525", "524", "98", "532", "171", "353", "95", "124"], "labels": [0, 0, 0, 0, 1, 1, 0, 0, 1, 0, 1, 0, 0, 0, 0, 0, 1, 1, 1, 0, 0, 0, 0, 1, 1, 0, 0, 1, 1, 1, 0, 0, 1, 0, 0, 1, 0, 1, 0, 0, 0, 0, 0, 1, 0, 0, 1, 0, 1, 0, 0, 0, 0, 0, 0, 1, 0, 0, 1, 1, 0, 0, 0, 0, 1, 0, 0, 0, 0, 1, 1, 1, 1, 0, 0, 0, 1, 0, 0, 1, 1, 0, 1, 0, 0, 1, 0, 0, 0, 1, 1, 1, 1, 0, 0, 0, 1, 0, 0, 1, 0, 0, 0, 0, 0, 1, 0, 1, 1, 0, 0, 0, 0, 1, 0, 1, 1, 0, 0, 1, 0, 0, 1, 1, 1, 0, 0, 0, 0, 1, 0, 0, 0, 1, 0, 1, 1, 0, 1, 1, 1, 0, 1], "predicted_labels": [1, 0, 0, 0, 0, 0, 0, 0, 0, 0, 1, 0, 0, 0, 0, 0, 1, 1, 1, 0, 1, 0, 0, 0, 0, 0, 0, 1, 1, 0, 0, 0, 1, 0, 0, 1, 0, 0, 0, 0, 0, 0, 0, 0, 0, 0, 0, 0, 1, 0, 1, 0, 0, 1, 0, 1, 0, 0, 1, 0, 0, 0, 0, 0, 0, 0, 0, 0, 0, 1, 0, 0, 0, 0, 0, 0, 0, 0, 0, 1, 0, 0, 0, 0, 0, 0, 0, 0, 0, 1, 0, 0, 0, 0, 0, 0, 1, 0, 0, 1, 0, 0, 0, 0, 0, 1, 0, 1, 1, 0, 0, 0, 0, 1, 0, 1, 1, 0, 0, 0, 1, 0, 1, 0, 0, 1, 0, 1, 0, 0, 0, 0, 0, 1, 0, 0, 1, 1, 1, 0, 1, 0, 0], "confidence_scores": [[0.48577251082251083, 0.5142274891774893], [0.5426161255411254, 0.4573838744588746], [0.6339568487068485, 0.3660431512931513], [0.5809566378066379, 0.4190433621933622], [0.7150493506493509, 0.2849506493506494], [0.5482254911754911, 0.45177450882450876], [0.643261360861361, 0.3567386391386391], [0.6768772005772005, 0.3231227994227993], [0.6240839216339217, 0.37591607836607815], [0.6889826118326121, 0.3110173881673881], [0.43835492840492846, 0.5616450715950718], [0.6200460761460758, 0.3799539238539239], [0.577813863913864, 0.4221861360861359], [0.575366167166167, 0.4246338328338329], [0.7003799589299589, 0.29962004107004103], [0.5888225302475303, 0.4111774697524697], [0.4924647907647909, 0.507535209235209], [0.4981709956709959, 0.5018290043290042], [0.49964600399600406, 0.5003539960039959], [0.5512999999999995, 0.44870000000000015], [0.47788730158730164, 0.5221126984126985], [0.5239688311688313, 0.4760311688311688], [0.6592995504495505, 0.34070044955044937], [0.5500861471861472, 0.4499138528138527], [0.5737693913929205, 0.42623060860707934], [0.7409065656565655, 0.25909343434343424], [0.684595598845599, 0.31540440115440105], [0.43303856698856713, 0.5669614330114329], [0.38683885003884994, 0.6131611499611498], [0.5201852345367052, 0.4798147654632948], [0.5591729437229436, 0.44082705627705615], [0.5603933621933622, 0.4396066378066377], [0.3778161616161616, 0.6221838383838381], [0.7004711344211342, 0.29952886557886554], [0.5924779637029636, 0.4075220362970364], [0.4953397768897768, 0.5046602231102232], [0.6149132312132312, 0.3850867687867688], [0.5130088134088132, 0.48699118659118673], [0.5957034854034856, 0.4042965145965147], [0.6869067682317682, 0.31309323176823184], [0.6771483044733045, 0.3228516955266955], [0.7081566933066931, 0.2918433066933067], [0.6131544011544008, 0.3868455988455988], [0.5733009823509825, 0.4266990176490176], [0.6347275613275616, 0.3652724386724387], [0.5816800116550114, 0.4183199883449884], [0.5738211899211898, 0.42617881007881003], [0.6391280663780664, 0.36087193362193354], [0.38561858696858714, 0.6143814130314132], [0.6211491341991342, 0.37885086580086563], [0.44744546009546, 0.5525545399045397], [0.5782535353535356, 0.42174646464646454], [0.596051304251304, 0.40394869574869574], [0.4420782606282608, 0.5579217393717395], [0.6031932844932841, 0.3968067155067157], [0.48553509268509276, 0.5144649073149072], [0.6940248196248195, 0.3059751803751804], [0.6297517038517041, 0.3702482961482962], [0.3692162837162836, 0.6307837162837162], [0.5456294094794095, 0.45437059052059037], [0.5862454323454321, 0.41375456765456786], [0.6714040626040624, 0.3285959373959374], [0.5926564935064935, 0.4073435064935063], [0.5718277694527696, 0.42817223054723047], [0.5178369241869238, 0.4821630758130761], [0.6991726606726604, 0.30082733932733935], [0.6149094239094242, 0.385090576090576], [0.7284084027084028, 0.27159159729159726], [0.5863397546897549, 0.41366024531024503], [0.48595172605172593, 0.5140482739482741], [0.6415013708513709, 0.35849862914862923], [0.5128808302808303, 0.48711916971916963], [0.5112517038517037, 0.4887482961482963], [0.6342237595737598, 0.36577624042624063], [0.7014966089466093, 0.2985033910533911], [0.5408424963924964, 0.4591575036075036], [0.5567227994227995, 0.44327720057720055], [0.5173103396603393, 0.48268966033966054], [0.6607327283827285, 0.3392672716172715], [0.46384512709512704, 0.5361548729048731], [0.5026428071928072, 0.49735719280719287], [0.5590243423243424, 0.4409756576756576], [0.5528191808191809, 0.44718081918081914], [0.7196779498279499, 0.28032205017205014], [0.5165264346764349, 0.4834735653235652], [0.5046000277500275, 0.4953999722499725], [0.5270703241203242, 0.4729296758796758], [0.6300189754689755, 0.3699810245310247], [0.7072075757575754, 0.29279242424242435], [0.4578820179820178, 0.5421179820179822], [0.5638616217116216, 0.43613837828837837], [0.5282806637806637, 0.47171933621933615], [0.5252121933621935, 0.47478780663780656], [0.6786616883116883, 0.3213383116883118], [0.6107748196248197, 0.3892251803751804], [0.5285295093795096, 0.47147049062049046], [0.4608122655122656, 0.5391877344877344], [0.6887259018759021, 0.311274098124098], [0.6562938006438009, 0.3437061993561993], [0.4729470418470418, 0.5270529581529584], [0.6175376623376623, 0.38246233766233784], [0.5077838744588744, 0.4922161255411256], [0.5447677988677991, 0.4552322011322011], [0.6230225163725163, 0.37697748362748373], [0.6595863469863471, 0.34041365301365295], [0.39340598845598834, 0.6065940115440117], [0.598383838383838, 0.40161616161616165], [0.48114256854256854, 0.5188574314574314], [0.36728861693861703, 0.632711383061383], [0.5043338383838383, 0.4956661616161616], [0.6434377344877348, 0.35656226551226533], [0.6700680597180595, 0.3299319402819402], [0.6237647630147636, 0.37623523698523714], [0.40454588189588164, 0.5954541181041182], [0.7116022366522365, 0.28839776334776335], [0.48411289543789543, 0.5158871045621047], [0.39954705294705284, 0.6004529470529469], [0.5397193362193362, 0.4602806637806637], [0.5258905649905649, 0.47410943500943514], [0.5134023310023311, 0.4865976689976689], [0.4322651348651352, 0.567734865134865], [0.5526181818181819, 0.4473818181818179], [0.4942770618270618, 0.5057229381729383], [0.5688217893217891, 0.43117821067821077], [0.5615064768564768, 0.43849352314352313], [0.4553614940614942, 0.5446385059385055], [0.53570685980686, 0.46429314019314016], [0.3566629592629592, 0.6433370407370411], [0.6991429292929292, 0.30085707070707063], [0.5320509240759239, 0.46794907592407603], [0.5128700577200578, 0.48712994227994233], [0.6110911310911308, 0.38890886890886905], [0.6599141303141305, 0.34008586968586985], [0.47967415917415934, 0.5203258408258408], [0.7568426823176827, 0.24315731768231777], [0.505899259074259, 0.4941007409257409], [0.47140357420357415, 0.528596425796426], [0.3661809523809526, 0.633819047619048], [0.4355904761904762, 0.5644095238095238], [0.516803135753136, 0.483196864246864], [0.4262934343434345, 0.5737065656565656], [0.5206356143856145, 0.4793643856143856], [0.6173434065934066, 0.38265659340659336]]}}