{"test": {"ids": ["170", "551", "465", "605", "345", "199", "255", "442", "0", "289", "504", "314", "163", "285", "16", "230", "72", "611", "146", "209", "347", "354", "280", "321", "47", "355", "59", "336", "620", "189", "320", "195", "312", "528", "380", "525", "334", "69", "156", "306", "653", "438", "17", "388", "374", "247", "167", "325", "559", "162", "86", "366", "451", "662", "599", "709", "493", "682", "65", "327", "675", "311", "142", "685", "33", "338", "198", "107", "204", "397", "385", "28", "460", "643", "43", "665", "406", "506", "566", "359", "609", "154", "165", "58", "564", "159", "697", "200", "641", "224", "556", "710", "203", "287", "558", "479", "634", "128", "53", "118", "603", "202", "538", "51", "275", "196", "84", "300", "674", "127", "431", "227", "447", "405", "264", "489", "181", "398", "244", "607", "49", "575", "130", "615", "561", "704", "402", "695", "446", "680", "297", "169", "637", "235", "449", "105", "646", "60", "6", "678", "469", "565", "328"], "labels": [0, 0, 1, 1, 0, 1, 0, 0, 0, 1, 1, 1, 0, 1, 1, 1, 1, 0, 0, 1, 0, 0, 1, 1, 1, 0, 1, 0, 0, 1, 1, 1, 1, 0, 1, 0, 0, 1, 0, 1, 0, 0, 0, 0, 0, 0, 0, 0, 1, 0, 0, 0, 1, 0, 1, 0, 0, 0, 1, 0, 0, 1, 0, 1, 1, 0, 1, 0, 1, 0, 0, 1, 1, 0, 1, 0, 0, 1, 1, 0, 0, 0, 0, 1, 1, 0, 0, 1, 0, 1, 1, 0, 1, 1, 1, 1, 1, 0, 1, 1, 1, 1, 0, 1, 1, 1, 0, 1, 0, 0, 0, 1, 0, 0, 1, 0, 1, 0, 1, 0, 1, 1, 0, 0, 1, 0, 0, 0, 0, 0, 1, 0, 0, 1, 0, 0, 0, 1, 0, 0, 1, 1, 0], "predicted_labels": [0, 0, 1, 0, 1, 1, 0, 0, 0, 1, 1, 1, 0, 0, 0, 1, 0, 1, 1, 1, 0, 0, 1, 1, 1, 0, 1, 0, 1, 0, 1, 1, 1, 0, 0, 1, 0, 0, 0, 1, 0, 0, 1, 1, 0, 0, 0, 0, 1, 0, 0, 0, 1, 1, 1, 0, 0, 0, 1, 0, 0, 0, 0, 0, 1, 0, 0, 1, 1, 0, 0, 1, 1, 0, 1, 0, 0, 1, 1, 0, 0, 0, 0, 1, 1, 0, 1, 1, 1, 0, 1, 0, 1, 1, 1, 1, 0, 0, 1, 0, 1, 1, 0, 1, 1, 1, 0, 1, 1, 0, 0, 1, 1, 0, 1, 0, 1, 0, 1, 1, 1, 1, 0, 1, 1, 1, 1, 1, 0, 0, 1, 0, 0, 1, 1, 0, 0, 1, 0, 0, 1, 1, 0], "confidence_scores": [[0.9999558860132916, 4.411398670841639e-05], [0.9567766504961488, 0.0432233495038512], [0.0011331811586899887, 0.99886681884131], [0.509781192596569, 0.4902188074034311], [0.05112938894144414, 0.9488706110585559], [3.518537970981228e-05, 0.9999648146202902], [0.6999218806134158, 0.3000781193865842], [0.8867004918413457, 0.1132995081586543], [0.9770636834112043, 0.022936316588795663], [0.31846026052663723, 0.6815397394733628], [0.004166811202982013, 0.995833188797018], [0.09717321872371465, 0.9028267812762854], [0.9967162359776232, 0.003283764022376818], [0.9281509871889989, 0.07184901281100112], [0.9592077160547638, 0.04079228394523618], [0.011303843547134429, 0.9886961564528656], [0.9004036769945752, 0.0995963230054248], [0.020821746266972307, 0.9791782537330277], [0.47433893778537395, 0.525661062214626], [0.030472246129995995, 0.969527753870004], [0.8933109521215759, 0.10668904787842416], [0.9999737248970931, 2.6275102906916287e-05], [0.0006023095090321728, 0.9993976904909678], [0.0006275574264695827, 0.9993724425735304], [0.05858882494506301, 0.941411175054937], [0.983026611349356, 0.016973388650643996], [0.03738898594534501, 0.962611014054655], [0.9948168118140566, 0.00518318818594345], [0.0072230476861516735, 0.9927769523138483], [0.6771370005702382, 0.3228629994297619], [9.823466514180534e-05, 0.9999017653348582], [0.06891954992140303, 0.931080450078597], [0.00012352437659279847, 0.9998764756234072], [0.6992179026412069, 0.3007820973587932], [0.9813570347521552, 0.01864296524784478], [0.0211842212719342, 0.9788157787280658], [0.890968899129249, 0.10903110087075096], [0.9286039018244748, 0.07139609817552513], [0.9999668573156365, 3.314268436349084e-05], [0.001244549048748378, 0.9987554509512516], [0.9835029662923657, 0.016497033707634293], [0.957939632887754, 0.042060367112246054], [0.05990126898168602, 0.940098731018314], [0.08225656487084232, 0.9177434351291577], [0.9978806355944011, 0.0021193644055989024], [0.9964208764841624, 0.0035791235158375307], [0.9998224763264641, 0.00017752367353586794], [0.8188651377446499, 0.18113486225535017], [0.03707749224914614, 0.9629225077508539], [0.9936374625279739, 0.00636253747202604], [0.9999985976201765, 1.4023798235142634e-06], [0.818271265823023, 0.181728734176977], [5.352340270103895e-06, 0.9999946476597299], [0.4503668545232944, 0.5496331454767056], [0.3326843914198575, 0.6673156085801425], [0.9452012002593323, 0.05479879974066774], [0.9999850183993734, 1.498160062660821e-05], [0.9967612573437968, 0.003238742656203157], [0.12010283663850385, 0.8798971633614961], [0.7230673696038137, 0.2769326303961863], [0.9796467782660864, 0.02035322173391367], [0.926749456811611, 0.07325054318838894], [0.9957844089165344, 0.004215591083465593], [0.9648971102492772, 0.03510288975072286], [0.10633259676340645, 0.8936674032365935], [0.9999061042706879, 9.389572931209919e-05], [0.9956519297409111, 0.004348070259088951], [0.2191894426723383, 0.7808105573276617], [0.036440130136647486, 0.9635598698633525], [0.6469706132538682, 0.3530293867461318], [0.9602469561839685, 0.03975304381603151], [0.07981316196521238, 0.9201868380347876], [0.010655210836987283, 0.9893447891630127], [0.942522073744087, 0.05747792625591296], [0.494789757443567, 0.505210242556433], [0.8450040849524345, 0.15499591504756552], [0.9994985567631417, 0.0005014432368583406], [0.0009761742642229176, 0.9990238257357771], [0.000871920906912238, 0.9991280790930878], [0.9969061779095181, 0.0030938220904819028], [0.7580900691556592, 0.24190993084434076], [0.7748403492513768, 0.22515965074862324], [0.9999910146382666, 8.985361733407903e-06], [8.805740364437042e-05, 0.9999119425963556], [0.00030217167674073675, 0.9996978283232593], [0.9995208590685182, 0.0004791409314818512], [0.2987255751924084, 0.7012744248075916], [0.09159709761860002, 0.9084029023814], [0.43323148211778695, 0.566768517882213], [0.7620651779996668, 0.23793482200033325], [0.00011480396853558172, 0.9998851960314644], [0.8929085552335525, 0.1070914447664475], [0.00013934717941699315, 0.999860652820583], [0.0006422038683896458, 0.9993577961316104], [0.0020573641804770837, 0.9979426358195229], [0.036265641350360256, 0.9637343586496397], [0.9766361849965527, 0.023363815003447332], [0.9687294955737532, 0.03127050442624683], [0.0015527259390196724, 0.9984472740609803], [0.8899523421177019, 0.11004765788229813], [0.044294344799739704, 0.9557056552002603], [0.033463967125320626, 0.9665360328746794], [0.5927496088782158, 0.40725039112178424], [0.0018602814306242221, 0.9981397185693758], [0.1162814472112298, 0.8837185527887702], [0.4840942539485058, 0.5159057460514942], [0.5302430657995942, 0.4697569342004058], [0.015199258025188511, 0.9848007419748115], [0.0643414151592756, 0.9356585848407244], [0.9996994073929216, 0.0003005926070783681], [0.9968736982329004, 0.003126301767099601], [0.0024022079547225683, 0.9975977920452774], [0.021784584977349475, 0.9782154150226505], [0.958719127612944, 0.04128087238705601], [0.09121629061881653, 0.9087837093811835], [0.7426213665236019, 0.25737863347639817], [0.001476530713459212, 0.9985234692865408], [0.8188367487739154, 0.1811632512260846], [0.0008448287006110888, 0.9991551712993889], [0.1657703034758642, 0.8342296965241358], [0.26113319193943785, 0.7388668080605622], [0.040816413992739276, 0.9591835860072607], [0.9999173993241081, 8.260067589190312e-05], [0.00011015050451357311, 0.9998898494954864], [0.021115515568658982, 0.978884484431341], [0.009163664540714933, 0.9908363354592851], [0.40586533278633674, 0.5941346672136633], [0.00011836559586497764, 0.999881634404135], [0.7214889732582145, 0.2785110267417855], [0.5649815227268538, 0.4350184772731463], [0.00024884818481996085, 0.99975115181518], [0.9989284529473615, 0.001071547052638451], [0.9952139085321502, 0.004786091467849759], [0.00347140276824065, 0.9965285972317593], [0.015096464705017021, 0.984903535294983], [0.990471611522951, 0.009528388477048946], [0.8589694396119039, 0.14103056038809614], [0.07194442773722731, 0.9280555722627727], [0.5043076773497945, 0.4956923226502054], [0.9894240375926648, 0.01057596240733515], 