{"test": {"ids": ["193", "680", "192", "668", "460", "413", "358", "176", "254", "59", "337", "206", "423", "161", "479", "147", "289", "611", "107", "68", "333", "476", "185", "317", "142", "115", "573", "169", "295", "155", "546", "22", "486", "10", "257", "271", "378", "29", "372", "544", "130", "527", "188", "636", "492", "30", "89", "249", "247", "72", "164", "212", "352", "316", "149", "440", "502", "575", "498", "75", "113", "606", "439", "170", "201", "516", "200", "422", "453", "31", "674", "328", "73", "323", "550", "351", "689", "659", "159", "356", "531", "647", "412", "662", "167", "35", "421", "566", "60", "123", "303", "118", "425", "343", "64", "675", "204", "699", "301", "0", "91", "7", "329", "433", "6", "4", "390", "555", "528", "306", "497", "87", "350", "134", "701", "567", "431", "179", "293", "2", "632", "510", "615", "420", "449", "444", "119", "103", "590", "154", "225", "8", "94", "286", "549", "481", "144", "574", "690", "553", "355"], "labels": [0, 0, 0, 0, 0, 1, 1, 0, 1, 1, 1, 0, 1, 1, 0, 1, 0, 0, 1, 1, 1, 0, 0, 0, 1, 1, 0, 1, 0, 1, 0, 0, 0, 0, 1, 0, 1, 0, 1, 0, 1, 1, 0, 0, 0, 0, 0, 1, 1, 1, 1, 0, 1, 0, 1, 1, 0, 0, 0, 1, 1, 0, 1, 1, 0, 1, 0, 1, 0, 0, 0, 1, 1, 0, 0, 1, 1, 0, 1, 1, 1, 0, 1, 0, 1, 0, 1, 0, 1, 1, 0, 1, 1, 1, 1, 0, 0, 1, 0, 1, 0, 0, 1, 1, 0, 0, 1, 1, 1, 0, 0, 0, 1, 1, 1, 0, 1, 0, 0, 0, 0, 0, 0, 1, 0, 0, 1, 0, 0, 1, 0, 0, 0, 0, 0, 0, 1, 0, 1, 0, 1], "predicted_labels": [0, 0, 0, 0, 0, 0, 1, 1, 0, 0, 0, 0, 0, 0, 0, 0, 0, 0, 0, 0, 1, 0, 0, 0, 1, 0, 1, 1, 0, 1, 0, 0, 1, 0, 0, 0, 0, 0, 1, 0, 0, 1, 0, 0, 0, 0, 0, 1, 0, 0, 0, 0, 1, 0, 0, 0, 0, 0, 0, 0, 1, 0, 0, 1, 0, 1, 0, 0, 0, 0, 0, 1, 0, 0, 0, 0, 1, 0, 0, 1, 0, 0, 0, 0, 0, 0, 0, 0, 1, 0, 0, 1, 0, 1, 0, 0, 0, 1, 0, 0, 0, 0, 0, 0, 0, 0, 0, 0, 0, 0, 0, 0, 0, 1, 0, 0, 0, 0, 0, 0, 1, 0, 0, 0, 0, 0, 1, 0, 0, 0, 0, 1, 1, 0, 0, 0, 0, 0, 1, 0, 0], "confidence_scores": [[0.7029514208014207, 0.29704857919857913], [0.5487513708513708, 0.45124862914862923], [0.6773642801642803, 0.32263571983572], [0.5635521811521812, 0.43644781884781875], [0.7370287712287714, 0.2629712287712288], [0.5063142413142412, 0.4936857586857588], [0.4084019425019425, 0.5915980574980574], [0.4858785813859345, 0.5141214186140656], [0.6877141303141302, 0.3122858696858697], [0.5644957264957264, 0.43550427350427356], [0.5038914141414141, 0.4961085858585858], [0.7240263697087226, 0.27597363029127736], [0.5473996003996001, 0.4526003996003999], [0.553735187035187, 0.4462648129648131], [0.6530703352203353, 0.3469296647796649], [0.608757248307248, 0.3912427516927515], [0.631123543123543, 0.36887645687645687], [0.679029148629149, 0.3209708513708514], [0.5062898629148632, 0.4937101370851368], [0.5576268731268733, 0.4423731268731269], [0.43825680153180174, 0.5617431984681982], [0.6504257964257968, 0.3495742035742037], [0.6400625541125543, 0.359937445887446], [0.5802016594516596, 0.4197983405483404], [0.49240967365967364, 0.5075903263403264], [0.5586396825396825, 0.4413603174603175], [0.47779175269175256, 0.5222082473082474], [0.3922154678654678, 0.607784532134532], [0.5887036047286048, 0.4112963952713951], [0.4713287101787101, 0.5286712898212896], [0.5918875901875901, 0.40811240981241], [0.6302087301587305, 0.36979126984126987], [0.4875691974691975, 0.5124308025308024], [0.6326160117660119, 0.3673839882339882], [0.6358172882672883, 0.36418271173271166], [0.6463777555777558, 0.35362224442224444], [0.5732739316239316, 0.4267260683760683], [0.5534896520146523, 0.4465103479853478], [0.47667439227439246, 0.5233256077256075], [0.5694136363636363, 0.43058636363636354], [0.516782473082473, 0.48321752691752695], [0.4652625926361221, 0.5347374073638779], [0.5703279331779331, 0.4296720668220667], [0.5266706016206016, 0.47332939837939836], [0.5726359723609725, 0.4273640276390276], [0.6636419319242846, 0.33635806807571517], [0.5098049950049949, 0.49019500499500507], [0.4979240054063584, 0.5020759945936416], [0.5396576312576312, 0.4603423687423687], [0.6571405816405816, 0.34285941835941824], [0.5651765401265398, 0.4348234598734598], [0.5261232212232213, 0.4738767787767787], [0.4093797702297701, 0.5906202297702297], [0.6817596153846156, 0.3182403846153846], [0.5035364857364858, 0.49646351426351426], [0.5596870296370294, 0.44031297036297035], [0.5443758963258967, 0.4556241036741035], [0.7509851537351538, 0.24901484626484632], [0.6451085137085134, 0.3548914862914863], [0.5628337246087245, 0.43716627539127534], [0.39961767676767684, 0.6003823232323228], [0.5821992784992783, 0.4178007215007215], [0.5581868964368969, 0.44181310356310355], [0.448762481962482, 0.5512375180375183], [0.6045637806637809, 0.3954362193362193], [0.4813621572871573, 0.5186378427128427], [0.6968441741265273, 0.3031558258734729], [0.6315283105783105, 0.3684716894216895], [0.6815458874458875, 0.3184541125541126], [0.5220367077367077, 0.4779632922632923], [0.609728971028971, 0.3902710289710289], [0.48837835497835486, 0.5116216450216451], [0.5480221628045158, 0.45197783719548434], [0.6582164113664114, 0.3417835886335885], [0.6912686924186926, 0.3087313075813076], [0.5077596126096126, 0.49224038739038734], [0.43917126288743946, 0.5608287371125603], [0.6039958152958151, 0.3960041847041848], [0.5312498334998333, 0.46875016650016654], [0.4753347818847819, 0.5246652181152182], [0.7289880008880006, 0.2710119991119991], [0.5464813381063381, 0.453518661893662], [0.5755419191919191, 0.4244580808080809], [0.6656631091131087, 0.3343368908868909], [0.6058432040182037, 0.394156795981796], [0.5692999000999004, 0.4307000999000999], [0.7015800366300368, 0.2984199633699633], [0.5140176046176045, 0.4859823953823957], [0.47223145743145745, 0.5277685425685427], [0.5645888944388947, 0.43541110556110574], [0.7000852314352313, 0.29991476856476856], [0.49247716727716745, 0.5075228327228326], [0.547852747252747, 0.45214725274725287], [0.402534421134421, 0.5974655788655794], [0.5255487040737041, 0.4744512959262957], [0.6172891830391825, 0.38271081696081705], [0.6900173104673102, 0.3099826895326895], [0.4930489538239541, 0.5069510461760458], [0.6365247474747474, 0.3634752525252525], [0.5803434343434342, 0.4196565656565657], [0.6148814518814517, 0.38511854811854807], [0.5761682317682316, 0.4238317682317685], [0.5900516261516265, 0.4099483738483739], [0.5323765928515929, 0.4676234071484071], [0.5954473748473746, 0.4045526251526252], [0.5352554084804086, 0.46474459151959147], [0.5700534215784213, 0.4299465784215783], [0.7582577922077919, 0.2417422077922078], [0.5819660427807488, 0.4180339572192512], [0.7505324675324674, 0.24946753246753262], [0.6152428238428239, 0.38475717615717614], [0.5170661699411697, 0.4829338300588303], [0.5059754412254411, 0.4940245587745589], [0.38449260461760465, 0.6155073953823955], [0.6561290986790986, 0.343870901320901], [0.6161609759521522, 0.3838390240478476], [0.6146930957930956, 0.38530690420690417], [0.6205878787878787, 0.37941212121212137], [0.585373126873127, 0.414626873126873], [0.6031995798319328, 0.3968004201680673], [0.4732604839604838, 0.5267395160395161], [0.5597505217005218, 0.44024947829947825], [0.6792110611610611, 0.32078893883893883], [0.5898511544011545, 0.41014884559884573], [0.5217590576090573, 0.47824094239094267], [0.6081582695082696, 0.3918417304917304], [0.4854324675324674, 0.5145675324675325], [0.6472249250749247, 0.3527750749250749], [0.5725701465201463, 0.42742985347985346], [0.5363947552447554, 0.4636052447552447], [0.6312160173160175, 0.3687839826839829], [0.48616846486846466, 0.5138315351315353], [0.49932224442224427, 0.5006777555777557], [0.624819153069153, 0.37518084693084697], [0.5262858585858586, 0.4737141414141413], [0.6403028416028416, 0.3596971583971583], [0.5643592851592851, 0.4356407148407148], [0.5628779581529579, 0.43712204184704184], [0.47173847263847246, 0.5282615273615278], [0.6396118104118103, 0.36038818958818986], [0.6185135047958578, 0.3814864952041423]]},