{"test": {"ids": ["682", "560", "506", "517", "180", "502", "243", "37", "290", "362", "233", "111", "25", "304", "624", "504", "8", "31", "81", "523", "228", "280", "656", "262", "452", "250", "371", "488", "216", "632", "622", "119", "509", "564", "665", "2", "320", "307", "467", "177", "422", "455", "145", "174", "420", "337", "649", "388", "584", "435", "154", "486", "615", "387", "49", "80", "106", "298", "12", "554", "541", "271", "473", "709", "143", "182", "701", "245", "229", "288", "558", "430", "577", "625", "481", "545", "345", "346", "164", "5", "236", "399", "238", "421", "360", "529", "282", "538", "617", "7", "429", "666", "197", "433", "222", "569", "267", "410", "48", "184", "602", "314", "566", "272", "675", "402", "389", "352", "537", "33", "302", "670"], "labels": [1, 0, 0, 1, 0, 0, 0, 1, 0, 1, 0, 1, 0, 0, 1, 0, 1, 0, 1, 1, 0, 0, 1, 0, 0, 1, 1, 0, 0, 0, 1, 1, 0, 0, 1, 0, 0, 0, 0, 0, 1, 0, 1, 0, 1, 1, 1, 1, 0, 1, 1, 0, 0, 1, 0, 0, 1, 0, 1, 1, 1, 0, 0, 1, 1, 0, 1, 0, 0, 0, 0, 1, 0, 1, 0, 0, 1, 1, 1, 1, 0, 1, 0, 1, 1, 0, 0, 0, 0, 1, 1, 1, 0, 1, 0, 0, 0, 1, 0, 0, 0, 0, 0, 0, 1, 1, 1, 1, 0, 0, 0, 1], "predicted_labels": [1, 0, 0, 1, 0, 1, 0, 1, 1, 1, 0, 1, 1, 0, 0, 0, 1, 0, 1, 1, 0, 0, 0, 0, 1, 0, 1, 0, 0, 0, 0, 1, 0, 0, 1, 0, 0, 0, 1, 0, 1, 0, 0, 0, 1, 1, 0, 0, 0, 0, 1, 1, 1, 0, 1, 1, 0, 0, 0, 0, 0, 1, 0, 1, 1, 1, 0, 0, 1, 0, 1, 0, 0, 0, 1, 0, 1, 1, 1, 1, 0, 0, 0, 1, 1, 0, 0, 1, 0, 1, 0, 0, 0, 1, 0, 0, 0, 1, 0, 0, 0, 1, 0, 0, 0, 1, 0, 0, 0, 1, 0, 0], "confidence_scores": [[0.0861871453008799, 0.9138128546991201], [0.8801040386636539, 0.11989596133634602], [0.539510724712148, 0.460489275287852], [0.37874897226709014, 0.6212510277329099], [0.870551275244545, 0.12944872475545502], [0.4959939970731171, 0.5040060029268829], [0.9055073497590801, 0.09449265024091992], [0.12267191904700603, 0.877328080952994], [0.46565785440189, 0.53434214559811], [0.06068912464160148, 0.9393108753583985], [0.7988635725121527, 0.20113642748784727], [0.24229248648932344, 0.7577075135106766], [0.2947629216728681, 0.7052370783271319], [0.7603579455139216, 0.2396420544860785], [0.5596285619079711, 0.4403714380920289], [0.6051884826987934, 0.3948115173012065], [0.3880927598588845, 0.6119072401411155], [0.5011537954996038, 0.4988462045003962], [0.3444828526969531, 0.6555171473030469], [0.09866119075531887, 0.9013388092446811], [0.8960318849513013, 0.10396811504869877], [0.5343171450541992, 0.4656828549458007], [0.6705401916241669, 0.32945980837583305], [0.9613440957280953, 0.03865590427190464], [0.4515700752960716, 0.5484299247039284], [0.761370489965526, 0.23862951003447394], [0.23507804714131575, 0.7649219528586843], [0.9432919406801236, 0.056708059319876464], [0.9469880710793217, 0.053011928920678277], [0.9194864670427507, 0.08051353295724933], [0.7070545272324726, 0.2929454727675274], [0.2959898344063655, 0.7040101655936345], [0.7684186745097733, 0.23158132549022667], [0.892170695190877, 0.10782930480912296], [0.3029748373648733, 0.6970251626351267], [0.5221140040921701, 0.47788599590782993], [0.878275739627107, 0.12172426037289291], [0.6431770356622112, 0.3568229643377888], [0.12700033052597426, 0.8729996694740257], [0.5523058333545314, 0.4476941666454685], [0.4721019654436456, 0.5278980345563544], [0.9397984171069934, 0.060201582893006596], [0.7341857987477578, 0.26581420125224214], [0.9802788777360892, 0.019721122263910804], [0.05837266326642698, 0.941627336733573], [0.13515702447692846, 0.8648429755230715], [0.814054464108326, 0.18594553589167398], [0.5921682467629917, 0.40783175323700827], [0.62272731442538, 0.37727268557461996], [0.6872200767740817, 0.3127799232259183], [0.14385590954515415, 0.8561440904548459], [0.28800923167206505, 0.711990768327935], [0.2628271891546594, 0.7371728108453406], [0.8158840726267874, 0.18411592737321256], [0.11901871996606295, 0.880981280033937], [0.2695348672436193, 0.7304651327563807], [0.886137558712692, 0.11386244128730807], [0.9347140403720835, 0.06528595962791653], [0.9365929550262366, 0.0634070449737634], [0.9552050430154567, 0.04479495698454329], [0.8622599948218752, 0.13774000517812476], [0.3922190031345011, 0.6077809968654989], [0.7503108545831647, 0.24968914541683535], [0.38894098146997735, 0.6110590185300226], [0.3913243610933286, 0.6086756389066714], [0.3558157049852759, 0.6441842950147241], [0.7244732930398439, 0.2755267069601561], [0.9661538655153565, 0.033846134484643436], [0.1638386974416609, 0.8361613025583391], [0.5785165809374739, 0.421483419062526], [0.4740590920397275, 0.5259409079602725], [0.6713746057931831, 0.3286253942068169], [0.6153384661072256, 0.38466153389277435], [0.8222770004937668, 0.17772299950623316], [0.2491795372242901, 0.7508204627757099], [0.634536993400499, 0.36546300659950104], [0.2739005098573397, 0.7260994901426603], [0.3757202886112371, 0.6242797113887629], [0.21243606741793775, 0.7875639325820623], [0.4507798649062973, 0.5492201350937027], [0.9299666958934111, 0.07003330410658891], [0.5046566269604942, 0.4953433730395058], [0.9114862440716462, 0.08851375592835371], [0.027575114572651493, 0.9724248854273485], [0.12838609320133143, 0.8716139067986686], [0.6051969586637538, 0.3948030413362462], [0.8365923117122429, 0.16340768828775704], [0.052240393009370334, 0.9477596069906297], [0.8359818296308502, 0.16401817036914978], [0.4723355112076769, 0.5276644887923231], [0.91098785931306, 0.08901214068694001], [0.7354183641837191, 0.26458163581628097], [0.835998078670669, 0.164001921329331], [0.31581220615576355, 0.6841877938442364], [0.77440328329462, 0.22559671670537998], [0.6938035770156985, 0.30619642298430144], [0.6940113625616305, 0.30598863743836946], [0.3761512795443953, 0.6238487204556047], [0.655809755805434, 0.344190244194566], [0.7404097222748565, 0.2595902777251435], [0.9593586803957389, 0.04064131960426108], [0.47055291073794137, 0.5294470892620586], [0.5891905668327527, 0.4108094331672473], [0.5976858928446611, 0.4023141071553389], [0.7029075691664157, 0.2970924308335842], [0.49903395223281644, 0.5009660477671836], [0.6973409533240228, 0.3026590466759772], [0.6224585851646018, 0.37754141483539816], [0.8412913328487711, 0.1587086671512289], [0.49092186193125165, 0.5090781380687484], [0.5513615267564338, 0.44863847324356615], [0.6036028781075597, 0.3963971218924402]]}, "rewritten": {"ids": ["2", "5", "7", "8", "12", "25", "31", "33", "37", "48", "49", "80", "81", "106", "111", "119", "143", "145", "154", "164", "174", "177", "180", "182", "184", "197", "216", "222", "228", "229", "233", "236", "238", "243", "245", "250", "262", "267", "271", "272", "280", "282", "288", "290", "298", "302", "304", "307", "314", "320", "337", "345", "346", "352", "360", "362", "371", "387", "388", "389", "399", "402", "410", "420", "421", "422", "429", "430", "433", "435", "452", "455", "467", "473", "481", "486", "488", "502", "504", "506", "509", "517", "523", "529", "537", "538", "541", "545", "554", "558", "560", "564", "566", "569", "577", "584", "602", "615", "617", "622", "624", "625", "632", "649", "656", "665", "666", "670", "675", "682", "701", "709"], "labels": [0, 1, 1, 1, 1, 0, 0, 0, 1, 0, 0, 0, 1, 1, 1, 1, 1, 1, 1, 1, 0, 0, 0, 0, 0, 0, 0, 0, 0, 0, 0, 0, 0, 0, 0, 1, 0, 0, 0, 0, 0, 0, 0, 0, 0, 0, 0, 0, 0, 0, 1, 1, 1, 1, 1, 1, 1, 1, 1, 1, 1, 1, 1, 1, 1, 1, 1, 1, 1, 1, 0, 0, 0, 0, 0, 0, 0, 0, 0, 0, 0, 1, 1, 0, 0, 0, 1, 0, 1, 0, 0, 0, 0, 0, 0, 0, 0, 0, 0, 1, 1, 1, 0, 1, 1, 1, 1, 1, 1, 1, 1, 1], "predicted_labels": [1, 0, 0, 0, 0, 1, 0, 1, 1, 0, 1, 1, 1, 0, 1, 1, 0, 0, 1, 0, 0, 1, 0, 0, 0, 0, 0, 1, 0, 0, 0, 0, 0, 0, 0, 0, 0, 0, 0, 0, 0, 0, 0, 0, 0, 0, 0, 0, 0, 0, 1, 1, 1, 0, 1, 1, 0, 0, 1, 0, 0, 0, 1, 1, 1, 0, 1, 0, 1, 0, 1, 0, 0, 1, 0, 1, 0, 1, 0, 1, 0, 0, 1, 0, 0, 1, 0, 1, 0, 0, 0, 0, 0, 0, 0, 1, 0, 1, 0, 0, 0, 0, 0, 0, 0, 0, 0, 0, 0, 1, 0, 0],