{"test": {"ids": ["674", "605", "699", "119", "686", "477", "481", "399", "319", "515", "536", "676", "364", "434", "347", "239", "232", "226", "290", "33", "520", "637", "10", "330", "183", "588", "93", "470", "487", "187", "468", "640", "109", "122", "528", "244", "110", "69", "397", "402", "485", "604", "683", "150", "710", "76", "49", "594", "457", "241", "74", "509", "283", "105", "420", "387", "504", "73", "247", "124", "113", "36", "701", "537", "672", "657", "9", "592", "99", "623", "100", "328", "84", "57", "51", "266", "56", "367", "331", "309", "86", "337", "313", "242", "218", "129", "707", "667", "666", "25", "513", "329", "102", "55", "186", "288", "199", "430", "540", "494", "207", "400", "489", "583", "111", "303", "419", "616", "324", "250", "444", "524"], "labels": [0, 0, 1, 1, 1, 0, 0, 1, 0, 0, 1, 0, 1, 1, 1, 0, 0, 0, 0, 0, 1, 0, 0, 1, 0, 0, 0, 0, 0, 0, 0, 0, 1, 1, 1, 0, 1, 1, 1, 1, 0, 0, 0, 1, 0, 1, 0, 0, 0, 0, 1, 0, 0, 0, 1, 1, 0, 1, 1, 1, 1, 0, 1, 1, 0, 0, 0, 0, 0, 1, 0, 1, 1, 0, 0, 0, 0, 1, 1, 0, 0, 1, 0, 0, 0, 1, 1, 0, 0, 0, 0, 1, 0, 0, 0, 0, 0, 1, 1, 1, 0, 1, 0, 0, 1, 0, 1, 0, 1, 1, 0, 1], "predicted_labels": [0, 0, 1, 0, 1, 1, 0, 0, 0, 0, 0, 1, 1, 0, 1, 0, 0, 0, 1, 0, 1, 1, 1, 1, 0, 0, 1, 0, 0, 0, 0, 0, 0, 0, 0, 0, 0, 0, 1, 1, 0, 0, 0, 1, 1, 0, 1, 0, 0, 0, 1, 0, 0, 1, 0, 0, 0, 0, 1, 0, 1, 1, 0, 0, 0, 0, 0, 0, 0, 0, 0, 1, 0, 1, 1, 0, 0, 0, 0, 0, 1, 1, 0, 0, 0, 1, 1, 0, 0, 1, 0, 0, 1, 0, 0, 0, 0, 0, 1, 1, 0, 0, 0, 0, 1, 0, 0, 0, 0, 0, 0, 1], "confidence_scores": [[0.72180581947968, 0.2781941805203198], [0.595865570526439, 0.404134429473561], [0.07666669680658132, 0.9233333031934186], [0.7926194127045494, 0.20738058729545067], [0.14182224605100435, 0.8581777539489958], [0.3060942740712819, 0.693905725928718], [0.6412124591408127, 0.3587875408591874], [0.6261202461230565, 0.3738797538769437], [0.8248919957708285, 0.1751080042291716], [0.7629804284684398, 0.23701957153156036], [0.8779835377271417, 0.12201646227285837], [0.3066879277789053, 0.6933120722210949], [0.19859527145240563, 0.8014047285475941], [0.5339276300261083, 0.4660723699738915], [0.4542857103304849, 0.5457142896695151], [0.7457682190902978, 0.25423178090970205], [0.7662531036372822, 0.23374689636271767], [0.7149911485570886, 0.28500885144291144], [0.09832057415175458, 0.9016794258482453], [0.5437997674681192, 0.45620023253188097], [0.3923256814478811, 0.6076743185521188], [0.3699116907986149, 0.6300883092013849], [0.4637244174441359, 0.5362755825558639], [0.46008200688226497, 0.539917993117735], [0.6704572087805548, 0.3295427912194452], [0.6921148874416269, 0.3078851125583733], [0.4641392161330958, 0.5358607838669043], [0.691928290080774, 0.30807170991922567], [0.8377201203255765, 0.1622798796744236], [0.8908736339087789, 0.10912636609122135], [0.6714577646576004, 0.32854223534239946], [0.8806766704079187, 0.11932332959208142], [0.878130861105397, 0.12186913889460299], [0.6899034333454208, 0.3100965666545789], [0.8975924628303349, 0.10240753716966504], [0.8580563309006828, 0.14194366909931694], [0.7685686334509383, 0.23143136654906174], [0.5130393820451049, 0.48696061795489487], [0.31338403636815026, 0.6866159636318498], [0.4824299420429931, 0.517570057957007], [0.8543042501695871, 0.14569574983041297], [0.6886023520961172, 0.3113976479038829], [0.909846855723393, 0.09015314427660694], [0.05743949379575606, 0.9425605062042439], [0.38547696644499346, 0.6145230335550065], [0.6008424112015595, 0.3991575887984406], [0.15937937347488684, 0.8406206265251133], [0.588712599271901, 0.411287400728099], [0.80064904422317, 0.19935095577682993], [0.5050462837660532, 0.4949537162339468], [0.10642031479208643, 0.8935796852079134], [0.808919025513767, 0.191080974486233], [0.6159745028556498, 0.3840254971443504], [0.45304157715401283, 0.5469584228459871], [0.5096509414668011, 0.4903490585331991], [0.6196582564774238, 0.38034174352257616], [0.9467073819120922, 0.0532926180879078], [0.661413108627431, 0.33858689137256903], [0.21337142358085753, 0.7866285764191427], [0.6524281336881861, 0.3475718663118138], [0.32980286844566886, 0.6701971315543312], [0.23777351142094078, 0.7622264885790592], [0.5627356948088931, 0.43726430519110693], [0.5425402925279232, 0.45745970747207665], [0.5868786688477726, 0.41312133115222743], [0.8846001359212123, 0.1153998640787877], [0.8640699767243584, 0.13593002327564163], [0.759012981374008, 0.24098701862599223], [0.5861724099872772, 0.4138275900127229], [0.875830906042658, 0.12416909395734196], [0.6804796722502602, 0.3195203277497398], [0.43359883632772767, 0.5664011636722723], [0.5199573762410695, 0.4800426237589304], [0.3706376344193361, 0.6293623655806638], [0.40003445526895226, 0.5999655447310478], [0.8481577117443493, 0.15184228825565074], [0.8785665043504619, 0.12143349564953804], [0.5560655058897417, 0.4439344941102583], [0.6887144858803192, 0.3112855141196806], [0.7845051995623106, 0.21549480043768957], [0.34896409250503113, 0.6510359074949689], [0.46475110102250844, 0.5352488989774914], [0.8769898968686382, 0.12301010313136199], [0.9409563147067774, 0.05904368529322267], [0.8639450468098708, 0.13605495319012917], [0.09550801486086405, 0.9044919851391361], [0.35387363528494814, 0.6461263647150517], [0.7351557437147658, 0.2648442562852342], [0.5100947911019649, 0.48990520889803507], [0.31854731166920947, 0.6814526883307908], [0.927773551438603, 0.07222644856139715], [0.6602439878626767, 0.33975601213732315], [0.32435262203857235, 0.6756473779614276], [0.7629724101457015, 0.23702758985429837], [0.819506156559909, 0.1804938434400911], [0.6794396654104083, 0.3205603345895918], [0.7837438455945889, 0.21625615440541124], [0.6650679319564136, 0.3349320680435864], [0.3712638817371373, 0.6287361182628627], [0.27979021261536163, 0.7202097873846385], [0.7964579398007233, 0.20354206019927662], [0.758544668415974, 0.24145533158402605], [0.6890219857242948, 0.31097801427570515], [0.6670224621460298, 0.3329775378539703], [0.3682053452506593, 0.6317946547493407], [0.9232052869167192, 0.07679471308328079], [0.7097123271447879, 0.290287672855212], [0.7689471801961578, 0.23105281980384224], [0.5076889551553839, 0.4923110448446162], [0.7854955171718054, 0.2145044828281948], [0.7768172551622698, 0.22318274483773026], [0.43497478199643014, 0.5650252180035698]]}, "rewritten": {"ids": ["9", "10", "25", "33", "36", "49", "51", "55", "56", "57", "69", "73", "74", "76", "84", "86", "93", "99", "100", "102", "105", "109", "110", "111", "113", "119", "122", "124", "129", "150", "183", "186", "187", "199", "207", "218", "226", "232", "239", "241", "242", "244", "247", "250", "266", "283", "288", "290", "303", "309", "313", "319", "324", "328", "329", "330", "331", "337", "347", "364", "367", "387", "397", "399", "400", "402", "419", "420", "430", "434", "444", "457", "468", "470", "477", "481", "485", "487", "489", "494", "504", "509", "513", "515", "520", "524", "528", "536", "537", "540", "583", "588", "592", "594", "604", "605", "616", "623", "637", "640", "657", "666", "667", "672", "674", "676", "683", "686", "699", "701", "707", "710"], "labels": [0, 0, 0, 0, 0, 0, 0, 0, 0, 0, 1, 1, 1, 1, 1, 0, 0, 0, 0, 0, 0, 1, 1, 1, 1, 1, 1, 1, 1, 1, 0, 0, 0, 0, 0, 0, 0, 0, 0, 0, 0, 0, 1, 1, 0, 0, 0, 0, 0, 0, 0, 0, 1, 1, 1, 1, 1, 1, 1, 1, 1, 1, 1, 1, 1, 1, 1, 1, 1, 1, 0, 0, 0, 0, 0, 0, 0, 0, 0, 1, 0, 0, 0, 0, 1, 1, 1, 1, 1, 1, 0, 0, 0, 0, 0, 0, 0, 1, 0, 0, 0, 0, 0, 0, 0, 0, 0, 1, 1, 1, 1, 0], "predicted_labels": [0, 0, 1, 0, 1, 1, 1, 0, 0, 1, 0, 0, 1, 0, 0, 1, 1, 0, 0, 1, 1, 0, 0, 0, 1, 0, 0, 0, 1, 1, 0, 0, 0, 0, 0, 0, 0, 0, 0, 0, 0, 0, 1, 0, 0, 0, 0, 1, 0, 0, 0, 0, 0, 1, 1, 0, 0, 1, 1, 1, 1, 0, 1, 0, 0, 0, 0, 0, 0, 0, 0, 0, 0, 0, 1, 0, 0, 0, 0, 1, 0, 0, 0, 0, 1, 0, 0, 0, 1, 1, 0, 0, 0, 0, 1, 0, 0, 0, 1, 0, 0, 0, 0, 0, 0, 1, 0, 1, 1, 0, 0, 1],