{"test": {"ids": ["496", "626", "532", "598", "670", "693", "378", "387", "131", "211", "119", "392", "397", "303", "364", "304", "386", "581", "589", "566", "344", "248", "478", "556", "249", "665", "232", "124", "85", "357", "307", "622", "227", "696", "216", "46", "165", "88", "368", "22", "698", "348", "156", "447", "617", "482", "481", "577", "295", "139", "336", "425", "550", "615", "56", "488", "198", "394", "78", "251", "282", "664", "345", "540", "584", "423", "277", "454", "652", "552", "321", "351", "194", "374", "367", "632", "257", "491", "50", "563", "401", "686", "191", "370", "638", "115", "12", "174", "132", "450", "436", "485", "705", "340", "299", "376", "448", "350", "363", "5", "80", "283", "676", "646", "390", "539", "235", "63", "135", "280", "145", "9", "101", "416", "111", "107", "601", "47", "319", "296", "547", "120", "649", "339", "254", "334", "310", "372", "197", "15", "526", "702", "150", "471", "621", "418", "92", "544", "113", "346", "285", "137", "474"], "labels": [0, 1, 0, 1, 0, 0, 1, 0, 0, 1, 1, 0, 0, 1, 0, 1, 0, 1, 1, 1, 0, 0, 1, 1, 1, 0, 1, 0, 0, 0, 1, 1, 1, 0, 1, 1, 0, 0, 0, 1, 0, 0, 0, 0, 0, 0, 0, 1, 1, 0, 0, 0, 0, 0, 1, 0, 1, 0, 1, 1, 1, 0, 0, 0, 1, 0, 1, 1, 0, 0, 1, 0, 1, 0, 0, 0, 0, 1, 1, 1, 0, 1, 1, 0, 0, 1, 0, 1, 0, 0, 0, 0, 0, 0, 1, 0, 0, 0, 0, 0, 1, 1, 0, 0, 0, 0, 1, 1, 0, 1, 0, 0, 0, 0, 1, 0, 1, 1, 1, 1, 0, 1, 0, 0, 1, 0, 1, 0, 1, 0, 0, 0, 0, 1, 1, 0, 0, 0, 1, 0, 1, 0, 1], "predicted_labels": [1, 1, 0, 1, 0, 1, 1, 1, 0, 1, 1, 0, 1, 0, 1, 1, 0, 1, 1, 0, 0, 1, 1, 1, 0, 1, 1, 0, 0, 1, 1, 1, 1, 0, 1, 0, 0, 0, 0, 1, 1, 0, 1, 1, 0, 0, 0, 0, 1, 0, 0, 0, 1, 1, 0, 0, 1, 0, 1, 1, 1, 0, 1, 1, 1, 0, 1, 1, 0, 1, 1, 0, 0, 0, 0, 0, 0, 0, 0, 1, 0, 1, 1, 0, 1, 1, 0, 1, 0, 1, 1, 1, 0, 0, 0, 0, 0, 0, 0, 0, 1, 0, 0, 0, 0, 1, 1, 0, 0, 1, 0, 0, 1, 0, 0, 0, 1, 0, 1, 1, 1, 0, 0, 0, 0, 0, 0, 0, 1, 1, 0, 0, 0, 1, 1, 0, 1, 0, 1, 0, 1, 0, 1], "confidence_scores": [[0.4581788314175056, 0.5418211685824944], [0.27139797057498405, 0.728602029425016], [0.5476571793900056, 0.4523428206099944], [0.31881283185768716, 0.6811871681423128], [0.7463562382092628, 0.25364376179073717], [0.39556431098810263, 0.6044356890118974], [0.28694354544339307, 0.7130564545566069], [0.43943361612665177, 0.5605663838733482], [0.7157369660361963, 0.28426303396380376], [0.3707344156979592, 0.6292655843020408], [0.30506172984561386, 0.6949382701543861], [0.6484670133155064, 0.3515329866844936], [0.4658966400410055, 0.5341033599589945], [0.6018341243980412, 0.3981658756019588], [0.485160999132515, 0.514839000867485], [0.42879538683305174, 0.5712046131669483], [0.5641662619680278, 0.43583373803197223], [0.3169457420746057, 0.6830542579253943], [0.34199984002307426, 0.6580001599769257], [0.7465273355834724, 0.2534726644165276], [0.5084467982956871, 0.491553201704313], [0.4817688534218527, 0.5182311465781473], [0.39371109502855384, 0.6062889049714462], [0.24367191861247983, 0.7563280813875202], [0.6621546856177358, 0.33784531438226423], [0.4321617118955343, 0.5678382881044657], [0.24914461451617342, 0.7508553854838266], [0.5624500459831807, 0.43754995401681923], [0.6543643753610443, 0.3456356246389557], [0.42030119260483334, 0.5796988073951667], [0.3775790979974988, 0.6224209020025012], [0.47214869507885504, 0.527851304921145], [0.31989796262326353, 0.6801020373767365], [0.5598779942677806, 0.4401220057322194], [0.44664908666944414, 0.5533509133305559], [0.567366999002027, 0.43263300099797297], [0.6979142659130808, 0.3020857340869192], [0.7833358774811127, 0.2166641225188873], [0.5586257643125875, 0.4413742356874125], [0.3670432635330625, 0.6329567364669375], [0.21574302630778674, 0.7842569736922133], [0.7331026165809387, 0.26689738341906133], [0.470296883526796, 0.529703116473204], [0.33731702819882536, 0.6626829718011746], [0.6256736803912218, 0.37432631960877816], [0.6598098860292706, 0.3401901139707294], [0.5808501779886537, 0.4191498220113464], [0.5989699727221047, 0.4010300272778952], [0.47048663796464596, 0.529513362035354], [0.7200826946530607, 0.2799173053469392], [0.8439083127142158, 0.15609168728578418], [0.6291362945596481, 0.3708637054403519], [0.39476109334751186, 0.6052389066524881], [0.36990841402912567, 0.6300915859708743], [0.5039178544637372, 0.49608214553626284], [0.5560868343607381, 0.4439131656392619], [0.4420054810001872, 0.5579945189998128], [0.5312464068899061, 0.46875359311009385], [0.21323195765936087, 0.7867680423406391], [0.49431947902619144, 0.5056805209738086], [0.18440242947758312, 0.8155975705224169], [0.6530924724521334, 0.34690752754786663], [0.47188978517324875, 0.5281102148267512], [0.43761453539157846, 0.5623854646084215], [0.37944560061468446, 0.6205543993853155], [0.5453786500289972, 0.4546213499710028], [0.42158760712293, 0.57841239287707], [0.10152116465604488, 0.8984788353439551], [0.5459839605458858, 0.4540160394541142], [0.4806576134585945, 0.5193423865414055], [0.18590366502415756, 0.8140963349758424], [0.6938054787712229, 0.3061945212287771], [0.534593992185536, 0.46540600781446395], [0.7603518937964542, 0.23964810620354585], [0.7424692077527291, 0.25753079224727093], [0.7077376521643268, 0.29226234783567323], [0.7725072429038804, 0.22749275709611955], [0.8207341993274854, 0.1792658006725146], [0.6108689813245978, 0.3891310186754022], [0.4333977109193994, 0.5666022890806006], [0.5094537270535658, 0.49054627294643416], [0.39877338689624164, 0.6012266131037584], [0.154000585004611, 0.845999414995389], [0.7469564747364279, 0.2530435252635721], [0.19062159263110778, 0.8093784073688922], [0.4484754422406253, 0.5515245577593747], [0.6880929366697109, 0.31190706333028906], [0.22510608504552687, 0.7748939149544731], [0.764190319449511, 0.23580968055048904], [0.2561721923471757, 0.7438278076528243], [0.3478334764848675, 0.6521665235151325], [0.222547677865243, 0.777452322134757], [0.7925931478385101, 0.2074068521614899], [0.6411547704857072, 0.3588452295142927], [0.5318220070650632, 0.46817799293493684], [0.8063503147393403, 0.19364968526065968], [0.6436654759147638, 0.3563345240852362], [0.6116875623059548, 0.38831243769404516], [0.7515093191444602, 0.2484906808555398], [0.7527676992587593, 0.24723230074124072], [0.4578281413032349, 0.5421718586967651], [0.6263551817075155, 0.37364481829248447], [0.7437559350489442, 0.25624406495105573], [0.6130918608453726, 0.3869081391546274], [0.7437991532217083, 0.25620084677829175], [0.10822534113091298, 0.891774658869087], [0.2931890787067889, 0.7068109212932111], [0.7928224211967368, 0.20717757880326315], [0.8397732359820236, 0.16022676401797645], [0.22637793118417482, 0.7736220688158252], [0.8035777252808242, 0.19642227471917584], [0.6183033970545264, 0.38169660294547364], [0.47544290380243137, 0.5245570961975686], [0.6123151742103559, 0.38768482578964414], [0.7129394010195609, 0.2870605989804391], [0.6018277115845385, 0.39817228841546154], [0.3683997946872223, 0.6316002053127777], [0.6990864065940159, 0.30091359340598417], [0.24964421494961697, 0.750355785050383], [0.3275844337629399, 0.6724155662370601], [0.120440505026425, 0.879559494973575], [0.6652705717233378, 0.33472942827666224], [0.526413296904392, 0.473586703095608], [0.5979593001791759, 0.4020406998208242], [0.5529243315871377, 0.4470756684128622], [0.7964512172261468, 0.20354878277385327], [0.543372406966762, 0.45662759303323797], [0.6813855006439886, 0.3186144993560114], [0.3117770633517092, 0.6882229366482908], [0.3327545108046027, 0.6672454891953973], [0.6405980449759099, 0.35940195502409006], [0.754442932938572, 0.24555706706142805], [0.5163387161935273, 0.4836612838064727], [0.17742968614904275, 0.8225703138509572], [0.325386621850035, 0.674613378149965], [0.5988067641107216, 0.40119323588927835], [0.4417334676566458, 0.5582665323433542], [0.5380686401877208, 0.4619313598122791], [0.384254467823414, 0.615745532176586], [0.5287274417975393, 0.4712725582024607], [0.412917851841338, 0.587082148158662], [0.6530123080500001, 0.34698769194999995], [0.4816943080794057, 0.5183056919205943]]}}