{"test": {"ids": ["295", "93", "251", "673", "379", "631", "451", "313", "81", "299", "268", "636", "104", "518", "181", "406", "525", "620", "221", "415", "635", "159", "265", "680", "400", "55", "524", "261", "371", "296", "428", "19", "76", "704", "413", "399", "140", "95", "678", "453", "170", "174", "119", "205", "700", "73", "290", "337", "292", "83", "167", "425", "156", "30", "523", "148", "593", "572", "688", "692", "619", "123", "395", "506", "694", "166", "128", "695", "224", "359", "674", "124", "324", "169", "489", "598", "528", "147", "178", "90", "648", "610", "318", "482", "529", "360", "530", "197", "471", "263", "264", "279", "708", "134", "206", "403", "622", "617", "23", "600", "2", "405", "164", "338", "441", "354", "613", "36", "66", "383", "127", "326", "248", "329", "385", "627", "481", "59", "487", "0", "101", "208", "531", "639", "579", "126", "570", "683", "387", "285", "276", "676", "237", "129", "418", "497", "162", "553", "380", "131", "434", "410", "658"], "labels": [1, 0, 1, 0, 1, 0, 1, 1, 0, 1, 1, 1, 0, 0, 1, 0, 0, 0, 1, 0, 1, 0, 1, 0, 0, 1, 0, 0, 0, 1, 0, 1, 1, 0, 0, 0, 0, 0, 0, 1, 0, 1, 1, 1, 0, 1, 1, 0, 1, 0, 0, 0, 0, 1, 0, 0, 1, 1, 0, 0, 0, 0, 0, 1, 0, 0, 0, 0, 1, 0, 0, 0, 0, 0, 0, 1, 0, 0, 1, 0, 0, 0, 1, 0, 0, 0, 0, 1, 1, 0, 1, 1, 0, 0, 1, 0, 1, 0, 1, 1, 0, 0, 0, 0, 0, 0, 0, 1, 1, 1, 0, 0, 0, 0, 0, 1, 0, 1, 0, 0, 0, 1, 0, 0, 1, 0, 1, 0, 0, 1, 1, 0, 1, 0, 0, 1, 0, 0, 1, 0, 0, 0, 0], "predicted_labels": [1, 1, 0, 1, 0, 0, 1, 1, 0, 0, 1, 1, 0, 0, 1, 0, 0, 1, 0, 0, 0, 0, 1, 1, 1, 0, 0, 0, 0, 1, 0, 1, 0, 0, 0, 0, 0, 1, 0, 1, 0, 1, 1, 1, 0, 0, 0, 0, 1, 0, 1, 1, 1, 1, 1, 0, 0, 1, 1, 0, 1, 1, 0, 1, 0, 0, 0, 0, 1, 0, 1, 1, 0, 0, 0, 1, 1, 0, 1, 1, 1, 0, 1, 1, 1, 0, 1, 1, 1, 1, 0, 1, 1, 0, 1, 1, 0, 1, 1, 0, 0, 0, 0, 0, 1, 0, 1, 1, 1, 1, 0, 0, 0, 0, 0, 0, 0, 0, 0, 0, 1, 1, 1, 1, 1, 0, 1, 1, 1, 1, 0, 1, 1, 0, 0, 1, 0, 1, 0, 1, 0, 0, 1], "confidence_scores": [[0.49536791177948286, 0.5046320882205171], [0.49794536917331017, 0.5020546308266898], [0.5801767619353828, 0.4198232380646174], [0.3868894112423525, 0.6131105887576475], [0.6683397875272875, 0.3316602124727126], [0.5440436207311206, 0.4559563792688794], [0.35291667396930565, 0.6470833260306944], [0.3390328154238336, 0.660967184576166], [0.5958562774785598, 0.40414372252143993], [0.5335093533917064, 0.46649064660829365], [0.4038079325645116, 0.5961920674354885], [0.44897621148201644, 0.5510237885179834], [0.503483632380691, 0.49651636761930895], [0.6510813169888249, 0.34891868301117535], [0.1768593767343768, 0.8231406232656232], [0.5501897506798403, 0.4498102493201598], [0.575828312104207, 0.4241716878957929], [0.4859894064269065, 0.5140105935730934], [0.5922891577376872, 0.4077108422623128], [0.6299915978629212, 0.3700084021370786], [0.5121179792429791, 0.48788202075702086], [0.5660799972086736, 0.4339200027913263], [0.4735423082034924, 0.5264576917965075], [0.40449335386835394, 0.5955066461316463], [0.42664786089514367, 0.5733521391048563], [0.6199098840227872, 0.38009011597721276], [0.5142893862562418, 0.485710613743758], [0.583262855200355, 0.416737144799645], [0.62091973998224, 0.37908026001776024], [0.4282617692979535, 0.5717382307020465], [0.5984135393187252, 0.4015864606812748], [0.30276809995559995, 0.6972319000444002], [0.5486936764216176, 0.45130632357838246], [0.5207068625818623, 0.4792931374181377], [0.6347644875549288, 0.36523551244507124], [0.6732383727383728, 0.3267616272616272], [0.5344413692042727, 0.4655586307957273], [0.47792632309640815, 0.522073676903592], [0.5676540346621616, 0.43234596533783837], [0.23161520424020432, 0.7683847957597959], [0.7998790299612668, 0.2001209700387332], [0.30167018154822417, 0.6983298184517759], [0.4155254537129537, 0.5844745462870463], [0.2663861832611832, 0.7336138167388166], [0.6375964577361637, 0.3624035422638366], [0.65003575230893, 0.34996424769106993], [0.5095226456549983, 0.4904773543450016], [0.6091541113899859, 0.39084588861001385], [0.3342154720279721, 0.665784527972028], [0.768872644973668, 0.23112735502633197], [0.446320932743727, 0.553679067256273], [0.4130997761698226, 0.5869002238301775], [0.48302810139207203, 0.5169718986079279], [0.452585258588161, 0.5474147414118389], [0.43058924029796886, 0.5694107597020311], [0.6301918972840026, 0.36980810271599746], [0.5471219332409261, 0.4528780667590737], [0.24618035582838219, 0.753819644171618], [0.3705128197825565, 0.6294871802174434], [0.7105059907412848, 0.2894940092587152], [0.25908436008436003, 0.7409156399156397], [0.43134911412117305, 0.5686508858788268], [0.5275889714860303, 0.47241102851396977], [0.4148972138972138, 0.5851027861027862], [0.5689535187035185, 0.4310464812964813], [0.6153946324143691, 0.38460536758563085], [0.5904892746142747, 0.4095107253857253], [0.5702204217351275, 0.4297795782648724], [0.2932947465116583, 0.7067052534883415], [0.6290835724732782, 0.37091642752672177], [0.48892251593435787, 0.5110774840656421], [0.3309984585136582, 0.6690015414863418], [0.6000863359207015, 0.3999136640792987], [0.5917977749374808, 0.40820222506251924], [0.6512543020704785, 0.3487456979295214], [0.25803334165834174, 0.7419666583416581], [0.453118968449851, 0.5468810315501491], [0.6378309749890634, 0.3621690250109368], [0.29880909412625134, 0.7011909058737484], [0.4863297628584007, 0.5136702371415993], [0.467154526029526, 0.5328454739704739], [0.5804404900654898, 0.41955950993451], [0.38646985924703314, 0.6135301407529669], [0.4523484271647972, 0.5476515728352029], [0.33420004342063175, 0.6657999565793683], [0.8070158424092247, 0.19298415759077522], [0.4860523537135377, 0.5139476462864623], [0.36021836170365573, 0.6397816382963443], [0.28137869075369076, 0.7186213092463088], [0.496545108915852, 0.5034548910841479], [0.5758074425574423, 0.42419255744255757], [0.3849884168119461, 0.6150115831880539], [0.4726633937957466, 0.5273366062042534], [0.5642912948162947, 0.4357087051837052], [0.22008053629377156, 0.7799194637062286], [0.46040476843418005, 0.5395952315658199], [0.5131453985828985, 0.4868546014171015], [0.4949887961924406, 0.5050112038075594], [0.44669045419590553, 0.5533095458040944], [0.5688283341901762, 0.4311716658098237], [0.6193608523829112, 0.3806391476170889], [0.7427116023208288, 0.2572883976791711], [0.5283969649631414, 0.4716030350368587], [0.6165908053003641, 0.3834091946996356], [0.41755401542901555, 0.5824459845709843], [0.6207965988787274, 0.37920340112127254], [0.4593952255473994, 0.5406047744526004], [0.4776095987345985, 0.5223904012654014], [0.3776454518563652, 0.6223545481436346], [0.3942596007643964, 0.6057403992356037], [0.502770448162089, 0.497229551837911], [0.745789945005115, 0.25421005499488475], [0.5070824376772655, 0.4929175623227346], [0.560589115648713, 0.43941088435128683], [0.6253662322083372, 0.3746337677916627], [0.7013486472677648, 0.2986513527322352], [0.5251770672138321, 0.474822932786168], [0.644387060265156, 0.35561293973484376], [0.5083301103632853, 0.4916698896367147], [0.636660409035409, 0.36333959096459095], [0.43724841207292586, 0.5627515879270742], [0.21832427743824806, 0.7816757225617519], [0.25107978296213607, 0.7489202170378642], [0.3312211739410014, 0.6687788260589985], [0.4296312090687091, 0.5703687909312908], [0.5198562224812227, 0.48014377751877746], [0.45164255107637474, 0.5483574489236254], [0.4868446746172718, 0.5131553253827282], [0.4047232466607469, 0.5952767533392531], [0.4874560806840218, 0.5125439193159781], [0.6001229228288052, 0.39987707717119486], [0.4621587950448246, 0.5378412049551755], [0.1994823093573093, 0.8005176906426903], [0.674414630297177, 0.3255853697028234], [0.7390833800702222, 0.2609166199297779], [0.35096351648126495, 0.6490364835187354], [0.5161513028638027, 0.4838486971361974], [0.4328309819265702, 0.5671690180734298], [0.6466345793900143, 0.35336542060998577], [0.48808522033522034, 0.5119147796647797], [0.6926744089244086, 0.3073255910755911], [0.6593012226525599, 0.34069877734744025], [0.338260959305562, 0.6617390406944379]]}}