{"test": {"ids": ["316", "195", "51", "609", "61", "695", "682", "142", "358", "613", "587", "89", "488", "93", "194", "518", "321", "439", "221", "559", "200", "66", "326", "699", "187", "239", "606", "271", "68", "291", "653", "670", "390", "499", "312", "27", "517", "199", "480", "392", "461", "181", "134", "238", "166", "550", "514", "567", "707", "95", "257", "287", "590", "450", "111", "677", "172", "12", "87", "145", "72", "568", "553", "549", "621", "249", "46", "551", "704", "428", "186", "25", "146", "224", "403", "530", "211", "481", "75", "311", "384", "658", "387", "264", "136", "610", "608", "575", "628", "174", "674", "511", "23", "622", "116", "345", "86", "147", "453", "90", "676", "489", "463", "440", "331", "356", "361", "282", "637", "409", "642", "190", "18", "689", "59", "479", "560", "324", "635", "487", "577", "76", "54", "261", "446", "337", "454", "141", "37", "692", "65", "662", "397", "85", "648", "103", "92", "591", "584", "80", "419", "412", "128"], "labels": [0, 0, 1, 0, 0, 1, 1, 1, 0, 0, 0, 1, 0, 1, 0, 1, 0, 1, 0, 0, 0, 0, 0, 1, 0, 0, 0, 0, 0, 0, 1, 1, 1, 0, 0, 0, 1, 0, 0, 1, 0, 0, 1, 0, 1, 1, 1, 0, 1, 1, 0, 0, 0, 0, 1, 1, 1, 1, 0, 1, 0, 0, 1, 1, 1, 1, 1, 1, 1, 1, 0, 0, 1, 0, 1, 1, 0, 0, 0, 0, 1, 1, 1, 0, 1, 0, 0, 0, 1, 0, 1, 0, 0, 1, 1, 0, 0, 1, 0, 1, 1, 0, 0, 1, 0, 0, 0, 0, 1, 1, 1, 0, 0, 1, 0, 0, 0, 0, 1, 0, 0, 0, 1, 0, 0, 0, 0, 1, 1, 1, 0, 1, 1, 0, 1, 1, 1, 0, 0, 0, 1, 1, 1], "predicted_labels": [1, 0, 1, 0, 1, 0, 0, 1, 1, 0, 0, 1, 1, 1, 0, 1, 1, 1, 1, 0, 0, 1, 0, 1, 0, 1, 0, 0, 1, 0, 1, 0, 1, 0, 0, 0, 1, 0, 1, 1, 0, 0, 1, 0, 1, 0, 0, 1, 1, 0, 1, 1, 0, 0, 1, 1, 0, 0, 0, 1, 0, 0, 1, 1, 0, 0, 1, 0, 1, 1, 0, 1, 1, 0, 1, 1, 0, 1, 1, 1, 1, 1, 1, 0, 1, 0, 1, 0, 0, 1, 0, 0, 1, 1, 1, 1, 0, 1, 0, 0, 1, 1, 0, 1, 0, 0, 0, 0, 0, 1, 1, 0, 1, 1, 1, 0, 0, 0, 0, 0, 0, 1, 1, 1, 0, 1, 0, 1, 1, 1, 1, 1, 1, 1, 1, 0, 1, 1, 0, 1, 0, 1, 0], "confidence_scores": [[0.4967072370071631, 0.5032927629928369], [0.5741291382497387, 0.4258708617502614], [0.3006963054557047, 0.6993036945442953], [0.5498547751675736, 0.45014522483242636], [0.294238568694139, 0.705761431305861], [0.8441748345016167, 0.15582516549838327], [0.7835301651326508, 0.21646983486734914], [0.021118327600202824, 0.9788816723997972], [0.08523194482109786, 0.9147680551789021], [0.9402685096299268, 0.05973149037007314], [0.6131694552432775, 0.3868305447567225], [0.29191179939768963, 0.7080882006023104], [0.4388638579372909, 0.5611361420627091], [0.3086925607065658, 0.6913074392934342], [0.7922670594108266, 0.20773294058917338], [0.3468363623085374, 0.6531636376914626], [0.47471015541922545, 0.5252898445807745], [0.050978344384517094, 0.9490216556154829], [0.16966010162733236, 0.8303398983726676], [0.6428140758096956, 0.3571859241903044], [0.8978082377267277, 0.10219176227327234], [0.40346295597006343, 0.5965370440299366], [0.7135141780103962, 0.28648582198960376], [0.07384180570010512, 0.9261581942998949], [0.9226828668971206, 0.0773171331028794], [0.22187134210113646, 0.7781286578988635], [0.7877253629038494, 0.2122746370961506], [0.8706878432722769, 0.1293121567277231], [0.27109544166114063, 0.7289045583388594], [0.5382503376032415, 0.4617496623967586], [0.041165055984225596, 0.9588349440157744], [0.627192355628561, 0.372807644371439], [0.21909496862221411, 0.7809050313777859], [0.8715899695741517, 0.12841003042584834], [0.6423277130082441, 0.3576722869917559], [0.5294346113315345, 0.4705653886684655], [0.38179359242645383, 0.6182064075735462], [0.931227293340777, 0.06877270665922292], [0.2804505979482449, 0.7195494020517551], [0.41288674506490297, 0.587113254935097], [0.7296999609025456, 0.27030003909745437], [0.939598957697915, 0.06040104230208495], [0.08672591516668782, 0.9132740848333122], [0.9274619873331447, 0.07253801266685528], [0.413415477099646, 0.586584522900354], [0.6556948512667005, 0.34430514873329954], [0.798934734272404, 0.20106526572759592], [0.4017482907105333, 0.5982517092894667], [0.38033053899942926, 0.6196694610005707], [0.9379240602827067, 0.06207593971729334], [0.4614979139307399, 0.5385020860692601], [0.48064165195507913, 0.5193583480449209], [0.9575910326534653, 0.04240896734653467], [0.7934151415158252, 0.20658485848417485], [0.2750401267050937, 0.7249598732949063], [0.29959023010142405, 0.700409769898576], [0.7781234159804606, 0.22187658401953936], [0.8376112529198291, 0.16238874708017095], [0.538899827761016, 0.461100172238984], [0.3719699601891078, 0.6280300398108922], [0.8216682792856735, 0.1783317207143264], [0.6201307524019956, 0.37986924759800444], [0.30345726061081224, 0.6965427393891878], [0.08460908217310603, 0.915390917826894], [0.9213081628932591, 0.07869183710674092], [0.8005622838353968, 0.19943771616460315], [0.1761710650364382, 0.8238289349635618], [0.8423245675462205, 0.15767543245377946], [0.04380713022536231, 0.9561928697746377], [0.3901293710450022, 0.6098706289549978], [0.9624591194898277, 0.037540880510172334], [0.18728947315028832, 0.8127105268497117], [0.19211341632723444, 0.8078865836727656], [0.5948174989803537, 0.40518250101964626], [0.38688408592830126, 0.6131159140716987], [0.46110074229105336, 0.5388992577089466], [0.6994790243664903, 0.30052097563350966], [0.3709301094486196, 0.6290698905513804], [0.3456874177020983, 0.6543125822979017], [0.4766892469541083, 0.5233107530458917], [0.27626336813661323, 0.7237366318633868], [0.31263505132669456, 0.6873649486733054], [0.18374457829785795, 0.816255421702142], [0.7604934058456811, 0.2395065941543189], [0.283431638660132, 0.716568361339868], [0.5149794402472989, 0.4850205597527011], [0.3084201198879911, 0.6915798801120089], [0.8172215277778103, 0.18277847222218974], [0.6832679530167518, 0.31673204698324825], [0.43498842350282696, 0.565011576497173], [0.8518117980232787, 0.1481882019767214], [0.774141986553762, 0.22585801344623804], [0.4563064765806042, 0.5436935234193958], [0.19217908523202998, 0.80782091476797], [0.11681105953813253, 0.8831889404618675], [0.1508900945120455, 0.8491099054879545], [0.9632715890323365, 0.03672841096766356], [0.10123031290274576, 0.8987696870972542], [0.9677406938350694, 0.032259306164930585], [0.5117012959441827, 0.4882987040558174], [0.19306770046058486, 0.8069322995394151], [0.05942744921437415, 0.9405725507856258], [0.8795475812482809, 0.12045241875171912], [0.25486734900977437, 0.7451326509902256], [0.8213382376500129, 0.1786617623499871], [0.8236295659356727, 0.17637043406432734], [0.6578210401447744, 0.3421789598552257], [0.6751540224417124, 0.3248459775582876], [0.7641075660245082, 0.2358924339754918], [0.4323497673961709, 0.5676502326038291], [0.4014847606434113, 0.5985152393565887], [0.9061540146507696, 0.0938459853492304], [0.3385797228255031, 0.6614202771744969], [0.32040836514133075, 0.6795916348586692], [0.08886924284337361, 0.9111307571566264], [0.5483255725492742, 0.4516744274507259], [0.8267536985182538, 0.17324630148174625], [0.8679910866302908, 0.13200891336970919], [0.6885901347698788, 0.3114098652301211], [0.6273205334666425, 0.37267946653335754], [0.8131464066589726, 0.18685359334102739], [0.18896504197573016, 0.8110349580242698], [0.2899289070094976, 0.7100710929905024], [0.2227630991857319, 0.7772369008142681], [0.9115784084110767, 0.0884215915889233], [0.28360209901172984, 0.7163979009882702], [0.9305594521082649, 0.06944054789173515], [0.4687722261870578, 0.5312277738129422], [0.12709886499469392, 0.8729011350053061], [0.027776978793930707, 0.9722230212060693], [0.1928645714545817, 0.8071354285454183], [0.18360265113461904, 0.816397348865381], [0.0889832215056402, 0.9110167784943598], [0.15357459091941872, 0.8464254090805813], [0.05768726707937799, 0.942312732920622], [0.6040829439493769, 0.39591705605062316], [0.4523830435442452, 0.5476169564557548], [0.49305346725325905, 0.506946532746741], [0.9000307988094496, 0.09996920119055044], [0.4119915632908029, 0.5880084367091971], [0.5533521898168848, 0.44664781018311517], [0.4324538358009118, 0.5675461641990882], [0.7546051389153503, 0.24539486108464964]]}}