{"test": {"ids": ["417", "436", "385", "126", "1", "538", "524", "407", "534", "638", "574", "643", "586", "241", "413", "526", "599", "81", "278", "512", "380", "7", "700", "159", "536", "533", "247", "143", "260", "471", "465", "210", "30", "150", "79", "610", "607", "155", "42", "215", "104", "697", "55", "664", "128", "393", "499", "369", "651", "421", "327", "202", "224", "427", "398", "237", "203", "631", "557", "344", "661", "232", "576", "476", "614", "306", "478", "105", "27", "92", "127", "113", "585", "318", "561", "242", "363", "579", "567", "626", "136", "177", "329", "94", "420", "83", "362", "14", "656", "243", "645", "613", "395", "498", "176", "339", "653", "64", "172", "341", "437", "77", "208", "454", "17", "470", "673", "204", "509", "181", "245", "587", "469", "322", "359", "472", "20", "698", "151", "331", "669", "297", "13", "184", "333", "588", "406", "377", "2", "74", "187", "35", "568", "258", "647", "276", "573", "403", "53", "335", "117", "87", "4"], "labels": [0, 0, 0, 0, 0, 0, 0, 0, 0, 0, 1, 0, 1, 1, 0, 0, 1, 0, 1, 1, 1, 0, 0, 0, 0, 0, 0, 0, 0, 1, 1, 1, 1, 0, 1, 0, 0, 0, 1, 1, 0, 0, 1, 0, 0, 0, 1, 0, 0, 0, 0, 1, 1, 0, 0, 1, 1, 0, 1, 0, 0, 1, 1, 1, 0, 1, 1, 0, 1, 0, 0, 1, 1, 1, 1, 1, 0, 1, 1, 1, 0, 1, 0, 0, 0, 0, 0, 0, 0, 1, 0, 0, 0, 1, 1, 0, 0, 1, 0, 0, 0, 1, 1, 1, 0, 1, 0, 1, 1, 1, 1, 1, 1, 1, 0, 1, 1, 0, 0, 0, 0, 1, 0, 1, 0, 1, 0, 0, 0, 1, 1, 1, 1, 0, 0, 1, 1, 0, 1, 0, 1, 0, 0], "predicted_labels": [1, 0, 0, 0, 0, 0, 0, 0, 1, 0, 1, 1, 0, 1, 0, 1, 1, 0, 1, 0, 0, 0, 0, 0, 1, 1, 1, 0, 0, 1, 1, 1, 1, 0, 0, 0, 0, 0, 0, 1, 1, 1, 0, 0, 0, 0, 1, 0, 1, 0, 1, 1, 1, 0, 0, 1, 1, 1, 0, 0, 0, 1, 1, 0, 1, 1, 1, 1, 1, 1, 0, 1, 1, 1, 1, 1, 0, 1, 1, 0, 0, 0, 0, 1, 0, 0, 0, 0, 0, 1, 0, 0, 0, 1, 0, 0, 0, 1, 1, 0, 0, 0, 1, 1, 1, 0, 0, 0, 0, 1, 1, 1, 0, 1, 0, 1, 1, 0, 0, 1, 1, 0, 0, 1, 0, 1, 0, 0, 0, 1, 0, 1, 1, 0, 1, 0, 1, 0, 1, 0, 1, 0, 1], "confidence_scores": [[0.4834731936035583, 0.5165268063964418], [0.5612675469303524, 0.43873245306964753], [0.6108012318960424, 0.3891987681039577], [0.6494491522931779, 0.3505508477068222], [0.5728722639280723, 0.42712773607192783], [0.5269029375748872, 0.4730970624251129], [0.6118811134565718, 0.3881188865434282], [0.5908159472491982, 0.40918405275080183], [0.2559792250622723, 0.7440207749377277], [0.5465210583306483, 0.4534789416693516], [0.3466818030719098, 0.6533181969280901], [0.5, 0.5], [0.5257640829391919, 0.47423591706080825], [0.34361353716977244, 0.6563864628302275], [0.5790745652485944, 0.42092543475140565], [0.481008421528313, 0.518991578471687], [0.4361472163508644, 0.5638527836491356], [0.5949603884007788, 0.40503961159922114], [0.4025259487132976, 0.5974740512867023], [0.5058156246311053, 0.49418437536889465], [0.5430823297358093, 0.45691767026419067], [0.5079012727807762, 0.4920987272192237], [0.5775209741541941, 0.422479025845806], [0.6765012256256656, 0.32349877437433455], [0.205674651576961, 0.7943253484230391], [0.4588180042223387, 0.5411819957776615], [0.47565617601650156, 0.5243438239834985], [0.5109142274076584, 0.48908577259234176], [0.5890948427944968, 0.41090515720550336], [0.4006870683036341, 0.5993129316963659], [0.39817953356267327, 0.6018204664373268], [0.3543727428833413, 0.6456272571166589], [0.40449510334931127, 0.5955048966506887], [0.6444804301120329, 0.3555195698879671], [0.6451508542006609, 0.354849145799339], [0.6065209405874133, 0.39347905941258654], [0.6243102429854666, 0.37568975701453344], [0.6470186455387106, 0.3529813544612895], [0.7629678083830617, 0.23703219161693853], [0.37153353335200134, 0.6284664666479987], [0.4423307141654411, 0.557669285834559], [0.34068531014975123, 0.6593146898502488], [0.6359261062776984, 0.3640738937223016], [0.6130656081162539, 0.3869343918837459], [0.6083456547190088, 0.39165434528099125], [0.7260720334743976, 0.27392796652560214], [0.32198590128244586, 0.6780140987175541], [0.6819157932551163, 0.31808420674488347], [0.4884651468976326, 0.5115348531023675], [0.5146997162525657, 0.48530028374743434], [0.4667740169351449, 0.533225983064855], [0.30798493080013234, 0.6920150691998679], [0.42118306269806133, 0.5788169373019386], [0.7376351605247943, 0.26236483947520556], [0.5869932787932903, 0.41300672120670967], [0.2750275315023245, 0.7249724684976756], [0.34323172272406466, 0.6567682772759353], [0.4581144304781925, 0.5418855695218074], [0.5661333048680406, 0.43386669513195936], [0.5588058515433866, 0.44119414845661337], [0.5463089437291647, 0.4536910562708353], [0.439570072721649, 0.5604299272783512], [0.28539227194752986, 0.7146077280524701], [0.5407427194567209, 0.45925728054327913], [0.29040633048163783, 0.709593669518362], [0.42928699341718646, 0.5707130065828134], [0.39697673629780716, 0.6030232637021928], [0.4543975399380623, 0.5456024600619377], [0.48949781828483385, 0.5105021817151661], [0.38882797171318634, 0.6111720282868136], [0.7091395790177352, 0.2908604209822647], [0.4275736808691729, 0.5724263191308269], [0.46240324472917327, 0.5375967552708268], [0.36342156928661995, 0.63657843071338], [0.5, 0.5], [0.3534061715395434, 0.6465938284604565], [0.6053849649492008, 0.3946150350507992], [0.43617293652383027, 0.5638270634761698], [0.4369020866896889, 0.5630979133103112], [0.5053384444803836, 0.4946615555196162], [0.767046102177374, 0.23295389782262607], [0.5740066582917143, 0.4259933417082856], [0.6162732569292415, 0.3837267430707585], [0.3962602560851903, 0.6037397439148097], [0.6057718129900164, 0.39422818700998374], [0.5744346390138423, 0.42556536098615744], [0.7416912999220798, 0.2583087000779204], [0.6526636802830235, 0.3473363197169767], [0.5580029097176767, 0.44199709028232337], [0.41371226116855525, 0.5862877388314446], [0.6282227277681314, 0.3717772722318685], [0.5654543294324336, 0.4345456705675663], [0.7227385386838248, 0.2772614613161753], [0.4233339547095171, 0.5766660452904829], [0.5694276127598177, 0.4305723872401822], [0.597674660366064, 0.4023253396339361], [0.5661248332158304, 0.43387516678416954], [0.4426869829290253, 0.5573130170709746], [0.42859657795177397, 0.571403422048226], [0.5904580543134581, 0.4095419456865419], [0.5858607662295298, 0.4141392337704704], [0.6663467046936643, 0.33365329530633575], [0.3950831272578517, 0.6049168727421482], [0.37287731356900344, 0.6271226864309966], [0.4521397758199139, 0.5478602241800863], [0.5130194610824736, 0.4869805389175262], [0.5849597798246802, 0.41504022017531983], [0.5979663175826865, 0.4020336824173134], [0.5090618242529729, 0.49093817574702703], [0.3005824567511765, 0.6994175432488233], [0.3758165867862201, 0.6241834132137799], [0.378023459741863, 0.621976540258137], [0.5888960365804524, 0.4111039634195474], [0.3328183723123984, 0.6671816276876016], [0.7284855421533386, 0.2715144578466615], [0.3842324249989258, 0.6157675750010742], [0.46900945067155475, 0.530990549328445], [0.5412045041353609, 0.4587954958646391], [0.6412555382191953, 0.3587444617808046], [0.5, 0.5], [0.3277453456739546, 0.6722546543260454], [0.5143609397716069, 0.4856390602283931], [0.56857226734139, 0.43142773265861], [0.42506460256203576, 0.5749353974379642], [0.5960365452743357, 0.4039634547256642], [0.376951686016641, 0.6230483139833588], [0.6319647238048167, 0.36803527619518317], [0.5245399826699311, 0.47546001733006893], [0.6260437230017525, 0.3739562769982475], [0.4871283429200563, 0.5128716570799436], [0.5477635114899417, 0.4522364885100582], [0.39788527339181623, 0.6021147266081837], [0.40939315221028943, 0.5906068477897104], [0.526072683223211, 0.473927316776789], [0.4813060322605529, 0.5186939677394471], [0.5612025715934345, 0.43879742840656555], [0.42459129312579147, 0.5754087068742085], [0.7214762330652691, 0.2785237669347307], [0.47049099853974274, 0.5295090014602574], [0.5396520858649994, 0.4603479141350007], [0.4288650665307876, 0.5711349334692124], [0.583125089096624, 0.4168749109033759], [0.37298584628539283, 0.6270141537146072]]},