{"test": {"ids": ["24", "96", "342", "484", "305", "166", "322", "294", "311", "104", "399", "146", "552", "425", "538", "508", "555", "120", "8", "505", "668", "306", "574", "196", "645", "302", "604", "473", "321", "407", "518", "416", "119", "620", "174", "279", "114", "570", "201", "283", "545", "99", "377", "143", "189", "446", "289", "593", "309", "23", "439", "519", "361", "497", "37", "428", "159", "153", "226", "558", "187", "480", "358", "86", "149", "147", "198", "290", "339", "503", "45", "411", "148", "510", "504", "29", "616", "432", "142", "625", "43", "637", "496", "63", "317", "252", "466", "267", "157", "323", "277", "663", "680", "328", "486", "687", "672", "692", "449", "535", "348", "353", "22", "653", "515", "292", "556", "110", "457", "93", "354", "539", "613", "49", "319", "197", "678", "614", "544", "622", "28", "7", "60", "423", "220", "32", "579", "586", "9", "612", "214", "57", "75", "615", "635", "436", "275", "561", "108", "566", "507"], "labels": [1, 0, 0, 0, 1, 0, 1, 1, 1, 0, 0, 0, 0, 0, 0, 1, 1, 1, 0, 1, 0, 1, 1, 1, 0, 1, 1, 1, 1, 0, 0, 0, 1, 0, 1, 1, 1, 1, 1, 1, 0, 0, 0, 0, 1, 0, 1, 1, 1, 1, 0, 0, 0, 1, 1, 0, 0, 0, 1, 1, 1, 1, 0, 0, 0, 0, 1, 1, 0, 1, 1, 0, 0, 1, 1, 1, 0, 0, 0, 1, 1, 0, 0, 1, 1, 1, 1, 1, 0, 1, 1, 0, 0, 0, 0, 1, 0, 0, 0, 0, 0, 0, 1, 0, 0, 1, 1, 1, 1, 0, 0, 0, 0, 1, 1, 1, 0, 0, 0, 1, 1, 0, 1, 0, 1, 1, 1, 1, 0, 0, 1, 1, 1, 0, 1, 0, 1, 1, 1, 1, 1], "predicted_labels": [0, 0, 0, 0, 0, 0, 1, 0, 1, 1, 0, 0, 0, 0, 0, 1, 0, 0, 0, 1, 0, 1, 1, 0, 0, 0, 1, 1, 0, 1, 0, 1, 0, 1, 1, 0, 1, 1, 0, 0, 1, 0, 0, 0, 1, 0, 0, 1, 1, 1, 1, 1, 1, 0, 0, 0, 0, 0, 1, 1, 0, 0, 1, 0, 0, 1, 0, 0, 1, 0, 0, 0, 1, 1, 0, 0, 1, 0, 0, 0, 0, 0, 0, 0, 0, 0, 0, 0, 0, 0, 0, 0, 1, 0, 0, 1, 0, 1, 0, 0, 0, 0, 0, 0, 1, 1, 1, 1, 0, 0, 0, 1, 1, 0, 0, 1, 0, 0, 1, 0, 0, 1, 1, 0, 1, 0, 0, 0, 1, 0, 0, 0, 0, 1, 0, 0, 1, 1, 0, 1, 0], "confidence_scores": [[0.5592511493521336, 0.4407488506478665], [0.6532852485477082, 0.34671475145229214], [0.6225428615910797, 0.3774571384089201], [0.7410338930087056, 0.25896610699129446], [0.5445638233298898, 0.4554361766701102], [0.6888174114578207, 0.31118258854217906], [0.22648999406572043, 0.7735100059342794], [0.5712636142073235, 0.4287363857926765], [0.26799551250941844, 0.7320044874905816], [0.42273394014246646, 0.5772660598575334], [0.6854091355334017, 0.31459086446659856], [0.7309970486210563, 0.2690029513789439], [0.5077949430925189, 0.49220505690748095], [0.67313365488701, 0.3268663451129899], [0.5120777103735392, 0.4879222896264606], [0.4700606881315243, 0.5299393118684758], [0.5651950536926134, 0.4348049463073868], [0.6594380874233097, 0.3405619125766903], [0.662364788153489, 0.3376352118465107], [0.42327517239153617, 0.5767248276084639], [0.5786432842230219, 0.421356715776978], [0.4095963656519623, 0.5904036343480376], [0.37599456593718517, 0.624005434062815], [0.6452007360012142, 0.3547992639987858], [0.6641283393114863, 0.33587166068851415], [0.5534600376046783, 0.4465399623953217], [0.4068994253876659, 0.5931005746123342], [0.43439846504210794, 0.5656015349578917], [0.5288711507492851, 0.47112884925071474], [0.36991673353364696, 0.630083266466353], [0.5958215670520173, 0.4041784329479827], [0.4577316764960741, 0.542268323503926], [0.6917656399806512, 0.3082343600193492], [0.357429755268504, 0.6425702447314958], [0.37733412588532206, 0.6226658741146779], [0.6205886518619771, 0.37941134813802324], [0.49110095281270005, 0.5088990471873001], [0.38394307725465393, 0.6160569227453461], [0.5886072739786488, 0.41139272602135146], [0.5081479498468335, 0.4918520501531664], [0.41915462384004853, 0.5808453761599515], [0.5578363764038139, 0.44216362359618616], [0.6122317187842914, 0.3877682812157086], [0.5011001178785022, 0.49889988212149794], [0.4409637165012996, 0.5590362834987006], [0.5987921026519966, 0.4012078973480034], [0.5471206174027929, 0.45287938259720695], [0.43764698191187845, 0.5623530180881214], [0.3999907672093947, 0.6000092327906053], [0.47192929934105743, 0.5280707006589425], [0.45566573750198786, 0.5443342624980122], [0.45718785279279234, 0.5428121472072077], [0.48263919140894046, 0.5173608085910594], [0.6038166917179044, 0.3961833082820956], [0.6484705466308428, 0.3515294533691575], [0.6528715371508415, 0.347128462849159], [0.5109710244092033, 0.48902897559079667], [0.530865813534847, 0.46913418646515304], [0.42992596955871676, 0.5700740304412832], [0.4522833357542654, 0.5477166642457346], [0.6000536899481643, 0.3999463100518356], [0.5404475797044644, 0.45955242029553567], [0.39679539793726804, 0.6032046020627319], [0.5471948433582876, 0.45280515664171245], [0.523029943736008, 0.476970056263992], [0.4542539431115049, 0.5457460568884951], [0.6469533508072203, 0.35304664919278006], [0.6696940619780359, 0.3303059380219641], [0.47540918492637246, 0.5245908150736276], [0.6469227984877156, 0.35307720151228417], [0.6018423506128932, 0.398157649387107], [0.5694405059346808, 0.43055949406531946], [0.43486578183192487, 0.565134218168075], [0.44354705328451033, 0.5564529467154896], [0.551467329282131, 0.44853267071786873], [0.6617398001833189, 0.3382601998166816], [0.37248901056155864, 0.6275109894384413], [0.5889582784010475, 0.41104172159895236], [0.5805507510723367, 0.41944924892766366], [0.5900085844163108, 0.4099914155836894], [0.6425203619051587, 0.35747963809484146], [0.501745538412149, 0.49825446158785114], [0.5748182831458063, 0.42518171685419376], [0.5861443463312427, 0.41385565366875754], [0.6059850333523152, 0.39401496664768465], [0.500734840131687, 0.499265159868313], [0.5064485983083999, 0.4935514016916002], [0.6798503340437516, 0.32014966595624855], [0.5444213677785169, 0.45557863222148315], [0.5377242330157697, 0.4622757669842303], [0.664727085229342, 0.335272914770658], [0.5228626454481357, 0.4771373545518644], [0.45357726166789886, 0.5464227383321011], [0.6557175694905399, 0.34428243050946067], [0.7154244534559097, 0.28457554654409056], [0.4233171096572266, 0.5766828903427733], [0.5144182301475562, 0.485581769852444], [0.4951852685814229, 0.504814731418577], [0.5095853414032312, 0.4904146585967688], [0.6738189799837241, 0.32618102001627614], [0.7566953824280667, 0.24330461757193333], [0.588223286302721, 0.4117767136972789], [0.6394528707417331, 0.3605471292582667], [0.6231233533424413, 0.3768766466575586], [0.4612588528190362, 0.5387411471809639], [0.4771922740627398, 0.5228077259372603], [0.4606363851665039, 0.5393636148334962], [0.4767297680370261, 0.523270231962974], [0.639490733924183, 0.36050926607581674], [0.6085869141087539, 0.3914130858912463], [0.7167606833122073, 0.28323931668779284], [0.3453468428706375, 0.6546531571293628], [0.3208093355549657, 0.6791906644450342], [0.5952294182564443, 0.40477058174355585], [0.5294979646648548, 0.4705020353351453], [0.4494458446624968, 0.5505541553375034], [0.7257261950968832, 0.2742738049031167], [0.5523204007364173, 0.44767959926358275], [0.4671079582908294, 0.5328920417091706], [0.5977979614753507, 0.40220203852464953], [0.6134192755238239, 0.38658072447617614], [0.4414471132712736, 0.5585528867287263], [0.33962697817109194, 0.660373021828908], [0.6892144136419666, 0.3107855863580334], [0.44783059079494447, 0.5521694092050555], [0.6268022068085716, 0.3731977931914283], [0.5154416421687933, 0.48455835783120677], [0.665404877085105, 0.33459512291489474], [0.4298003920008383, 0.5701996079991618], [0.5827284976781703, 0.4172715023218298], [0.5546010006368559, 0.445398999363144], [0.7321251999471358, 0.26787480005286396], [0.6495461498854166, 0.3504538501145833], [0.4985601180413362, 0.5014398819586637], [0.5449266124502884, 0.45507338754971166], [0.6917445366787232, 0.30825546332127707], [0.4534362393848149, 0.5465637606151852], [0.45846977028443703, 0.5415302297155629], [0.6881188545558753, 0.3118811454441249], [0.26571331055778163, 0.7342866894422184], [0.6308035944650908, 0.369196405534909]]},