{"test": {"ids": ["349", "151", "166", "342", "163", "209", "273", "118", "148", "288", "250", "275", "635", "49", "491", "110", "334", "480", "67", "451", "364", "613", "10", "467", "601", "66", "271", "469", "585", "540", "710", "695", "75", "106", "425", "590", "413", "282", "190", "501", "578", "466", "312", "524", "336", "165", "340", "647", "506", "82", "528", "450", "382", "448", "650", "91", "549", "708", "430", "416", "159", "331", "595", "146", "512", "17", "71", "649", "440", "289", "344", "488", "150", "688", "429", "460", "464", "362", "172", "453", "21", "520", "1", "40", "667", "48", "380", "581", "210", "46", "7", "648", "678", "396", "257", "373", "171", "572", "518", "702", "120", "589", "553", "627", "332", "205", "343", "600", "284", "70", "411", "422", "442", "99", "326", "372", "238", "640", "154", "623", "339", "39", "697", "79", "295", "526", "492", "567", "100", "615", "368", "143", "101", "261", "365", "431", "558", "443", "229", "215", "53", "114", "394"], "labels": [1, 1, 1, 1, 1, 0, 0, 1, 1, 0, 1, 0, 0, 0, 0, 1, 1, 0, 1, 0, 1, 0, 0, 0, 0, 1, 0, 0, 0, 1, 0, 1, 1, 1, 1, 0, 1, 0, 0, 0, 0, 0, 0, 1, 1, 1, 1, 0, 0, 1, 1, 0, 1, 0, 0, 0, 0, 1, 1, 1, 1, 1, 0, 1, 0, 1, 1, 0, 1, 0, 1, 0, 1, 0, 1, 0, 0, 1, 1, 0, 0, 1, 1, 0, 0, 0, 1, 0, 0, 0, 0, 0, 0, 1, 1, 1, 1, 0, 1, 1, 1, 0, 0, 1, 1, 0, 1, 0, 0, 1, 1, 1, 1, 0, 1, 1, 0, 0, 1, 1, 1, 0, 1, 1, 0, 1, 0, 0, 0, 0, 1, 1, 0, 1, 1, 1, 0, 1, 0, 0, 0, 1, 1], "predicted_labels": [0, 1, 0, 1, 1, 0, 0, 1, 1, 1, 0, 0, 0, 1, 1, 0, 1, 0, 0, 0, 1, 0, 0, 0, 0, 0, 0, 0, 0, 1, 0, 1, 0, 1, 0, 0, 1, 1, 1, 0, 0, 0, 1, 1, 1, 1, 1, 0, 0, 0, 0, 0, 1, 0, 0, 0, 0, 1, 1, 1, 0, 0, 0, 1, 0, 1, 1, 0, 0, 0, 1, 0, 1, 0, 0, 0, 0, 1, 0, 0, 0, 1, 0, 0, 0, 0, 1, 0, 0, 0, 0, 1, 1, 1, 0, 1, 0, 0, 1, 0, 0, 0, 0, 1, 0, 0, 1, 0, 1, 1, 0, 1, 0, 0, 0, 1, 0, 1, 0, 0, 0, 0, 0, 0, 1, 0, 0, 0, 1, 0, 0, 0, 1, 0, 1, 0, 0, 0, 1, 0, 0, 1, 1], "confidence_scores": [[0.854799913484043, 0.14520008651595698], [0.3170254446107833, 0.6829745553892167], [0.801360155694319, 0.19863984430568102], [0.30792942285155445, 0.6920705771484456], [0.26385325305715657, 0.7361467469428434], [0.5313932111535897, 0.4686067888464102], [0.8853297958640638, 0.11467020413593622], [0.4559750191356333, 0.5440249808643667], [0.3396247994946151, 0.6603752005053849], [0.3568274545301465, 0.6431725454698535], [0.8484939467138121, 0.1515060532861879], [0.8537816621083696, 0.14621833789163047], [0.7367200630094388, 0.2632799369905612], [0.2144349089846418, 0.7855650910153582], [0.31827145962121184, 0.6817285403787882], [0.8276972481147169, 0.17230275188528305], [0.43631106042465595, 0.563688939575344], [0.7258951901207343, 0.27410480987926567], [0.6024807372199537, 0.3975192627800463], [0.857865804288434, 0.1421341957115661], [0.21854428523576297, 0.781455714764237], [0.9089754470116281, 0.09102455298837187], [0.5311754395690225, 0.46882456043097753], [0.6530550771830022, 0.3469449228169978], [0.6442164548990452, 0.3557835451009547], [0.6235803948825377, 0.3764196051174623], [0.8704899900326659, 0.12951000996733408], [0.807866373952006, 0.19213362604799405], [0.6327053987709947, 0.36729460122900526], [0.4515194030747518, 0.5484805969252482], [0.8060357804943703, 0.19396421950562973], [0.3562067422757993, 0.6437932577242007], [0.7072049839548734, 0.2927950160451266], [0.4915337133759835, 0.5084662866240165], [0.6949888836575974, 0.30501111634240263], [0.6754793764850348, 0.32452062351496525], [0.38890371821348724, 0.6110962817865128], [0.35757631140716184, 0.6424236885928382], [0.3755626199079255, 0.6244373800920745], [0.5307286277948922, 0.4692713722051079], [0.8972797945797328, 0.10272020542026718], [0.5355181070144446, 0.4644818929855555], [0.48856287214192085, 0.5114371278580792], [0.19189985330811943, 0.8081001466918806], [0.41279826981719103, 0.587201730182809], [0.06830896111534634, 0.9316910388846537], [0.2015681219614388, 0.7984318780385612], [0.8219764165359467, 0.17802358346405334], [0.5316400736580243, 0.46835992634197565], [0.5489216185519914, 0.45107838144800866], [0.7347541743330636, 0.26524582566693644], [0.8713564138977402, 0.1286435861022598], [0.4224635257542151, 0.5775364742457849], [0.5100598761055899, 0.48994012389441005], [0.7584196195467965, 0.24158038045320354], [0.821604969217386, 0.17839503078261396], [0.7692659434453992, 0.2307340565546008], [0.303673024658342, 0.696326975341658], [0.3754963430024868, 0.6245036569975132], [0.34120948288338104, 0.658790517116619], [0.6266075747234949, 0.3733924252765051], [0.6350874462177293, 0.3649125537822707], [0.8145289077646835, 0.18547109223531658], [0.4474994524665128, 0.5525005475334872], [0.7104427796215884, 0.28955722037841153], [0.4976284637345776, 0.5023715362654224], [0.4005076839768643, 0.5994923160231357], [0.8863392048165049, 0.11366079518349509], [0.8407476057941692, 0.15925239420583076], [0.7404470700257144, 0.25955292997428553], [0.30430473109362677, 0.6956952689063732], [0.6401562268410999, 0.3598437731589001], [0.16630671319788237, 0.8336932868021176], [0.7577045220991552, 0.24229547790084485], [0.7067065093569624, 0.2932934906430376], [0.8477511600434278, 0.15224883995657226], [0.9503674591052372, 0.049632540894762774], [0.08531026045504975, 0.9146897395449503], [0.7864275325704143, 0.2135724674295857], [0.5257430174355904, 0.47425698256440957], [0.5594171395362295, 0.4405828604637705], [0.15597371839153373, 0.8440262816084663], [0.8048226594063337, 0.19517734059366632], [0.6648259817800046, 0.3351740182199953], [0.5765073524196426, 0.42349264758035743], [0.7732590841295564, 0.2267409158704437], [0.14476121617977666, 0.8552387838202233], [0.6692224262157155, 0.3307775737842845], [0.7845520851747435, 0.21544791482525646], [0.664680472992399, 0.3353195270076011], [0.7902212348216656, 0.20977876517833435], [0.38725676119981445, 0.6127432388001856], [0.2828410830755842, 0.7171589169244158], [0.48698590756535354, 0.5130140924346465], [0.8215408282339908, 0.17845917176600926], [0.20930533875102608, 0.7906946612489739], [0.5208383299281713, 0.47916167007182875], [0.8924593925747119, 0.10754060742528815], [0.4834945949437308, 0.5165054050562692], [0.6076715335362635, 0.39232846646373654], [0.5581160486738501, 0.4418839513261498], [0.5590129198923766, 0.44098708010762344], [0.8247523032180433, 0.17524769678195667], [0.17879031734219397, 0.821209682657806], [0.5247001862614277, 0.47529981373857233], [0.516319592550514, 0.4836804074494861], [0.35692631048167867, 0.6430736895183213], [0.8382899307975894, 0.1617100692024106], [0.3950736856446504, 0.6049263143553496], [0.4544935795357937, 0.5455064204642063], [0.627447876008764, 0.37255212399123605], [0.2931232358326342, 0.7068767641673658], [0.614399109150312, 0.385600890849688], [0.7634014919855902, 0.23659850801440982], [0.6981781997153373, 0.30182180028466266], [0.16868573344054727, 0.8313142665594527], [0.7406035391962267, 0.2593964608037733], [0.48572562092319216, 0.5142743790768078], [0.6265512670289577, 0.37344873297104236], [0.8806570112500023, 0.11934298874999773], [0.7598843802284172, 0.24011561977158277], [0.5142281069631826, 0.48577189303681745], [0.6997331220527927, 0.30026687794720736], [0.526685673286472, 0.4733143267135281], [0.294948898887862, 0.705051101112138], [0.911548479773462, 0.08845152022653799], [0.6232308989988066, 0.37676910100119343], [0.6334395247209719, 0.3665604752790281], [0.478366827241653, 0.521633172758347], [0.801753419846966, 0.198246580153034], [0.5358187262631072, 0.4641812737368928], [0.5512027023106847, 0.44879729768931526], [0.30981120961596353, 0.6901887903840365], [0.665673238889122, 0.334326761110878], [0.14964756516082278, 0.8503524348391772], [0.7966846268902327, 0.20331537310976736], [0.7857427704343878, 0.21425722956561222], [0.824819017694049, 0.17518098230595103], [0.2916367435044602, 0.7083632564955398], [0.7866162655904705, 0.2133837344095295], [0.7863518077554756, 0.21364819224452433], [0.3425742733386751, 0.6574257266613249], [0.4025536114938896, 0.5974463885061104]]}}