{"test": {"ids": ["421", "52", "429", "346", "119", "20", "341", "18", "706", "180", "637", "234", "589", "495", "345", "164", "500", "684", "643", "121", "233", "547", "484", "676", "608", "82", "75", "489", "446", "553", "542", "590", "369", "603", "7", "426", "546", "292", "273", "222", "260", "709", "39", "178", "150", "152", "217", "606", "359", "198", "662", "321", "410", "278", "237", "550", "91", "411", "555", "457", "54", "36", "145", "300", "638", "298", "252", "642", "323", "660", "21", "171", "315", "561", "45", "657", "600", "168", "14", "531", "15", "516", "30", "543", "192", "34", "144", "115", "228", "289", "669", "215", "615", "579", "108", "325", "636", "686", "468", "571", "680", "46", "371", "235", "522", "569", "398", "120", "570", "679", "594", "490", "517", "559", "26", "245", "575", "658", "328", "413", "644", "460", "231", "76", "441", "295", "472", "131", "179", "459", "533", "699", "74", "51", "507", "433", "432", "249", "264", "101", "373", "591", "81"], "labels": [0, 1, 0, 0, 1, 1, 0, 1, 0, 1, 0, 1, 1, 0, 0, 0, 1, 0, 0, 0, 1, 0, 0, 0, 0, 0, 1, 0, 0, 0, 1, 1, 0, 1, 0, 0, 0, 1, 1, 1, 0, 0, 1, 1, 0, 0, 1, 0, 0, 1, 0, 1, 0, 1, 1, 0, 0, 0, 1, 1, 1, 1, 0, 1, 0, 1, 1, 0, 1, 0, 1, 0, 1, 1, 1, 0, 1, 0, 0, 0, 0, 0, 1, 1, 1, 1, 0, 1, 1, 1, 0, 1, 0, 1, 1, 0, 1, 1, 1, 1, 0, 1, 0, 1, 0, 1, 0, 1, 1, 0, 1, 1, 0, 1, 1, 1, 1, 0, 0, 0, 0, 1, 1, 1, 0, 1, 1, 0, 1, 1, 0, 0, 1, 1, 1, 0, 0, 1, 1, 0, 0, 1, 0], "predicted_labels": [0, 1, 0, 0, 0, 1, 0, 1, 0, 1, 0, 0, 1, 0, 1, 0, 0, 0, 0, 0, 0, 1, 0, 0, 1, 1, 0, 0, 1, 0, 0, 1, 0, 1, 0, 1, 1, 1, 1, 0, 0, 0, 1, 1, 0, 0, 1, 0, 0, 0, 1, 1, 1, 1, 1, 1, 1, 0, 1, 1, 1, 0, 0, 1, 0, 1, 1, 0, 1, 0, 0, 0, 1, 1, 0, 1, 1, 0, 0, 1, 0, 0, 0, 0, 1, 0, 0, 0, 1, 1, 1, 1, 1, 1, 1, 0, 1, 1, 1, 1, 1, 0, 0, 1, 0, 1, 0, 0, 1, 0, 1, 0, 0, 1, 0, 1, 1, 0, 0, 0, 0, 1, 1, 1, 0, 0, 1, 1, 1, 1, 1, 0, 0, 1, 1, 0, 0, 0, 1, 0, 0, 0, 0], "confidence_scores": [[0.9999961975274516, 3.802472548438298e-06], [0.0022205597865888604, 0.9977794402134111], [0.9468396529910181, 0.05316034700898181], [0.999153503764627, 0.0008464962353730426], [0.9998608791030421, 0.00013912089695793957], [0.0008063472820628581, 0.9991936527179371], [0.9999993614084612, 6.385915388142238e-07], [6.9572511689486305e-06, 0.999993042748831], [0.997619643095964, 0.0023803569040360666], [2.0653622326283205e-05, 0.9999793463776737], [0.5807548044487201, 0.41924519555127987], [0.6872468643851173, 0.31275313561488266], [0.06693340768540113, 0.9330665923145989], [0.5145913027186702, 0.4854086972813298], [0.3335509320182668, 0.6664490679817332], [0.9999999717234642, 2.8276535763477987e-08], [0.9993117452040343, 0.0006882547959657292], [0.9517770071942233, 0.048222992805776674], [0.9968912872187008, 0.00310871278129921], [0.9999999997499686, 2.5003142332756917e-10], [0.9626557021361309, 0.03734429786386901], [0.050554714167911574, 0.9494452858320884], [0.9999858381529728, 1.4161847027145006e-05], [0.9999999364447836, 6.355521639032777e-08], [5.443530756177317e-05, 0.9999455646924382], [0.02834343244840931, 0.9716565675515907], [0.9999165385239266, 8.346147607341853e-05], [0.8693629122668212, 0.1306370877331789], [0.0006128985353587302, 0.9993871014646413], [0.9851735598627758, 0.014826440137224279], [0.9999995722713909, 4.277286090846414e-07], [0.07068238575700125, 0.9293176142429987], [0.9999999227547144, 7.724528557959445e-08], [4.394271828855878e-06, 0.9999956057281711], [0.9999999926397631, 7.360236819324102e-09], [0.4201605900424411, 0.5798394099575589], [0.10877377995872972, 0.8912262200412703], [2.5156321470376497e-11, 0.9999999999748437], [6.820743969626619e-11, 0.9999999999317926], [0.9995756900334685, 0.0004243099665315631], [0.9999999977834637, 2.2165362864039424e-09], [0.999999705244725, 2.94755274944465e-07], [2.4195865861997845e-06, 0.9999975804134138], [0.00013320354110935018, 0.9998667964588906], [0.9999970711888525, 2.9288111474424774e-06], [0.9999999998977923, 1.0220767203401859e-10], [6.895580103583043e-07, 0.9999993104419896], [0.9998781897940632, 0.00012181020593683799], [0.9993681429692208, 0.0006318570307792034], [0.9999845294433785, 1.5470556621559323e-05], [0.2861178522616944, 0.7138821477383056], [2.4427624367717726e-09, 0.9999999975572376], [0.00012489880459209957, 0.9998751011954079], [1.1733328269536436e-05, 0.9999882666717305], [0.0005016666817589943, 0.999498333318241], [0.0010638459913997478, 0.9989361540086003], [9.449100413227995e-08, 0.9999999055089959], [0.8079659212722745, 0.19203407872772554], [0.00031508147443715107, 0.9996849185255628], [1.7424027243251317e-06, 0.9999982575972757], [0.001632526574929405, 0.9983674734250706], [0.9999979086947595, 2.0913052405210986e-06], [0.9999999958029068, 4.197093214685355e-09], [7.234990951898723e-07, 0.9999992765009048], [0.9999999859916002, 1.4008399807665763e-08], [0.030598647537686485, 0.9694013524623135], [0.07758956006964413, 0.9224104399303559], [0.9999999131802897, 8.681971026122385e-08], [3.9944196028596224e-07, 0.9999996005580397], [0.9908233757080199, 0.00917662429198007], [0.9999871387206317, 1.2861279368275517e-05], [0.9999999765317499, 2.3468250112777172e-08], [0.00031239855136955264, 0.9996876014486304], [0.003988557624394984, 0.996011442375605], [0.5441348103149175, 0.4558651896850825], [0.02023995427005043, 0.9797600457299496], [0.00013077485268997435, 0.99986922514731], [0.9998908641585678, 0.00010913584143229448], [0.9999995189124729, 4.810875271256542e-07], [1.7715394202255652e-05, 0.9999822846057977], [0.9975099033488716, 0.002490096651128421], [0.9999753323392961, 2.4667660703867498e-05], [0.9998375352538535, 0.0001624647461464245], [0.9999996149123875, 3.8508761245387946e-07], [0.02429169119557384, 0.9757083088044262], [0.6247719052947351, 0.37522809470526486], [0.9999997046129764, 2.953870236501376e-07], [0.999419951926482, 0.0005800480735179323], [0.26000751291402135, 0.7399924870859786], [1.3730307360293459e-05, 0.9999862696926397], [0.18400633660130228, 0.8159936633986977], [1.255675795341915e-06, 0.9999987443242047], [1.060729306390229e-06, 0.9999989392706936], [4.54777326908129e-09, 0.9999999954522267], [0.00010703057155836415, 0.9998929694284416], [0.9953751744038912, 0.004624825596108769], [0.005854068002247748, 0.9941459319977523], [0.3607657093041978, 0.6392342906958022], [0.0003297113156881526, 0.9996702886843118], [5.855074576954777e-06, 0.999994144925423], [1.9089707090191865e-05, 0.9999809102929098], [0.6731893992666267, 0.32681060073337326], [0.9867432686463652, 0.01325673135363484], [0.001794192145874396, 0.9982058078541256], [0.9969211604272397, 0.0030788395727603017], [0.3732556336285324, 0.6267443663714676], [0.9551967027511543, 0.04480329724884573], [0.9999956511571532, 4.348842846849466e-06], [1.6497914145929826e-12, 0.9999999999983502], [0.9999392901668556, 6.070983314438962e-05], [1.3673539710490346e-05, 0.9999863264602895], [0.9987963477766213, 0.0012036522233787026], [0.9999933895492628, 6.610450737241362e-06], [0.0013157867475797058, 0.9986842132524203], [0.9960042861122712, 0.003995713887728752], [0.3742165611819376, 0.6257834388180624], [0.43604292237310815, 0.5639570776268918], [0.9997428322367011, 0.0002571677632988881], [0.9452950824057683, 0.05470491759423173], [0.9999964055144149, 3.594485585020141e-06], [0.9999996354413766, 3.6455862343556166e-07], [0.00010936757871582437, 0.9998906324212842], [0.2860487397476609, 0.7139512602523391], [0.00020639907390518353, 0.9997936009260948], [0.9826566172876153, 0.0173433827123847], [0.7277883067130613, 0.27221169328693867], [0.2834379566081435, 0.7165620433918565], [0.004770306574526928, 0.9952296934254731], [0.004073645443188778, 0.9959263545568112], [0.021586482567542253, 0.9784135174324577], [0.006929258321812792, 0.9930707416781872], [0.9999982537172839, 1.7462827160688937e-06], [0.9984318290290498, 0.0015681709709502096], [1.3590415681719037e-08, 0.9999999864095843], [0.009562090082383512, 0.9904379099176165], [0.9965177348060137, 0.0034822651939863335], [0.9998864149742365, 