{"test": {"ids": ["249", "239", "404", "449", "359", "622", "98", "299", "429", "695", "667", "103", "439", "26", "210", "327", "44", "180", "446", "557", "453", "191", "612", "135", "157", "543", "383", "20", "264", "166", "681", "644", "624", "80", "102", "379", "114", "550", "589", "95", "574", "12", "276", "243", "83", "335", "1", "13", "254", "60", "505", "326", "171", "246", "620", "224", "412", "259", "81", "301", "403", "454", "683", "137", "402", "64", "601", "330", "58", "606", "273", "112", "72", "398", "665", "545", "129", "316", "708", "82", "478", "283", "411", "190", "155", "623", "111", "160", "659", "272", "593", "198", "361", "320", "498", "150", "512", "125", "181", "697", "565", "696", "653", "284", "331", "431", "607", "517", "490", "518", "322", "204", "371", "19", "385", "560", "532", "421", "185", "546", "432", "647", "654", "611", "63", "699", "710", "680", "496", "168", "535", "617", "594", "295", "53", "501", "225", "31", "370"], "labels": [1, 1, 0, 0, 0, 1, 0, 1, 0, 0, 0, 0, 0, 1, 1, 0, 1, 1, 0, 1, 1, 1, 0, 0, 0, 1, 1, 1, 1, 0, 0, 0, 1, 1, 0, 1, 1, 0, 1, 0, 1, 0, 1, 1, 0, 0, 0, 0, 1, 1, 1, 0, 0, 0, 0, 1, 0, 0, 0, 1, 0, 1, 0, 0, 0, 1, 1, 0, 1, 0, 1, 1, 1, 0, 0, 0, 0, 1, 0, 0, 1, 1, 0, 1, 0, 1, 1, 0, 0, 1, 1, 1, 0, 1, 1, 0, 1, 0, 1, 0, 1, 0, 0, 1, 0, 0, 0, 0, 1, 0, 1, 1, 0, 1, 0, 1, 0, 0, 1, 0, 0, 0, 0, 0, 1, 0, 0, 0, 0, 0, 0, 0, 1, 1, 1, 1, 1, 1, 0], "predicted_labels": [0, 1, 0, 1, 0, 0, 0, 1, 0, 1, 0, 1, 0, 0, 1, 1, 0, 0, 0, 1, 1, 1, 0, 1, 1, 0, 0, 0, 0, 0, 1, 0, 0, 0, 0, 0, 1, 1, 1, 1, 0, 0, 1, 0, 1, 1, 1, 0, 1, 0, 0, 0, 0, 1, 0, 1, 1, 0, 0, 1, 1, 0, 0, 0, 0, 1, 0, 0, 1, 1, 0, 1, 0, 0, 0, 0, 0, 1, 0, 0, 0, 1, 0, 0, 0, 0, 0, 1, 0, 1, 0, 0, 1, 0, 1, 0, 0, 0, 1, 0, 1, 0, 0, 0, 0, 0, 0, 1, 0, 0, 0, 0, 0, 0, 1, 1, 1, 0, 1, 1, 0, 0, 0, 1, 0, 0, 0, 0, 1, 0, 0, 0, 0, 1, 0, 1, 0, 0, 1], "confidence_scores": [[0.5338568542568543, 0.46614314574314575], [0.4410929958929958, 0.5589070041070041], [0.5527194361194362, 0.44728056388056386], [0.4853484626484627, 0.5146515373515373], [0.5662986235986236, 0.43370137640137646], [0.618764158064158, 0.3812358419358419], [0.5442972083472083, 0.45570279165279165], [0.429507597957598, 0.5704924020424019], [0.5739668109668113, 0.42603318903318893], [0.4483950577200576, 0.5516049422799423], [0.55676332001332, 0.4432366799866802], [0.45274029859029846, 0.5472597014097018], [0.5146633311133312, 0.48533666888666893], [0.5789241813741811, 0.42107581862581855], [0.42448303918303926, 0.5755169608169607], [0.4295554057054056, 0.5704445942945942], [0.5249175602175603, 0.47508243978243986], [0.5146596403596404, 0.4853403596403597], [0.5273192141192138, 0.4726807858807861], [0.48594635364635347, 0.5140536463536465], [0.48405404040404065, 0.5159459595959593], [0.4151862692862694, 0.5848137307137307], [0.5016145965145965, 0.49838540348540344], [0.45570822510822495, 0.5442917748917752], [0.44484374514374525, 0.555156254856255], [0.6306259351759352, 0.3693740648240647], [0.5693736041736042, 0.43062639582639584], [0.5896189532689532, 0.4103810467310469], [0.6037276556776557, 0.3962723443223442], [0.6203544733044734, 0.3796455266955268], [0.4888260350760351, 0.5111739649239649], [0.5299775613275614, 0.4700224386724386], [0.5092523865023866, 0.4907476134976133], [0.5899601065601066, 0.4100398934398934], [0.5801607115107114, 0.4198392884892884], [0.5140770063270064, 0.4859229936729937], [0.40541154401154433, 0.5945884559884561], [0.40682914862914854, 0.5931708513708516], [0.4730922965922965, 0.5269077034077034], [0.46468155178155157, 0.5353184482184484], [0.6142080808080804, 0.38579191919191913], [0.5627822344322345, 0.4372177655677656], [0.42148956043956026, 0.5785104395604398], [0.5411222610722608, 0.4588777389277392], [0.4616039904539905, 0.5383960095460095], [0.37624474969474964, 0.6237552503052504], [0.47180531135531134, 0.5281946886446883], [0.5625927072927074, 0.4374072927072926], [0.3791468808968809, 0.6208531191031189], [0.5596675546675546, 0.44033244533244537], [0.5230026196026194, 0.4769973803973806], [0.5566692085692087, 0.44333079143079146], [0.5398730158730158, 0.4601269841269843], [0.41329676434676427, 0.5867032356532353], [0.5526912198912199, 0.44730878010877995], [0.45196433011433007, 0.54803566988567], [0.4808636363636366, 0.5191363636363635], [0.5614213841713842, 0.4385786158286158], [0.6275695526695526, 0.37243044733044733], [0.497470313020313, 0.5025296869796869], [0.4575463258963259, 0.5424536741036743], [0.5148782606282606, 0.4851217393717394], [0.5775930513930514, 0.4224069486069486], [0.5021326395826395, 0.49786736041736035], [0.5790711233211236, 0.4209288766788766], [0.4774314352314352, 0.5225685647685647], [0.5065350149850151, 0.4934649850149849], [0.5129252969252969, 0.4870747030747031], [0.49196904206904185, 0.5080309579309581], [0.493192945942946, 0.5068070540570541], [0.5508938672438675, 0.44910613275613287], [0.46441288711288714, 0.5355871128871128], [0.5907659590409592, 0.4092340409590411], [0.6088686369186374, 0.391131363081363], [0.5526494283494281, 0.4473505716505718], [0.5398616938616936, 0.4601383061383062], [0.5606880175380174, 0.43931198246198255], [0.4687657842157842, 0.5312342157842154], [0.5842352092352093, 0.4157647907647906], [0.5693667998668003, 0.4306332001332001], [0.6024283605283606, 0.3975716394716394], [0.48128857808857783, 0.518711421911422], [0.5197982406482408, 0.48020175935175935], [0.5848608003108005, 0.41513919968919977], [0.5767885614385617, 0.42321143856143856], [0.5158672161172163, 0.48413278388278375], [0.5552890054390056, 0.44471099456099455], [0.48149518814518805, 0.5185048118548119], [0.6074930014430013, 0.39250699855699855], [0.44139082584082573, 0.5586091741591743], [0.509555192030192, 0.49044480796980805], [0.5871754190254189, 0.4128245809745812], [0.4341674492174493, 0.5658325507825508], [0.6057327006327008, 0.39426729936729926], [0.4406085525585526, 0.5593914474414473], [0.5454222943722943, 0.45457770562770583], [0.5461887390387391, 0.4538112609612607], [0.6563494227994229, 0.34365057720057746], [0.4070027250527252, 0.5929972749472752], [0.5323524808524809, 0.4676475191475192], [0.45104300699300715, 0.5489569930069931], [0.5154204850704851, 0.4845795149295149], [0.5809082722832724, 0.41909172771672765], [0.5124940836940838, 0.4875059163059161], [0.5750348484848483, 0.42496515151515174], [0.5875818903318903, 0.41241810966810954], [0.5580068542568543, 0.4419931457431456], [0.4934133533133532, 0.5065866466866469], [0.5668657731157735, 0.43313422688422665], [0.6070865689865693, 0.3929134310134309], [0.5028875180375182, 0.4971124819624818], [0.5748332778332779, 0.4251667221667222], [0.5906868520368522, 0.409313147963148], [0.6187645465645464, 0.3812354534354535], [0.4897772172272173, 0.5102227827727827], [0.4954378232878233, 0.5045621767121766], [0.40593927183927164, 0.594060728160728], [0.6000160894660896, 0.39998391053391064], [0.45794837939837946, 0.5420516206016205], [0.45041647241647226, 0.5495835275835275], [0.5407688311688311, 0.4592311688311689], [0.5851887501387502, 0.41481124986124973], [0.5550703102453103, 0.44492968975468966], [0.4434511211011214, 0.5565488788988788], [0.5183778721278722, 0.48162212787212777], [0.5312914141414142, 0.4687085858585858], [0.514822632922633, 0.48517736707736714], [0.5102989621489619, 0.48970103785103813], [0.4940612276612276, 0.5059387723387724], [0.5151616383616383, 0.4848383616383617], [0.5845893328893331, 0.4154106671106672], [0.5911984570984573, 0.4088015429015428], [0.6468994671994672, 0.35310053280053266], [0.4777423132423134, 0.5222576867576866], [0.5384137251637252, 0.4615862748362746], [0.4585103923853924, 0.5414896076146075], [0.516455710955711, 0.483544289044289], [0.613721411921412, 0.386278588078588], [0.4739033910533909, 0.5260966089466091]]},