{"test": {"ids": ["152", "186", "55", "444", "453", "407", "70", "22", "581", "686", "93", "33", "399", "144", "624", "691", "249", "629", "250", "598", "23", "413", "493", "47", "85", "112", "585", "236", "312", "518", "331", "50", "252", "656", "645", "326", "3", "301", "39", "560", "603", "67", "338", "327", "69", "119", "611", "710", "362", "201", "348", "253", "361", "473", "66", "692", "420", "422", "597", "341", "307", "383", "507", "210", "213", "488", "318", "487", "443", "79", "204", "240", "681", "506", "406", "360", "115", "160", "687", "235", "265", "57", "132", "216", "94", "659", "438", "346", "660", "35", "556", "539", "596", "412", "147", "384", "231", "44", "87", "165", "281", "566", "380", "323", "65", "233", "521", "618", "639", "628", "30", "304", "669", "53", "280", "484", "127", "220", "97", "363", "82", "389", "562", "461", "303", "567", "423", "261", "145", "92", "684", "452", "170", "324", "464", "541", "259", "392", "385", "107", "675"], "labels": [0, 1, 1, 0, 1, 0, 1, 1, 1, 1, 0, 1, 0, 0, 1, 0, 1, 1, 1, 1, 1, 0, 0, 1, 0, 1, 1, 1, 1, 0, 0, 1, 1, 0, 0, 0, 0, 1, 1, 1, 1, 1, 0, 0, 1, 1, 0, 0, 0, 1, 0, 1, 0, 1, 1, 0, 0, 0, 1, 0, 1, 1, 1, 1, 1, 0, 1, 0, 0, 1, 1, 1, 0, 1, 0, 0, 1, 0, 1, 1, 1, 1, 0, 1, 0, 0, 0, 0, 0, 1, 1, 0, 1, 0, 0, 1, 1, 1, 0, 0, 1, 1, 1, 1, 1, 1, 0, 0, 0, 1, 1, 1, 0, 1, 1, 0, 0, 1, 0, 0, 0, 0, 1, 1, 1, 1, 0, 0, 0, 0, 0, 1, 0, 0, 1, 1, 0, 0, 0, 0, 0], "predicted_labels": [0, 1, 1, 1, 1, 0, 0, 1, 1, 0, 0, 1, 0, 0, 0, 0, 0, 0, 0, 1, 0, 0, 0, 0, 0, 1, 1, 1, 0, 0, 0, 0, 0, 0, 0, 1, 0, 1, 1, 0, 0, 0, 0, 1, 0, 1, 1, 0, 0, 1, 0, 1, 0, 1, 1, 0, 1, 0, 1, 0, 0, 1, 0, 1, 1, 1, 1, 1, 1, 0, 1, 1, 1, 0, 1, 0, 0, 0, 0, 1, 0, 0, 0, 1, 1, 0, 0, 1, 1, 1, 0, 1, 1, 0, 1, 0, 1, 0, 0, 0, 0, 1, 0, 1, 0, 1, 0, 1, 1, 1, 0, 0, 1, 0, 0, 0, 0, 1, 0, 0, 0, 1, 0, 1, 0, 0, 0, 0, 0, 0, 0, 1, 0, 0, 1, 1, 1, 0, 0, 0, 1], "confidence_scores": [[0.7194991240931095, 0.28050087590689055], [0.45443801506673265, 0.5455619849332674], [0.46101657286995323, 0.5389834271300468], [0.2586851475384212, 0.7413148524615788], [0.37818196821563843, 0.6218180317843616], [0.5606203598248344, 0.4393796401751656], [0.6333030566216096, 0.3666969433783905], [0.499396063809855, 0.500603936190145], [0.3948169290026641, 0.6051830709973359], [0.594175766053548, 0.405824233946452], [0.5294470090347323, 0.47055299096526776], [0.38345031526618056, 0.6165496847338194], [0.5020736578908573, 0.49792634210914266], [0.526006445453137, 0.47399355454686304], [0.5220006371098018, 0.47799936289019823], [0.7265607437964543, 0.27343925620354564], [0.641739012935149, 0.35826098706485093], [0.5890075590949841, 0.4109924409050159], [0.616087222365717, 0.383912777634283], [0.2724543886446533, 0.7275456113553467], [0.5016696575840834, 0.49833034241591656], [0.7537735211604533, 0.24622647883954668], [0.6585089470668142, 0.34149105293318577], [0.5666030819684511, 0.43339691803154895], [0.7358401628912079, 0.26415983710879215], [0.31962169859735945, 0.6803783014026406], [0.4831569863621572, 0.5168430136378428], [0.3653241156004906, 0.6346758843995094], [0.6434859324241737, 0.3565140675758263], [0.6850436512550919, 0.3149563487449081], [0.6754594861970786, 0.3245405138029213], [0.5115824698790539, 0.4884175301209462], [0.6160713329261793, 0.38392866707382073], [0.5921492118561161, 0.40785078814388387], [0.7378421867772742, 0.26215781322272574], [0.4363890270237458, 0.5636109729762542], [0.6195498699398135, 0.38045013006018646], [0.4678956131948593, 0.5321043868051407], [0.21965354784336133, 0.7803464521566387], [0.6412378386393699, 0.3587621613606301], [0.5574258322472855, 0.4425741677527145], [0.5407326492863359, 0.4592673507136641], [0.8031473667304675, 0.19685263326953248], [0.2658767632875514, 0.7341232367124486], [0.7943957715856065, 0.20560422841439346], [0.46788975989830894, 0.5321102401016911], [0.30226083414248317, 0.6977391658575168], [0.6487083595512755, 0.3512916404487245], [0.6920222302930544, 0.30797776970694557], [0.2761901956421652, 0.7238098043578348], [0.6541570865779214, 0.34584291342207857], [0.49624786382469044, 0.5037521361753096], [0.596950431199289, 0.4030495688007109], [0.4689693532985475, 0.5310306467014525], [0.4961096438254363, 0.5038903561745637], [0.6561633350633639, 0.3438366649366361], [0.48463637409259597, 0.515363625907404], [0.6107507126923093, 0.38924928730769076], [0.45059508038360574, 0.5494049196163943], [0.7213757832996162, 0.2786242167003838], [0.8084165336957257, 0.19158346630427428], [0.2965922296311372, 0.7034077703688628], [0.5083559216644294, 0.49164407833557056], [0.419515071298167, 0.580484928701833], [0.49706471313177636, 0.5029352868682236], [0.45986563285594584, 0.5401343671440542], [0.4822895326438872, 0.5177104673561128], [0.2447881790203087, 0.7552118209796913], [0.49064148534642105, 0.509358514653579], [0.7615043561084676, 0.23849564389153238], [0.4498069486617371, 0.5501930513382629], [0.3892033866932617, 0.6107966133067383], [0.47590162494791877, 0.5240983750520812], [0.5012617436791453, 0.4987382563208546], [0.4833810090842139, 0.5166189909157861], [0.7036600795812575, 0.2963399204187424], [0.5203131029053705, 0.47968689709462947], [0.5976262117524023, 0.40237378824759773], [0.5169580002743435, 0.4830419997256565], [0.27917496966195643, 0.7208250303380436], [0.679635520422192, 0.32036447957780806], [0.6302969386780435, 0.36970306132195646], [0.7044984836017817, 0.2955015163982183], [0.397007512553634, 0.602992487446366], [0.3892832691114616, 0.6107167308885384], [0.7267876631326933, 0.27321233686730667], [0.5985052409001157, 0.40149475909988436], [0.482487146962034, 0.517512853037966], [0.42469686987531075, 0.5753031301246893], [0.41217689405059055, 0.5878231059494095], [0.5357044095716562, 0.4642955904283438], [0.34908375402503555, 0.6509162459749644], [0.41792472014423443, 0.5820752798557656], [0.5258452042571471, 0.47415479574285296], [0.31080897300169485, 0.6891910269983051], [0.6961821153067631, 0.30381788469323684], [0.4600198796838493, 0.5399801203161507], [0.6485690246041736, 0.35143097539582635], [0.7044788421656838, 0.29552115783431615], [0.7270050175679708, 0.2729949824320292], [0.5174122039548259, 0.4825877960451741], [0.4866727330575872, 0.5133272669424128], [0.7798376387464369, 0.22016236125356317], [0.40709203951599016, 0.5929079604840098], [0.558918177507364, 0.441081822492636], [0.326838925609524, 0.673161074390476], [0.7086332680826277, 0.2913667319173723], [0.24450121969411498, 0.755498780305885], [0.3658787818286956, 0.6341212181713044], [0.42780034656493093, 0.5721996534350691], [0.5486226996749397, 0.45137730032506024], [0.5858048314877853, 0.41419516851221466], [0.44905468515952873, 0.5509453148404713], [0.7235070186970309, 0.2764929813029691], [0.5126399597012494, 0.4873600402987505], [0.5020771896976972, 0.4979228103023028], [0.5778899421907249, 0.42211005780927513], [0.27832247450483416, 0.7216775254951658], [0.5700303467449206, 0.42996965325507946], [0.5801166079823373, 0.41988339201766267], [0.5480636542518305, 0.4519363457481695], [0.4898035924693852, 0.5101964075306148], [0.5197686590925219, 0.4802313409074781], [0.2493326804267334, 0.7506673195732666], [0.5338385190739612, 0.4661614809260388], [0.5119526782367008, 0.4880473217632993], [0.5686052267855506, 0.43139477321444936], [0.7898468416176486, 0.21015315838235135], [0.7662021453067251, 0.23379785469327488], [0.6779863264112505, 0.32201367358874955], [0.6457119038566367, 0.3542880961433633], [0.1345665090747976, 0.8654334909252024], [0.7296128792330767, 0.27038712076692334], [0.7149245391419691, 0.2850754608580309], [0.4871822724793824, 0.5128177275206176], [0.4833063025266495, 0.5166936974733505], [0.3463773611777041, 0.6536226388222959], [0.6073871069514205, 0.39261289304857955], [0.5132464679726585, 0.48675353202734156], [0.5044646690132284, 0.4955353309867716], [0.28276214854792714, 0.7172378514520729]]},