{"test": {"ids": ["105", "11", "203", "363", "442", "428", "148", "358", "403", "380", "5", "523", "95", "681", "70", "364", "684", "208", "308", "57", "13", "49", "279", "432", "542", "91", "483", "365", "146", "414", "434", "435", "653", "6", "608", "506", "305", "549", "626", "672", "666", "1", "643", "138", "332", "520", "325", "477", "200", "609", "52", "629", "268", "133", "90", "53", "87", "546", "293", "226", "357", "186", "149", "267", "210", "701", "176", "535", "197", "569", "116", "60", "595", "246", "462", "460", "426", "41", "678", "249", "554", "67", "525", "14", "377", "129", "508", "443", "223", "522", "306", "422", "351", "698", "479", "495", "652", "630", "189", "662", "638", "509", "88", "611", "392", "43", "646", "661", "649", "46", "510", "423", "117", "409", "324", "163", "517", "221", "454", "371", "696", "465", "550", "631", "328", "278", "263", "51", "690", "529", "430", "127", "538", "492", "644", "79", "703", "619", "102", "396", "96", "405", "484"], "labels": [1, 1, 0, 0, 1, 1, 1, 0, 1, 1, 1, 1, 1, 1, 0, 0, 1, 0, 0, 1, 1, 1, 0, 1, 1, 1, 0, 0, 1, 1, 1, 1, 1, 1, 0, 0, 0, 1, 1, 1, 1, 0, 1, 1, 0, 1, 0, 0, 0, 0, 1, 1, 0, 1, 1, 1, 0, 1, 0, 0, 0, 0, 1, 0, 0, 1, 0, 1, 0, 0, 1, 0, 0, 0, 0, 0, 1, 1, 1, 1, 1, 0, 1, 1, 0, 1, 0, 1, 0, 1, 0, 1, 0, 1, 0, 0, 1, 1, 0, 1, 1, 0, 1, 0, 1, 1, 1, 1, 1, 1, 0, 1, 1, 1, 0, 1, 1, 0, 0, 0, 1, 0, 1, 1, 0, 0, 0, 1, 1, 1, 1, 1, 1, 0, 1, 0, 1, 0, 1, 1, 1, 1, 0], "predicted_labels": [0, 0, 0, 0, 0, 1, 1, 1, 1, 0, 1, 1, 1, 0, 0, 0, 1, 0, 0, 0, 0, 0, 0, 0, 1, 0, 0, 1, 1, 1, 1, 0, 1, 0, 0, 0, 0, 1, 1, 1, 0, 0, 0, 1, 0, 0, 0, 0, 0, 1, 0, 1, 0, 0, 0, 0, 0, 1, 0, 0, 0, 0, 1, 0, 0, 0, 0, 1, 0, 0, 1, 1, 0, 0, 0, 0, 1, 0, 1, 0, 0, 1, 0, 0, 0, 1, 0, 1, 0, 0, 0, 1, 1, 1, 1, 1, 1, 1, 0, 0, 0, 0, 1, 0, 1, 0, 0, 1, 1, 1, 1, 1, 0, 1, 0, 1, 0, 1, 0, 0, 0, 0, 0, 0, 0, 0, 0, 1, 0, 0, 1, 1, 1, 0, 0, 1, 0, 0, 1, 1, 0, 1, 1], "confidence_scores": [[0.7508677789840792, 0.24913222101592075], [0.7048237053958935, 0.2951762946041066], [0.6540102850943799, 0.3459897149056201], [0.6916048863684101, 0.30839511363158995], [0.6418279502733961, 0.3581720497266038], [0.4860152761020726, 0.5139847238979274], [0.2589455603026375, 0.7410544396973625], [0.4759505031425699, 0.5240494968574301], [0.49582368412756406, 0.5041763158724359], [0.7630490438268352, 0.23695095617316472], [0.4395529158581416, 0.5604470841418584], [0.49587078708634447, 0.5041292129136555], [0.4687787655280201, 0.5312212344719799], [0.579585142078692, 0.42041485792130795], [0.7982057836173854, 0.2017942163826146], [0.5202387981217691, 0.47976120187823085], [0.39557897501845796, 0.604421024981542], [0.7135464731290242, 0.28645352687097575], [0.7161146354070065, 0.2838853645929935], [0.6339967719823539, 0.36600322801764607], [0.5721623504085644, 0.4278376495914356], [0.7921055841821996, 0.20789441581780047], [0.7170543067830392, 0.28294569321696084], [0.5864807058077699, 0.41351929419223005], [0.4446748796493387, 0.5553251203506613], [0.6533819942366046, 0.34661800576339546], [0.707680079336723, 0.29231992066327706], [0.46990836618372833, 0.5300916338162717], [0.3383849568951719, 0.6616150431048281], [0.44242478648698114, 0.5575752135130189], [0.3070216853986273, 0.6929783146013727], [0.629653943280607, 0.3703460567193931], [0.23076273691962512, 0.7692372630803749], [0.5408573407538513, 0.4591426592461487], [0.5944909057131462, 0.4055090942868538], [0.5821169234423125, 0.41788307655768747], [0.557708112497882, 0.442291887502118], [0.1756116210573362, 0.8243883789426638], [0.28972499490219417, 0.7102750050978058], [0.4816425980385808, 0.5183574019614192], [0.5198774442541849, 0.480122555745815], [0.5897000996724368, 0.41029990032756325], [0.5196110040185321, 0.4803889959814679], [0.4346537831941888, 0.5653462168058112], [0.7403987343697029, 0.25960126563029706], [0.5936296764170885, 0.4063703235829114], [0.7516453415244263, 0.24835465847557373], [0.5863156836676959, 0.41368431633230407], [0.7859612845474822, 0.2140387154525178], [0.4943819305731372, 0.5056180694268628], [0.61536365606883, 0.38463634393116997], [0.39197344384257815, 0.6080265561574218], [0.6864893324690802, 0.3135106675309199], [0.5834940007464375, 0.4165059992535625], [0.565758003893092, 0.43424199610690795], [0.5379244293767083, 0.4620755706232917], [0.5315049832884308, 0.46849501671156923], [0.34387784306327474, 0.6561221569367253], [0.7015387087192075, 0.2984612912807925], [0.732841216016672, 0.26715878398332804], [0.6595831517198083, 0.3404168482801917], [0.7889883969933362, 0.21101160300666372], [0.37639689401261067, 0.6236031059873893], [0.546660652153181, 0.45333934784681895], [0.7691707449302332, 0.2308292550697668], [0.5055550357743159, 0.49444496422568407], [0.687767240116709, 0.31223275988329097], [0.3565725990484835, 0.6434274009515165], [0.7190727305732061, 0.28092726942679397], [0.6936220633736078, 0.30637793662639223], [0.4341434283422173, 0.5658565716577827], [0.41125976877251946, 0.5887402312274805], [0.6365123037491391, 0.3634876962508609], [0.6072754483389385, 0.39272455166106146], [0.6413200915186065, 0.35867990848139353], [0.7430240674641208, 0.25697593253587925], [0.4970521418352636, 0.5029478581647364], [0.5765739893790427, 0.4234260106209573], [0.24949519880695703, 0.750504801193043], [0.7021754526065638, 0.29782454739343617], [0.5381359869534743, 0.46186401304652575], [0.3985970324318612, 0.6014029675681388], [0.7274280181215895, 0.2725719818784104], [0.5749871491248316, 0.4250128508751684], [0.5320258451462364, 0.4679741548537636], [0.2925036333246156, 0.7074963666753844], [0.7118838499532234, 0.28811615004677654], [0.41468909448586166, 0.5853109055141383], [0.8010091795819245, 0.19899082041807553], [0.7171018626727879, 0.2828981373272122], [0.6105867331616649, 0.3894132668383351], [0.47583091845363756, 0.5241690815463624], [0.472089018943194, 0.527910981056806], [0.44423230514004086, 0.5557676948599591], [0.4823130092373702, 0.5176869907626298], [0.28886843662462225, 0.7111315633753778], [0.37121545226585617, 0.6287845477341438], [0.4817877776847359, 0.5182122223152641], [0.6547632833783636, 0.34523671662163635], [0.611069578153888, 0.388930421846112], [0.6101438771199561, 0.3898561228800439], [0.7706434704408189, 0.22935652955918112], [0.32980133513192433, 0.6701986648680757], [0.7375217520670139, 0.2624782479329861], [0.3695757397255267, 0.6304242602744733], [0.7358571439167492, 0.2641428560832508], [0.6289572789655622, 0.37104272103443775], [0.41751060978296584, 0.5824893902170342], [0.35710354154892165, 0.6428964584510783], [0.3947187610525197, 0.6052812389474803], [0.4878521088294906, 0.5121478911705094], [0.43069514964170974, 0.5693048503582903], [0.7430090769373305, 0.2569909230626695], [0.4404986331324381, 0.5595013668675619], [0.6560609509343391, 0.3439390490656609], [0.32309368047877185, 0.6769063195212282], [0.527005800382466, 0.472994199617534], [0.4312224109863362, 0.5687775890136638], [0.8766767213096552, 0.12332327869034479], [0.7041077716809088, 0.2958922283190912], [0.6357331056523075, 0.36426689434769255], [0.7539608307040558, 0.24603916929594416], [0.6799116858043986, 0.32008831419560135], [0.8030242750673133, 0.1969757249326866], [0.7265628989883433, 0.2734371010116567], [0.6363750878552438, 0.36362491214475623], [0.5134335618741495, 0.4865664381258506], [0.4847534452960236, 0.5152465547039764], [0.5071254295421215, 0.49287457045787847], [0.5518584286623484, 0.44814157133765165], [0.4196755080627609, 0.5803244919372391], [0.32947720534333746, 0.6705227946566625], [0.3074241299850645, 0.6925758700149355], [0.6154770577244741, 0.38452294227552586], [0.66618463385007, 0.33381536614993], [0.3107492121658566, 0.6892507878341434], [0.5848069742607387, 0.41519302573926137], [0.5368709244319292, 0.46312907556807076], [0.47173890708525645, 0.5282610929147435], [0.4343503324619514, 0.5656496675380486], [0.5646371123772509, 0.43536288762274905], [0.4234623633926432, 0.5765376366073568], [0.43116464662038, 0.56883535337962]]},