{"test": {"ids": ["221", "645", "557", "267", "479", "48", "219", "701", "42", "270", "264", "262", "598", "670", "581", "316", "374", "123", "41", "552", "83", "686", "625", "642", "597", "12", "310", "69", "229", "47", "708", "295", "52", "150", "55", "18", "530", "13", "16", "589", "211", "654", "562", "67", "341", "246", "8", "595", "166", "31", "663", "586", "450", "548", "163", "407", "126", "301", "250", "256", "266", "397", "588", "400", "362", "309", "680", "65", "289", "59", "459", "161", "353", "151", "328", "113", "312", "390", "624", "528", "464", "433", "659", "137", "317", "516", "330", "141", "313", "702", "60", "710", "323", "385", "234", "368", "570", "492", "235", "269", "386", "84", "486", "590", "628", "157", "421", "408", "519", "634", "128", "307", "395", "185", "20", "466", "661", "369", "284", "388", "554", "303", "666", "573", "633", "470", "198", "176", "145", "535", "614", "423", "493", "56", "618", "537", "210", "485", "71", "627", "77", "347", "617"], "labels": [0, 1, 0, 0, 0, 0, 0, 1, 0, 0, 0, 0, 0, 1, 0, 0, 1, 1, 0, 0, 1, 0, 1, 1, 0, 1, 0, 0, 0, 0, 1, 0, 0, 1, 0, 0, 0, 1, 1, 0, 0, 1, 0, 0, 1, 0, 1, 0, 1, 0, 1, 0, 0, 0, 1, 1, 1, 0, 1, 0, 0, 1, 0, 1, 1, 0, 1, 0, 0, 0, 0, 1, 1, 1, 1, 1, 0, 1, 1, 0, 0, 1, 1, 1, 0, 1, 1, 1, 0, 1, 0, 1, 0, 1, 0, 1, 0, 0, 0, 0, 1, 1, 0, 0, 1, 1, 1, 1, 1, 0, 1, 0, 1, 0, 0, 0, 1, 1, 0, 1, 1, 0, 1, 0, 0, 0, 0, 0, 1, 0, 0, 1, 1, 0, 0, 0, 0, 0, 0, 1, 0, 1, 0], "predicted_labels": [0, 1, 0, 1, 1, 1, 0, 0, 1, 1, 1, 1, 0, 1, 0, 0, 1, 1, 0, 0, 1, 1, 0, 1, 0, 0, 0, 1, 1, 1, 1, 0, 1, 1, 1, 0, 1, 0, 1, 1, 0, 1, 0, 1, 1, 1, 1, 1, 1, 1, 1, 1, 0, 0, 1, 1, 1, 0, 0, 1, 0, 1, 0, 0, 1, 0, 0, 0, 0, 1, 0, 1, 1, 1, 1, 1, 1, 1, 0, 0, 0, 1, 1, 1, 1, 1, 1, 1, 1, 1, 1, 0, 0, 1, 1, 1, 0, 1, 0, 0, 1, 1, 1, 0, 1, 1, 0, 1, 1, 0, 1, 0, 1, 0, 0, 1, 0, 1, 0, 0, 0, 0, 1, 0, 1, 0, 1, 0, 1, 0, 0, 0, 1, 0, 0, 0, 0, 0, 1, 1, 1, 1, 0], "confidence_scores": [[0.5406820290820292, 0.4593179709179708], [0.24335095460095468, 0.7566490453990454], [0.6815158369408368, 0.31848416305916294], [0.4830764069264071, 0.516923593073593], [0.4990570096570095, 0.5009429903429905], [0.4828178540413833, 0.5171821459586168], [0.5415487623487625, 0.4584512376512377], [0.5335369852369852, 0.46646301476301477], [0.34949430569430573, 0.6505056943056943], [0.4916980241980242, 0.5083019758019758], [0.42998665223665244, 0.570013347763348], [0.4511958596958597, 0.5488041403041405], [0.5498935675435678, 0.45010643245643234], [0.433316627816628, 0.5666833721833723], [0.5697212842712843, 0.4302787157287157], [0.5001944444444446, 0.4998055555555555], [0.39162435897435893, 0.6083756410256409], [0.3987779942279942, 0.6012220057720057], [0.5300404761904761, 0.46995952380952377], [0.5103430375180376, 0.48965696248196244], [0.487619877344877, 0.5123801226551229], [0.4839101731601732, 0.5160898268398268], [0.647108558108558, 0.352891441891442], [0.40845982350982346, 0.5915401764901763], [0.5783558497058497, 0.4216441502941501], [0.5162297757797757, 0.48377022422022437], [0.5358133033633032, 0.4641866966366967], [0.43110400987900993, 0.5688959901209899], [0.36145292485292496, 0.6385470751470749], [0.4940208846708845, 0.5059791153291154], [0.4810476634476633, 0.5189523365523366], [0.5375701243201244, 0.4624298756798756], [0.49723260595613544, 0.5027673940438645], [0.3250258186258186, 0.6749741813741815], [0.4943633755133756, 0.5056366244866244], [0.5016553557553559, 0.4983446442446441], [0.4677926129426128, 0.5322073870573871], [0.585054698079698, 0.4149453019203019], [0.3835205960705962, 0.6164794039294038], [0.39159622599622596, 0.6084037740037739], [0.5862330558330558, 0.41376694416694415], [0.4021608724608722, 0.5978391275391274], [0.6031021811521814, 0.39689781884781894], [0.48837142857142885, 0.5116285714285711], [0.3750689810189811, 0.624931018981019], [0.44267744755244764, 0.5573225524475525], [0.46106509879009866, 0.5389349012099016], [0.4691082972582973, 0.5308917027417027], [0.37476501276501273, 0.625234987234987], [0.4666, 0.5334], [0.45003533133533113, 0.5499646686646689], [0.3609134643134643, 0.639086535686536], [0.5649310550560551, 0.4350689449439447], [0.6738239982239985, 0.3261760017760017], [0.2645308080808081, 0.7354691919191917], [0.4873598124098123, 0.5126401875901876], [0.24999367299367306, 0.7500063270063272], [0.5484782828282827, 0.4515217171717172], [0.5869788600288599, 0.41302113997113993], [0.47826465201465207, 0.5217353479853479], [0.5329741036741035, 0.4670258963258965], [0.46121279831279816, 0.5387872016872016], [0.5927034854034852, 0.4072965145965147], [0.6047716838716839, 0.3952283161283159], [0.2958683094683095, 0.7041316905316908], [0.701565195915196, 0.29843480408480405], [0.5510092352092352, 0.44899076479076483], [0.5046502164502168, 0.49534978354978326], [0.6365704184704186, 0.3634295815295816], [0.4076599567099563, 0.5923400432900433], [0.610438822288822, 0.38956117771117776], [0.43644237429237426, 0.5635576257076259], [0.4422546783282077, 0.5577453216717921], [0.366625752025752, 0.6333742479742482], [0.421365762015762, 0.578634237984238], [0.44080681263181276, 0.5591931873681873], [0.48576401931401925, 0.5142359806859808], [0.39004116439116454, 0.6099588356088356], [0.5249968253968254, 0.47500317460317465], [0.5550147186147187, 0.44498528138528126], [0.6381992146742149, 0.3618007853257852], [0.30414867909867893, 0.6958513209013208], [0.45508010323010345, 0.5449198967698967], [0.49133373015873005, 0.50866626984127], [0.466348478482302, 0.533651521517698], [0.4471281995781996, 0.5528718004218007], [0.44502827172827175, 0.5549717282717282], [0.3231283105783107, 0.6768716894216896], [0.4712346320346318, 0.5287653679653681], [0.48648612498612526, 0.5135138750138748], [0.4774528305028309, 0.5225471694971692], [0.5067251248751248, 0.49327487512487517], [0.5044009990009987, 0.4955990009990013], [0.48420106005106034, 0.5157989399489398], [0.4559714285714287, 0.544028571428571], [0.46248740148740153, 0.5375125985125985], [0.5904289016539016, 0.4095710983460985], [0.4282793206793206, 0.5717206793206795], [0.6715012265512266, 0.32849877344877343], [0.5214030913530915, 0.4785969086469085], [0.3641847374847375, 0.6358152625152625], [0.4827475299210593, 0.5172524700789407], [0.39609296814296824, 0.6039070318570318], [0.510095127095127, 0.48990487290487295], [0.41658872238872235, 0.5834112776112776], [0.47003523421023424, 0.5299647657897658], [0.5539199966699965, 0.44608000333000364], [0.44072965367965367, 0.5592703463203462], [0.43863512043512015, 0.5613648795648799], [0.5001006826506829, 0.4998993173493171], [0.3330975357975358, 0.6669024642024644], [0.6012242923742923, 0.3987757076257075], [0.4181454600954599, 0.5818545399045401], [0.5015022699522699, 0.4984977300477301], [0.5070377733377734, 0.49296222666222655], [0.4133754967254965, 0.5866245032745032], [0.5227968697968696, 0.4772031302031303], [0.4284809967809968, 0.5715190032190035], [0.5134736208236209, 0.4865263791763791], [0.55049010989011, 0.44950989010988995], [0.5861195304695305, 0.41388046953046964], [0.5592503607503606, 0.4407496392496393], [0.42701127761127766, 0.5729887223887222], [0.5462286768786772, 0.4537713231213232], [0.37024134199134207, 0.6297586580086577], [0.5229081807081808, 0.4770918192918191], [0.4017965367965368, 0.598203463203463], [0.5124462814962814, 0.48755371850371865], [0.30924169719169725, 0.6907583028083027], [0.5016377344877345, 0.4983622655122655], [0.556830253080253, 0.4431697469197472], [0.5268486901986899, 0.4731513098013099], [0.3023195304695306, 0.6976804695304699], [0.5633825674325674, 0.4366174325674325], [0.6521796814296816, 0.34782031857031875], [0.510327489177489, 0.48967251082251084], [0.5317353424353424, 0.46826465756465757], [0.6543726717726719, 0.3456273282273282], [0.33949254634254644, 0.6605074536574534], [0.3639899128649129, 0.6360100871350871], [0.4579741092241092, 0.5420258907758908], [0.4788304473304472, 0.5211695526695528], [0.5552715229215229, 0.44472847707847707]]}}