{"test": {"ids": ["700", "176", "136", "505", "111", "577", "286", "691", "429", "446", "183", "260", "177", "20", "530", "309", "647", "476", "504", "495", "250", "441", "8", "173", "349", "633", "643", "395", "296", "102", "641", "555", "485", "707", "536", "674", "198", "363", "698", "426", "242", "143", "690", "78", "323", "456", "482", "271", "194", "460", "470", "574", "66", "34", "203", "210", "98", "685", "528", "710", "356", "320", "378", "37", "699", "182", "316", "145", "387", "117", "403", "368", "569", "314", "9", "458", "125", "212", "101", "371", "343", "118", "360", "584", "70", "30", "335", "106", "39", "652", "1", "313", "534", "672", "196", "430", "709", "604", "94", "160", "586", "87", "464", "282", "188", "483", "149", "16", "461", "370", "501", "575", "275", "326", "667", "581", "693", "358", "134", "148", "683", "518", "81", "660", "645", "341", "114", "365", "603", "131", "223", "305", "142", "354", "130", "546", "319", "23", "423", "124", "99"], "labels": [0, 1, 0, 1, 1, 1, 1, 0, 0, 0, 1, 0, 1, 1, 0, 1, 0, 1, 1, 0, 1, 0, 0, 0, 0, 0, 0, 0, 1, 0, 0, 1, 0, 0, 0, 0, 1, 0, 0, 0, 1, 0, 0, 1, 1, 1, 0, 1, 1, 1, 1, 1, 1, 1, 1, 1, 0, 1, 0, 0, 0, 1, 1, 1, 0, 1, 1, 0, 0, 1, 0, 0, 1, 1, 0, 1, 0, 1, 0, 0, 0, 1, 0, 1, 1, 1, 0, 0, 1, 0, 0, 1, 0, 0, 1, 0, 0, 1, 0, 0, 1, 0, 1, 1, 1, 0, 0, 1, 1, 0, 1, 1, 1, 0, 0, 1, 0, 0, 0, 0, 0, 0, 0, 0, 0, 0, 1, 0, 1, 0, 1, 1, 0, 0, 0, 0, 1, 1, 0, 0, 0], "predicted_labels": [0, 0, 0, 1, 0, 0, 0, 0, 0, 1, 1, 0, 1, 0, 0, 0, 1, 1, 1, 0, 0, 1, 0, 0, 0, 0, 0, 0, 1, 0, 1, 0, 1, 1, 1, 0, 0, 1, 0, 1, 1, 1, 0, 0, 1, 0, 0, 1, 0, 1, 0, 1, 1, 1, 1, 1, 0, 0, 0, 0, 0, 1, 0, 0, 0, 0, 1, 0, 1, 1, 0, 1, 1, 0, 1, 1, 0, 1, 1, 0, 0, 0, 0, 0, 0, 1, 0, 1, 1, 0, 1, 1, 0, 1, 1, 1, 0, 1, 1, 0, 0, 0, 1, 0, 1, 1, 1, 0, 1, 1, 0, 0, 1, 0, 1, 1, 0, 0, 0, 0, 0, 0, 0, 0, 0, 1, 1, 0, 0, 1, 1, 0, 1, 0, 0, 1, 1, 1, 1, 0, 1], "confidence_scores": [[0.9877351533428902, 0.012264846657109776], [0.9977390132387041, 0.0022609867612959247], [0.9607416917255678, 0.03925830827443216], [0.046858530776576424, 0.9531414692234236], [0.9803723340420043, 0.019627665957995682], [0.9833388642143296, 0.016661135785670377], [0.8081863709534898, 0.19181362904651028], [0.9987573810232202, 0.001242618976779784], [0.6475247607430019, 0.3524752392569981], [0.2585801602303571, 0.7414198397696429], [0.2828831995494028, 0.7171168004505972], [0.7011598620343651, 0.29884013796563497], [0.021063080116046407, 0.9789369198839536], [0.8769492466008817, 0.1230507533991183], [0.9900658270731068, 0.009934172926893295], [0.920135461834705, 0.07986453816529507], [0.08270959757477736, 0.9172904024252226], [0.003476615282146822, 0.9965233847178532], [0.35317076594249375, 0.6468292340575063], [0.9663220997821428, 0.03367790021785719], [0.6216227265199747, 0.3783772734800253], [0.1684352545314839, 0.8315647454685161], [0.9352455716119744, 0.06475442838802559], [0.8994020762111159, 0.10059792378888412], [0.9400318322157828, 0.05996816778421719], [0.5752053144570071, 0.4247946855429929], [0.8062513934417042, 0.1937486065582959], [0.7136020582568541, 0.2863979417431459], [0.15879696629258078, 0.8412030337074192], [0.906566446656682, 0.09343355334331807], [0.04274161391789422, 0.9572583860821058], [0.9548290435703158, 0.04517095642968412], [0.11021288216426806, 0.8897871178357319], [0.06384046516383202, 0.936159534836168], [0.2501721032205414, 0.7498278967794586], [0.5988265789178644, 0.40117342108213555], [0.9986243517429287, 0.0013756482570712195], [0.0021119758866751104, 0.9978880241133249], [0.9990228746428688, 0.0009771253571312561], [0.4401261098629974, 0.5598738901370026], [0.2071122003791116, 0.7928877996208884], [0.01104553372229733, 0.9889544662777027], [0.9741228515599327, 0.025877148440067273], [0.8066393076514371, 0.19336069234856287], [0.004372083929016224, 0.9956279160709838], [0.8916085204965508, 0.10839147950344923], [0.9847111273316435, 0.015288872668356528], [0.028051092975830305, 0.9719489070241697], [0.9324211020557196, 0.06757889794428043], [0.013158998447954762, 0.9868410015520452], [0.9964677764725823, 0.0035322235274177147], [0.15902684870789618, 0.8409731512921038], [0.0011325810693436633, 0.9988674189306563], [0.11277921232940491, 0.8872207876705951], [0.002174783826641269, 0.9978252161733587], [0.003469380146382317, 0.9965306198536177], [0.9907122238070454, 0.009287776192954659], [0.9661302598500456, 0.0338697401499544], [0.9664055295536806, 0.03359447044631931], [0.9933100794700607, 0.006689920529939277], [0.9988592854591194, 0.0011407145408806013], [0.10917412166439622, 0.8908258783356038], [0.6496923053221111, 0.35030769467788897], [0.9774798288871653, 0.02252017111283471], [0.9626578965755009, 0.037342103424499035], [0.7633772697426591, 0.2366227302573409], [0.3203785204923395, 0.6796214795076605], [0.9999826164927524, 1.738350724757576e-05], [0.30024674805274143, 0.6997532519472586], [0.07373713871973686, 0.9262628612802631], [0.8869945848684921, 0.11300541513150789], [0.22523706601423277, 0.7747629339857672], [0.31958791239554873, 0.6804120876044513], [0.9835563168262714, 0.01644368317372861], [0.1775062915056027, 0.8224937084943973], [0.10950212948015159, 0.8904978705198484], [0.9963939470312785, 0.003606052968721572], [0.04298995334106959, 0.9570100466589304], [0.42211874984443376, 0.5778812501555662], [0.7997378489693159, 0.20026215103068418], [0.99992290003101, 7.709996898995157e-05], [0.9603073701163308, 0.03969262988366913], [0.9986443650284743, 0.0013556349715256755], [0.6179209128824492, 0.3820790871175508], [0.9896085388017359, 0.010391461198264047], [0.40377541857168064, 0.5962245814283194], [0.8235815434579655, 0.1764184565420345], [0.06796900243604842, 0.9320309975639516], [0.0014970036738548576, 0.9985029963261451], [0.5620662312951632, 0.43793376870483686], [0.012548034838463784, 0.9874519651615362], [0.08405061987085227, 0.9159493801291477], [0.9513051209669521, 0.048694879033047894], [0.049344990115467446, 0.9506550098845326], [0.07206033471811302, 0.927939665281887], [0.024710051061409666, 0.9752899489385903], [0.9998681183930912, 0.0001318816069088403], [0.33931040412229496, 0.660689595877705], [0.39063806637454734, 0.6093619336254527], [0.9909764202533853, 0.00902357974661475], [0.9256878763547968, 0.07431212364520322], [0.9962741713467186, 0.003725828653281396], [0.012217099571374845, 0.9877829004286252], [0.9990005839123764, 0.0009994160876235047], [0.020529835251051787, 0.9794701647489482], [0.03885931926850894, 0.9611406807314911], [0.368143611359966, 0.631856388640034], [0.9997895422825518, 0.00021045771744823339], [0.08626337002757811, 0.9137366299724219], [0.33405046912196534, 0.6659495308780347], [0.9894322841820804, 0.01056771581791964], [0.9546026384255824, 0.045397361574417705], [0.006753557754273998, 0.993246442245726], [0.8396930910808921, 0.1603069089191079], [0.38438133117890283, 0.6156186688210972], [6.577706341770462e-05, 0.9999342229365823], [0.7296543766058483, 0.27034562339415164], [0.9027250203990079, 0.09727497960099209], [0.9997108614734773, 0.0002891385265226841], [0.9992252550463221, 0.0007747449536778986], [0.7232595423468737, 0.27674045765312627], [0.7128783662839177, 0.28712163371608235], [0.5819055620261183, 0.4180944379738817], [0.9711670966842316, 0.028832903315768377], [0.997279784432101, 0.002720215567899009], [0.4996272484481954, 0.5003727515518046], [0.005649682489252794, 0.9943503175107472], [0.9835182338276997, 0.016481766172300343], [0.5022054514679126, 0.4977945485320873], [0.12688133004337077, 0.8731186699566292], [0.11847882337674653, 0.8815211766232535], [0.5854843828223553, 0.41451561717764474], [0.15928570219093452, 0.8407142978090655], [0.9991835023958422, 0.0008164976041578226], [0.9999786473682506, 2.1352631749362528e-05], [0.12218206271086485, 0.8778179372891352], [0.3558849342395698, 0.6441150657604302], [0.20189740296628333, 0.7981025970337167], [0.038780790368556195, 0.9612192096314438], [0.6145263140785381, 0.3854736859214619], [0.3448339527406814, 0.6551660472593186]]},