{"test": {"ids": ["336", "35", "638", "610", "383", "87", "528", "153", "494", "469", "55", "517", "328", "293", "534", "652", "92", "588", "361", "438", "303", "481", "325", "334", "427", "532", "478", "573", "66", "608", "367", "584", "284", "281", "436", "432", "48", "15", "414", "167", "492", "95", "224", "507", "654", "451", "575", "627", "491", "486", "565", "252", "522", "443", "249", "501", "455", "297", "146", "496", "222", "155", "163", "44", "56", "518", "243", "350", "144", "214", "6", "357", "635", "595", "47", "13", "90", "228", "254", "675", "43", "104", "616", "202", "204", "637", "247", "570", "129", "364", "420", "259", "292", "183", "238", "103", "291", "509", "45", "12", "458", "108", "622", "234", "337", "40", "93", "388", "453", "312", "266", "566", "21", "272", "322", "353", "421", "530", "94", "631", "75", "709", "402", "178", "225", "418", "245", "375", "41", "184", "359", "524", "230", "323", "145", "28", "37", "313", "629"], "labels": [0, 1, 0, 0, 1, 0, 0, 0, 0, 1, 1, 0, 0, 1, 0, 0, 0, 1, 0, 0, 1, 0, 0, 0, 0, 0, 1, 1, 1, 0, 0, 1, 1, 1, 0, 0, 1, 0, 0, 0, 1, 0, 1, 1, 0, 1, 1, 1, 1, 0, 1, 1, 0, 0, 1, 1, 1, 1, 0, 0, 1, 0, 0, 1, 1, 0, 1, 0, 0, 1, 0, 0, 1, 1, 1, 0, 0, 1, 1, 0, 1, 0, 0, 1, 1, 0, 0, 1, 0, 0, 0, 0, 1, 1, 1, 0, 1, 1, 1, 0, 1, 1, 1, 1, 0, 1, 0, 0, 1, 1, 1, 1, 1, 1, 1, 0, 0, 0, 0, 0, 1, 0, 0, 1, 1, 0, 1, 0, 1, 1, 0, 0, 1, 1, 0, 1, 1, 1, 1], "predicted_labels": [1, 1, 0, 1, 0, 1, 0, 1, 0, 0, 1, 1, 0, 1, 1, 1, 0, 1, 1, 1, 0, 1, 0, 0, 0, 1, 0, 1, 1, 1, 0, 0, 0, 0, 0, 0, 0, 1, 1, 0, 0, 1, 0, 0, 0, 1, 0, 1, 0, 0, 1, 1, 0, 1, 0, 0, 0, 1, 0, 0, 0, 0, 0, 1, 1, 0, 0, 0, 0, 1, 0, 0, 0, 0, 1, 0, 0, 1, 1, 1, 1, 1, 0, 0, 0, 0, 0, 0, 1, 1, 0, 0, 1, 1, 1, 1, 1, 1, 1, 0, 0, 0, 0, 0, 1, 0, 1, 1, 1, 0, 0, 1, 0, 1, 0, 0, 0, 0, 0, 1, 0, 0, 0, 0, 0, 0, 1, 1, 1, 0, 0, 1, 1, 1, 0, 0, 0, 0, 0], "confidence_scores": [[0.41222363857729377, 0.5877763614227063], [0.42870988207548905, 0.571290117924511], [0.6874691552702126, 0.3125308447297873], [0.43656846517496883, 0.5634315348250312], [0.5182693695655309, 0.4817306304344691], [0.47220422411589624, 0.527795775884104], [0.6684312942966957, 0.33156870570330427], [0.40497536914202276, 0.5950246308579773], [0.7261865867660531, 0.27381341323394687], [0.6579411606848391, 0.34205883931516073], [0.32966739303855186, 0.6703326069614481], [0.46476997898702355, 0.5352300210129765], [0.6897651507219615, 0.3102348492780385], [0.48869521902548446, 0.5113047809745155], [0.3843419737189816, 0.6156580262810185], [0.48458433682546914, 0.5154156631745308], [0.6606613264841087, 0.33933867351589125], [0.5, 0.5], [0.4154968771896382, 0.5845031228103618], [0.49001961450702103, 0.5099803854929789], [0.5983859869367734, 0.4016140130632267], [0.47785146071664164, 0.5221485392833585], [0.5723839842361875, 0.42761601576381236], [0.668040696044218, 0.331959303955782], [0.5574239582754201, 0.4425760417245798], [0.357113326010612, 0.6428866739893879], [0.6934116843723391, 0.3065883156276608], [0.3956990143022147, 0.6043009856977853], [0.392918043846852, 0.607081956153148], [0.44903550429796796, 0.5509644957020322], [0.6000948447530955, 0.39990515524690456], [0.5262559765551411, 0.4737440234448588], [0.5615866328896343, 0.4384133671103659], [0.574416441559655, 0.4255835584403452], [0.574451148639012, 0.42554885136098786], [0.592104771379862, 0.40789522862013794], [0.5569927811603499, 0.4430072188396501], [0.4913791929036864, 0.5086208070963137], [0.3946975790924548, 0.6053024209075454], [0.7738956351653075, 0.22610436483469284], [0.5159639599916053, 0.4840360400083946], [0.40690947418035955, 0.5930905258196407], [0.5922448942693912, 0.4077551057306087], [0.6494217250454465, 0.3505782749545535], [0.6532056736184727, 0.34679432638152735], [0.4674106341748874, 0.5325893658251126], [0.550083797365428, 0.44991620263457194], [0.5058474305100841, 0.49415256948991587], [0.714305664583122, 0.2856943354168782], [0.6047608773666081, 0.395239122633392], [0.4263431693593632, 0.5736568306406369], [0.3696967361197059, 0.6303032638802941], [0.5157567182490914, 0.48424328175090836], [0.2976597984355667, 0.7023402015644333], [0.6441974665276782, 0.3558025334723218], [0.5289259463292589, 0.4710740536707411], [0.5617752819454183, 0.43822471805458185], [0.48534757089754255, 0.5146524291024576], [0.5396080745552614, 0.4603919254447385], [0.5274085208842173, 0.47259147911578275], [0.56542789789005, 0.43457210210995006], [0.636853212450162, 0.363146787549838], [0.5496902963499077, 0.4503097036500925], [0.3996514274120007, 0.6003485725879991], [0.35408329267380956, 0.6459167073261906], [0.6313768014128537, 0.3686231985871463], [0.5824135333220788, 0.4175864666779211], [0.5717236998275521, 0.428276300172448], [0.5641690910923881, 0.43583090890761184], [0.4365070683586314, 0.5634929316413687], [0.5992816781675409, 0.4007183218324593], [0.6159768760693122, 0.3840231239306879], [0.5908492370598515, 0.40915076294014846], [0.6051379013229194, 0.39486209867708055], [0.4162824671459082, 0.5837175328540917], [0.5586943445766915, 0.44130565542330846], [0.7129855860506579, 0.287014413949342], [0.5104789887494194, 0.48952101125058073], [0.4343599682977225, 0.5656400317022776], [0.28411151859008704, 0.7158884814099129], [0.4764654492921115, 0.5235345507078886], [0.5, 0.5], [0.5863700317592244, 0.4136299682407756], [0.518760153611802, 0.4812398463881979], [0.6800674878774875, 0.3199325121225122], [0.6587876454439616, 0.3412123545560385], [0.6191569134019013, 0.3808430865980987], [0.5358347363381526, 0.4641652636618471], [0.4767542596936561, 0.523245740306344], [0.5088913490325939, 0.491108650967406], [0.6413015087633224, 0.3586984912366777], [0.5706135285217309, 0.4293864714782691], [0.44941099466272827, 0.5505890053372716], [0.4649351957137079, 0.5350648042862922], [0.3823679135336373, 0.6176320864663627], [0.4106554123933569, 0.5893445876066432], [0.30562975946288506, 0.6943702405371147], [0.4749068652195221, 0.525093134780478], [0.4364071411884425, 0.5635928588115575], [0.6089384081790885, 0.3910615918209115], [0.6155117586628382, 0.38448824133716186], [0.582852088159029, 0.4171479118409709], [0.6329466394816377, 0.3670533605183623], [0.6125256129944829, 0.38747438700551723], [0.48583724713518883, 0.5141627528648113], [0.6255781898168224, 0.37442181018317766], [0.42007530792751996, 0.5799246920724802], [0.5, 0.5], [0.48034430898655034, 0.5196556910134497], [0.5875415036548028, 0.4124584963451971], [0.5404071706081426, 0.4595928293918573], [0.28735969058773875, 0.7126403094122611], [0.5348225503073567, 0.4651774496926433], [0.41685210137864215, 0.5831478986213579], [0.545532893453568, 0.4544671065464319], [0.5590043716648389, 0.4409956283351612], [0.5525118189857319, 0.4474881810142682], [0.70157823795371, 0.29842176204629006], [0.5410224348180266, 0.4589775651819734], [0.46045643293240446, 0.5395435670675955], [0.6088472011689038, 0.39115279883109644], [0.6719698484917901, 0.32803015150821], [0.5560866052825022, 0.4439133947174978], [0.634032484340497, 0.3659675156595032], [0.5826329307909992, 0.4173670692090008], [0.5451507066316449, 0.45484929336835506], [0.29889521114894324, 0.7011047888510569], [0.4705220503599664, 0.5294779496400336], [0.45133243064867495, 0.5486675693513252], [0.6020336488854748, 0.3979663511145251], [0.5327745747948704, 0.46722542520512955], [0.512571156615335, 0.48742884338466497], [0.37380310868479294, 0.626196891315207], [0.3483141498608626, 0.6516858501391376], [0.6165465455765514, 0.3834534544234485], [0.5695509409165369, 0.43044905908346304], [0.6404211291503935, 0.35957887084960644], [0.5220554430643579, 0.4779445569356421], [0.5710955441346629, 0.4289044558653372]]},