{"test": {"ids": ["553", "230", "526", "491", "535", "370", "565", "514", "62", "325", "347", "696", "482", "249", "398", "456", "20", "591", "315", "537", "425", "290", "141", "419", "362", "666", "487", "26", "117", "415", "250", "144", "251", "497", "236", "121", "522", "507", "651", "677", "661", "137", "590", "212", "10", "562", "701", "81", "349", "426", "389", "64", "189", "195", "109", "262", "628", "299", "429", "390", "235", "410", "264", "84", "669", "86", "187", "213", "536", "486", "331", "413", "103", "332", "416", "259", "444", "496", "14", "528", "7", "284", "214", "281", "305", "639", "8", "171", "54", "116", "77", "544", "31", "168", "324", "273", "339", "23", "541", "479", "320", "568", "670", "660", "682", "275", "243", "260", "461", "492", "247", "633", "548", "56", "279", "604", "395", "630", "417", "42", "545", "11", "564", "560", "147", "308", "100", "48", "174", "344", "474", "617", "37", "2", "671", "70", "167", "556", "276", "201", "224", "316", "140"], "labels": [0, 0, 1, 0, 0, 1, 0, 1, 0, 1, 1, 1, 0, 0, 1, 0, 0, 0, 0, 0, 1, 0, 1, 1, 1, 1, 0, 0, 1, 1, 1, 1, 1, 0, 0, 1, 1, 0, 1, 1, 1, 1, 0, 0, 1, 0, 1, 1, 1, 1, 1, 0, 0, 0, 1, 0, 1, 0, 1, 1, 0, 1, 0, 1, 1, 0, 0, 0, 0, 0, 1, 1, 1, 1, 1, 0, 0, 1, 1, 0, 1, 0, 0, 0, 0, 1, 1, 1, 0, 1, 0, 0, 0, 1, 1, 0, 1, 0, 1, 0, 0, 0, 1, 1, 1, 0, 0, 0, 0, 0, 0, 0, 0, 0, 0, 0, 1, 1, 1, 0, 0, 1, 0, 0, 1, 0, 1, 0, 0, 1, 0, 0, 1, 0, 1, 0, 1, 0, 0, 0, 0, 0, 1], "predicted_labels": [0, 0, 0, 1, 1, 1, 0, 0, 1, 1, 0, 0, 0, 0, 0, 0, 0, 1, 0, 1, 0, 1, 1, 1, 1, 1, 0, 1, 0, 1, 0, 1, 1, 0, 0, 1, 1, 1, 1, 1, 1, 0, 0, 0, 0, 0, 0, 1, 1, 1, 0, 1, 0, 0, 1, 0, 0, 1, 0, 1, 0, 1, 0, 1, 0, 0, 0, 0, 0, 1, 1, 1, 0, 1, 0, 0, 0, 1, 1, 0, 1, 1, 1, 0, 0, 1, 1, 1, 1, 1, 0, 0, 1, 1, 0, 1, 1, 1, 0, 1, 0, 0, 1, 0, 1, 0, 0, 1, 1, 1, 0, 0, 0, 0, 1, 1, 1, 1, 1, 1, 1, 1, 0, 0, 1, 1, 0, 1, 0, 1, 0, 0, 1, 1, 0, 1, 0, 0, 0, 0, 0, 0, 1], "confidence_scores": [[0.6179839765784605, 0.3820160234215395], [0.9084023687734205, 0.0915976312265794], [0.5333558920253161, 0.4666441079746839], [0.11754704049007238, 0.8824529595099274], [0.48655353973032095, 0.5134464602696791], [0.4871689548679951, 0.5128310451320048], [0.5, 0.5], [0.6221524267801911, 0.37784757321980894], [0.421023313051527, 0.5789766869484729], [0.408913599520388, 0.591086400479612], [0.6246141783322211, 0.37538582166777895], [0.800231102544733, 0.19976889745526702], [0.5914614903202722, 0.40853850967972793], [0.5, 0.5], [0.6814884782965268, 0.3185115217034732], [0.5711716240127783, 0.42882837598722184], [0.7656029163815116, 0.2343970836184885], [0.3752545944501656, 0.6247454055498344], [0.8861661155046238, 0.113833884495376], [0.42095344960551245, 0.5790465503944874], [0.694100219275862, 0.3058997807241382], [0.20874190851478283, 0.7912580914852172], [0.14006169372726004, 0.8599383062727397], [0.21337166824702222, 0.7866283317529777], [0.2097785295515808, 0.7902214704484192], [0.23892443588079304, 0.7610755641192068], [0.8214223677931357, 0.17857763220686415], [0.274315667783471, 0.7256843322165288], [0.6364133112974245, 0.36358668870257554], [0.3813921227982628, 0.6186078772017374], [0.9221107519551005, 0.07788924804489936], [0.1186071051554238, 0.881392894844576], [0.48529878624251693, 0.514701213757483], [0.6937849526076183, 0.3062150473923819], [0.7998427590791882, 0.20015724092081158], [0.29059864451024525, 0.7094013554897548], [0.34540595791359135, 0.6545940420864087], [0.30611446485779426, 0.6938855351422061], [0.2741151774230731, 0.7258848225769265], [0.44482004176065654, 0.5551799582393435], [0.3969112563602546, 0.6030887436397456], [0.5127912262365992, 0.48720877376340094], [0.931064206978368, 0.0689357930216319], [0.6276775563484328, 0.3723224436515672], [0.5852524309808101, 0.4147475690191899], [0.847797501460856, 0.15220249853914436], [0.6493036273466043, 0.3506963726533958], [0.05850823510391704, 0.9414917648960829], [0.09493550297495924, 0.9050644970250407], [0.4003758410383203, 0.5996241589616795], [0.728916757586739, 0.27108324241326104], [0.3672347911490332, 0.6327652088509669], [0.783071770099661, 0.21692822990033928], [0.9081552699311322, 0.09184473006886797], [0.10837827508404763, 0.8916217249159525], [0.7229599407719959, 0.27704005922800423], [0.5393247566041358, 0.4606752433958642], [0.143986581308379, 0.8560134186916212], [0.639183358406672, 0.3608166415933281], [0.24274568104572258, 0.7572543189542775], [0.8013473253294633, 0.19865267467053666], [0.3430303586736818, 0.6569696413263181], [0.8884681647341229, 0.11153183526587704], [0.40445076748101255, 0.5955492325189875], [0.8176137497530293, 0.1823862502469709], [0.7039023259385477, 0.29609767406145265], [0.8441395926919805, 0.1558604073080197], [0.7575584760395063, 0.24244152396049357], [0.625489889546372, 0.37451011045362814], [0.1364924761254972, 0.8635075238745031], [0.4686879805627765, 0.5313120194372235], [0.49315623572235207, 0.5068437642776479], [0.754504524605325, 0.24549547539467495], [0.0984611235024858, 0.901538876497514], [0.5579318554249736, 0.4420681445750266], [0.5, 0.5], [0.6910375074905241, 0.30896249250947605], [0.08162528591337351, 0.9183747140866266], [0.38916600784739613, 0.610833992152604], [0.5338187572841028, 0.46618124271589706], [0.3737058521044785, 0.6262941478955215], [0.20492814681384489, 0.7950718531861553], [0.4750550983062116, 0.5249449016937883], [0.9015585364643874, 0.09844146353561253], [0.7081884052939247, 0.2918115947060754], [0.44200423480230544, 0.5579957651976946], [0.4648692092223144, 0.5351307907776855], [0.29166261739311894, 0.7083373826068808], [0.4368361348039745, 0.5631638651960255], [0.4312984867573316, 0.5687015132426683], [0.5475795499410021, 0.4524204500589978], [0.6398042950574157, 0.36019570494258435], [0.3549707060005152, 0.645029293999485], [0.27499599904530186, 0.7250040009546981], [0.5113429153017589, 0.4886570846982411], [0.3837091755684348, 0.6162908244315652], [0.1913190704322893, 0.8086809295677109], [0.4134092718332662, 0.5865907281667337], [0.742844571647981, 0.257155428352019], [0.4891910652803778, 0.5108089347196222], [0.5893230726859678, 0.41067692731403216], [0.8132789451112808, 0.18672105488871918], [0.20989085114851022, 0.7901091488514898], [0.8405193563810829, 0.159480643618917], [0.40865368417613546, 0.5913463158238645], [0.5437827809059842, 0.45621721909401597], [0.8490181488066109, 0.1509818511933891], [0.2733383871491472, 0.7266616128508528], [0.4485463723719645, 0.5514536276280356], [0.19673408555656705, 0.8032659144434329], [0.5902458192886925, 0.40975418071130765], [0.7671001574302151, 0.23289984256978485], [0.8470205417134514, 0.15297945828654844], [0.7735924480243244, 0.2264075519756754], [0.33029861594754506, 0.6697013840524547], [0.3281997738319966, 0.6718002261680034], [0.27017548915138867, 0.7298245108486114], [0.4014670957318909, 0.5985329042681091], [0.3418145797333098, 0.6581854202666904], [0.23448965770003943, 0.7655103422999605], [0.35393641358494643, 0.6460635864150533], [0.42115490477129314, 0.5788450952287069], [0.8305375705042316, 0.1694624294957685], [0.8389715760465681, 0.1610284239534321], [0.30904229173874603, 0.6909577082612541], [0.24679859300394535, 0.7532014069960546], [0.5480049999927746, 0.45199500000722526], [0.39153090024968545, 0.6084690997503146], [0.6361078561669831, 0.363892143833017], [0.36098690231592623, 0.6390130976840738], [0.7958917104258568, 0.20410828957414306], [0.6037091812558008, 0.3962908187441993], [0.18723197647725767, 0.8127680235227426], [0.48253911825784307, 0.5174608817421569], [0.5203401307582312, 0.47965986924176884], [0.11960623247427798, 0.8803937675257221], [0.6663072190742144, 0.33369278092578564], [0.7128715513864353, 0.28712844861356457], [0.6316129188002623, 0.36838708119973773], [0.7464067150583997, 0.25359328494160016], [0.8902710715485022, 0.10972892845149784], [0.7217575608878547, 0.2782424391121454], [0.31429383500114283, 0.6857061649988574]]}}