{"test": {"ids": ["485", "155", "180", "202", "278", "55", "541", "565", "318", "439", "606", "644", "528", "185", "362", "114", "321", "673", "496", "361", "559", "214", "28", "357", "133", "450", "696", "690", "561", "236", "375", "537", "504", "199", "343", "363", "125", "248", "508", "253", "101", "364", "286", "410", "24", "398", "457", "255", "147", "58", "188", "587", "470", "84", "299", "533", "414", "1", "708", "131", "509", "336", "535", "320", "709", "687", "430", "345", "36", "585", "296", "244", "21", "589", "614", "446", "650", "487", "445", "416", "412", "224", "554", "141", "588", "688", "701", "668", "265", "65", "448", "337", "189", "62", "334", "70", "570", "520", "705", "23", "90", "292", "548", "680", "368", "164", "355", "120", "67", "301", "488", "49", "193", "567", "405", "250", "151", "386", "646", "76", "107", "137", "354", "572", "505", "27", "447", "225", "351", "297", "440", "249", "95", "210", "136", "45", "74", "153", "366", "132", "500", "582", "352"], "labels": [0, 1, 0, 0, 0, 1, 1, 0, 0, 1, 0, 1, 1, 0, 0, 1, 0, 1, 1, 0, 0, 0, 0, 0, 1, 0, 1, 1, 0, 0, 0, 1, 0, 0, 0, 0, 1, 0, 0, 1, 1, 0, 0, 1, 0, 1, 0, 0, 1, 1, 0, 0, 0, 0, 0, 1, 1, 0, 1, 1, 0, 0, 1, 0, 1, 1, 1, 0, 1, 0, 0, 0, 0, 0, 0, 0, 1, 0, 0, 1, 1, 0, 1, 1, 0, 0, 1, 1, 0, 0, 0, 0, 0, 0, 0, 0, 0, 1, 1, 0, 1, 0, 1, 1, 0, 1, 0, 1, 0, 0, 0, 1, 0, 0, 1, 1, 1, 1, 1, 0, 1, 1, 0, 0, 0, 0, 0, 0, 0, 0, 1, 1, 1, 0, 1, 1, 0, 1, 0, 1, 0, 0, 0], "predicted_labels": [0, 1, 0, 0, 0, 1, 0, 0, 0, 1, 0, 1, 1, 0, 1, 0, 0, 1, 0, 0, 0, 0, 0, 0, 1, 1, 0, 1, 0, 0, 0, 1, 0, 0, 0, 1, 1, 1, 1, 1, 1, 0, 0, 1, 0, 0, 1, 0, 1, 0, 0, 0, 1, 1, 0, 0, 0, 0, 1, 0, 0, 1, 1, 0, 1, 0, 1, 0, 1, 0, 0, 0, 0, 0, 0, 0, 1, 0, 0, 1, 0, 1, 1, 1, 0, 1, 1, 1, 0, 0, 0, 0, 0, 0, 0, 0, 0, 0, 0, 0, 1, 0, 1, 1, 0, 1, 1, 1, 1, 0, 0, 1, 0, 0, 1, 1, 1, 1, 1, 0, 0, 0, 1, 0, 0, 0, 0, 0, 0, 0, 0, 1, 1, 0, 1, 1, 0, 1, 0, 1, 1, 0, 0], "confidence_scores": [[0.9934051484996022, 0.00659485150039788], [0.10376981346337044, 0.8962301865366296], [0.8232776024989957, 0.17672239750100427], [0.9807367502843023, 0.01926324971569773], [0.9950333987663809, 0.004966601233619146], [0.005125272531144254, 0.9948747274688557], [0.7089922006677936, 0.2910077993322064], [0.9505520842850884, 0.049447915714911625], [0.8733356223685205, 0.12666437763147953], [0.07625140161472399, 0.923748598385276], [0.9879374940308442, 0.012062505969155818], [0.16528881220243619, 0.8347111877975638], [0.040379677988172324, 0.9596203220118277], [0.8564366115858748, 0.14356338841412525], [0.34939760239692186, 0.6506023976030781], [0.8794857951339077, 0.12051420486609228], [0.9860208992104507, 0.013979100789549302], [0.03884411752942096, 0.961155882470579], [0.9502006577978014, 0.04979934220219863], [0.9635602596415138, 0.03643974035848618], [0.9999337643062602, 6.623569373979667e-05], [0.9976921834809397, 0.002307816519060289], [0.9164005068211608, 0.08359949317883918], [0.8420162359250498, 0.15798376407495016], [0.030910765269557383, 0.9690892347304426], [0.0008337812460017524, 0.9991662187539982], [0.6106505223842524, 0.3893494776157476], [0.08324056540207325, 0.9167594345979267], [0.9996304014748713, 0.0003695985251287385], [0.9997725896146391, 0.00022741038536087021], [0.8934670659638329, 0.10653293403616719], [0.22297173441166607, 0.7770282655883339], [0.7638274065903823, 0.2361725934096177], [0.9991575693265617, 0.0008424306734382168], [0.8187665577398114, 0.18123344226018853], [0.14559296443330894, 0.8544070355666911], [0.0025211372592310877, 0.9974788627407689], [0.05389292890278041, 0.9461070710972196], [0.2815312904974687, 0.7184687095025313], [0.01006072106245548, 0.9899392789375445], [0.21057842194819, 0.78942157805181], [0.5163878472152514, 0.4836121527847485], [0.9964267578032244, 0.0035732421967755537], [0.09654580803183088, 0.9034541919681691], [0.8328276085019608, 0.16717239149803922], [0.7662130244146321, 0.23378697558536787], [0.13932319227371082, 0.8606768077262892], [0.9929406925754706, 0.007059307424529407], [0.014558568543886374, 0.9854414314561136], [0.6074809599135949, 0.3925190400864051], [0.9958384714451188, 0.004161528554881159], [0.9496402345169471, 0.050359765483052876], [0.0016529392504879281, 0.9983470607495121], [0.3386091083891549, 0.6613908916108451], [0.5826227391345444, 0.4173772608654555], [0.7068334381011809, 0.293166561898819], [0.9918148599405364, 0.008185140059463554], [0.9993607607542373, 0.0006392392457627161], [0.14218782819748843, 0.8578121718025116], [0.831758823551271, 0.168241176448729], [0.9997565772286382, 0.00024342277136182392], [0.28139798933620386, 0.7186020106637961], [0.4080578254206695, 0.5919421745793305], [0.9336637714950544, 0.06633622850494558], [0.3589857270699307, 0.6410142729300693], [0.7219353323977628, 0.27806466760223725], [0.0030231838383348864, 0.9969768161616651], [0.8823430573784167, 0.11765694262158337], [0.018394895089538177, 0.9816051049104618], [0.9995738840715461, 0.0004261159284539228], [0.9876232104817761, 0.012376789518223807], [0.9981035594080812, 0.001896440591918818], [0.7845741461543823, 0.2154258538456178], [0.8668474793294298, 0.13315252067057012], [0.952642705827771, 0.047357294172229045], [0.9969974973156444, 0.003002502684355636], [0.035195315766838764, 0.9648046842331612], [0.7618063215948632, 0.2381936784051369], [0.909800588115145, 0.09019941188485504], [0.02081377757654479, 0.9791862224234552], [0.9568903846688784, 0.043109615331121606], [0.20664586759921344, 0.7933541324007866], [0.04055270938589084, 0.9594472906141092], [0.06848576141246165, 0.9315142385875383], [0.8128808564606527, 0.18711914353934736], [0.15926644294559267, 0.8407335570544073], [0.0044817146401822106, 0.9955182853598178], [0.028241661811089114, 0.9717583381889109], [0.8879548282569043, 0.11204517174309565], [0.9331771828853194, 0.06682281711468062], [0.6811896884537447, 0.3188103115462553], [0.9652580984008663, 0.03474190159913369], [0.7491150608695685, 0.25088493913043153], [0.9786188765255748, 0.021381123474425216], [0.7392788579598994, 0.26072114204010055], [0.9930184747303025, 0.00698152526969749], [0.9995002846704577, 0.0004997153295422674], [0.97809833861147, 0.02190166138852999], [0.5226921947805576, 0.4773078052194423], [0.9925609510804999, 0.007439048919500057], [0.09715677679520962, 0.9028432232047904], [0.7579646307697144, 0.24203536923028557], [0.015188434930211159, 0.9848115650697888], [0.01886086599289971, 0.9811391340071003], [0.9390380089702357, 0.060961991029764295], [0.38976235457013175, 0.6102376454298682], [0.39116800958434506, 0.6088319904156549], [0.032344385824759514, 0.9676556141752405], [0.490229174104014, 0.509770825895986], [0.9907120081507054, 0.009287991849294585], [0.9902083594601976, 0.009791640539802363], [0.07271213488855188, 0.9272878651114481], [0.9985012768243791, 0.0014987231756209169], [0.7563157730048319, 0.24368422699516815], [0.0034429257738181063, 0.9965570742261819], [0.439430473261351, 0.560569526738649], [0.03887148120637118, 0.9611285187936288], [0.0011727975029096616, 0.9988272024970903], [0.007930365446999321, 0.9920696345530007], [0.9995055417988195, 0.0004944582011805231], [0.6443915721110401, 0.35560842788895985], [0.7697120764869174, 0.2302879235130826], [0.26389001561534453, 0.7361099843846555], [0.9997073165458961, 0.00029268345410395427], [0.6189624569115424, 0.38103754308845755], [0.5140361073040188, 0.48596389269598117], [0.9980003581911678, 0.0019996418088322147], [0.5071018709044424, 0.49289812909555764], [0.7035852859621616, 0.2964147140378384], [0.999535811272484, 0.0004641887275159164], [0.7469538902657031, 0.2530461097342969], [0.04999078335765694, 0.9500092166423431], [0.13613167823492778, 0.8638683217650722], [0.9971131535388099, 0.0028868464611900755], [0.0018940753043893421, 0.9981059246956107], [0.037612621631161525, 0.9623873783688385], [0.9907557437480001, 0.00924425625199992], [0.018814853100985518, 0.9811851468990145], [0.7962566801191623, 0.20374331988083771], [0.041488881639631714, 0.9585111183603683], [0.46767788428879986, 