{"test": {"ids": ["224", "599", "363", "219", "172", "260", "311", "95", "324", "584", "395", "232", "161", "491", "259", "447", "520", "103", "336", "192", "397", "256", "517", "309", "350", "12", "461", "235", "166", "250", "536", "178", "200", "298", "590", "43", "512", "656", "77", "534", "130", "342", "659", "446", "648", "321", "13", "222", "615", "14", "614", "541", "681", "49", "511", "434", "327", "436", "469", "538", "427", "144", "317", "493", "307", "228", "349", "503", "542", "45", "181", "322", "75", "486", "521", "231", "624", "408", "345", "241", "675", "331", "79", "405", "673", "488", "371", "301", "448", "36", "524", "508", "37", "94", "76", "93", "454", "413", "710", "634", "78", "544", "595", "453", "465", "61", "506", "592", "529", "71", "333", "431", "64", "693", "679", "139", "569", "304", "197", "316", "20", "581", "81", "38", "101", "205", "467", "334", "708", "25", "425", "276", "89", "122", "238", "471", "109", "649", "208", "602", "480", "583", "274"], "labels": [0, 0, 1, 0, 1, 1, 0, 0, 1, 0, 1, 0, 1, 0, 1, 0, 1, 0, 1, 0, 1, 1, 1, 0, 1, 0, 0, 0, 1, 1, 1, 0, 0, 0, 0, 0, 0, 0, 1, 1, 1, 1, 0, 0, 0, 0, 0, 0, 0, 0, 0, 1, 0, 0, 0, 1, 1, 1, 0, 1, 1, 1, 0, 1, 0, 0, 1, 0, 1, 0, 0, 0, 1, 0, 1, 0, 1, 1, 1, 0, 0, 1, 1, 1, 0, 0, 1, 0, 0, 0, 1, 0, 0, 0, 1, 0, 0, 1, 0, 0, 1, 0, 0, 0, 0, 1, 0, 0, 1, 1, 1, 1, 1, 1, 0, 1, 0, 0, 0, 0, 0, 0, 1, 0, 0, 0, 0, 1, 1, 0, 1, 0, 0, 1, 0, 0, 1, 0, 0, 0, 0, 0, 0], "predicted_labels": [0, 0, 1, 0, 0, 1, 0, 1, 0, 0, 1, 0, 1, 0, 1, 0, 1, 0, 1, 0, 1, 1, 1, 0, 1, 0, 0, 0, 1, 0, 0, 1, 0, 0, 0, 1, 0, 0, 0, 0, 1, 1, 1, 1, 0, 0, 0, 0, 0, 0, 0, 1, 0, 1, 0, 1, 0, 1, 0, 1, 1, 1, 0, 1, 0, 0, 1, 0, 1, 0, 0, 0, 0, 1, 0, 0, 0, 1, 0, 0, 0, 1, 1, 1, 0, 0, 1, 0, 0, 1, 1, 0, 0, 1, 0, 1, 0, 1, 1, 0, 0, 1, 0, 0, 0, 1, 0, 0, 0, 1, 1, 0, 0, 1, 0, 1, 0, 0, 0, 0, 0, 0, 0, 0, 1, 0, 1, 1, 1, 1, 1, 1, 1, 0, 0, 0, 0, 0, 0, 0, 0, 0, 0], "confidence_scores": [[0.7853918523767573, 0.2146081476232427], [0.6389530157806312, 0.3610469842193687], [0.11384044962794287, 0.8861595503720574], [0.827482169826837, 0.17251783017316275], [0.6617346731301746, 0.3382653268698254], [0.13318364745177494, 0.8668163525482251], [0.8322512141002532, 0.16774878589974712], [0.33701287433539784, 0.6629871256646024], [0.5536852418301981, 0.44631475816980193], [0.6922050077971542, 0.3077949922028456], [0.033396314888898035, 0.966603685111102], [0.628607101368236, 0.37139289863176383], [0.027983651409781686, 0.9720163485902183], [0.8070147298266434, 0.19298527017335662], [0.10844260829340549, 0.8915573917065944], [0.8558494146876918, 0.14415058531230818], [0.3211405212211319, 0.6788594787788682], [0.6645912403153694, 0.3354087596846305], [0.07349877220348774, 0.9265012277965123], [0.9813502118936155, 0.018649788106384554], [0.1607198086989821, 0.8392801913010177], [0.23842890907949732, 0.7615710909205028], [0.06436783177104588, 0.9356321682289542], [0.915726768380635, 0.08427323161936509], [0.04335503660355278, 0.9566449633964471], [0.781404728925932, 0.21859527107406826], [0.708953354397871, 0.29104664560212906], [0.9187365206798724, 0.08126347932012751], [0.4054328869531593, 0.5945671130468406], [0.8552693752784643, 0.14473062472153583], [0.6712632391705969, 0.3287367608294032], [0.29840279414291226, 0.701597205857088], [0.9271058294234557, 0.07289417057654435], [0.8887902797375937, 0.11120972026240619], [0.7801947815824253, 0.21980521841757472], [0.21188399836964528, 0.7881160016303547], [0.6961842971111403, 0.30381570288885934], [0.9604028566397728, 0.0395971433602272], [0.664665848218048, 0.33533415178195214], [0.94804620682476, 0.05195379317524004], [0.04565516210495756, 0.9543448378950423], [0.3518148478970608, 0.6481851521029393], [0.44645934703569184, 0.5535406529643082], [0.408810893025448, 0.5911891069745518], [0.7816780785973256, 0.21832192140267412], [0.8306933537574162, 0.1693066462425838], [0.6451916624267651, 0.3548083375732349], [0.7565415658272423, 0.24345843417275786], [0.9925252310816239, 0.0074747689183761925], [0.5283506498056689, 0.4716493501943311], [0.8491682871641398, 0.15083171283586005], [0.44162443295316417, 0.5583755670468359], [0.8385699107794528, 0.1614300892205472], [0.16680087511152802, 0.833199124888472], [0.6822318761738901, 0.3177681238261098], [0.24051484770125464, 0.7594851522987455], [0.7112849231142838, 0.288715076885716], [0.080897239010911, 0.919102760989089], [0.855407379512475, 0.144592620487525], [0.10288240332664357, 0.8971175966733566], [0.24370398111626984, 0.7562960188837299], [0.05916948199424298, 0.940830518005757], [0.7965612664831097, 0.20343873351689037], [0.053841378275481355, 0.9461586217245186], [0.7829673577766235, 0.21703264222337632], [0.9284795549692535, 0.0715204450307464], [0.18807282772084985, 0.81192717227915], [0.9339579092960397, 0.06604209070396048], [0.14169239237936354, 0.8583076076206363], [0.5629861820386884, 0.43701381796131156], [0.8228388838507072, 0.1771611161492929], [0.8219198883513609, 0.1780801116486393], [0.7036096214410794, 0.29639037855892064], [0.29961145210246865, 0.7003885478975315], [0.5334862910222291, 0.4665137089777709], [0.8401977500245111, 0.15980224997548897], [0.7352176360118002, 0.2647823639882], [0.025529183773431732, 0.9744708162265683], [0.5418282668393415, 0.45817173316065846], [0.5938793574881376, 0.40612064251186236], [0.9332003006867059, 0.06679969931329396], [0.09592675269020745, 0.9040732473097924], [0.25551986904788426, 0.7444801309521156], [0.2524495669830821, 0.7475504330169177], [0.9461513710639814, 0.053848628936018564], [0.7156261654186363, 0.2843738345813637], [0.12738579565101205, 0.8726142043489878], [0.93501468628484, 0.0649853137151601], [0.6577686769946701, 0.34223132300532977], [0.12086155087300747, 0.8791384491269927], [0.31009953704671045, 0.6899004629532899], [0.5658769545299477, 0.43412304547005237], [0.6801108179300607, 0.3198891820699394], [0.1985034109454732, 0.8014965890545269], [0.7302359200767738, 0.26976407992322654], [0.14102000452609684, 0.858979995473903], [0.6201057409638285, 0.37989425903617136], [0.3083869304379645, 0.6916130695620356], [0.17078686263664, 0.82921313736336], [0.7484335391516438, 0.2515664608483562], [0.5719309544440279, 0.4280690455559721], [0.16115966851813265, 0.8388403314818674], [0.840091352160613, 0.1599086478393868], [0.9228723199299932, 0.07712768007000673], [0.9124084149881181, 0.08759158501188175], [0.1337582284930676, 0.8662417715069323], [0.5110260045667983, 0.48897399543320186], [0.9446659555079832, 0.055334044492016676], [0.5638507034095758, 0.43614929659042423], [0.10215269912975815, 0.8978473008702418], [0.2175482683947048, 0.7824517316052951], [0.5769112336954394, 0.42308876630456066], [0.6077412174077248, 0.3922587825922751], [0.3595713087845095, 0.6404286912154905], [0.8893786106092453, 0.11062138939075447], [0.03779994762548303, 0.9622000523745171], [0.9789690580818936, 0.021030941918106557], [0.9866084061054662, 0.013391593894533737], [0.950611721449777, 0.04938827855022291], [0.9807600765146454, 0.01923992348535462], [0.8104523353405023, 0.18954766465949766], [0.98603830599354, 0.013961694006459979], [0.6694793857075614, 0.3305206142924386], [0.6258098264189029, 0.3741901735810971], [0.1641956199496081, 0.8358043800503918], [0.8802686327849445, 0.11973136721505544], [0.18291570681387354, 0.8170842931861262], [0.010866091360647352, 0.9891339086393528], [0.25998783733023834, 0.7400121626697614], [0.14056254312710947, 0.8594374568728906], [0.1213612792614966, 0.8786387207385035], [0.29369682888282145, 0.7063031711171784], [0.2849421164295264, 0.7150578835704736], [0.8623890022857201, 0.13761099771427993], [0.9232893127848351, 0.07671068721516487], [0.9453274857609169, 0.054672514239083175], [0.730714882899673, 0.2692851171003271], [0.9495448772105516, 0.0504551227894483], [0.8564876900774518, 0.14351230992254832], [0.9443915918783092, 0.05560840812169079], [0.6863492615565231, 0.31365073844347663], [0.9394348455010993, 0.060565154498900604], [0.9724460268849907, 0.027553973115009275]]},