{"test": {"ids": ["104", "536", "200", "557", "458", "1", "477", "251", "361", "666", "206", "142", "499", "649", "607", "710", "591", "616", "480", "593", "676", "244", "664", "78", "661", "164", "642", "455", "521", "113", "132", "374", "469", "428", "163", "13", "409", "68", "416", "214", "134", "647", "577", "287", "500", "248", "419", "706", "222", "73", "43", "375", "553", "70", "333", "158", "684", "686", "511", "136", "219", "50", "285", "688", "286", "626", "328", "598", "390", "524", "91", "356", "639", "369", "34", "423", "475", "665", "52", "460", "240", "605", "381", "441", "235", "709", "528", "507", "290", "94", "376", "88", "659", "202", "384", "216", "65", "313", "325", "418", "120", "283", "541", "705", "155", "613", "339", "695", "261", "367", "210", "289", "169", "383", "449", "45", "474", "11", "250", "674", "121", "42", "9", "407", "561", "156", "636", "478", "3", "131", "681", "224", "657", "522", "437", "510", "311", "111", "454", "413", "322", "272", "302"], "labels": [0, 0, 1, 1, 1, 0, 1, 1, 0, 0, 1, 0, 1, 0, 0, 0, 1, 0, 1, 1, 0, 1, 0, 1, 0, 0, 0, 1, 0, 1, 0, 0, 1, 0, 0, 0, 0, 1, 0, 1, 0, 0, 1, 1, 1, 0, 0, 0, 1, 1, 1, 0, 0, 1, 0, 0, 0, 1, 1, 0, 1, 1, 1, 0, 1, 1, 0, 1, 0, 0, 0, 0, 0, 0, 1, 0, 1, 0, 1, 1, 1, 1, 1, 0, 1, 0, 0, 1, 1, 0, 0, 0, 0, 1, 1, 1, 1, 1, 0, 0, 1, 1, 1, 0, 0, 0, 0, 0, 0, 0, 1, 1, 0, 1, 0, 1, 1, 0, 1, 0, 0, 1, 0, 0, 1, 0, 1, 1, 0, 0, 0, 1, 0, 0, 0, 1, 1, 1, 1, 0, 1, 1, 1], "predicted_labels": [0, 1, 1, 1, 0, 0, 0, 0, 0, 0, 1, 0, 1, 1, 0, 1, 0, 1, 1, 1, 0, 1, 0, 0, 0, 0, 0, 1, 0, 0, 0, 1, 0, 0, 0, 1, 0, 0, 0, 1, 0, 1, 0, 1, 0, 1, 0, 1, 1, 0, 0, 0, 1, 0, 0, 0, 0, 0, 0, 0, 1, 0, 1, 0, 1, 1, 0, 1, 1, 1, 1, 0, 1, 0, 1, 1, 1, 0, 0, 0, 1, 0, 0, 1, 1, 0, 0, 0, 0, 1, 0, 0, 1, 1, 0, 1, 0, 0, 0, 0, 1, 1, 1, 0, 0, 0, 0, 0, 0, 0, 1, 1, 0, 1, 1, 0, 1, 1, 1, 0, 0, 0, 1, 0, 1, 0, 0, 1, 0, 1, 0, 1, 1, 1, 0, 1, 0, 0, 1, 0, 1, 0, 0], "confidence_scores": [[0.641850255331236, 0.35814974466876404], [0.319590453569665, 0.680409546430335], [0.27352591917371305, 0.726474080826287], [0.4604766777895294, 0.5395233222104706], [0.8179272244385166, 0.18207277556148335], [0.5823341570505851, 0.41766584294941494], [0.5517829673940078, 0.44821703260599227], [0.701911513209446, 0.29808848679055405], [0.6070966433647644, 0.39290335663523557], [0.738653976816596, 0.26134602318340405], [0.3979895302415749, 0.6020104697584251], [0.7614845411904727, 0.2385154588095273], [0.39544521862581583, 0.6045547813741842], [0.2859812290888464, 0.7140187709111536], [0.7899539077734751, 0.2100460922265249], [0.21815532253526626, 0.7818446774647337], [0.5668155421225355, 0.4331844578774645], [0.34115938886559527, 0.6588406111344047], [0.429721836366999, 0.570278163633001], [0.34481137077981583, 0.6551886292201842], [0.7556440207233146, 0.24435597927668537], [0.27720761123325677, 0.7227923887667432], [0.7499727809917598, 0.25002721900824026], [0.5096632939780512, 0.4903367060219488], [0.5018994923166726, 0.4981005076833273], [0.5581676054208469, 0.4418323945791532], [0.7373655140276054, 0.2626344859723945], [0.27550646655562283, 0.7244935334443772], [0.5714234978168602, 0.42857650218313986], [0.6498082590881931, 0.3501917409118069], [0.6965698423296582, 0.3034301576703417], [0.3152401237915793, 0.6847598762084207], [0.7933315769323865, 0.20666842306761346], [0.535402396338777, 0.46459760366122305], [0.8629341300857503, 0.1370658699142497], [0.4814655630757111, 0.5185344369242889], [0.6557864348921196, 0.3442135651078803], [0.7692916095484618, 0.2307083904515382], [0.6448821132081013, 0.35511788679189876], [0.3227147392396693, 0.6772852607603307], [0.7287606292813402, 0.27123937071865983], [0.47905411097483797, 0.520945889025162], [0.6041181613554455, 0.3958818386445545], [0.35905953242019095, 0.640940467579809], [0.6993811832714192, 0.3006188167285809], [0.31844951555220047, 0.6815504844477995], [0.6990509638371738, 0.3009490361628262], [0.4887214391723209, 0.5112785608276791], [0.3927616713764057, 0.6072383286235943], [0.5601469196461194, 0.4398530803538806], [0.8302563372694651, 0.16974366273053493], [0.5001048229700156, 0.4998951770299845], [0.40235803999317243, 0.5976419600068276], [0.6825121465486415, 0.3174878534513586], [0.8210097694984462, 0.17899023050155385], [0.8267446749129821, 0.17325532508701796], [0.7382399889407585, 0.2617600110592415], [0.6918641611118044, 0.3081358388881956], [0.6537154898177968, 0.34628451018220313], [0.6648886134577598, 0.3351113865422401], [0.3888416271166202, 0.6111583728833798], [0.5725900106156935, 0.4274099893843065], [0.29335777130112284, 0.7066422286988772], [0.5000025328856385, 0.49999746711436155], [0.4085221204626408, 0.5914778795373592], [0.44260548500795593, 0.5573945149920441], [0.6050104781324759, 0.39498952186752406], [0.23567827035223343, 0.7643217296477666], [0.4847768223772152, 0.5152231776227848], [0.3789159438162676, 0.6210840561837324], [0.2877598971370039, 0.7122401028629961], [0.6310215498719922, 0.36897845012800773], [0.31812438739869475, 0.6818756126013052], [0.6253503571284553, 0.37464964287154473], [0.4660395168160646, 0.5339604831839354], [0.44584588143819004, 0.55415411856181], [0.17933885381361847, 0.8206611461863815], [0.7275307967935949, 0.27246920320640516], [0.6190482035952559, 0.3809517964047441], [0.5637192504486147, 0.4362807495513853], [0.25049804967780465, 0.7495019503221954], [0.5140518165856661, 0.4859481834143339], [0.7667158571594159, 0.23328414284058405], [0.4244883407342257, 0.5755116592657743], [0.29977010409018257, 0.7002298959098174], [0.5297999105378497, 0.4702000894621503], [0.506217748688145, 0.4937822513118551], [0.5329656764336665, 0.4670343235663334], [0.7730173268152227, 0.22698267318477724], [0.23365869437229891, 0.7663413056277011], [0.823060558784936, 0.17693944121506397], [0.5910163994924882, 0.4089836005075118], [0.41746494748718743, 0.5825350525128126], [0.25082031873076105, 0.749179681269239], [0.538834982103103, 0.461165017896897], [0.26621748602965434, 0.7337825139703457], [0.6487103860227266, 0.3512896139772734], [0.5850256157883005, 0.41497438421169947], [0.5070034474915969, 0.49299655250840313], [0.7068454347297748, 0.2931545652702252], [0.48131710437071296, 0.518682895629287], [0.3374841293497004, 0.6625158706502996], [0.3603672829617325, 0.6396327170382675], [0.5513405142672978, 0.44865948573270215], [0.781968629885156, 0.21803137011484403], [0.7261093497018869, 0.2738906502981131], [0.5453852428831201, 0.45461475711688], [0.5446111275222707, 0.45538887247772925], [0.7281776491572761, 0.2718223508427239], [0.7113494838911123, 0.2886505161088877], [0.35791869816802224, 0.6420813018319778], [0.4898956318607893, 0.5101043681392107], [0.7765106059202154, 0.2234893940797846], [0.3163823353051648, 0.6836176646948352], [0.46621876759950376, 0.5337812324004962], [0.769665886624036, 0.23033411337596402], [0.36409093254446456, 0.6359090674555354], [0.3774992108022528, 0.6225007891977472], [0.40898627410480004, 0.5910137258952], [0.7080408502687935, 0.2919591497312065], [0.6983969608697331, 0.3016030391302668], [0.6982522325955058, 0.3017477674044942], [0.4148467380672126, 0.5851532619327874], [0.6969406499837999, 0.3030593500162001], [0.37739788563512044, 0.6226021143648796], [0.7120438755493002, 0.28795612445069985], [0.7768602519599243, 0.22313974804007577], [0.24770136305712587, 0.7522986369428741], [0.6282734842124706, 0.3717265157875293], [0.35589962642406325, 0.6441003735759367], [0.7679782889810803, 0.2320217110189197], [0.26697782013469495, 0.733022179865305], [0.38223089568932933, 0.6177691043106707], [0.49835408687911076, 0.5016459131208892], [0.7894040396968233, 0.2105959603031767], [0.4890714880587028, 0.5109285119412972], [0.6686097699747082, 0.3313902300252918], [0.5353025280203293, 0.4646974719796707], [0.3115885481502937, 0.6884114518497063], [0.6162254787443854, 0.3837745212556146], [0.2624207437603775, 0.7375792562396225], [0.5497555637862179, 0.450244436213782], [0.5287570730665161, 0.4712429269334839]]},