{"test": {"ids": ["96", "27", "194", "701", "660", "106", "319", "482", "561", "532", "349", "343", "229", "636", "144", "641", "544", "558", "296", "476", "457", "215", "290", "333", "569", "283", "251", "121", "379", "211", "547", "597", "623", "409", "609", "466", "292", "556", "98", "221", "90", "683", "254", "93", "189", "119", "171", "531", "312", "563", "299", "605", "702", "213", "60", "111", "467", "388", "180", "602", "352", "406", "26", "709", "350", "173", "358", "512", "192", "508", "83", "99", "273", "100", "699", "271", "237", "468", "480", "538", "484", "462", "630", "264", "540", "149", "74", "579", "367", "673", "450", "183", "186", "459", "397", "77", "76", "270", "117", "692", "196", "71", "375", "226", "46", "698", "417", "431", "25", "644", "200", "603", "385", "54", "15", "101", "392", "637", "118", "185", "310", "130", "493", "490", "313", "355", "8", "576", "50", "328", "257", "502", "95", "705", "51", "67", "244", "380", "555"], "labels": [1, 0, 0, 1, 1, 1, 0, 0, 0, 0, 1, 1, 0, 0, 1, 1, 0, 0, 0, 0, 0, 0, 0, 1, 0, 0, 1, 1, 1, 0, 0, 0, 1, 1, 0, 0, 0, 0, 1, 0, 1, 1, 1, 1, 0, 1, 1, 0, 0, 0, 0, 0, 1, 0, 0, 1, 0, 1, 0, 0, 1, 1, 0, 1, 1, 1, 1, 0, 0, 0, 1, 1, 0, 1, 1, 0, 0, 0, 0, 0, 0, 0, 1, 0, 0, 1, 0, 0, 1, 1, 0, 0, 0, 0, 1, 0, 0, 0, 1, 1, 0, 0, 1, 0, 0, 1, 1, 1, 0, 1, 0, 0, 1, 0, 1, 1, 1, 1, 1, 0, 0, 1, 1, 0, 0, 1, 1, 0, 0, 1, 0, 0, 1, 1, 0, 0, 0, 1, 1], "predicted_labels": [0, 1, 0, 0, 1, 0, 1, 1, 0, 0, 0, 1, 0, 1, 0, 1, 0, 1, 0, 0, 0, 0, 1, 1, 0, 1, 0, 1, 0, 0, 1, 1, 0, 0, 1, 1, 1, 0, 1, 1, 0, 0, 0, 1, 0, 0, 0, 0, 1, 0, 0, 1, 0, 0, 1, 0, 1, 0, 0, 0, 0, 0, 0, 1, 0, 0, 1, 0, 0, 0, 0, 0, 0, 1, 1, 0, 0, 0, 0, 1, 1, 0, 1, 1, 1, 1, 1, 1, 0, 0, 0, 1, 0, 0, 1, 0, 1, 1, 1, 1, 1, 1, 0, 0, 1, 0, 0, 0, 1, 1, 0, 0, 1, 1, 0, 0, 0, 1, 1, 0, 0, 0, 0, 1, 1, 0, 0, 0, 0, 1, 0, 0, 1, 1, 0, 0, 1, 0, 0], "confidence_scores": [[0.6043746995999119, 0.3956253004000884], [0.4479020341035136, 0.5520979658964863], [0.5747858019600899, 0.42521419803991006], [0.5824312257186074, 0.4175687742813927], [0.42597443708792593, 0.5740255629120741], [0.6053667311767423, 0.39463326882325744], [0.4938496808996291, 0.5061503191003709], [0.46128681278201106, 0.5387131872179889], [0.6074966869514756, 0.3925033130485246], [0.5472327678191609, 0.4527672321808391], [0.6609392913127806, 0.3390607086872192], [0.3407250533278016, 0.6592749466721982], [0.5399271763021647, 0.46007282369783525], [0.46764726958114655, 0.5323527304188536], [0.5434907831589023, 0.4565092168410976], [0.382865708631275, 0.6171342913687248], [0.5919214302946456, 0.40807856970535444], [0.3360576784541491, 0.6639423215458513], [0.5009335145866831, 0.4990664854133169], [0.7002531621292234, 0.29974683787077694], [0.5416882471076265, 0.45831175289237347], [0.6715277370025249, 0.3284722629974751], [0.4746320872732516, 0.5253679127267482], [0.27516392658358513, 0.7248360734164148], [0.5741054715990132, 0.4258945284009868], [0.4771651128589801, 0.52283488714102], [0.6386643511180653, 0.3613356488819349], [0.4201312982017216, 0.5798687017982784], [0.5048018600147458, 0.49519813998525414], [0.7087440649516187, 0.29125593504838115], [0.47235360953741806, 0.5276463904625819], [0.4761719750665955, 0.5238280249334046], [0.6658886553687094, 0.33411134463129105], [0.7224535066390244, 0.27754649336097553], [0.4805450254060128, 0.5194549745939873], [0.48913031918728506, 0.5108696808127149], [0.4669445415596032, 0.5330554584403967], [0.5415866631457659, 0.4584133368542339], [0.3447220258059478, 0.6552779741940522], [0.45589894013514426, 0.5441010598648557], [0.5015816902725417, 0.4984183097274582], [0.5320054079392463, 0.4679945920607536], [0.6122987103299714, 0.3877012896700287], [0.43609907860923774, 0.5639009213907622], [0.5865521266867474, 0.4134478733132524], [0.5941544763159731, 0.4058455236840273], [0.5715923843153623, 0.4284076156846378], [0.6411148226255762, 0.35888517737442344], [0.4256651252355113, 0.5743348747644887], [0.5856019446779896, 0.4143980553220106], [0.6452080391250538, 0.3547919608749464], [0.41575855902195924, 0.584241440978041], [0.5522387063279554, 0.4477612936720449], [0.5553900171730519, 0.44460998282694797], [0.4783584189107451, 0.5216415810892548], [0.5267907598494594, 0.47320924015054067], [0.34910989977155527, 0.6508901002284445], [0.5681543921929424, 0.4318456078070579], [0.5310129627865255, 0.4689870372134747], [0.5322891126846342, 0.46771088731536575], [0.5358468362260903, 0.4641531637739097], [0.5499377338858777, 0.4500622661141221], [0.5140536810976889, 0.4859463189023111], [0.49059794731598505, 0.509402052684015], [0.5056833316622713, 0.4943166683377288], [0.6197084570335194, 0.3802915429664803], [0.38504967842883125, 0.6149503215711687], [0.5502813700103703, 0.4497186299896298], [0.5090456513059156, 0.4909543486940844], [0.6567685179034894, 0.3432314820965111], [0.5672534353794594, 0.4327465646205405], [0.5198408184815644, 0.4801591815184356], [0.5051716700694285, 0.4948283299305714], [0.41141645614864386, 0.5885835438513563], [0.4403024853197767, 0.5596975146802232], [0.570470777704988, 0.42952922229501234], [0.6079090842458705, 0.39209091575412935], [0.5845619760025251, 0.41543802399747465], [0.6238907231639733, 0.37610927683602674], [0.45697542644540284, 0.5430245735545973], [0.47046971762524803, 0.529530282374752], [0.6129922903417466, 0.3870077096582533], [0.4157268676390354, 0.5842731323609643], [0.4402910533889586, 0.5597089466110415], [0.44698399923388055, 0.5530160007661196], [0.4912462934483597, 0.5087537065516403], [0.4475430036650057, 0.5524569963349941], [0.4658093987536512, 0.534190601246349], [0.5390200290978824, 0.46097997090211784], [0.559147207198874, 0.44085279280112577], [0.5117868808008172, 0.48821311919918275], [0.4869412463335207, 0.5130587536664792], [0.5707571126111114, 0.4292428873888886], [0.6597361001525354, 0.3402638998474651], [0.4931943678647298, 0.5068056321352702], [0.6154369655967077, 0.38456303440329265], [0.41911636803071073, 0.5808836319692895], [0.4474064081741517, 0.5525935918258482], [0.38726403850036983, 0.6127359614996302], [0.4168998106412329, 0.5831001893587674], [0.4588774833092651, 0.5411225166907346], [0.30600015612626436, 0.6939998438737359], [0.5219784276426028, 0.4780215723573969], [0.5294883039582821, 0.47051169604171794], [0.4853258318348606, 0.5146741681651392], [0.5098072838833443, 0.4901927161166556], [0.5404535831707352, 0.45954641682926484], [0.5168060732657002, 0.4831939267342996], [0.369674793566493, 0.6303252064335075], [0.47816955456030497, 0.5218304454396949], [0.6576887728471067, 0.34231122715289314], [0.5196673978027335, 0.4803326021972666], [0.4791392202586024, 0.5208607797413976], [0.4215143787639865, 0.5784856212360134], [0.6022373692281905, 0.3977626307718096], [0.5720567651821702, 0.42794323481782975], [0.5062818087604997, 0.4937181912395004], [0.321495283340977, 0.6785047166590228], [0.4646990075153746, 0.5353009924846256], [0.5433231973401634, 0.4566768026598367], [0.6634913196409549, 0.33650868035904524], [0.5665421711652914, 0.43345782883470857], [0.5363278950463923, 0.4636721049536079], [0.4522261078025241, 0.5477738921974759], [0.4341584241168999, 0.5658415758830998], [0.7027837634274076, 0.29721623657259283], [0.5191675364306472, 0.48083246356935283], [0.6411388990924713, 0.35886110090752854], [0.6696976358245943, 0.33030236417540515], [0.46294407182079605, 0.5370559281792039], [0.686457539475364, 0.31354246052463614], [0.5715284866495145, 0.4284715133504857], [0.499158500670478, 0.5008414993295218], [0.4416659815343561, 0.5583340184656437], [0.5369541448664671, 0.46304585513353286], [0.5648529008652947, 0.43514709913470523], [0.4943452724215952, 0.5056547275784048], [0.5311838597311481, 0.468816140268852], [0.615685499102934, 0.38431450089706565]]},