{"test": {"ids": ["424", "643", "291", "282", "396", "29", "580", "418", "411", "82", "148", "687", "338", "648", "394", "527", "576", "456", "87", "85", "136", "433", "146", "555", "689", "137", "224", "370", "218", "466", "666", "204", "421", "248", "14", "3", "670", "574", "236", "361", "615", "323", "685", "215", "214", "509", "115", "389", "473", "173", "257", "220", "378", "589", "345", "95", "75", "373", "652", "579", "381", "480", "534", "329", "374", "583", "159", "141", "636", "127", "288", "532", "569", "417", "327", "158", "112", "187", "428", "597", "364", "561", "614", "564", "18", "292", "653", "483", "261", "501", "694", "531", "441", "395", "321", "156", "41", "684", "65", "617", "427", "174", "491", "593", "23", "436", "584", "698", "128", "51", "251", "97", "99", "274", "276", "76", "346", "11", "403", "606", "633", "485", "144", "247", "594", "96", "703", "626", "518", "66", "132", "528", "549", "151", "402", "376", "193", "353", "481", "240", "399"], "labels": [1, 1, 0, 0, 1, 0, 0, 1, 1, 1, 1, 1, 0, 1, 1, 1, 0, 0, 0, 0, 1, 1, 1, 1, 1, 1, 0, 0, 0, 0, 1, 0, 1, 0, 1, 0, 1, 0, 0, 0, 0, 0, 0, 0, 0, 0, 1, 1, 0, 1, 0, 0, 1, 0, 0, 1, 0, 0, 1, 0, 0, 0, 1, 0, 0, 0, 1, 1, 1, 1, 0, 1, 0, 1, 0, 1, 1, 0, 1, 0, 0, 0, 0, 0, 0, 0, 1, 0, 0, 0, 1, 1, 1, 1, 0, 1, 1, 1, 0, 0, 1, 0, 0, 0, 0, 1, 0, 1, 1, 1, 1, 1, 1, 0, 0, 0, 0, 1, 1, 0, 1, 0, 1, 0, 0, 1, 1, 1, 1, 0, 1, 1, 1, 1, 1, 0, 0, 0, 0, 0, 1], "predicted_labels": [1, 1, 0, 0, 1, 0, 0, 1, 0, 1, 0, 0, 1, 1, 0, 1, 0, 0, 0, 1, 1, 1, 0, 0, 1, 0, 0, 0, 0, 0, 1, 0, 0, 1, 0, 0, 1, 0, 0, 0, 0, 0, 1, 0, 0, 0, 0, 0, 0, 0, 0, 1, 0, 0, 1, 0, 0, 0, 1, 0, 0, 0, 0, 0, 0, 0, 1, 0, 0, 1, 1, 1, 0, 0, 0, 0, 0, 0, 1, 0, 1, 0, 0, 0, 0, 0, 1, 0, 1, 0, 0, 0, 0, 0, 0, 1, 1, 1, 0, 1, 1, 0, 0, 0, 0, 1, 0, 1, 1, 1, 0, 0, 0, 0, 1, 1, 0, 0, 0, 0, 1, 0, 1, 0, 0, 0, 0, 0, 0, 0, 1, 0, 0, 1, 0, 0, 0, 0, 0, 0, 0], "confidence_scores": [[0.4496868880746037, 0.5503131119253962], [0.4399371901935967, 0.5600628098064031], [0.7115520813025341, 0.28844791869746594], [0.5344753221338011, 0.46552467786619905], [0.32428056874869554, 0.6757194312513046], [0.5641484301435277, 0.4358515698564722], [0.6296730137098252, 0.3703269862901746], [0.49152416826302686, 0.508475831736973], [0.5030985160787578, 0.4969014839212423], [0.4241291197379826, 0.5758708802620174], [0.5773902989570661, 0.422609701042934], [0.6020651207267749, 0.39793487927322535], [0.491067395770137, 0.508932604229863], [0.45467471558604167, 0.5453252844139584], [0.5194564116328212, 0.48054358836717875], [0.49821926550264356, 0.5017807344973565], [0.7492501127059031, 0.2507498872940968], [0.6215710709637091, 0.37842892903629083], [0.5275064531005871, 0.47249354689941286], [0.4956620753766666, 0.5043379246233334], [0.4842631370834935, 0.5157368629165066], [0.39080877125041547, 0.6091912287495845], [0.5646779172330575, 0.4353220827669424], [0.6656528308834738, 0.33434716911652634], [0.4658857547531154, 0.5341142452468847], [0.6669508809584137, 0.33304911904158596], [0.5735694444704036, 0.42643055552959647], [0.5618665644719985, 0.4381334355280015], [0.5701032559623899, 0.42989674403761013], [0.5598589063889591, 0.4401410936110412], [0.4644716337617155, 0.5355283662382844], [0.5963681715890593, 0.40363182841094075], [0.5273571488715594, 0.47264285112844057], [0.4168519121136551, 0.583148087886345], [0.5417948065822373, 0.45820519341776245], [0.5837784272335358, 0.4162215727664641], [0.4529032021703404, 0.5470967978296596], [0.6257669873814835, 0.37423301261851655], [0.6052924122218963, 0.39470758777810344], [0.6826616704351909, 0.3173383295648094], [0.7130295820693949, 0.2869704179306052], [0.6048431048958262, 0.3951568951041739], [0.4349554507761199, 0.56504454922388], [0.6903836589009952, 0.3096163410990048], [0.5395477514156279, 0.46045224858437217], [0.6977888526127898, 0.3022111473872102], [0.7185161213660539, 0.281483878633946], [0.6023503838840805, 0.3976496161159196], [0.5757003309995791, 0.4242996690004209], [0.5219445087121426, 0.47805549128785735], [0.7263021387099451, 0.27369786129005497], [0.48988524115385373, 0.5101147588461462], [0.5598729879628457, 0.4401270120371544], [0.5048285697536004, 0.4951714302463997], [0.4955593819860667, 0.5044406180139333], [0.6211095515920888, 0.3788904484079111], [0.5475281741803002, 0.45247182581969986], [0.5687212962939147, 0.4312787037060854], [0.36033108573314815, 0.6396689142668518], [0.5300601829491887, 0.46993981705081117], [0.5145581032578724, 0.4854418967421275], [0.6153613514426352, 0.38463864855736474], [0.6649128071951342, 0.3350871928048656], [0.6560210034075898, 0.3439789965924102], [0.5261779626292786, 0.47382203737072137], [0.6713708762510795, 0.3286291237489201], [0.34895142316464317, 0.6510485768353569], [0.5663801651954015, 0.43361983480459854], [0.5917609274103094, 0.40823907258969055], [0.3941609862019088, 0.6058390137980909], [0.44989381231759995, 0.5501061876824002], [0.4240278219107416, 0.5759721780892584], [0.7296638252538935, 0.2703361747461064], [0.5283174174640713, 0.47168258253592865], [0.7348209191320404, 0.2651790808679594], [0.5443357161083887, 0.45566428389161134], [0.5904748814734628, 0.4095251185265373], [0.5190171995293256, 0.48098280047067443], [0.451595114562412, 0.5484048854375878], [0.6819655825499517, 0.318034417450048], [0.4951375549803656, 0.5048624450196344], [0.5674690313634128, 0.43253096863658713], [0.5208668657245634, 0.47913313427543663], [0.5608819506307815, 0.43911804936921833], [0.5061242001077872, 0.4938757998922128], [0.5134217546680498, 0.4865782453319502], [0.39701777119926546, 0.6029822288007346], [0.6478662254984099, 0.3521337745015902], [0.39846954687071395, 0.6015304531292862], [0.5163077805195176, 0.48369221948048235], [0.5159158519562608, 0.48408414804373917], [0.5461827979079569, 0.4538172020920432], [0.5700028224749704, 0.4299971775250296], [0.5413280096918497, 0.45867199030815037], [0.5439402524037533, 0.4560597475962467], [0.4114197168606559, 0.5885802831393439], [0.4114127274084423, 0.5885872725915576], [0.48077902238632203, 0.519220977613678], [0.5534081408964938, 0.4465918591035063], [0.4982206026083319, 0.5017793973916681], [0.4286638919162953, 0.5713361080837047], [0.5977499553925701, 0.40225004460742964], [0.5032792510703237, 0.49672074892967644], [0.5535200206563243, 0.44647997934367567], [0.6804235472203639, 0.31957645277963603], [0.39188994305308816, 0.6081100569469118], [0.523630529744478, 0.476369470255522], [0.4814323191543531, 0.5185676808456468], [0.4345067480434209, 0.5654932519565792], [0.3417097420304358, 0.6582902579695643], [0.570271044609905, 0.4297289553900952], [0.5009752137958811, 0.4990247862041188], [0.6069830472606524, 0.39301695273934756], [0.6442637403179137, 0.3557362596820862], [0.48000427143918956, 0.5199957285608103], [0.4311380363875085, 0.5688619636124915], [0.5645011002602366, 0.4354988997397636], [0.5854538229835357, 0.4145461770164642], [0.6861942760415826, 0.3138057239584172], [0.6359274840199276, 0.3640725159800723], [0.46884406639818293, 0.531155933601817], [0.5702644944626717, 0.4297355055373282], [0.4626660567555993, 0.5373339432444006], [0.5735269674608727, 0.4264730325391273], [0.6064273070918064, 0.3935726929081935], [0.5665913815786293, 0.4334086184213707], [0.528047374696459, 0.47195262530354093], [0.5329533644939558, 0.46704663550604425], [0.6015698579799129, 0.398430142020087], [0.6444729859571272, 0.35552701404287296], [0.41634757328062366, 0.5836524267193764], [0.6826244402770512, 0.3173755597229491], [0.5693240491324882, 0.4306759508675119], [0.35210074884628284, 0.6478992511537173], [0.5082250391671014, 0.4917749608328986], [0.5232607703480244, 0.47673922965197557], [0.532482353737591, 0.467517646262409], [0.5205483954468589, 0.479451604553141], [0.5955106907040307, 0.40448930929596927], [0.5506483463881069, 0.4493516536118931], [0.6060590215670758, 0.3939409784329241]]},