{"test": {"ids": ["234", "258", "425", "692", "121", "578", "271", "113", "543", "393", "327", "661", "70", "382", "352", "48", "423", "309", "694", "572", "238", "484", "136", "304", "455", "420", "473", "28", "35", "621", "155", "73", "252", "197", "450", "702", "100", "365", "412", "592", "62", "574", "120", "508", "160", "248", "23", "454", "247", "706", "107", "47", "485", "326", "612", "405", "677", "348", "184", "614", "688", "5", "449", "537", "203", "350", "524", "527", "289", "474", "424", "650", "307", "151", "27", "561", "674", "126", "173", "152", "421", "576", "583", "124", "46", "587", "490", "693", "158", "134", "255", "341", "317", "607", "465", "457", "433", "395", "581", "335", "3", "390", "275", "645", "240", "486", "591", "220", "31", "556", "403", "269", "364", "16", "411", "351", "112", "174", "617", "292", "635", "87", "609", "656", "394", "239", "355", "489", "380", "229", "10", "262", "409", "472", "310", "320", "37", "540", "374", "236", "544", "690", "225"], "labels": [0, 1, 1, 1, 1, 0, 0, 1, 1, 1, 1, 0, 1, 1, 1, 0, 1, 0, 1, 0, 0, 0, 1, 0, 0, 1, 0, 0, 0, 1, 1, 1, 1, 0, 0, 1, 0, 1, 1, 0, 1, 0, 1, 0, 1, 1, 0, 0, 1, 1, 1, 0, 0, 1, 0, 1, 0, 1, 0, 0, 0, 0, 0, 1, 0, 1, 1, 1, 0, 0, 1, 0, 0, 1, 0, 0, 0, 1, 1, 1, 1, 0, 0, 1, 0, 0, 0, 1, 1, 1, 1, 1, 0, 0, 0, 0, 1, 1, 0, 1, 0, 1, 0, 0, 0, 0, 0, 0, 0, 0, 1, 0, 1, 1, 1, 1, 1, 0, 0, 0, 0, 0, 0, 0, 1, 0, 1, 0, 1, 0, 0, 1, 1, 0, 0, 0, 0, 1, 1, 0, 0, 1, 0], "predicted_labels": [1, 0, 0, 1, 1, 0, 0, 0, 0, 0, 0, 0, 1, 0, 1, 0, 0, 0, 0, 0, 0, 1, 1, 0, 0, 1, 0, 0, 0, 0, 1, 1, 1, 0, 0, 1, 0, 1, 1, 0, 0, 0, 0, 0, 1, 1, 0, 0, 0, 0, 0, 1, 0, 1, 0, 1, 0, 1, 0, 0, 0, 0, 0, 0, 0, 0, 1, 1, 0, 0, 1, 0, 0, 0, 0, 0, 0, 1, 0, 1, 1, 0, 0, 0, 0, 0, 1, 0, 1, 1, 0, 1, 0, 0, 0, 0, 1, 1, 0, 1, 0, 1, 0, 0, 0, 1, 0, 0, 1, 0, 0, 0, 1, 1, 1, 1, 0, 0, 0, 0, 0, 1, 0, 0, 0, 0, 0, 1, 1, 1, 0, 0, 0, 0, 0, 0, 0, 1, 1, 0, 0, 0, 1], "confidence_scores": [[0.4916136953945458, 0.5083863046054542], [0.5555506764477351, 0.4444493235522648], [0.5155135604839891, 0.484486439516011], [0.324347804972805, 0.675652195027195], [0.31278240599979745, 0.6872175940002028], [0.7490262099012098, 0.2509737900987901], [0.8448640766912827, 0.15513592330871745], [0.6768587964323257, 0.3231412035676742], [0.5728076898591605, 0.42719231014083947], [0.5077191999177293, 0.4922808000822709], [0.6302794032303302, 0.36972059676966984], [0.7736662373574138, 0.22633376264258623], [0.44210952854335206, 0.5578904714566479], [0.5496346084471084, 0.4503653915528916], [0.2613528409370128, 0.7386471590629872], [0.5433720927765046, 0.4566279072234956], [0.5255691877566877, 0.47443081224331235], [0.6919269480519477, 0.30807305194805207], [0.5394989316239314, 0.4605010683760684], [0.7802655080426824, 0.21973449195731815], [0.7477233738483736, 0.25227662615162616], [0.41154476773226767, 0.5884552322677322], [0.31568959482546444, 0.6843104051745357], [0.8347688102959843, 0.16523118970401585], [0.6720829489138315, 0.32791705108616864], [0.4180909576534576, 0.5819090423465425], [0.558489918578154, 0.44151008142184606], [0.5529488983238983, 0.44705110167610157], [0.6874581113331114, 0.3125418886668887], [0.7562972599296128, 0.24370274007038717], [0.2641607697857699, 0.7358392302142301], [0.4361776014018662, 0.563822398598134], [0.44008350675326385, 0.5599164932467362], [0.74619237012987, 0.25380762987012984], [0.7978695112077466, 0.20213048879225354], [0.48148329995168204, 0.5185167000483178], [0.6158530636030638, 0.3841469363969365], [0.30812399509245486, 0.6918760049075451], [0.4110808517462931, 0.5889191482537071], [0.6308594044844043, 0.3691405955155957], [0.5153671933501657, 0.4846328066498344], [0.7808311133311132, 0.21916888666888665], [0.5804785137248373, 0.41952148627516267], [0.606228252956194, 0.3937717470438058], [0.24777152678239622, 0.7522284732176034], [0.41211904843522496, 0.587880951564775], [0.6037483174860092, 0.3962516825139907], [0.779115802906244, 0.2208841970937559], [0.5345263788499082, 0.4654736211500918], [0.799764568764569, 0.20023543123543125], [0.5042560911133482, 0.4957439088866519], [0.34225013604386667, 0.6577498639561334], [0.5977703623990388, 0.4022296376009613], [0.25927031995782, 0.7407296800421803], [0.6345114460702692, 0.3654885539297306], [0.3830327205474264, 0.6169672794525737], [0.6510897305309071, 0.3489102694690931], [0.18352883532875786, 0.8164711646712419], [0.7214835461320436, 0.2785164538679565], [0.6075392941252074, 0.39246070587479237], [0.7210531968031969, 0.2789468031968032], [0.5867223797444386, 0.4132776202555614], [0.6240050178579589, 0.375994982142041], [0.7534321691380516, 0.2465678308619485], [0.7453789274451041, 0.254621072554896], [0.517033064158064, 0.48296693584193584], [0.4848765972589502, 0.5151234027410498], [0.45873186168406754, 0.5412681383159325], [0.7178280538905539, 0.2821719461094462], [0.6733929265179265, 0.3266070734820734], [0.34997417136004105, 0.6500258286399592], [0.848321248196248, 0.1516787518037518], [0.7502836656807241, 0.24971633431927548], [0.6428523212898213, 0.3571476787101788], [0.6043783300033302, 0.39562166999667], [0.7392089275103984, 0.2607910724896019], [0.8410084221334224, 0.1589915778665779], [0.47480147262867867, 0.5251985273713212], [0.6415206574826139, 0.358479342517386], [0.3064374375624376, 0.6935625624375622], [0.4301973165723166, 0.5698026834276834], [0.8589233821733819, 0.14107661782661782], [0.8445861834244187, 0.15541381657558126], [0.6750160391079508, 0.32498396089204895], [0.5126234898142795, 0.48737651018572065], [0.5968963258963257, 0.4031036741036742], [0.4631899766899768, 0.5368100233100231], [0.5844308877397113, 0.4155691122602888], [0.2407248234856931, 0.7592751765143069], [0.478248196762743, 0.521751803237257], [0.6278320750886534, 0.372167924911346], [0.22274372849372856, 0.7772562715062712], [0.7151687895437894, 0.28483121045621046], [0.7750573454323451, 0.2249426545676546], [0.6591323815073813, 0.34086761849261854], [0.5930298903452926, 0.4069701096547073], [0.38544100752189, 0.61455899247811], [0.4562132173382173, 0.5437867826617828], [0.7406008297258299, 0.25939917027417037], [0.3209559135309136, 0.6790440864690865], [0.5609108712924504, 0.4390891287075495], [0.48180212842712855, 0.5181978715728716], [0.6489743173493173, 0.35102568265068257], [0.7440229076479079, 0.25597709235209226], [0.8583410062160062, 0.14165899378399371], [0.3891251745029994, 0.6108748254970005], [0.5521636627261627, 0.4478363372738372], [0.7020304218055763, 0.2979695781944233], [0.3577263732999027, 0.6422736267000972], [0.6445183807205865, 0.35548161927941346], [0.575836906149406, 0.424163093850594], [0.7701057969807971, 0.22989420301920307], [0.33074334422457496, 0.6692566557754254], [0.40994991119991114, 0.5900500888000889], [0.4791475981747719, 0.5208524018252281], [0.18701752414252418, 0.8129824758574757], [0.7277605760252819, 0.2722394239747181], [0.7625184757874974, 0.23748152421250257], [0.5849853679816917, 0.4150146320183085], [0.7336604506604506, 0.26633954933954923], [0.6097300974991191, 0.39026990250088084], [0.4487848621966271, 0.5512151378033728], [0.522883866133866, 0.47711613386613416], [0.7940174131424128, 0.20598258685758683], [0.5947485312889724, 0.40525146871102763], [0.8054939047880226, 0.1945060952119776], [0.5143034853788321, 0.48569651462116786], [0.42747497355585595, 0.572525026444144], [0.3741192390126213, 0.6258807609873788], [0.4205722749472752, 0.5794277250527249], [0.5159841171899995, 0.48401588281000046], [0.6495018939393937, 0.35049810606060594], [0.5765665175253025, 0.42343348247469753], [0.5129888583638581, 0.48701114163614173], [0.7692500693750693, 0.23074993062493068], [0.6524248806748806, 0.3475751193251193], [0.6010728707566941, 0.39892712924330587], [0.41735531135531134, 0.5826446886446885], [0.31707565759404, 0.6829243424059601], [0.7419087301587304, 0.25809126984126995], [0.6491190764859494, 0.35088092351405015], [0.5440634573759571, 0.45593654262404293], [0.4374435841935842, 0.5625564158064157]]},