{"test": {"ids": ["43", "276", "4", "312", "673", "291", "24", "343", "324", "467", "116", "314", "364", "176", "563", "297", "157", "490", "528", "286", "553", "187", "155", "107", "698", "250", "487", "575", "390", "530", "333", "71", "693", "14", "686", "268", "313", "510", "42", "433", "302", "709", "329", "574", "435", "700", "477", "131", "248", "683", "17", "194", "703", "627", "396", "148", "232", "141", "12", "509", "100", "278", "33", "330", "394", "162", "606", "519", "372", "32", "300", "225", "493", "29", "310", "588", "284", "578", "410", "271", "193", "120", "86", "674", "96", "117", "546", "439", "66", "25", "682", "151", "514", "182", "101", "706", "684", "590", "244", "251", "266", "603", "171", "58", "661", "461", "94", "391", "70", "110", "114", "48", "209", "402", "687", "113", "503", "613", "115", "200", "397", "269", "205", "258", "480", "99", "31", "270", "378", "656", "80", "484", "525", "272", "265", "256", "125", "555", "690", "260", "567"], "labels": [1, 0, 0, 0, 1, 0, 0, 0, 0, 0, 1, 0, 0, 0, 0, 0, 1, 0, 1, 0, 1, 0, 1, 1, 1, 1, 0, 0, 1, 1, 0, 0, 1, 1, 1, 0, 0, 0, 1, 1, 0, 1, 0, 0, 1, 1, 0, 1, 0, 1, 1, 0, 1, 1, 1, 1, 0, 1, 1, 0, 1, 0, 0, 0, 1, 1, 0, 1, 0, 0, 0, 0, 1, 0, 0, 0, 0, 0, 1, 0, 0, 1, 0, 1, 1, 1, 1, 1, 0, 0, 1, 1, 1, 0, 1, 1, 1, 0, 0, 1, 0, 0, 1, 1, 1, 0, 1, 1, 0, 1, 1, 1, 0, 1, 1, 1, 0, 0, 1, 0, 1, 0, 0, 0, 0, 1, 0, 0, 1, 1, 0, 0, 1, 0, 0, 0, 1, 1, 1, 0, 0], "predicted_labels": [1, 1, 0, 0, 1, 1, 1, 1, 1, 1, 1, 1, 1, 0, 0, 0, 1, 0, 0, 1, 0, 0, 1, 0, 1, 0, 1, 1, 1, 1, 0, 1, 1, 0, 0, 0, 1, 0, 1, 1, 0, 0, 0, 0, 1, 1, 0, 0, 1, 1, 1, 0, 0, 1, 1, 1, 0, 0, 0, 0, 0, 0, 0, 0, 0, 0, 0, 1, 0, 1, 1, 1, 1, 1, 0, 0, 1, 0, 0, 0, 1, 1, 1, 0, 0, 1, 0, 1, 0, 1, 1, 1, 1, 1, 1, 0, 1, 0, 0, 0, 1, 0, 1, 1, 0, 0, 0, 0, 1, 0, 0, 1, 1, 0, 0, 0, 1, 1, 0, 0, 1, 0, 0, 0, 0, 0, 0, 0, 1, 0, 1, 0, 0, 1, 1, 0, 1, 0, 1, 1, 1], "confidence_scores": [[3.713888798673182e-05, 0.9999628611120133], [0.108677895492718, 0.891322104507282], [0.950420318459503, 0.04957968154049692], [0.9937959702617067, 0.006204029738293215], [0.2787833299071474, 0.7212166700928526], [0.09866884147158217, 0.9013311585284178], [0.0008763277303860395, 0.999123672269614], [0.08457280342538476, 0.9154271965746152], [0.42232247510207876, 0.5776775248979212], [0.015059310829971917, 0.9849406891700281], [0.0003132336341822306, 0.9996867663658178], [0.15572206653787302, 0.844277933462127], [0.46323068194154027, 0.5367693180584597], [0.9205524115233938, 0.07944758847660612], [0.847055796255737, 0.15294420374426296], [0.9477083983120249, 0.05229160168797514], [0.016710664865783986, 0.983289335134216], [0.5509211447440713, 0.4490788552559287], [0.682275082540476, 0.31772491745952397], [0.40337262706557964, 0.5966273729344204], [0.8831442609270345, 0.11685573907296552], [0.834857910257209, 0.165142089742791], [0.007200410508915178, 0.9927995894910848], [0.5344293545437848, 0.4655706454562152], [0.004475129618768614, 0.9955248703812314], [0.9698689122406868, 0.030131087759313124], [0.2541340421278677, 0.7458659578721323], [0.4372643764095362, 0.5627356235904638], [0.04074235335959164, 0.9592576466404084], [0.02135168998983905, 0.978648310010161], [0.6366688478593855, 0.3633311521406145], [0.004903137324434592, 0.9950968626755654], [0.1779950195167075, 0.8220049804832925], [0.9964256158354445, 0.0035743841645554824], [0.8134541972741027, 0.18654580272589727], [0.7979928933718367, 0.20200710662816335], [0.3710525337341588, 0.6289474662658412], [0.9811368189943597, 0.018863181005640287], [0.01641376615162382, 0.9835862338483762], [0.013886909499582933, 0.9861130905004171], [0.632446791666602, 0.367553208333398], [0.798694257702885, 0.20130574229711495], [0.9480167488827876, 0.05198325111721241], [0.9979599757047614, 0.002040024295238649], [0.44074572932016276, 0.5592542706798372], [0.29591443093223335, 0.7040855690677666], [0.6137417927867369, 0.3862582072132631], [0.9878496135970869, 0.012150386402913155], [0.09269117121783721, 0.9073088287821628], [0.11253531844229026, 0.8874646815577097], [0.2136848101996648, 0.7863151898003352], [0.8772355692701049, 0.1227644307298951], [0.9525364944161311, 0.047463505583868894], [0.09228562639759941, 0.9077143736024006], [0.0034656170226335936, 0.9965343829773664], [0.006224246612356543, 0.9937757533876435], [0.7994025044934753, 0.2005974955065247], [0.9384675215648713, 0.061532478435128636], [0.9822453800086725, 0.017754619991327568], [0.9813559880856821, 0.018644011914317807], [0.9903196280523068, 0.009680371947693193], [0.6848987068913988, 0.3151012931086013], [0.74497447326612, 0.25502552673388], [0.8826080064803994, 0.11739199351960057], [0.7443992865366038, 0.25560071346339613], [0.6912218782053283, 0.3087781217946716], [0.6322870689142035, 0.3677129310857965], [0.040530518048222164, 0.9594694819517778], [0.981736375156449, 0.01826362484355109], [0.04186915743671271, 0.9581308425632873], [0.20674725338583322, 0.7932527466141668], [0.23009201233868204, 0.769907987661318], [0.014661189776391081, 0.9853388102236089], [0.12441248103758995, 0.87558751896241], [0.6415487607281538, 0.35845123927184613], [0.8578367183931267, 0.14216328160687328], [0.139273362274543, 0.860726637725457], [0.995894638915015, 0.004105361084985093], [0.6798385648720793, 0.32016143512792067], [0.9953896867944091, 0.004610313205590857], [0.45071634265290617, 0.5492836573470938], [0.0013354210170650749, 0.9986645789829349], [0.3500425080569399, 0.6499574919430601], [0.9227035257311076, 0.07729647426889245], [0.8292067296363056, 0.17079327036369438], [0.26872642849744066, 0.7312735715025593], [0.7637605159737471, 0.23623948402625294], [0.03678426125833678, 0.9632157387416632], [0.964695738019627, 0.03530426198037295], [0.19022660552640358, 0.8097733944735964], [0.05743673238073432, 0.9425632676192657], [0.019323801012913755, 0.9806761989870862], [0.4961797978594883, 0.5038202021405117], [0.3279212690478186, 0.6720787309521814], [0.4195872758837327, 0.5804127241162673], [0.5370124864523426, 0.46298751354765744], [0.11264828568253815, 0.8873517143174618], [0.7183030548782894, 0.28169694512171056], [0.9456657539755783, 0.054334246024421724], [0.7632454436427895, 0.23675455635721052], [0.19583824202055478, 0.8041617579794452], [0.5036049762333094, 0.49639502376669065], [0.1401776289718738, 0.8598223710281262], [0.4351938516225521, 0.5648061483774479], [0.9372064723717054, 0.0627935276282946], [0.9991302061973006, 0.0008697938026993898], [0.6529191469131695, 0.34708085308683045], [0.8960686483298235, 0.10393135167017653], [0.06345936845253752, 0.9365406315474625], [0.9272157592537918, 0.07278424074620816], [0.997137147703868, 0.002862852296131985], [0.07485652041216295, 0.925143479587837], [0.3537354683081989, 0.6462645316918011], [0.9056973196590024, 0.09430268034099767], [0.6710345602373929, 0.32896543976260706], [0.7140160403317859, 0.2859839596682141], [0.07397639451177163, 0.9260236054882284], [0.01029391869356433, 0.9897060813064357], [0.9997672989425327, 0.0002327010574673599], [0.9373735277216612, 0.0626264722783388], [0.019619811084341854, 0.9803801889156581], [0.9727018918242012, 0.027298108175798842], [0.9981497235575777, 0.0018502764424222996], [0.7622748392974936, 0.23772516070250643], [0.577663845365513, 0.4223361546344871], [0.9865287735533751, 0.013471226446624856], [0.6047601858804361, 0.3952398141195639], [0.9963558395743685, 0.0036441604256315556], [0.43871182343620685, 0.5612881765637932], [0.5043838335157136, 0.49561616648428636], [0.0026057214436431275, 0.9973942785563569], [0.7540154969978718, 0.2459845030021282], [0.9971362032253659, 0.0028637967746341624], [0.09815789786628548, 0.9018421021337145], [0.42249095469536824, 0.5775090453046318], [0.9497481869124976, 0.05025181308750235], [0.1130835392932803, 0.8869164607067197], [0.5749156967071117, 0.42508430329288827], [0.1147862024731302, 0.8852137975268698], [0.21866340005626084, 0.7813365999437392], [0.13940168495332272, 0.8605983150466773]]},