{"test": {"ids": ["209", "325", "585", "487", "237", "637", "25", "390", "348", "657", "184", "408", "500", "196", "448", "595", "263", "61", "374", "217", "10", "89", "546", "155", "305", "464", "703", "43", "580", "467", "438", "504", "554", "620", "468", "697", "405", "655", "628", "648", "520", "671", "422", "365", "647", "536", "321", "19", "46", "181", "154", "193", "444", "709", "232", "676", "204", "172", "501", "236", "707", "165", "539", "35", "379", "12", "398", "107", "401", "646", "77", "197", "367", "214", "116", "68", "346", "244", "267", "457", "561", "631", "123", "559", "689", "80", "583", "86", "138", "239", "343", "531", "192", "551", "158", "569", "143", "404", "529", "593", "57", "481", "7", "173", "675", "206", "256", "666", "126", "427", "530", "273", "279", "94", "396", "72", "515", "178", "493", "49", "527", "708", "266", "516", "426", "528", "704", "658", "677", "327", "288", "281", "319", "65", "168", "265", "490", "0", "161", "274", "437"], "labels": [0, 1, 0, 0, 0, 1, 0, 1, 1, 1, 0, 1, 0, 0, 0, 0, 0, 0, 1, 0, 1, 1, 0, 1, 0, 0, 1, 0, 0, 0, 1, 0, 1, 0, 0, 1, 1, 1, 1, 1, 1, 1, 1, 1, 1, 0, 0, 0, 0, 0, 1, 0, 0, 1, 0, 1, 0, 1, 0, 0, 1, 1, 0, 0, 1, 1, 1, 1, 1, 1, 0, 0, 1, 0, 1, 0, 1, 0, 0, 0, 0, 0, 1, 0, 1, 0, 0, 0, 1, 0, 1, 0, 0, 0, 1, 0, 1, 1, 0, 0, 0, 0, 1, 1, 1, 0, 0, 1, 1, 1, 0, 0, 0, 1, 1, 0, 0, 0, 1, 0, 0, 1, 0, 1, 1, 0, 1, 1, 1, 1, 0, 0, 0, 0, 1, 0, 0, 1, 1, 0, 1], "predicted_labels": [1, 0, 0, 1, 0, 0, 1, 0, 1, 1, 0, 1, 0, 1, 0, 0, 1, 0, 1, 0, 1, 1, 0, 1, 0, 0, 1, 0, 0, 1, 0, 0, 0, 0, 0, 0, 1, 0, 0, 0, 1, 0, 1, 1, 0, 0, 1, 1, 1, 0, 0, 0, 1, 1, 0, 1, 0, 0, 1, 0, 1, 1, 0, 0, 0, 0, 1, 0, 0, 1, 1, 0, 1, 0, 0, 1, 0, 0, 1, 1, 0, 0, 1, 0, 1, 0, 0, 1, 1, 0, 1, 0, 0, 0, 1, 0, 0, 0, 0, 0, 1, 0, 0, 0, 0, 0, 0, 0, 1, 1, 1, 0, 0, 0, 0, 1, 0, 1, 1, 1, 1, 1, 0, 0, 1, 0, 0, 0, 0, 0, 1, 1, 0, 0, 0, 0, 1, 1, 1, 0, 1], "confidence_scores": [[0.4255984005450685, 0.5744015994549315], [0.7314877803740565, 0.2685122196259435], [0.6754753839169165, 0.32452461608308353], [0.35822189716695274, 0.6417781028330473], [0.8738822137708881, 0.1261177862291118], [0.5267494495272098, 0.47325055047279024], [0.4767730941881967, 0.5232269058118033], [0.5123037446673764, 0.4876962553326236], [0.1273557076350229, 0.8726442923649771], [0.3505792336845185, 0.6494207663154815], [0.8318934721959358, 0.16810652780406424], [0.3275084026396753, 0.6724915973603247], [0.7792197169038491, 0.22078028309615094], [0.3286951592985702, 0.6713048407014298], [0.6024021045816622, 0.3975978954183378], [0.6160243576143041, 0.38397564238569587], [0.25229871032846696, 0.747701289671533], [0.6500347765846461, 0.3499652234153539], [0.18315466079948373, 0.8168453392005163], [0.819680664595053, 0.180319335404947], [0.3727135052148687, 0.6272864947851313], [0.3890125381125439, 0.6109874618874561], [0.677666264933957, 0.322333735066043], [0.3611203940799449, 0.6388796059200551], [0.5130938601659305, 0.4869061398340695], [0.847582056169448, 0.15241794383055202], [0.36141182618474643, 0.6385881738152536], [0.8495765023510903, 0.15042349764890975], [0.7759235456271163, 0.22407645437288376], [0.4518724082095743, 0.5481275917904257], [0.6975087303119781, 0.30249126968802187], [0.7475175561981924, 0.25248244380180757], [0.8887676395028359, 0.11123236049716416], [0.797985758143532, 0.20201424185646796], [0.8660086849190296, 0.1339913150809704], [0.596408341412491, 0.40359165858750906], [0.2546400183646127, 0.7453599816353873], [0.6470555950945545, 0.3529444049054456], [0.6939322512173582, 0.3060677487826417], [0.5443206186451177, 0.45567938135488223], [0.28274922232804134, 0.7172507776719587], [0.6377929346932032, 0.36220706530679675], [0.47577266311860733, 0.5242273368813927], [0.19400291422563953, 0.8059970857743605], [0.6240066072988957, 0.3759933927011043], [0.7858114166699923, 0.21418858333000773], [0.29206489675722325, 0.7079351032427768], [0.2874153623791983, 0.7125846376208017], [0.15502527551119183, 0.8449747244888082], [0.801879358370321, 0.19812064162967896], [0.7369527923860888, 0.2630472076139112], [0.6388501159233231, 0.361149884076677], [0.23646632433342607, 0.7635336756665739], [0.34698303845749423, 0.6530169615425058], [0.7786055823025699, 0.22139441769743004], [0.4163555403373722, 0.5836444596626278], [0.6566260446714762, 0.34337395532852377], [0.595047319206446, 0.40495268079355395], [0.3150272442659977, 0.6849727557340023], [0.5566226081375157, 0.44337739186248426], [0.13457849599931726, 0.8654215040006827], [0.18688864791395787, 0.8131113520860421], [0.6961936206093002, 0.3038063793906998], [0.7400045235940971, 0.2599954764059029], [0.7303442680157255, 0.26965573198427456], [0.5553488609872603, 0.44465113901273967], [0.3186086472698355, 0.6813913527301645], [0.7673056367732289, 0.23269436322677106], [0.8322389077843314, 0.16776109221566857], [0.13705546033412597, 0.862944539665874], [0.35350861568431946, 0.6464913843156805], [0.5620806893859649, 0.43791931061403505], [0.44407433079234093, 0.5559256692076591], [0.658521671750412, 0.341478328249588], [0.5531987900132445, 0.44680120998675554], [0.34182505310078615, 0.6581749468992139], [0.7272880446462726, 0.27271195535372744], [0.8104205491539977, 0.18957945084600222], [0.2644096528748423, 0.7355903471251577], [0.3751165196701485, 0.6248834803298515], [0.5571335517111553, 0.4428664482888447], [0.514543509970752, 0.4854564900292479], [0.23051094909849323, 0.7694890509015068], [0.909931577574721, 0.09006842242527899], [0.28746104214166857, 0.7125389578583314], [0.6193680157624519, 0.38063198423754807], [0.785718384059712, 0.21428161594028808], [0.4247111618031105, 0.5752888381968895], [0.2821548289319249, 0.7178451710680751], [0.6527307389363222, 0.3472692610636779], [0.12398596521311134, 0.8760140347868887], [0.8111536958024507, 0.1888463041975493], [0.6233977604296719, 0.3766022395703282], [0.8750622814030976, 0.12493771859690239], [0.35070503516393314, 0.6492949648360669], [0.720840768805475, 0.279159231194525], [0.6322584930014004, 0.3677415069985997], [0.7650593673917089, 0.23494063260829115], [0.6046651353799475, 0.3953348646200526], [0.7728073619092546, 0.22719263809074536], [0.3496806333504151, 0.6503193666495849], [0.8196887539689734, 0.18031124603102655], [0.8450896677072065, 0.1549103322927935], [0.8347417613623371, 0.16525823863766287], [0.8921843678119861, 0.10781563218801388], [0.760612875782608, 0.23938712421739203], [0.6514043523909463, 0.34859564760905376], [0.6817423486878895, 0.3182576513121105], [0.26778832400744257, 0.7322116759925574], [0.3434409377339822, 0.6565590622660178], [0.45962454656546003, 0.54037545343454], [0.635014273325553, 0.364985726674447], [0.7096536803012332, 0.29034631969876673], [0.5977396767147745, 0.4022603232852255], [0.7040195156819284, 0.29598048431807156], [0.3670711553048175, 0.6329288446951825], [0.7552378022522866, 0.24476219774771335], [0.4224837424260972, 0.5775162575739028], [0.20883566422960265, 0.7911643357703974], [0.4591817239651439, 0.5408182760348561], [0.2947490546342244, 0.7052509453657756], [0.34503072148224456, 0.6549692785177554], [0.8386703548924381, 0.16132964510756187], [0.5058173458937323, 0.49418265410626766], [0.3874188810297179, 0.6125811189702821], [0.7480374530446243, 0.25196254695537573], [0.7004719356362165, 0.29952806436378354], [0.8424239294091953, 0.15757607059080467], [0.6542378940251407, 0.34576210597485935], [0.807569546034744, 0.19243045396525604], [0.4665739680651054, 0.5334260319348946], [0.4435887556067686, 0.5564112443932314], [0.7087934349606959, 0.2912065650393041], [0.613596811988651, 0.38640318801134904], [0.5033160646325826, 0.4966839353674174], [0.8084478729992143, 0.19155212700078572], [0.2574249451300208, 0.7425750548699792], [0.2341639829988318, 0.7658360170011682], [0.22824683897511666, 0.7717531610248833], [0.5593825563514114, 0.4406174436485886], [0.3629339597770853, 0.6370660402229147]]},