{"test": {"ids": ["661", "385", "127", "255", "154", "205", "96", "314", "195", "208", "598", "258", "172", "657", "517", "662", "241", "253", "35", "200", "193", "552", "389", "612", "694", "376", "24", "672", "444", "216", "488", "336", "129", "211", "577", "321", "229", "476", "636", "234", "642", "503", "654", "548", "218", "72", "45", "214", "19", "6", "75", "372", "180", "468", "627", "530", "225", "213", "230", "683", "603", "671", "105", "295", "568", "276", "236", "187", "272", "633", "196", "7", "323", "436", "331", "163", "537", "143", "543", "52", "237", "63", "461", "489", "320", "126", "248", "82", "478", "166", "367", "649", "516", "531", "634", "192", "30", "29", "678", "607", "370", "704", "87", "565", "190", "310", "418", "110", "326", "150", "456", "244", "512", "621", "240", "610", "709", "588", "505", "89", "227", "183", "101", "558", "132", "161", "347", "390", "646", "710", "189", "693", "10", "153", "39", "224", "564", "438", "411", "11", "669"], "labels": [0, 0, 0, 0, 0, 1, 0, 1, 1, 1, 1, 0, 0, 0, 0, 0, 1, 1, 1, 1, 1, 0, 0, 0, 0, 0, 1, 0, 0, 1, 0, 0, 0, 1, 1, 1, 1, 1, 1, 1, 0, 1, 0, 0, 1, 1, 1, 1, 1, 0, 1, 0, 1, 1, 1, 0, 1, 1, 1, 0, 1, 0, 0, 1, 1, 1, 1, 1, 1, 0, 1, 0, 1, 0, 0, 0, 0, 0, 1, 1, 1, 1, 1, 0, 1, 0, 0, 0, 1, 0, 0, 0, 0, 0, 1, 1, 1, 1, 0, 0, 0, 0, 0, 1, 1, 1, 0, 1, 0, 0, 1, 1, 1, 1, 1, 0, 0, 1, 1, 0, 1, 1, 0, 1, 0, 0, 0, 0, 0, 0, 1, 0, 0, 0, 1, 1, 1, 0, 0, 0, 0], "predicted_labels": [0, 1, 1, 1, 1, 1, 0, 0, 1, 1, 1, 1, 0, 0, 1, 1, 1, 1, 0, 1, 1, 0, 0, 1, 0, 0, 0, 1, 1, 1, 0, 0, 0, 1, 0, 1, 1, 1, 1, 0, 0, 0, 0, 1, 1, 0, 1, 1, 1, 1, 0, 1, 0, 0, 1, 0, 0, 0, 1, 0, 1, 0, 0, 1, 1, 1, 1, 1, 1, 0, 1, 1, 1, 0, 0, 1, 0, 1, 0, 1, 1, 0, 1, 0, 1, 0, 0, 0, 1, 0, 0, 0, 1, 1, 0, 1, 0, 0, 1, 1, 1, 1, 0, 1, 0, 1, 0, 0, 0, 0, 1, 1, 0, 0, 0, 1, 0, 1, 1, 1, 1, 1, 1, 0, 0, 0, 0, 1, 0, 0, 1, 0, 0, 1, 1, 0, 0, 0, 1, 0, 0], "confidence_scores": [[0.64993422751801, 0.35006577248199006], [0.23270164819636563, 0.7672983518036344], [0.10573494860035326, 0.8942650513996467], [0.006117460570685296, 0.9938825394293147], [0.07013244224488191, 0.9298675577551181], [6.636333021325935e-05, 0.9999336366697867], [0.9900420366301593, 0.00995796336984069], [0.9812300892702064, 0.01876991072979366], [0.0360926338808375, 0.9639073661191625], [0.3709999828024376, 0.6290000171975624], [0.011393070222159962, 0.98860692977784], [0.34816965236507336, 0.6518303476349266], [0.9853611654298643, 0.014638834570135683], [0.8767697982158065, 0.12323020178419353], [0.3069575105166803, 0.6930424894833197], [0.4758983080104846, 0.5241016919895154], [0.3170441385049383, 0.6829558614950617], [0.04028645829264421, 0.9597135417073558], [0.6058824690613176, 0.39411753093868246], [0.06012887881213669, 0.9398711211878633], [0.0004906848961837573, 0.9995093151038162], [0.6986993926123501, 0.3013006073876498], [0.8586003328031735, 0.14139966719682645], [0.37411269805089076, 0.6258873019491092], [0.9410441157877338, 0.05895588421226617], [0.5282749515923443, 0.4717250484076557], [0.970898088631917, 0.02910191136808303], [0.08244854638145582, 0.9175514536185442], [0.05910745100997039, 0.9408925489900296], [0.01132698280257538, 0.9886730171974246], [0.9802993441143197, 0.019700655885680225], [0.6095239682186506, 0.39047603178134943], [0.922517416386281, 0.07748258361371894], [0.4105816907474772, 0.5894183092525228], [0.8096765655560342, 0.1903234344439658], [0.16414219680320918, 0.8358578031967908], [0.2100825920730528, 0.7899174079269472], [0.015652743443200223, 0.9843472565567998], [0.4325275662966146, 0.5674724337033854], [0.7136608336610757, 0.28633916633892426], [0.9979466673661757, 0.0020533326338243165], [0.684292752757507, 0.315707247242493], [0.934839172084603, 0.06516082791539697], [0.016631297309116277, 0.9833687026908837], [0.017396071148276793, 0.9826039288517232], [0.9974428629481229, 0.002557137051877059], [0.010629240099250259, 0.9893707599007497], [0.41460784657242733, 0.5853921534275727], [0.026935475223550442, 0.9730645247764496], [0.2705189908664344, 0.7294810091335656], [0.6975278102310729, 0.3024721897689271], [0.2658681919427244, 0.7341318080572756], [0.7740057647497496, 0.22599423525025045], [0.9836039994607201, 0.016396000539279938], [0.3912906212812205, 0.6087093787187795], [0.9952830112507498, 0.004716988749250212], [0.9951378036549849, 0.00486219634501507], [0.5021748668582613, 0.49782513314173865], [0.0013161921894185857, 0.9986838078105814], [0.5659811472370861, 0.4340188527629138], [0.025600352226365253, 0.9743996477736347], [0.9211901651686758, 0.07880983483132417], [0.9379332210532096, 0.06206677894679035], [0.04718245661272247, 0.9528175433872775], [0.099129550037105, 0.900870449962895], [0.11949688318913232, 0.8805031168108677], [0.48784942040551693, 0.5121505795944831], [0.27344442884714093, 0.7265555711528591], [0.14092265842170992, 0.8590773415782901], [0.8975056116878904, 0.1024943883121096], [0.11868473425049642, 0.8813152657495036], [0.4801128135012348, 0.5198871864987652], [0.0024550437663259927, 0.997544956233674], [0.8274844541161328, 0.17251554588386717], [0.9987246180899059, 0.0012753819100941356], [0.019717136945248126, 0.9802828630547519], [0.9905289386852594, 0.009471061314740674], [0.04033439048748655, 0.9596656095125135], [0.9968691905716265, 0.0031308094283734964], [0.0295111093787781, 0.9704888906212219], [0.005808199389982338, 0.9941918006100177], [0.9763992562068886, 0.023600743793111365], [0.030862346923822725, 0.9691376530761773], [0.9986015234875341, 0.001398476512465955], [0.07299046174801316, 0.9270095382519868], [0.8867090834269364, 0.1132909165730636], [0.9843276182486376, 0.015672381751362402], [0.6473746107935558, 0.3526253892064441], [0.33484471408203176, 0.6651552859179682], [0.8630329658745806, 0.13696703412541938], [0.9992466623480181, 0.0007533376519819142], [0.9721765052491415, 0.027823494750858546], [0.015658358528854444, 0.9843416414711456], [0.007496546261856696, 0.9925034537381433], [0.8836051177382234, 0.11639488226177663], [0.0478775930575025, 0.9521224069424975], [0.6170724141924804, 0.38292758580751957], [0.9684352980374158, 0.031564701962584235], [0.4844975541500529, 0.5155024458499471], [0.07815004289703154, 0.9218499571029685], [0.02667831830239442, 0.9733216816976056], [0.44030197612030375, 0.5596980238796962], [0.9423181965145603, 0.05768180348543976], [0.10615845851292438, 0.8938415414870756], [0.7062423484349397, 0.2937576515650603], [0.35999486226773414, 0.6400051377322659], [0.9983865989711693, 0.0016134010288306549], [0.6991222422236283, 0.30087775777637166], [0.9578985831283843, 0.04210141687161574], [0.9644938681529743, 0.035506131847025627], [0.32076789220857227, 0.6792321077914277], [0.08907680648580663, 0.9109231935141934], [0.7906588163682182, 0.20934118363178172], [0.7937533177810687, 0.20624668221893133], [0.5981524132034972, 0.40184758679650273], [0.0013261288640081803, 0.9986738711359918], [0.9839554903674117, 0.016044509632588286], [0.023377979735927368, 0.9766220202640726], [0.1876959476350899, 0.8123040523649101], [0.1580195918563695, 0.8419804081436305], [0.009929625253058072, 0.9900703747469419], [0.09033236699907843, 0.9096676330009216], [0.3615380954276878, 0.6384619045723122], [0.603219127633661, 0.39678087236633897], [0.9974860421339159, 0.0025139578660841205], [0.7911824755525463, 0.20881752444745366], [0.6873820045720598, 0.3126179954279403], [0.1093359135769878, 0.8906640864230122], [0.9998602192325303, 0.0001397807674696512], [0.6165751458613109, 0.38342485413868904], [0.3401066745600917, 0.6598933254399083], [0.9540906887078734, 0.045909311292126574], [0.8416861086502911, 0.15831389134970886], [0.3834762658522656, 0.6165237341477344], [0.0012301254860626054, 0.9987698745139374], [0.9936203382882663, 0.006379661711733615], [0.7792040503477576, 0.22079594965224236], [0.682745733060407, 0.317254266939593], [0.3780381148992149, 0.6219618851007851], [0.8651771677177406, 0.1348228322822594], [0.7337458353833426, 0.2662541646166574]]},