{"test": {"ids": ["333", "318", "565", "357", "348", "49", "388", "38", "85", "638", "410", "574", "544", "485", "625", "682", "620", "44", "372", "557", "186", "289", "450", "537", "602", "439", "703", "287", "335", "676", "431", "699", "371", "643", "653", "615", "651", "208", "235", "569", "281", "311", "415", "207", "230", "534", "626", "461", "30", "192", "273", "79", "693", "504", "129", "666", "532", "239", "566", "88", "120", "463", "12", "77", "22", "587", "136", "547", "50", "95", "678", "308", "407", "622", "495", "329", "590", "190", "118", "426", "393", "100", "325", "119", "191", "619", "392", "360", "250", "425", "7", "146", "577", "595", "138", "548", "193", "71", "125", "370", "256", "607", "202", "685", "225", "503", "229", "312", "41", "462", "474", "93", "490", "649", "76", "690", "459", "413", "618", "568", "321", "613", "339", "152", "211", "67", "11", "612", "579", "189", "245", "396", "363", "446", "14", "374", "24", "34", "416", "406", "435", "449", "536"], "labels": [1, 0, 0, 1, 1, 0, 1, 1, 1, 1, 1, 0, 0, 0, 1, 1, 0, 0, 1, 0, 0, 0, 0, 0, 0, 1, 1, 0, 1, 1, 1, 1, 1, 1, 1, 0, 1, 0, 0, 0, 0, 0, 1, 0, 0, 0, 1, 0, 0, 0, 0, 0, 1, 0, 1, 1, 0, 0, 0, 1, 1, 0, 1, 0, 0, 0, 1, 0, 0, 1, 1, 0, 1, 1, 1, 1, 0, 0, 1, 1, 1, 1, 1, 1, 0, 0, 1, 1, 1, 1, 1, 1, 0, 0, 1, 0, 0, 0, 1, 1, 0, 0, 0, 0, 0, 0, 0, 0, 0, 0, 0, 1, 0, 1, 0, 1, 0, 1, 0, 0, 0, 0, 1, 1, 0, 0, 1, 0, 0, 0, 0, 1, 1, 0, 1, 1, 0, 0, 1, 1, 1, 0, 0], "predicted_labels": [1, 0, 0, 1, 1, 1, 0, 1, 1, 0, 1, 0, 0, 0, 0, 1, 0, 1, 1, 0, 0, 0, 0, 0, 0, 1, 0, 0, 1, 0, 1, 1, 0, 1, 1, 0, 1, 0, 0, 0, 0, 0, 0, 0, 0, 0, 0, 0, 0, 0, 1, 1, 1, 0, 1, 0, 0, 1, 1, 1, 1, 0, 0, 0, 0, 0, 1, 0, 0, 1, 1, 0, 1, 1, 1, 1, 0, 1, 1, 0, 1, 0, 0, 0, 0, 0, 0, 1, 0, 0, 0, 1, 0, 0, 1, 0, 0, 1, 1, 1, 1, 0, 0, 1, 0, 0, 1, 0, 0, 0, 0, 1, 1, 0, 0, 1, 0, 1, 0, 0, 0, 0, 0, 1, 0, 0, 1, 0, 1, 0, 0, 1, 1, 0, 0, 1, 1, 1, 1, 0, 1, 0, 0], "confidence_scores": [[0.35837408147408134, 0.6416259185259188], [0.6002412892662891, 0.3997587107337108], [0.5221914085914083, 0.4778085914085916], [0.431758202908203, 0.5682417970917972], [0.39453750138750143, 0.6054624986124988], [0.41320890775890795, 0.586791092241092], [0.5687691197691198, 0.4312308802308802], [0.47953728493728515, 0.5204627150627146], [0.41543083583083584, 0.584569164169164], [0.6285040404040403, 0.3714959595959596], [0.4804831890331891, 0.5195168109668108], [0.5208910089910088, 0.4791089910089912], [0.5289279609279608, 0.47107203907203915], [0.6317571484071483, 0.36824285159285153], [0.5646704684204684, 0.43532953157953164], [0.37350454545454537, 0.6264954545454544], [0.6088582251082252, 0.3911417748917748], [0.4929499555999555, 0.5070500444000445], [0.39218056388056366, 0.6078194361194363], [0.6894829281829279, 0.31051707181707194], [0.5846732323232323, 0.41532676767676774], [0.6310944222444222, 0.36890557775557786], [0.552013492063492, 0.4479865079365081], [0.5826075036075036, 0.41739249639249654], [0.5939021284271285, 0.4060978715728715], [0.46354314574314565, 0.5364568542568544], [0.5247227994227995, 0.4752772005772004], [0.5610576479076481, 0.4389423520923522], [0.42195483405483414, 0.5780451659451659], [0.5083957711878765, 0.49160422881212346], [0.46303915528915535, 0.5369608447108447], [0.4991589743589741, 0.5008410256410258], [0.5544109945609946, 0.44558900543900526], [0.441249544899545, 0.558750455100455], [0.38517020202020213, 0.614829797979798], [0.6041893772893775, 0.39581062271062256], [0.4426997557997558, 0.5573002442002445], [0.6013978965478967, 0.3986021034521034], [0.6827185723633092, 0.31728142763669087], [0.6281375180375183, 0.3718624819624821], [0.6526589466089466, 0.3473410533910534], [0.6141612193362193, 0.3858387806637809], [0.6006943167943168, 0.39930568320568316], [0.6201677433677436, 0.37983225663225667], [0.6925037296037295, 0.30749627039627037], [0.6020788100788103, 0.39792118992119], [0.5827337329337329, 0.417266267066267], [0.6622772727272727, 0.3377227272727272], [0.5298778776778778, 0.47012212232212225], [0.6426049173049172, 0.3573950826950827], [0.45900613275613283, 0.540993867243867], [0.4277490176490179, 0.5722509823509823], [0.38197193362193343, 0.6180280663780665], [0.6100378621378622, 0.38996213786213785], [0.30477828282828284, 0.6952217171717172], [0.5259171328671328, 0.47408286713286707], [0.5333269563769565, 0.46667304362304357], [0.4499861194361193, 0.5500138805638807], [0.476518847818848, 0.5234811521811521], [0.39480539460539466, 0.6051946053946052], [0.44050278610278587, 0.559497213897214], [0.5997239538239538, 0.4002760461760461], [0.5256051948051951, 0.474394805194805], [0.5400117604617606, 0.45998823953823953], [0.5390818903318905, 0.4609181096681098], [0.590997474747475, 0.4090025252525255], [0.3800757663904722, 0.6199242336095278], [0.5562724830724831, 0.4437275169275169], [0.5688056998557, 0.43119430014430005], [0.49685266955266966, 0.5031473304473304], [0.3825275613275613, 0.6174724386724384], [0.5670593323343324, 0.4329406676656675], [0.46637649082943233, 0.5336235091705678], [0.40824801864801846, 0.5917519813519817], [0.4888873854903265, 0.5111126145096735], [0.49025052725052737, 0.5097494727494727], [0.5235381673881676, 0.47646183261183245], [0.4081945776445776, 0.5918054223554224], [0.43577463647463655, 0.5642253635253636], [0.543266622266622, 0.4567333777333778], [0.48234133089133097, 0.5176586691086691], [0.5053782328782329, 0.4946217671217671], [0.5193432289932288, 0.4806567710067712], [0.640555919080919, 0.35944408091908087], [0.6355010156510158, 0.3644989843489844], [0.5719586580086582, 0.42804134199134186], [0.5422642801642802, 0.4577357198357198], [0.4818318181818183, 0.5181681818181818], [0.5026910977910979, 0.4973089022089021], [0.6456538100788103, 0.3543461899211899], [0.514040281940282, 0.4859597180597181], [0.4736930957930957, 0.5263069042069042], [0.5574219336219336, 0.4425780663780664], [0.522849062049062, 0.47715093795093805], [0.39436881451881445, 0.6056311854811857], [0.6700687590187588, 0.3299312409812408], [0.6520005938505938, 0.34799940614940594], [0.35412661782661786, 0.6458733821733824], [0.2640565934065933, 0.7359434065934067], [0.39765016421487026, 0.6023498357851301], [0.4533567543567544, 0.5466432456432455], [0.575543117993118, 0.42445688200688203], [0.5851937284937283, 0.4148062715062715], [0.4963001887001888, 0.5036998112998112], [0.5550816572316575, 0.44491834276834263], [0.54290772005772, 0.4570922799422801], [0.42655568875568867, 0.5734443112443114], [0.5064306526806528, 0.4935693473193472], [0.6129205211455213, 0.38707947885447885], [0.5831417748917747, 0.41685822510822507], [0.5491679875679873, 0.45083201243201254], [0.36808061383061386, 0.631919386169386], [0.4491658008658007, 0.5508341991341993], [0.588650937950938, 0.4113490620490619], [0.5454631923631922, 0.45453680763680787], [0.3649687257187258, 0.6350312742812744], [0.5838226051726053, 0.41617739482739485], [0.4709389554889556, 0.5290610445110444], [0.6008589965589962, 0.3991410034410034], [0.6974521645021646, 0.30254783549783554], [0.629230436230436, 0.37076956376956377], [0.6793625208125212, 0.32063747918747915], [0.5458135642135643, 0.45418643578643586], [0.2318257575757577, 0.7681742424242425], [0.6195456487956489, 0.38045435120435117], [0.5235201687201689, 0.47647983127983107], [0.49121378343878336, 0.5087862165612166], [0.7259332611832612, 0.27406673881673876], [0.4854839105339104, 0.5145160894660896], [0.5876646187146186, 0.41233538128538133], [0.6792866522366523, 0.32071334776334776], [0.3446844877344878, 0.6553155122655119], [0.3592459595959595, 0.6407540404040407], [0.5163076257076257, 0.4836923742923743], [0.5226729076479077, 0.47732709235209225], [0.4541856920856921, 0.5458143079143081], [0.4891598068598071, 0.5108401931401929], [0.4802840358987419, 0.519715964101258], [0.44168258963258944, 0.5583174103674104], [0.5641391774891773, 0.43586082251082253], [0.41730542235542223, 0.5826945776445779], [0.5722777056277056, 0.4277222943722943], [0.6352053446553448, 0.3647946553446552]]}}