{"test": {"ids": ["291", "248", "133", "577", "382", "282", "188", "8", "436", "246", "624", "672", "196", "623", "162", "208", "424", "264", "157", "258", "684", "533", "303", "75", "345", "304", "311", "498", "636", "621", "614", "141", "468", "671", "33", "327", "410", "480", "611", "514", "381", "666", "224", "505", "676", "175", "278", "122", "40", "234", "405", "63", "409", "19", "438", "654", "679", "316", "653", "41", "58", "179", "490", "103", "422", "430", "460", "411", "443", "445", "599", "423", "57", "96", "243", "507", "458", "139", "493", "38", "701", "1", "266", "65", "185", "696", "375", "420", "390", "547", "399", "111", "525", "466", "708", "182", "71", "605", "292", "639", "77", "70", "178", "617", "563", "67", "24", "16", "706", "688", "504", "536", "567", "9", "516", "470", "92", "461", "170", "108", "256", "584", "48", "34", "206", "104", "675", "60", "69", "268", "552", "642", "576", "343", "451", "232", "95", "589", "512"], "labels": [1, 0, 0, 1, 1, 1, 1, 0, 0, 0, 1, 0, 1, 1, 0, 1, 0, 1, 0, 0, 0, 0, 1, 1, 0, 1, 1, 1, 1, 1, 0, 0, 1, 0, 1, 0, 0, 1, 0, 0, 1, 0, 1, 1, 0, 1, 1, 0, 1, 1, 0, 1, 0, 1, 0, 0, 0, 1, 0, 1, 1, 1, 1, 0, 0, 0, 1, 0, 0, 0, 1, 0, 1, 0, 1, 1, 1, 0, 0, 1, 0, 0, 1, 1, 1, 0, 0, 0, 0, 0, 0, 1, 0, 1, 0, 1, 1, 1, 1, 0, 1, 1, 1, 0, 1, 1, 1, 1, 0, 0, 1, 0, 1, 0, 0, 1, 0, 1, 0, 1, 0, 1, 1, 1, 1, 0, 0, 1, 1, 1, 0, 0, 1, 0, 1, 1, 0, 1, 1], "predicted_labels": [1, 0, 1, 1, 0, 0, 0, 0, 1, 1, 0, 1, 0, 1, 1, 1, 0, 0, 0, 0, 0, 0, 0, 0, 0, 0, 1, 1, 1, 1, 1, 1, 1, 1, 0, 1, 0, 0, 0, 0, 1, 1, 1, 1, 1, 0, 0, 0, 0, 1, 0, 0, 1, 0, 1, 0, 1, 1, 1, 0, 0, 1, 0, 1, 0, 0, 1, 1, 1, 0, 1, 0, 0, 0, 0, 0, 0, 0, 0, 1, 1, 0, 0, 1, 0, 1, 0, 0, 0, 1, 0, 0, 1, 0, 1, 1, 0, 1, 0, 1, 1, 0, 1, 1, 1, 0, 0, 1, 0, 0, 1, 0, 1, 1, 0, 0, 1, 1, 1, 1, 1, 1, 0, 1, 0, 1, 1, 1, 1, 0, 0, 1, 0, 0, 1, 0, 0, 0, 0], "confidence_scores": [[0.5, 0.5], [0.6666025305168486, 0.33339746948315135], [0.4506664916106949, 0.5493335083893052], [0.3909089993053272, 0.6090910006946727], [0.6497043155517549, 0.3502956844482451], [0.582111625772084, 0.41788837422791614], [0.5948879983766396, 0.40511200162336036], [0.5267083196470704, 0.47329168035292957], [0.4841249967913645, 0.5158750032086356], [0.48049219768274737, 0.5195078023172528], [0.5391981213509305, 0.46080187864906946], [0.39599402987143556, 0.6040059701285646], [0.6001251748039834, 0.3998748251960166], [0.47916433716033846, 0.5208356628396615], [0.49110075128497954, 0.5088992487150206], [0.4887716171523896, 0.5112283828476104], [0.5417220249220142, 0.45827797507798596], [0.5542813200124522, 0.44571867998754783], [0.5719964900170584, 0.42800350998294157], [0.5232431350263292, 0.47675686497367065], [0.5902234716370034, 0.40977652836299655], [0.5639548392647133, 0.4360451607352868], [0.5303958791998292, 0.4696041208001709], [0.6938941028623263, 0.3061058971376736], [0.5839724855043704, 0.4160275144956295], [0.5613427743852983, 0.4386572256147015], [0.49251715519678757, 0.5074828448032124], [0.4269100534518925, 0.5730899465481075], [0.3515655169748357, 0.6484344830251644], [0.44972721111164743, 0.5502727888883526], [0.45007306862770124, 0.5499269313722989], [0.493083809276419, 0.5069161907235811], [0.474739607738456, 0.5252603922615439], [0.41847470284234156, 0.5815252971576583], [0.6442631857106889, 0.3557368142893113], [0.46494551065076445, 0.5350544893492354], [0.5208954070972427, 0.47910459290275714], [0.568155620106103, 0.43184437989389685], [0.5688899918402367, 0.43111000815976314], [0.555498191548924, 0.4445018084510759], [0.5, 0.5], [0.506339519787748, 0.4936604802122521], [0.5063185211310584, 0.4936814788689417], [0.5132818587390444, 0.4867181412609554], [0.49369899398197487, 0.5063010060180252], [0.6186673120641717, 0.38133268793582836], [0.6145221401270811, 0.38547785987291894], [0.7348371166391962, 0.26516288336080374], [0.6288997298605393, 0.3711002701394606], [0.5075166762160883, 0.49248332378391163], [0.5227616146131827, 0.47723838538681723], [0.6285975187914924, 0.37140248120850766], [0.413012908094585, 0.5869870919054149], [0.5948952185239704, 0.4051047814760295], [0.5, 0.5], [0.5784016956822218, 0.4215983043177782], [0.3995506444419573, 0.6004493555580426], [0.47167326742626314, 0.5283267325737369], [0.44360930405066273, 0.5563906959493373], [0.7279737211152263, 0.27202627888477376], [0.5770939258137998, 0.42290607418620013], [0.5, 0.5], [0.5822529930310385, 0.41774700696896166], [0.4038525029133662, 0.5961474970866336], [0.5381041224060444, 0.4618958775939556], [0.5772280035660857, 0.42277199643391417], [0.5, 0.5], [0.4304888649737976, 0.5695111350262023], [0.41484780456113224, 0.5851521954388679], [0.6164240302581027, 0.38357596974189734], [0.49156361861977604, 0.508436381380224], [0.6485997424115454, 0.3514002575884546], [0.5287230091377478, 0.4712769908622524], [0.5286944703009514, 0.4713055296990485], [0.5706464595580348, 0.4293535404419653], [0.6215604889525748, 0.37843951104742546], [0.5480249735182766, 0.4519750264817232], [0.6416573935306712, 0.3583426064693287], [0.6174669347144951, 0.38253306528550485], [0.5, 0.5], [0.5, 0.5], [0.5501554788314644, 0.44984452116853535], [0.5964575956967515, 0.4035424043032486], [0.49005871332629924, 0.5099412866737008], [0.6098094351775374, 0.39019056482246256], [0.5, 0.5], [0.5649249950791971, 0.43507500492080303], [0.5829870411071817, 0.4170129588928185], [0.668135175242374, 0.33186482475762596], [0.4794904554868811, 0.520509544513119], [0.6430527211720117, 0.35694727882798827], [0.6225934544067127, 0.37740654559328723], [0.4167616857074324, 0.5832383142925676], [0.5827043246973147, 0.4172956753026851], [0.46794133417622097, 0.5320586658237789], [0.4293827979955879, 0.570617202004412], [0.6934073313992034, 0.3065926686007966], [0.39960429111535267, 0.6003957088846471], [0.5682175496255837, 0.4317824503744163], [0.43589712599289665, 0.5641028740071033], [0.3979337989754356, 0.6020662010245644], [0.5958089143701252, 0.4041910856298749], [0.44271176769824516, 0.5572882323017547], [0.48051446453615304, 0.5194855354638471], [0.4765513534989061, 0.5234486465010938], [0.5349930144928281, 0.4650069855071718], [0.5730398018859283, 0.4269601981140715], [0.4599218200243538, 0.5400781799756462], [0.6460370055933561, 0.35396299440664397], [0.5908121266385588, 0.40918787336144125], [0.4652953710390894, 0.5347046289609105], [0.5409030189911334, 0.45909698100886664], [0.4319781800888385, 0.5680218199111615], [0.4695034430425175, 0.5304965569574823], [0.6101720246119454, 0.3898279753880546], [0.569351887286903, 0.4306481127130973], [0.4354459233866371, 0.5645540766133628], [0.4812806162156851, 0.5187193837843149], [0.43757833652694444, 0.5624216634730554], [0.4503711455022512, 0.5496288544977487], [0.5057649155380272, 0.49423508446197284], [0.4641775515697867, 0.5358224484302133], [0.5592059943498939, 0.4407940056501059], [0.45135159182842316, 0.5486484081715768], [0.5883761646021313, 0.4116238353978687], [0.418766584004669, 0.581233415995331], [0.3808727905716143, 0.6191272094283858], [0.47732050551401567, 0.5226794944859844], [0.5, 0.5], [0.5735270536753677, 0.42647294632463223], [0.5392663819624173, 0.46073361803758267], [0.48251929932934234, 0.5174807006706577], [0.5326439672814414, 0.4673560327185587], [0.5843783003630177, 0.4156216996369821], [0.4268362577528434, 0.5731637422471566], [0.5416425284701739, 0.458357471529826], [0.5743502844893137, 0.4256497155106862], [0.5569483813852677, 0.4430516186147323], [0.5704048131823055, 0.4295951868176946]]},