{"test": {"ids": ["706", "417", "474", "203", "125", "533", "367", "693", "47", "477", "317", "462", "575", "167", "704", "709", "185", "695", "662", "195", "664", "388", "622", "594", "437", "672", "220", "32", "439", "661", "143", "459", "106", "149", "440", "358", "172", "332", "25", "635", "266", "456", "514", "411", "540", "249", "12", "615", "103", "598", "589", "534", "503", "646", "423", "168", "348", "192", "516", "603", "16", "116", "190", "145", "697", "150", "700", "543", "285", "15", "182", "176", "282", "313", "627", "605", "445", "606", "279", "354", "581", "454", "345", "656", "572", "647", "235", "63", "162", "671", "612", "498", "532", "201", "99", "495", "44", "625", "657", "707", "468", "228", "60", "483", "102", "222", "175", "251", "655", "602", "299", "651", "61", "524", "241", "406", "83", "137", "525", "239", "13", "262", "349", "305", "119", "611", "515", "243", "464", "134", "414", "689", "22", "449", "256", "588", "56", "85", "343", "432", "486", "186", "571"], "labels": [1, 1, 0, 0, 1, 0, 1, 1, 0, 0, 0, 0, 0, 1, 1, 1, 0, 1, 1, 0, 1, 1, 1, 0, 1, 1, 0, 0, 1, 1, 1, 0, 1, 1, 1, 1, 1, 1, 0, 0, 0, 0, 1, 1, 0, 0, 1, 0, 1, 0, 0, 0, 0, 1, 1, 1, 1, 0, 1, 0, 1, 1, 0, 1, 1, 1, 1, 1, 0, 1, 0, 0, 0, 0, 1, 0, 0, 0, 0, 1, 0, 0, 1, 1, 0, 1, 0, 0, 1, 1, 0, 0, 0, 0, 1, 1, 0, 1, 1, 1, 0, 0, 0, 0, 1, 0, 0, 1, 1, 0, 0, 1, 0, 1, 0, 1, 1, 1, 1, 0, 1, 0, 1, 0, 1, 0, 0, 0, 0, 1, 1, 1, 0, 0, 0, 0, 0, 1, 1, 1, 0, 0, 0], "predicted_labels": [1, 1, 0, 0, 1, 0, 1, 1, 0, 0, 0, 0, 0, 0, 0, 1, 0, 0, 1, 0, 1, 1, 1, 0, 1, 0, 0, 0, 1, 1, 0, 0, 1, 1, 0, 1, 0, 1, 1, 0, 0, 1, 0, 1, 1, 1, 0, 0, 0, 0, 0, 0, 0, 1, 1, 0, 1, 0, 1, 0, 1, 0, 0, 0, 0, 1, 0, 0, 0, 0, 0, 0, 0, 0, 1, 1, 0, 0, 1, 1, 0, 0, 1, 1, 0, 0, 0, 0, 1, 1, 0, 0, 0, 1, 1, 0, 1, 1, 1, 1, 0, 0, 1, 1, 1, 1, 0, 0, 1, 0, 1, 1, 0, 1, 0, 0, 1, 1, 0, 1, 1, 0, 1, 0, 0, 0, 0, 0, 0, 1, 1, 1, 0, 0, 1, 0, 0, 1, 0, 1, 1, 0, 0], "confidence_scores": [[0.29494650517148197, 0.705053494828518], [0.2553078149231029, 0.7446921850768972], [0.6377123920530814, 0.36228760794691856], [0.6115783859197637, 0.38842161408023623], [0.11266911743611678, 0.8873308825638835], [0.7457132612187128, 0.2542867387812872], [0.442879655722487, 0.557120344277513], [0.36101109812915416, 0.6389889018708458], [0.543992017238173, 0.4560079827618269], [0.7469517470883033, 0.25304825291169686], [0.6662358648526521, 0.333764135147348], [0.5833729078657693, 0.41662709213423066], [0.903552366466639, 0.09644763353336122], [0.7763571189433436, 0.2236428810566564], [0.5699699907003484, 0.4300300092996516], [0.5, 0.5], [0.5911630968392771, 0.4088369031607228], [0.6823919895537299, 0.31760801044626985], [0.39682850558036525, 0.6031714944196349], [0.7983535792641925, 0.2016464207358075], [0.4546680710792808, 0.5453319289207192], [0.3104684570813309, 0.6895315429186692], [0.3142772205379127, 0.685722779462087], [0.8655084072368707, 0.13449159276312933], [0.3686160009760472, 0.6313839990239528], [0.5667566918069563, 0.4332433081930436], [0.7854041253822442, 0.21459587461775573], [0.5649135719939806, 0.43508642800601927], [0.24184614965089224, 0.7581538503491078], [0.3115735358897595, 0.6884264641102403], [0.8855640565507243, 0.11443594344927556], [0.8986847932054028, 0.10131520679459705], [0.3900529948623762, 0.6099470051376238], [0.25940922097652075, 0.7405907790234791], [0.5946522157802655, 0.40534778421973444], [0.19582007529967482, 0.8041799247003252], [0.6623289169952753, 0.33767108300472465], [0.08548100315065796, 0.9145189968493421], [0.22480525564996265, 0.7751947443500373], [0.6663321279555284, 0.3336678720444716], [0.736613574739083, 0.26338642526091693], [0.3907288846026064, 0.6092711153973936], [0.7152330242229189, 0.284766975777081], [0.2512033042148303, 0.7487966957851698], [0.2675454880291045, 0.7324545119708957], [0.46541417473004437, 0.5345858252699555], [0.632754027323807, 0.36724597267619297], [0.6314662212224108, 0.3685337787775891], [0.7249407219472154, 0.2750592780527844], [0.8981196154503516, 0.10188038454964854], [0.7090245506426395, 0.2909754493573609], [0.8940694503585321, 0.10593054964146799], [0.8212465566597594, 0.17875344334024054], [0.37985021141733, 0.6201497885826698], [0.17479013533588036, 0.8252098646641195], [0.6796060826006486, 0.3203939173993513], [0.12123121661913368, 0.8787687833808664], [0.8247710921381849, 0.17522890786181516], [0.4531920638246785, 0.5468079361753214], [0.8928334945038303, 0.10716650549616988], [0.22961301111207005, 0.77038698888793], [0.70762000723573, 0.29237999276426974], [0.881728674129803, 0.11827132587019672], [0.6513102274936354, 0.34868977250636457], [0.766018573777674, 0.233981426222326], [0.4391275576007576, 0.5608724423992423], [0.6430230736948718, 0.3569769263051281], [0.6321256762613847, 0.3678743237386152], [0.8237381201561675, 0.1762618798438325], [0.6543002678482671, 0.34569973215173294], [0.590558146726824, 0.40944185327317584], [0.570871884876786, 0.4291281151232139], [0.8042259065033757, 0.1957740934966242], [0.8937995828633786, 0.10620041713662147], [0.12717570396341846, 0.8728242960365815], [0.47414082391799756, 0.5258591760820024], [0.6952974041806081, 0.3047025958193918], [0.6557141500680308, 0.34428584993196926], [0.2419587348795793, 0.7580412651204207], [0.4104183615171567, 0.5895816384828432], [0.7395760118103891, 0.2604239881896109], [0.9138417695374776, 0.08615823046252223], [0.22703356643610473, 0.7729664335638954], [0.1627568965683437, 0.837243103431656], [0.8803328365667892, 0.11966716343321095], [0.5992687520179736, 0.4007312479820263], [0.7645175063795443, 0.2354824936204558], [0.5542750688594429, 0.4457249311405572], [0.42419530659580307, 0.5758046934041968], [0.46358223955573596, 0.536417760444264], [0.8743730423136177, 0.12562695768638216], [0.9517501326826873, 0.04824986731731262], [0.6037898029901019, 0.3962101970098982], [0.4793743465160679, 0.520625653483932], [0.41998158387572937, 0.5800184161242707], [0.5, 0.5], [0.19591507635005206, 0.8040849236499481], [0.49161328537886156, 0.5083867146211384], [0.36506444286848444, 0.6349355571315156], [0.3364516590341477, 0.6635483409658522], [0.778674769941655, 0.22132523005834506], [0.915792959054202, 0.084207040945798], [0.32382990423748303, 0.6761700957625169], [0.4070957843962812, 0.5929042156037188], [0.3500930138452277, 0.6499069861547723], [0.39399236268266746, 0.6060076373173324], [0.7170744890182096, 0.2829255109817903], [0.573851590456777, 0.4261484095432228], [0.32185411601095776, 0.6781458839890424], [0.850977713308754, 0.14902228669124556], [0.3565812109136186, 0.6434187890863814], [0.16436059209757115, 0.8356394079024289], [0.6600963115531469, 0.3399036884468532], [0.4358978665625103, 0.5641021334374898], [0.6231817123440164, 0.3768182876559836], [0.6634372103839784, 0.33656278961602154], [0.2959043308744663, 0.7040956691255337], [0.25109396146235197, 0.7489060385376479], [0.6454813809473372, 0.3545186190526629], [0.30006659934649466, 0.6999334006535054], [0.26641331731262563, 0.7335866826873743], [0.843962344993397, 0.1560376550066031], [0.34315921962155976, 0.6568407803784404], [0.6572742498637275, 0.3427257501362725], [0.6306286909434619, 0.36937130905653814], [0.6336664617227744, 0.3663335382772256], [0.6813409909346143, 0.3186590090653855], [0.7578952512059793, 0.24210474879402052], [0.6005112622726706, 0.3994887377273294], [0.2590187849917224, 0.7409812150082777], [0.4370403468752118, 0.5629596531247882], [0.4237694906775275, 0.5762305093224726], [0.6879339570493173, 0.3120660429506826], [0.7611157912277745, 0.23888420877222555], [0.4853155941312869, 0.5146844058687132], [0.7461860965237855, 0.2538139034762146], [0.7351147954813934, 0.2648852045186066], [0.22773333422789765, 0.7722666657721022], [0.6147201372809822, 0.38527986271901776], [0.4300548026796682, 0.5699451973203319], [0.4090969304508924, 0.5909030695491078], [0.9131130181154108, 0.0868869818845892], [0.8276859234985654, 0.1723140765014348]]}}