{"test": {"ids": ["531", "255", "10", "349", "14", "9", "221", "190", "41", "558", "358", "494", "509", "210", "415", "263", "130", "408", "161", "205", "37", "304", "710", "434", "195", "607", "328", "347", "386", "233", "511", "668", "203", "249", "620", "500", "270", "560", "136", "36", "324", "353", "462", "703", "257", "383", "585", "520", "378", "169", "536", "266", "584", "279", "615", "442", "346", "381", "320", "521", "214", "206", "119", "450", "382", "289", "30", "81", "140", "340", "411", "598", "51", "99", "426", "600", "177", "414", "8", "79", "111", "115", "116", "506", "443", "431", "578", "631", "456", "373", "253", "384", "503", "120", "459", "640", "526", "403", "621", "199", "150", "472", "287", "285", "628", "164", "258", "312", "671", "259", "493", "554", "433", "87", "678", "551", "262", "568", "256", "76", "265", "180", "16", "354", "582", "417", "512", "638", "460", "370", "122", "229", "410", "345", "201", "121", "165", "1", "336", "219", "46", "654", "689"], "labels": [0, 0, 1, 1, 1, 1, 0, 0, 0, 0, 1, 1, 0, 0, 1, 0, 1, 1, 1, 0, 1, 0, 1, 1, 0, 0, 1, 1, 1, 0, 0, 1, 0, 0, 0, 0, 0, 0, 1, 1, 1, 1, 0, 1, 0, 1, 0, 1, 1, 1, 0, 0, 0, 0, 0, 1, 1, 1, 0, 1, 0, 0, 1, 0, 1, 0, 0, 1, 1, 1, 1, 0, 0, 1, 1, 0, 0, 1, 1, 0, 1, 1, 1, 0, 1, 1, 0, 0, 0, 1, 1, 1, 0, 1, 0, 1, 1, 1, 1, 0, 1, 0, 0, 0, 1, 1, 0, 0, 1, 0, 1, 1, 1, 0, 1, 0, 0, 0, 0, 0, 0, 0, 1, 1, 0, 1, 0, 1, 0, 1, 1, 0, 1, 1, 0, 1, 1, 1, 1, 0, 0, 1, 1], "predicted_labels": [0, 1, 1, 1, 1, 0, 1, 0, 0, 0, 1, 0, 0, 0, 0, 0, 1, 1, 1, 0, 0, 1, 0, 1, 0, 1, 1, 1, 1, 0, 0, 0, 0, 1, 0, 1, 1, 0, 1, 1, 1, 1, 1, 0, 0, 0, 0, 1, 0, 1, 0, 0, 0, 0, 1, 0, 0, 1, 0, 0, 0, 0, 0, 0, 0, 0, 0, 1, 0, 1, 0, 0, 0, 0, 0, 0, 0, 0, 0, 1, 1, 0, 1, 0, 0, 1, 0, 0, 0, 0, 0, 0, 1, 0, 0, 0, 0, 1, 0, 1, 0, 0, 0, 0, 1, 1, 0, 1, 0, 0, 1, 0, 1, 0, 1, 0, 0, 0, 0, 0, 0, 0, 1, 1, 0, 0, 0, 1, 0, 1, 0, 1, 0, 0, 0, 1, 1, 0, 1, 0, 1, 0, 1], "confidence_scores": [[0.7214839550069815, 0.2785160449930188], [0.49075797864845877, 0.5092420213515413], [0.3106960939387411, 0.689303906061259], [0.4798809250249412, 0.5201190749750587], [0.46839848880162194, 0.5316015111983781], [0.7135419421265011, 0.28645805787349904], [0.4347346819846822, 0.565265318015318], [0.6043184009477115, 0.3956815990522887], [0.5335330123308065, 0.46646698766919364], [0.7699098927892034, 0.2300901072107969], [0.23085727030966965, 0.76914272969033], [0.6525521561771562, 0.3474478438228436], [0.5669164561284127, 0.4330835438715872], [0.7162542006366376, 0.28374579936336236], [0.535778426793365, 0.4642215732066351], [0.642515507518797, 0.35748449248120295], [0.318356658692185, 0.6816433413078147], [0.44488170594025866, 0.5551182940597412], [0.19832003050269312, 0.8016799694973072], [0.7544761557886561, 0.2455238442113443], [0.515464662530452, 0.48453533746954774], [0.4621696790449872, 0.5378303209550129], [0.7191902329696448, 0.2808097670303553], [0.2978774905649906, 0.7021225094350092], [0.6423805352284455, 0.3576194647715547], [0.3005230602730602, 0.6994769397269394], [0.4445586457387931, 0.5554413542612069], [0.40602889546813686, 0.5939711045318634], [0.40429394779626987, 0.5957060522037302], [0.6183597520900151, 0.38164024790998474], [0.5162682178932179, 0.48373178210678225], [0.5362009934509935, 0.46379900654900647], [0.6598403950137691, 0.3401596049862303], [0.3022133283383283, 0.6977866716616715], [0.6371198491051433, 0.3628801508948568], [0.4566373183103446, 0.5433626816896553], [0.48517117114911235, 0.5148288288508877], [0.6091919619553131, 0.39080803804468667], [0.3174265179265179, 0.682573482073482], [0.4152719849594852, 0.5847280150405151], [0.3200579579648079, 0.6799420420351922], [0.4186311651311651, 0.581368834868835], [0.4938116365105783, 0.5061883634894219], [0.506664543789544, 0.4933354562104562], [0.5640947057253926, 0.4359052942746072], [0.6135624377423574, 0.3864375622576424], [0.7292920722003206, 0.2707079277996797], [0.48083537003931753, 0.5191646299606825], [0.7340835553335553, 0.26591644466644465], [0.31096998880892057, 0.6890300111910793], [0.8143081501831502, 0.18569184981684977], [0.695599330909562, 0.30440066909043784], [0.5147746164654058, 0.4852253835345941], [0.623523448773449, 0.3764765512265513], [0.46390433177933177, 0.5360956682206681], [0.5326041473146738, 0.4673958526853264], [0.6338761932511933, 0.3661238067488067], [0.41949776571467745, 0.5805022342853227], [0.5056254966298072, 0.49437450337019295], [0.5025640839423736, 0.49743591605762644], [0.5501572614477022, 0.4498427385522978], [0.7511669356471989, 0.24883306435280123], [0.6384374889816065, 0.3615625110183934], [0.6616347329141449, 0.3383652670858554], [0.5266079972528183, 0.4733920027471818], [0.6338132236915132, 0.366186776308487], [0.6313501588281, 0.36864984117190003], [0.3117801557103028, 0.6882198442896973], [0.512019172004466, 0.48798082799553394], [0.4681119415715003, 0.5318880584284996], [0.557023030890678, 0.44297696910932194], [0.5785572870112341, 0.4214427129887657], [0.5746060512200217, 0.42539394877997816], [0.5775386023290435, 0.4224613976709566], [0.6961803218711115, 0.3038196781288886], [0.7386439839400366, 0.26135601605996345], [0.6116584457209459, 0.38834155427905415], [0.6911001797909693, 0.3088998202090308], [0.528251280582163, 0.4717487194178371], [0.401616083549767, 0.5983839164502328], [0.4636512694821517, 0.5363487305178481], [0.5385706704071642, 0.4614293295928357], [0.37913480800245497, 0.620865191997545], [0.5520157554863437, 0.4479842445136562], [0.5515479877664474, 0.4484520122335525], [0.3879351759351759, 0.6120648240648239], [0.724560925185925, 0.27543907481407487], [0.6032998451570964, 0.3967001548429034], [0.6542622132025209, 0.3457377867974792], [0.5010872220100162, 0.49891277798998374], [0.7993770378386692, 0.20062296216133088], [0.5927223978506874, 0.40727760214931247], [0.49471924154277097, 0.5052807584572291], [0.541411239903887, 0.4585887600961131], [0.7301945664488767, 0.26980543355112313], [0.716322705072705, 0.28367729492729493], [0.7273272823667563, 0.2726727176332441], [0.3699907402238285, 0.6300092597761715], [0.5139924115100585, 0.4860075884899414], [0.4113531472659049, 0.5886468527340952], [0.562873133810634, 0.4371268661893659], [0.6990786268255306, 0.3009213731744692], [0.7292210651190919, 0.2707789348809087], [0.7089401351572404, 0.29105986484275964], [0.46182186930716346, 0.5381781306928365], [0.35541044535529825, 0.6445895546447018], [0.5037205960705962, 0.4962794039294039], [0.4879455838279365, 0.5120544161720634], [0.5001775308025308, 0.4998224691974692], [0.5018050976800977, 0.4981949023199023], [0.28534949796935094, 0.7146505020306492], [0.7308128121878122, 0.26918718781218787], [0.38100497623291746, 0.6189950237670826], [0.588932130147376, 0.41106786985262395], [0.3130221167721168, 0.6869778832278831], [0.7592367330382034, 0.24076326696179645], [0.7395388361638361, 0.2604611638361639], [0.6551709465285317, 0.3448290534714684], [0.6351963934758054, 0.36480360652419497], [0.6743918720168719, 0.32560812798312805], [0.5162378663003662, 0.48376213369963383], [0.8343980880230879, 0.1656019119769119], [0.40701076507771555, 0.5929892349222846], [0.37255738413633144, 0.6274426158636688], [0.6542451349304288, 0.3457548650695709], [0.5770326867576869, 0.42296731324231307], [0.5933455332936757, 0.40665446670632444], [0.49491110972360963, 0.5050888902763904], [0.6852524590777297, 0.31474754092227003], [0.35420052170052146, 0.6457994782994781], [0.5575329668107128, 0.4424670331892873], [0.345132605139958, 0.6548673948600419], [0.5421630123961007, 0.4578369876038994], [0.510117178573061, 0.4898828214269389], [0.7004694746974157, 0.2995305253025841], [0.40267122409753997, 0.5973287759024599], [0.3651094564748977, 0.6348905435251024], [0.6063702029179968, 0.3936297970820031], [0.2706557699338273, 0.7293442300661732], [0.7019013988546563, 0.29809860114534364], [0.267541787460905, 0.7324582125390952], [0.6352168109668108, 0.3647831890331891], [0.4542549394834612, 0.5457450605165388]]},