{"test": {"ids": ["648", "133", "554", "231", "365", "180", "425", "310", "347", "152", "303", "538", "601", "120", "580", "74", "506", "523", "39", "122", "156", "176", "56", "125", "445", "565", "73", "54", "337", "628", "192", "592", "431", "172", "64", "112", "529", "142", "203", "561", "219", "496", "364", "444", "649", "451", "527", "597", "513", "31", "428", "683", "234", "631", "202", "477", "250", "702", "625", "19", "413", "375", "103", "473", "218", "603", "410", "88", "90", "498", "536", "387", "205", "315", "340", "236", "704", "594", "504", "75", "508", "147", "518", "294", "93", "621", "196", "570", "101", "588", "263", "691", "391", "163", "640", "102", "97", "237", "232", "177", "161", "385", "617", "348", "393", "158", "515", "382", "228", "304", "129", "669", "351", "466", "92", "456", "154", "35", "522", "299", "359", "516", "460", "548", "104", "403", "514", "480", "149", "222", "641", "612", "167", "693", "331", "352", "502", "406", "291", "265", "171", "72", "438"], "labels": [1, 1, 1, 0, 1, 0, 1, 0, 1, 1, 0, 0, 0, 1, 0, 0, 0, 1, 1, 1, 1, 0, 0, 1, 0, 0, 0, 0, 1, 1, 0, 0, 1, 1, 0, 1, 0, 1, 0, 0, 0, 1, 1, 0, 1, 0, 0, 0, 0, 0, 1, 1, 0, 0, 0, 0, 1, 1, 1, 0, 1, 1, 1, 0, 0, 0, 1, 1, 1, 0, 0, 1, 0, 0, 1, 0, 1, 0, 0, 0, 0, 1, 1, 0, 1, 1, 0, 0, 1, 0, 0, 1, 1, 1, 1, 1, 1, 0, 0, 0, 1, 1, 0, 1, 1, 1, 0, 1, 0, 0, 1, 1, 1, 0, 1, 0, 1, 0, 1, 0, 1, 1, 0, 0, 1, 1, 1, 0, 1, 0, 1, 0, 1, 1, 1, 1, 0, 1, 0, 0, 1, 0, 1], "predicted_labels": [1, 1, 0, 0, 1, 0, 0, 0, 0, 1, 0, 1, 0, 1, 0, 1, 0, 0, 0, 0, 1, 0, 0, 1, 0, 0, 1, 1, 1, 1, 0, 0, 1, 1, 0, 0, 0, 1, 0, 0, 0, 1, 1, 0, 0, 0, 0, 0, 1, 1, 1, 0, 1, 0, 0, 0, 1, 1, 0, 0, 1, 1, 1, 0, 1, 0, 1, 1, 1, 0, 0, 1, 0, 1, 1, 0, 0, 0, 0, 0, 1, 1, 1, 0, 1, 1, 1, 0, 1, 0, 1, 1, 1, 1, 0, 1, 1, 0, 0, 0, 1, 0, 0, 0, 1, 1, 0, 1, 0, 0, 1, 1, 1, 1, 1, 0, 1, 0, 1, 0, 1, 1, 0, 0, 0, 1, 0, 0, 1, 0, 1, 0, 1, 1, 1, 1, 1, 0, 0, 0, 1, 0, 1], "confidence_scores": [[0.03020734831519997, 0.9697926516848002], [0.44048124955792756, 0.5595187504420726], [0.9391329503533844, 0.0608670496466156], [0.8055371264507724, 0.19446287354922753], [0.13710743097043404, 0.8628925690295657], [0.993482036940089, 0.006517963059911079], [0.86195445786317, 0.13804554213682993], [0.9779763285058749, 0.022023671494125017], [0.6869769588255219, 0.3130230411744782], [0.0033778177700616247, 0.9966221822299383], [0.949457864788976, 0.05054213521102392], [0.10337874121474659, 0.8966212587852534], [0.7046739449719378, 0.2953260550280624], [0.15335851231479913, 0.8466414876852009], [0.6290349427694137, 0.3709650572305863], [0.17835042419191463, 0.8216495758080856], [0.8277352942113432, 0.17226470578865666], [0.7073662796134286, 0.2926337203865713], [0.9590851333693942, 0.04091486663060584], [0.9304179355074043, 0.06958206449259606], [0.0050823628587398865, 0.9949176371412602], [0.767299724831274, 0.2327002751687261], [0.9969181675414122, 0.003081832458587886], [5.5508182810020515e-06, 0.999994449181719], [0.9376571119691655, 0.062342888030834494], [0.9514216241904397, 0.04857837580956017], [0.46301344535581596, 0.5369865546441842], [0.13144447990033564, 0.8685555200996643], [0.13544623366492703, 0.8645537663350729], [0.04574201394783919, 0.9542579860521605], [0.888080202632709, 0.11191979736729102], [0.9026070105708072, 0.097392989429193], [0.06478232876458033, 0.9352176712354198], [0.46187656005899236, 0.5381234399410078], [0.8169371787479075, 0.18306282125209253], [0.9922820712904847, 0.007717928709515323], [0.8366724055780305, 0.16332759442196954], [0.009249713496513157, 0.9907502865034868], [0.9958145757259479, 0.00418542427405203], [0.9972042563485207, 0.0027957436514792922], [0.8222366843700138, 0.1777633156299863], [0.5241932809959525, 0.47580671900404753], [0.022809204163260783, 0.9771907958367394], [0.9375832897187107, 0.06241671028128934], [0.8374798781591597, 0.16252012184084016], [0.9895386813183997, 0.010461318681600164], [0.8764509317225646, 0.12354906827743543], [0.9577548320026494, 0.042245167997350605], [0.1157873394077461, 0.8842126605922537], [0.2476606608016328, 0.7523393391983673], [0.0859922499571407, 0.9140077500428595], [0.6869769291958163, 0.31302307080418384], [0.5224037010625976, 0.4775962989374025], [0.9028983141073884, 0.09710168589261182], [0.7494655309297196, 0.2505344690702804], [0.6337586181783625, 0.3662413818216375], [0.3138572650473449, 0.6861427349526551], [0.43715895570434127, 0.5628410442956586], [0.9828353627488481, 0.017164637251152], [0.9674241567174469, 0.03257584328255318], [0.0347780765909326, 0.9652219234090675], [0.05580277316989643, 0.9441972268301035], [0.2644890990570002, 0.7355109009429998], [0.6333652454882333, 0.3666347545117668], [0.45197113912940556, 0.5480288608705943], [0.8709830841605184, 0.12901691583948183], [0.3514703495127136, 0.6485296504872863], [0.051192894758324295, 0.9488071052416756], [0.5, 0.5], [0.9546165971216412, 0.0453834028783588], [0.9807542153221549, 0.019245784677845268], [0.4328665215261874, 0.5671334784738127], [0.9994928402124964, 0.0005071597875037101], [0.050801476338822746, 0.9491985236611772], [0.004551906506559178, 0.9954480934934409], [0.9920535886090206, 0.00794641139097942], [0.9175405437017404, 0.08245945629825976], [0.9867734203914141, 0.01322657960858581], [0.9127468157994659, 0.08725318420053399], [0.9772299683205614, 0.022770031679438692], [0.46537697800117434, 0.5346230219988257], [0.2240604103214354, 0.7759395896785647], [0.11170600873627641, 0.8882939912637237], [0.9258712268531311, 0.074128773146869], [0.03661332154379474, 0.9633866784562051], [0.3596508036129861, 0.6403491963870138], [0.4247562547241549, 0.5752437452758451], [0.9942839620078517, 0.005716037992148162], [0.33150969717046547, 0.6684903028295348], [0.8351935468910484, 0.16480645310895153], [0.12853864245286042, 0.8714613575471395], [0.012799075101880785, 0.9872009248981191], [0.20639288080080997, 0.7936071191991899], [0.003497582402836223, 0.9965024175971636], [0.9586198908398512, 0.04138010916014876], [0.5, 0.5], [0.20366682820868592, 0.7963331717913141], [0.9917785426532907, 0.008221457346709342], [0.858589342666985, 0.14141065733301494], [0.6164852374238687, 0.3835147625761312], [0.14152131371227145, 0.8584786862877284], [0.721211896464682, 0.2787881035353181], [0.9878084025027694, 0.012191597497230708], [0.6359450256243949, 0.36405497437560513], [0.3535373241150397, 0.6464626758849604], [0.012863726641276448, 0.9871362733587237], [0.5423669089936634, 0.4576330910063366], [0.4748959986825876, 0.5251040013174124], [0.9809072605676583, 0.019092739432341656], [0.9152818013693842, 0.0847181986306158], [0.006113369310458217, 0.9938866306895419], [0.17606234732533924, 0.8239376526746607], [0.10663908128630323, 0.8933609187136967], [0.3486880610428895, 0.6513119389571103], [0.2213408619623563, 0.7786591380376439], [0.7232648238003921, 0.27673517619960786], [0.18435123091304903, 0.8156487690869512], [0.970368598386128, 0.029631401613871847], [0.03939501858202761, 0.9606049814179722], [0.977129818002889, 0.022870181997110994], [0.05301001199087105, 0.946989988009129], [0.0999842134402391, 0.9000157865597607], [0.964087290933629, 0.03591270906637104], [0.9769570711330849, 0.023042928866914905], [0.9282197671857373, 0.07178023281426266], [0.06354234833970726, 0.9364576516602926], [0.5447570865840797, 0.4552429134159202], [0.9473922514073823, 0.05260774859261769], [0.246232729806955, 0.753767270193045], [0.9825257952953073, 0.017474204704692835], [0.36139339354479755, 0.6386066064552024], [0.9980856235851836, 0.0019143764148164231], [0.06121900340840615, 0.9387809965915936], [0.054632600780959314, 0.9453673992190409], [0.03567051905552392, 0.9643294809444761], [0.255364588421994, 0.7446354115780058], [0.48340896945174866, 0.5165910305482515], [0.6043113851572268, 0.39568861484277323], [0.858282179981921, 0.1417178200180791], [0.6067253922501457, 0.39327460774985445], [0.0140656888136512, 0.9859343111863489], [0.87587729137224, 0.1241227086277601], [0.1873556009293899, 0.8126443990706101]]}}