{"test": {"ids": ["177", "548", "323", "78", "208", "99", "276", "434", "92", "456", "673", "24", "462", "46", "314", "105", "631", "137", "162", "642", "440", "546", "123", "627", "386", "666", "42", "1", "691", "152", "106", "404", "351", "136", "634", "176", "411", "540", "141", "74", "187", "146", "266", "306", "238", "587", "221", "334", "384", "115", "563", "118", "383", "250", "390", "588", "126", "18", "124", "389", "504", "290", "131", "47", "80", "607", "521", "486", "498", "142", "445", "205", "695", "582", "709", "554", "135", "96", "188", "446", "81", "659", "59", "55", "145", "439", "490", "103", "69", "514", "392", "407", "239", "272", "32", "484", "232", "555", "301", "600", "623", "428", "585", "415", "206", "447", "665", "225", "200", "378", "274", "491", "184", "164", "302", "29", "270", "53", "237", "457", "35", "564", "324", "506", "500", "609", "199", "41", "330", "380", "557", "95", "282", "20", "610", "367", "681", "284", "102"], "labels": [0, 0, 0, 0, 0, 1, 0, 1, 1, 0, 1, 0, 0, 0, 0, 1, 0, 1, 1, 1, 1, 0, 1, 1, 1, 1, 0, 1, 1, 1, 1, 1, 1, 1, 0, 0, 1, 0, 1, 0, 0, 1, 0, 0, 0, 0, 0, 1, 1, 1, 0, 1, 1, 1, 1, 0, 1, 0, 1, 1, 0, 0, 1, 0, 0, 0, 1, 0, 0, 1, 0, 0, 1, 0, 1, 1, 1, 1, 0, 0, 1, 1, 0, 0, 1, 1, 0, 1, 0, 1, 1, 1, 0, 0, 0, 0, 0, 1, 0, 0, 1, 1, 0, 1, 0, 0, 1, 0, 0, 1, 0, 0, 0, 1, 0, 0, 0, 0, 0, 0, 0, 0, 1, 0, 0, 0, 0, 0, 1, 1, 0, 1, 0, 0, 0, 1, 1, 0, 1], "predicted_labels": [1, 1, 0, 1, 1, 0, 0, 1, 0, 0, 1, 0, 1, 1, 1, 1, 0, 0, 1, 1, 1, 0, 1, 1, 1, 0, 1, 1, 0, 0, 1, 1, 1, 1, 0, 1, 0, 1, 0, 1, 0, 1, 1, 0, 0, 0, 1, 1, 1, 1, 0, 1, 0, 0, 1, 0, 1, 1, 1, 1, 0, 0, 1, 1, 0, 1, 0, 1, 0, 1, 1, 0, 0, 0, 1, 0, 0, 1, 1, 0, 1, 1, 1, 0, 0, 1, 0, 0, 1, 0, 1, 0, 0, 0, 1, 0, 0, 0, 0, 0, 0, 0, 0, 0, 0, 1, 0, 1, 0, 0, 0, 1, 0, 0, 0, 0, 1, 1, 0, 0, 0, 0, 0, 0, 1, 1, 1, 1, 0, 1, 0, 0, 1, 1, 0, 1, 1, 0, 1], "confidence_scores": [[0.395419071919719, 0.604580928080281], [0.48016348113400087, 0.5198365188659992], [0.7905637985909554, 0.2094362014090446], [0.450042105972822, 0.549957894027178], [0.405500593748929, 0.5944994062510709], [0.5075890964555889, 0.4924109035444111], [0.6095126781670566, 0.3904873218329435], [0.44049902895026216, 0.559500971049738], [0.6939189179066576, 0.30608108209334234], [0.8593107528282665, 0.14068924717173348], [0.4398305648895303, 0.5601694351104697], [0.6454369525847999, 0.3545630474152], [0.4881635832063311, 0.5118364167936689], [0.3819049211747173, 0.6180950788252826], [0.35973893044906735, 0.6402610695509326], [0.481836160202595, 0.5181638397974052], [0.7629529186512058, 0.23704708134879404], [0.5710646551037083, 0.42893534489629165], [0.4090303117461433, 0.5909696882538567], [0.471928945079686, 0.528071054920314], [0.4635243482267563, 0.5364756517732437], [0.5301036368364611, 0.4698963631635389], [0.29578437796371526, 0.7042156220362846], [0.3465227161158474, 0.6534772838841526], [0.4525802198205086, 0.5474197801794914], [0.7037538082956845, 0.2962461917043158], [0.21440659049870348, 0.7855934095012963], [0.44604793544345, 0.5539520645565498], [0.563581932176978, 0.4364180678230219], [0.5713429345443438, 0.42865706545565624], [0.4919101846004481, 0.5080898153995518], [0.4171499363591222, 0.5828500636408778], [0.45859555104192606, 0.5414044489580739], [0.5, 0.5], [0.6461108535915515, 0.3538891464084485], [0.2673852117171618, 0.7326147882828383], [0.682028957443479, 0.31797104255652103], [0.3527898317990189, 0.647210168200981], [0.6770866174908322, 0.3229133825091678], [0.35341187964424287, 0.6465881203557569], [0.6554018900635669, 0.34459810993643325], [0.39143991551415336, 0.6085600844858468], [0.34088107086417035, 0.6591189291358295], [0.7190878946262981, 0.28091210537370204], [0.6516358788962914, 0.3483641211037085], [0.6220888444821845, 0.37791115551781546], [0.43547274195167307, 0.564527258048327], [0.30897746458039405, 0.691022535419606], [0.3427497155314013, 0.6572502844685987], [0.42015708273420255, 0.5798429172657975], [0.5947049017549871, 0.405295098245013], [0.48163065975446573, 0.5183693402455343], [0.5515879930335432, 0.44841200696645683], [0.5165550247841313, 0.4834449752158687], [0.2935840948910565, 0.7064159051089436], [0.6281889773973345, 0.3718110226026654], [0.47974250151299047, 0.5202574984870096], [0.29639841208763057, 0.7036015879123696], [0.3941969219603938, 0.6058030780396063], [0.4666229330826083, 0.5333770669173915], [0.6453990837744498, 0.35460091622555023], [0.5552879200901999, 0.4447120799098], [0.4309291132595631, 0.5690708867404368], [0.4272205787030589, 0.5727794212969413], [0.5082812386648657, 0.4917187613351343], [0.44070382288768656, 0.5592961771123133], [0.5215968133100354, 0.4784031866899646], [0.2697680171144006, 0.7302319828855994], [0.6212040090108981, 0.3787959909891018], [0.3674643459859794, 0.6325356540140206], [0.44113883592231673, 0.5588611640776832], [0.7351397869802397, 0.2648602130197604], [0.5982820011017935, 0.40171799889820653], [0.6942571167782287, 0.3057428832217714], [0.29129641566845715, 0.7087035843315428], [0.640854937789802, 0.3591450622101981], [0.539186405729477, 0.4608135942705232], [0.4404204170232166, 0.5595795829767835], [0.4716531886254722, 0.5283468113745279], [0.5, 0.5], [0.3328526908417174, 0.6671473091582826], [0.41435950084488266, 0.5856404991551174], [0.347086791572578, 0.6529132084274217], [0.6003713800169456, 0.39962861998305443], [0.615129664669116, 0.3848703353308839], [0.3934102001205166, 0.6065897998794834], [0.5739809293243238, 0.4260190706756762], [0.5743627142658352, 0.42563728573416504], [0.49037610338744586, 0.509623896612554], [0.5727350087199846, 0.42726499128001527], [0.4504771133737903, 0.5495228866262097], [0.5714208595297308, 0.4285791404702693], [0.7394990506441138, 0.26050094935588625], [0.611555228032206, 0.3884447719677941], [0.4459769575662458, 0.5540230424337542], [0.5518205788017723, 0.4481794211982277], [0.6469562537228104, 0.3530437462771897], [0.7505152011397656, 0.2494847988602343], [0.5938837007646889, 0.4061162992353112], [0.7586639683012608, 0.2413360316987391], [0.5348858301290272, 0.4651141698709729], [0.572786143419894, 0.427213856580106], [0.5491458436090824, 0.4508541563909178], [0.5525054657883866, 0.44749453421161334], [0.5967695214289008, 0.4032304785710993], [0.43512992349326524, 0.5648700765067347], [0.5166016581585667, 0.4833983418414334], [0.3536087540920934, 0.6463912459079066], [0.6015688241045409, 0.3984311758954591], [0.6875303465869111, 0.31246965341308885], [0.5996142188143402, 0.40038578118566], [0.3104159766785684, 0.6895840233214315], [0.6710674614480677, 0.3289325385519323], [0.5431813186516071, 0.45681868134839276], [0.625695065804884, 0.3743049341951161], [0.5782686591162095, 0.4217313408837905], [0.44160446249274177, 0.5583955375072583], [0.46437461059395535, 0.5356253894060448], [0.7353836008154425, 0.2646163991845573], [0.5105423880002655, 0.4894576119997346], [0.6355638867683244, 0.36443611323167574], [0.7011038539259054, 0.29889614607409487], [0.5875791908466265, 0.41242080915337337], [0.5056621685045001, 0.49433783149549987], [0.4859506489169266, 0.5140493510830735], [0.4705818491406636, 0.5294181508593364], [0.3873054304793575, 0.6126945695206426], [0.4555924199521244, 0.5444075800478757], [0.5690154766802872, 0.4309845233197128], [0.31040163502109364, 0.6895983649789065], [0.7153881790656714, 0.2846118209343287], [0.6351009596460121, 0.364899040353988], [0.4929168484903397, 0.5070831515096603], [0.36222153637810245, 0.6377784636218976], [0.6083858473772054, 0.39161415262279464], [0.3454230389245712, 0.6545769610754287], [0.4643109771727611, 0.535689022827239], [0.6881508833970221, 0.31184911660297787], [0.3248232379427722, 0.6751767620572278]]},