{"test": {"ids": ["514", "5", "271", "692", "634", "535", "234", "149", "24", "704", "613", "297", "305", "576", "158", "645", "470", "124", "432", "564", "172", "55", "137", "321", "204", "597", "96", "105", "642", "407", "609", "252", "349", "87", "517", "189", "487", "395", "166", "571", "161", "59", "378", "27", "557", "633", "130", "707", "245", "225", "652", "238", "322", "620", "315", "159", "651", "457", "423", "202", "155", "657", "402", "122", "627", "168", "13", "267", "384", "73", "222", "65", "412", "196", "175", "558", "188", "492", "71", "372", "386", "324", "409", "553", "310", "336", "241", "560", "529", "201", "522", "97", "591", "239", "554", "98", "631", "337", "226", "588", "376", "7", "404", "162", "176", "229", "53", "14", "291", "316", "11", "635", "365", "108", "615", "75", "617", "628", "191", "295", "9", "397", "235", "30", "32", "421", "389", "512", "587", "82", "534", "644", "343", "83", "684", "61", "192", "647", "446", "115", "485", "510", "101"], "labels": [1, 1, 0, 1, 1, 1, 0, 1, 0, 1, 0, 0, 0, 0, 1, 1, 0, 1, 1, 0, 1, 1, 1, 0, 0, 0, 1, 1, 1, 1, 0, 1, 0, 0, 1, 0, 0, 1, 1, 0, 1, 0, 1, 0, 0, 1, 1, 1, 0, 0, 1, 0, 0, 0, 0, 1, 1, 0, 1, 0, 1, 1, 1, 1, 1, 1, 1, 0, 1, 0, 0, 0, 1, 0, 0, 0, 0, 0, 0, 0, 1, 0, 1, 1, 0, 0, 0, 0, 1, 0, 1, 1, 0, 0, 1, 1, 1, 0, 0, 0, 0, 1, 1, 1, 0, 0, 1, 1, 0, 0, 1, 1, 0, 1, 0, 0, 0, 1, 0, 0, 1, 1, 0, 0, 0, 1, 1, 0, 0, 1, 1, 1, 0, 0, 1, 0, 0, 1, 0, 1, 0, 0, 1], "predicted_labels": [0, 0, 0, 1, 0, 0, 0, 1, 0, 1, 0, 0, 0, 0, 1, 1, 1, 1, 0, 0, 0, 1, 0, 0, 0, 0, 1, 0, 1, 1, 0, 1, 0, 0, 1, 0, 0, 1, 1, 0, 1, 0, 0, 0, 0, 1, 1, 1, 0, 1, 1, 0, 0, 0, 0, 1, 1, 0, 1, 0, 1, 0, 1, 0, 1, 1, 0, 0, 1, 0, 0, 0, 0, 0, 0, 0, 0, 1, 1, 0, 1, 0, 0, 0, 0, 1, 0, 0, 0, 0, 1, 0, 0, 1, 0, 0, 0, 0, 0, 0, 0, 0, 1, 1, 0, 1, 1, 1, 0, 0, 0, 0, 0, 0, 0, 0, 0, 1, 0, 0, 0, 1, 0, 0, 1, 1, 0, 0, 0, 1, 0, 1, 0, 1, 0, 0, 0, 1, 0, 0, 0, 0, 1], "confidence_scores": [[0.594672663043521, 0.40532733695647916], [0.5965283344986476, 0.40347166550135233], [0.9605831535345754, 0.039416846465424746], [0.44925378373920793, 0.5507462162607919], [0.5, 0.5], [0.6365213778523791, 0.3634786221476209], [0.5372052246350109, 0.4627947753649889], [0.08209542367024562, 0.9179045763297545], [0.5524906993478855, 0.4475093006521145], [0.14368334771791366, 0.8563166522820863], [0.9407629321768802, 0.05923706782311984], [0.900046775535614, 0.09995322446438622], [0.7273859902793018, 0.2726140097206982], [0.9774592805153062, 0.022540719484693862], [0.09088102352748188, 0.9091189764725179], [0.11165422403602948, 0.8883457759639704], [0.1440917558914746, 0.8559082441085255], [0.15497024678521445, 0.8450297532147857], [0.6025264405927941, 0.3974735594072059], [0.9063855481687532, 0.09361445183124677], [0.6074409670283547, 0.3925590329716451], [0.12439264200470525, 0.8756073579952949], [0.6155222360813271, 0.38447776391867294], [0.8758724534309528, 0.12412754656904708], [0.5881197107634685, 0.41188028923653147], [0.831036287499148, 0.16896371250085224], [0.2294949691404518, 0.7705050308595484], [0.5109905068891797, 0.4890094931108203], [0.19454312829242662, 0.8054568717075732], [0.14190362747783744, 0.8580963725221625], [0.7362131580302071, 0.2637868419697928], [0.40410665944694213, 0.5958933405530579], [0.699600814439071, 0.3003991855609293], [0.5745306961928883, 0.4254693038071115], [0.3526063599895515, 0.6473936400104484], [0.5426244899647452, 0.4573755100352548], [0.8460652007138939, 0.15393479928610615], [0.2648117159533709, 0.7351882840466292], [0.10827509582958364, 0.8917249041704162], [0.6835698385648076, 0.31643016143519237], [0.21556271546581957, 0.7844372845341804], [0.6518088434621688, 0.3481911565378312], [0.6769034547030459, 0.3230965452969542], [0.5112435313126117, 0.48875646868738815], [0.9673242478955995, 0.03267575210440065], [0.337914931132203, 0.6620850688677969], [0.03967747783734701, 0.9603225221626529], [0.46685950502388435, 0.5331404949761156], [0.7759957807625678, 0.22400421923743236], [0.37882990685097917, 0.6211700931490207], [0.2781353139820576, 0.7218646860179425], [0.8285936790932228, 0.17140632090677713], [0.9114121350180499, 0.08858786498195013], [0.802555234300905, 0.19744476569909505], [0.4856069426043083, 0.5143930573956915], [0.09970349660935936, 0.9002965033906406], [0.10169119295613159, 0.8983088070438684], [0.49334959245386295, 0.506650407546137], [0.16537559374092084, 0.8346244062590792], [0.66442098847518, 0.3355790115248199], [0.2642687452898139, 0.7357312547101861], [0.6021394638831113, 0.3978605361168887], [0.4236898375983528, 0.5763101624016472], [0.6089444245481485, 0.39105557545185143], [0.11980139703075098, 0.880198602969249], [0.14379354106098868, 0.8562064589390116], [0.7845923812295909, 0.21540761877040904], [0.8081224327254761, 0.1918775672745238], [0.3427890357302882, 0.6572109642697118], [0.5, 0.5], [0.8608322867594359, 0.13916771324056398], [0.8944917301217995, 0.1055082698782004], [0.655639866210691, 0.34436013378930896], [0.5236079958976394, 0.47639200410236054], [0.8890168039559518, 0.11098319604404801], [0.5335937661443747, 0.4664062338556251], [0.839128061340371, 0.160871938659629], [0.3754824132232493, 0.6245175867767507], [0.4012976297401446, 0.5987023702598553], [0.7473174087422596, 0.2526825912577405], [0.05655839750510627, 0.9434416024948937], [0.9008621716133216, 0.09913782838667833], [0.4821640499219507, 0.5178359500780491], [0.6224388342561613, 0.3775611657438387], [0.658444900829399, 0.341555099170601], [0.41440700110043055, 0.5855929988995696], [0.6222173745683544, 0.3777826254316456], [0.9246780612115821, 0.07532193878841795], [0.5308993803933011, 0.46910061960669897], [0.6490766845732583, 0.35092331542674177], [0.44695693061181035, 0.5530430693881896], [0.639448692589326, 0.3605513074106738], [0.8072020792915346, 0.19279792070846544], [0.20909681119657664, 0.7909031888034236], [0.5, 0.5], [0.6663889149770815, 0.33361108502291836], [0.5357479632460876, 0.46425203675391236], [0.8317889561844714, 0.16821104381552893], [0.7840609472722391, 0.215939052727761], [0.5497262668347691, 0.4502737331652309], [0.817102614450024, 0.18289738554997573], [0.5969125488633759, 0.4030874511366241], [0.12475634527088579, 0.875243654729114], [0.18205932425158403, 0.8179406757484161], [0.5415416177081781, 0.45845838229182173], [0.31909619954532964, 0.6809038004546706], [0.11730354570843587, 0.8826964542915641], [0.44856853514601014, 0.5514314648539899], [0.7837186198817134, 0.21628138011828688], [0.6127310759246962, 0.38726892407530383], [0.7931563471717457, 0.20684365282825437], [0.5, 0.5], [0.6141836538265817, 0.38581634617341837], [0.7029121406875537, 0.2970878593124463], [0.8419793955855194, 0.15802060441448057], [0.9018081313414948, 0.0981918686585051], [0.5189222654408089, 0.4810777345591913], [0.27340408415052064, 0.7265959158494792], [0.5901510780173606, 0.4098489219826394], [0.7638992269348307, 0.23610077306516947], [0.7482993021352939, 0.25170069786470617], [0.22538347093991876, 0.7746165290600813], [0.8356067678985702, 0.1643932321014298], [0.8468592210265038, 0.15314077897349607], [0.20910955294914418, 0.7908904470508559], [0.4470804417732202, 0.5529195582267797], [0.5, 0.5], [0.6646762035776267, 0.33532379642237337], [0.8733099305102824, 0.1266900694897175], [0.12955041559287517, 0.8704495844071248], [0.7260423372201511, 0.2739576627798489], [0.16391330446252228, 0.8360866955374776], [0.7234403993401952, 0.27655960065980495], [0.3618560601078387, 0.6381439398921614], [0.5772233501645667, 0.4227766498354333], [0.8857801765437882, 0.1142198234562118], [0.7524823607130648, 0.24751763928693507], [0.24381171807254792, 0.756188281927452], [0.7798147857698221, 0.22018521423017812], [0.5989646615790815, 0.40103533842091854], [0.8275591047717807, 0.17244089522821943], [0.6865436186890063, 0.3134563813109937], [0.3057490881704464, 0.6942509118295538]]},