{"test": {"ids": ["547", "20", "6", "14", "469", "98", "600", "699", "194", "125", "89", "330", "108", "440", "458", "489", "144", "37", "430", "271", "45", "325", "378", "40", "583", "357", "207", "503", "275", "710", "556", "18", "318", "650", "253", "588", "263", "437", "387", "383", "221", "576", "452", "161", "512", "160", "66", "329", "228", "36", "137", "425", "126", "27", "338", "337", "171", "328", "709", "382", "146", "142", "41", "400", "605", "174", "143", "446", "304", "543", "394", "477", "392", "517", "24", "488", "388", "377", "629", "538", "690", "55", "441", "280", "372", "259", "306", "701", "470", "549", "422", "669", "256", "677", "620", "359", "163", "227", "281", "265", "5", "279", "176", "76", "672", "2", "539", "78", "381", "320", "91", "707"], "labels": [0, 0, 0, 0, 0, 0, 0, 1, 0, 1, 0, 1, 0, 1, 0, 0, 1, 0, 1, 0, 0, 1, 1, 0, 0, 1, 0, 0, 0, 0, 0, 0, 0, 0, 1, 0, 1, 1, 1, 1, 0, 0, 0, 1, 0, 1, 1, 1, 0, 0, 1, 1, 1, 0, 1, 1, 1, 1, 1, 1, 1, 1, 0, 1, 0, 0, 1, 0, 0, 1, 1, 0, 1, 1, 0, 0, 1, 1, 1, 1, 1, 0, 1, 0, 1, 1, 0, 1, 0, 0, 1, 0, 1, 0, 0, 1, 1, 0, 0, 0, 0, 0, 0, 1, 0, 0, 1, 1, 1, 0, 0, 1], "predicted_labels": [0, 0, 0, 1, 0, 1, 0, 1, 0, 1, 1, 0, 1, 0, 0, 1, 1, 0, 0, 0, 1, 1, 0, 0, 0, 1, 0, 0, 0, 0, 0, 1, 0, 0, 0, 0, 0, 0, 0, 0, 1, 0, 0, 1, 0, 1, 0, 0, 0, 0, 0, 0, 0, 1, 1, 1, 1, 1, 0, 0, 1, 1, 1, 1, 0, 0, 0, 0, 0, 1, 1, 0, 1, 1, 1, 0, 0, 1, 1, 1, 0, 1, 0, 0, 1, 0, 0, 0, 0, 0, 0, 0, 0, 0, 0, 1, 1, 0, 0, 1, 0, 0, 1, 0, 0, 1, 0, 1, 1, 0, 0, 1], "confidence_scores": [[0.6882442624240224, 0.3117557375759776], [0.505139608757256, 0.4948603912427441], [0.6080074427206781, 0.39199255727932203], [0.4698567746537949, 0.5301432253462053], [0.7352474192474194, 0.26475258075258074], [0.44260716411323847, 0.5573928358867617], [0.5920283278990123, 0.40797167210098784], [0.37235654781067185, 0.6276434521893282], [0.8252821188314609, 0.17471788116853904], [0.4895135502466784, 0.5104864497533216], [0.4487425550095454, 0.5512574449904547], [0.5371410258375239, 0.462858974162476], [0.3494364290680082, 0.6505635709319921], [0.5723747400475344, 0.42762525995246575], [0.552328051477508, 0.4476719485224921], [0.40853451409701413, 0.591465485902986], [0.4441028448675508, 0.5558971551324493], [0.5606611753184895, 0.43933882468151053], [0.5390966074474204, 0.4609033925525798], [0.5674461359896144, 0.43255386401038587], [0.3508990859286911, 0.6491009140713089], [0.34686091503525723, 0.6531390849647428], [0.7291862912414382, 0.27081370875856164], [0.6027233203887614, 0.39727667961123847], [0.746102590026932, 0.25389740997306787], [0.20699919524919533, 0.7930008047508046], [0.7305562109459167, 0.2694437890540832], [0.5606969696969697, 0.4393030303030303], [0.7139625582750583, 0.2860374417249418], [0.5565140529405234, 0.4434859470594763], [0.8362936369186368, 0.16370636308136305], [0.4637436881573877, 0.5362563118426124], [0.6641809746625923, 0.3358190253374076], [0.6778421439671444, 0.3221578560328561], [0.6975648020280374, 0.3024351979719627], [0.7352021173271176, 0.2647978826728827], [0.5519710208367292, 0.4480289791632708], [0.514399050360544, 0.4856009496394559], [0.6296229154832098, 0.37037708451679036], [0.5187177373280314, 0.48128226267196866], [0.42003641701435823, 0.5799635829856417], [0.6227955721814415, 0.3772044278185584], [0.6170578481975543, 0.38294215180244573], [0.34145951270951286, 0.6585404872904873], [0.6995891192141193, 0.30041088078588085], [0.3453605904964601, 0.6546394095035396], [0.521680439658381, 0.47831956034161904], [0.546101140087982, 0.453898859912018], [0.7376504559037451, 0.2623495440962546], [0.5169372743269804, 0.4830627256730196], [0.5277966857488917, 0.47220331425110834], [0.5568225720535503, 0.44317742794644954], [0.5927241288767995, 0.40727587112320074], [0.4298543262293263, 0.5701456737706736], [0.35197449731640895, 0.6480255026835908], [0.45159697247197245, 0.5484030275280276], [0.44197946054203785, 0.558020539457962], [0.2638666264291265, 0.7361333735708737], [0.5467684227892028, 0.4532315772107971], [0.563486517460008, 0.43651348253999195], [0.408197604811769, 0.5918023951882313], [0.25897682040182046, 0.7410231795981794], [0.38861128577305054, 0.6113887142269496], [0.45946728928965774, 0.5405327107103423], [0.5858323318838023, 0.41416766811619765], [0.84214337985118, 0.1578566201488196], [0.536435961147611, 0.46356403885238895], [0.5215153070613596, 0.47848469293864043], [0.7300253267973854, 0.2699746732026145], [0.3849122946497947, 0.6150877053502051], [0.47435472574810816, 0.5256452742518919], [0.6064803989869779, 0.39351960101302197], [0.38854128435204305, 0.611458715647957], [0.48288033990433393, 0.5171196600956661], [0.4933881040554428, 0.5066118959445572], [0.7240530387509502, 0.2759469612490498], [0.6750238438032556, 0.32497615619674447], [0.2257472804972805, 0.7742527195027197], [0.4086012876012876, 0.5913987123987127], [0.44847070494864627, 0.5515292950513537], [0.5828485555117129, 0.41715144448828684], [0.32427038035493916, 0.6757296196450606], [0.6926355290950877, 0.3073644709049122], [0.7769326185510395, 0.22306738144896052], [0.23627371692317342, 0.7637262830768266], [0.5304101825462122, 0.4695898174537879], [0.657304343152603, 0.3426956568473971], [0.7028554424376792, 0.2971445575623208], [0.6175140149882797, 0.38248598501172026], [0.626412965728503, 0.3735870342714971], [0.5491543623859801, 0.4508456376140197], [0.7811530483405486, 0.21884695165945167], [0.590835905941884, 0.4091640940581158], [0.6704866036741037, 0.32951339632589643], [0.6160255994005993, 0.3839744005994007], [0.280022522871865, 0.7199774771281351], [0.35376801670551655, 0.6462319832944834], [0.6662170745920742, 0.3337829254079253], [0.7233917346413478, 0.27660826535865235], [0.46713884636868513, 0.5328611536313148], [0.5312335785559469, 0.468766421444053], [0.763896147711937, 0.23610385228806285], [0.41979846623964273, 0.5802015337603572], [0.6581302593674511, 0.341869740632549], [0.6340576425386208, 0.3659423574613792], [0.4488558904330962, 0.5511441095669037], [0.8541336102622865, 0.14586638973771324], [0.39749137403703977, 0.6025086259629602], [0.35240829309579313, 0.6475917069042069], [0.7074718892218891, 0.2925281107781107], [0.6067562220485606, 0.3932437779514392], [0.45132822692013863, 0.5486717730798614]]}, "rewritten": {"ids": ["2", "5", "6", "14", "18", "20", "24", "27", "36", "37", "40", "41", "45", "55", "66", "76", "78", "89", "91", "98", "108", "125", "126", "137", "142", "143", "144", "146", "160", "161", "163", "171", "174", "176", "194", "207", "221", "227", "228", "253", "256", "259", "263", "265", "271", "275", "279", "280", "281", "304", "306", "318", "320", "325", "328", "329", "330", "337", "338", "357", "359", "372", "377", "378", "381", "382", "383", "387", "388", "392", "394", "400", "422", "425", "430", "437", "440", "441", "446", "452", "458", "469", "470", "477", "488", "489", "503", "512", "517", "538", "539", "543", "547", "549", "556", "576", "583", "588", "600", "605", "620", "629", "650", "669", "672", "677", "690", "699", "701", "707", "709", "710"], "labels": [0, 0, 0, 0, 0, 0, 0, 0, 0, 0, 0, 0, 0, 0, 1, 1, 1, 0, 0, 0, 0, 1, 1, 1, 1, 1, 1, 1, 1, 1, 1, 1, 0, 0, 0, 0, 0, 0, 0, 1, 1, 1, 1, 0, 0, 0, 0, 0, 0, 0, 0, 0, 0, 1, 1, 1, 1, 1, 1, 1, 1, 1, 1, 1, 1, 1, 1, 1, 1, 1, 1, 1, 1, 1, 1, 1, 1, 1, 0, 0, 0, 0, 0, 0, 0, 0, 0, 0, 1, 1, 1, 1, 0, 0, 0, 0, 0, 0, 0, 0, 0, 1, 0, 0, 0, 0, 1, 1, 1, 1, 1, 0], "predicted_labels": [1, 0, 0, 0, 1, 0, 0, 1, 0, 0, 0, 1, 1, 1, 1, 0, 0, 1, 0, 1, 1, 1, 1, 1, 1, 0, 0, 1, 1, 1, 1, 1, 0, 1, 0, 0, 1, 0, 0, 0, 0, 0, 1, 0, 0, 0, 0, 0, 0, 0, 0, 0, 0, 0, 0, 0, 0, 0, 1, 1, 1, 1, 1, 0, 0, 0, 0, 0, 0, 1, 0, 0, 0, 0, 0, 1, 0, 0, 0, 0, 1, 0, 0, 0, 0, 1, 0, 0, 1, 1, 0, 0, 0, 0, 0, 0, 0, 0, 0, 0, 0, 1, 0, 0, 0, 0, 0, 1, 0, 1, 1, 0],