{"test": {"ids": ["404", "407", "164", "174", "221", "34", "1", "165", "408", "286", "616", "556", "125", "279", "635", "159", "22", "180", "85", "181", "184", "257", "514", "694", "575", "173", "296", "441", "357", "14", "222", "618", "62", "52", "492", "573", "251", "27", "186", "493", "477", "602", "364", "400", "272", "151", "669", "535", "681", "703", "536", "622", "310", "213", "74", "255", "190", "401", "458", "634", "172", "546", "254", "331", "293", "373", "48", "194", "145", "65", "23", "490", "69", "332", "541", "382", "664", "589", "628", "39", "482", "114", "253", "58", "227", "437", "686", "403", "653", "78", "118", "83", "334", "708", "545", "189", "230", "5", "446", "211", "633", "336", "146", "369", "671", "489", "461", "503", "154", "416", "498", "566", "318", "372", "276", "685", "528", "608", "111", "515", "397", "384", "560", "475", "113", "121", "523", "54", "487", "376", "480", "112", "519", "352", "292", "42", "607", "645", "92"], "labels": [1, 1, 1, 0, 0, 0, 0, 1, 1, 0, 0, 0, 1, 0, 1, 1, 0, 0, 0, 0, 0, 0, 1, 1, 0, 1, 0, 1, 0, 1, 0, 0, 0, 1, 0, 0, 1, 0, 0, 1, 0, 0, 0, 1, 0, 1, 1, 1, 1, 1, 1, 1, 0, 0, 0, 0, 0, 1, 0, 1, 1, 1, 1, 0, 0, 0, 1, 0, 1, 0, 0, 0, 0, 0, 1, 0, 1, 0, 1, 1, 0, 1, 1, 1, 0, 1, 1, 1, 1, 0, 1, 0, 0, 1, 1, 0, 0, 1, 0, 0, 1, 0, 1, 0, 1, 0, 0, 0, 1, 1, 0, 0, 0, 0, 0, 0, 1, 0, 1, 0, 1, 1, 0, 0, 1, 1, 1, 1, 0, 0, 0, 1, 1, 0, 0, 1, 0, 1, 1], "predicted_labels": [0, 0, 1, 0, 0, 0, 0, 0, 0, 0, 0, 0, 1, 1, 0, 0, 0, 0, 1, 0, 0, 0, 0, 0, 0, 0, 0, 0, 1, 1, 0, 0, 1, 0, 1, 0, 0, 0, 1, 0, 0, 0, 1, 0, 0, 0, 1, 1, 0, 0, 0, 0, 0, 0, 0, 0, 0, 0, 0, 1, 0, 1, 0, 1, 1, 0, 1, 0, 0, 0, 0, 1, 1, 0, 0, 0, 0, 1, 1, 0, 0, 0, 0, 1, 0, 0, 1, 0, 1, 0, 1, 1, 1, 0, 0, 0, 0, 0, 0, 0, 0, 0, 1, 1, 0, 0, 0, 0, 1, 0, 0, 0, 0, 1, 0, 1, 0, 0, 0, 0, 1, 1, 1, 0, 0, 1, 0, 1, 0, 0, 0, 0, 1, 1, 0, 1, 0, 1, 0], "confidence_scores": [[0.5714032856032855, 0.42859671439671426], [0.5691551226551225, 0.43084487734487736], [0.4871881135204664, 0.5128118864795336], [0.5675909887498125, 0.4324090112501876], [0.6066356754356756, 0.3933643245643245], [0.5184075147075148, 0.48159248529248533], [0.6054896964146963, 0.3945103035853036], [0.5299005883005884, 0.47009941169941155], [0.5385323065823064, 0.46146769341769345], [0.6745832667332664, 0.32541673326673315], [0.6025951215451213, 0.3974048784548785], [0.6636349428349426, 0.33636505716505716], [0.38832359307359315, 0.611676406926407], [0.4931491952491954, 0.5068508047508046], [0.5303124320124321, 0.469687567987568], [0.5496709901209902, 0.45032900987900987], [0.6074494227994226, 0.39255057720057734], [0.5298716450216452, 0.4701283549783548], [0.4137727938727941, 0.5862272061272058], [0.6409289266289266, 0.35907107337107336], [0.5851780830280833, 0.4148219169719168], [0.6281589466089467, 0.3718410533910534], [0.5219521034521035, 0.4780478965478966], [0.5167161782661784, 0.48328382173382156], [0.6545000721500719, 0.3454999278499278], [0.591557015207015, 0.4084429847929848], [0.5265763625263624, 0.47342363747363764], [0.6182492729492729, 0.38175072705072705], [0.4797976245976247, 0.5202023754023752], [0.49385404040404024, 0.5061459595959598], [0.5743451992451993, 0.4256548007548009], [0.6075691808191808, 0.39243081918081923], [0.48096956931956936, 0.5190304306804306], [0.5454680256018491, 0.4545319743981508], [0.4525973470973469, 0.547402652902653], [0.6468316072816077, 0.35316839271839273], [0.5627564213564215, 0.4372435786435784], [0.5713381729381731, 0.4286618270618268], [0.4954453019203018, 0.5045546980796982], [0.5294084915084917, 0.4705915084915083], [0.5270321067821069, 0.4729678932178931], [0.5897935786435787, 0.41020642135642105], [0.465969991119991, 0.534030008880009], [0.6399367243867244, 0.3600632756132754], [0.6151397546897546, 0.38486024531024526], [0.5830839771339771, 0.41691602286602303], [0.4905302439390675, 0.5094697560609326], [0.4715396103896105, 0.5284603896103894], [0.529162173937174, 0.470837826062826], [0.5291205627705626, 0.47087943722943737], [0.667474225774226, 0.3325257742257743], [0.5042209845709846, 0.4957790154290154], [0.5843247113997113, 0.4156752886002885], [0.5901467809967804, 0.4098532190032189], [0.5183633533133537, 0.48163664668664646], [0.5981323232323232, 0.40186767676767676], [0.5211720057720057, 0.47882799422799416], [0.513274864024864, 0.4867251359751359], [0.5010953268953269, 0.4989046731046731], [0.488288578088578, 0.511711421911422], [0.6535339826839827, 0.3464660173160174], [0.4678968253968255, 0.5321031746031747], [0.57544874014874, 0.4245512598512598], [0.42824179986679967, 0.5717582001332001], [0.4352062049062051, 0.5647937950937952], [0.6011665945165946, 0.39883340548340557], [0.4772313575313579, 0.5227686424686422], [0.514374791874792, 0.4856252081252081], [0.5736030580530579, 0.42639694194694205], [0.5710631701631702, 0.42893682983682974], [0.52685974025974, 0.4731402597402599], [0.461371361971362, 0.5386286380286383], [0.44666878121878134, 0.553331218781219], [0.5137136585636589, 0.48628634143634114], [0.6821710678210675, 0.3178289321789321], [0.556849422799423, 0.4431505772005771], [0.5442261738261738, 0.4557738261738261], [0.43707387612387605, 0.5629261238761241], [0.4951833832833833, 0.5048166167166167], [0.5401557387057385, 0.45984426129426137], [0.5799667055167055, 0.42003329448329463], [0.5634463425463426, 0.4365536574536573], [0.5207861860361862, 0.4792138139638138], [0.4155730880230879, 0.584426911976912], [0.5991099567099564, 0.40089004329004324], [0.5660423354423354, 0.4339576645576647], [0.48080927405927404, 0.519190725940726], [0.5663029914529915, 0.4336970085470085], [0.4981988586576823, 0.5018011413423177], [0.5530985791985793, 0.4469014208014206], [0.41612934565434545, 0.5838706543456545], [0.4079954173277704, 0.59200458267223], [0.48505496447996443, 0.5149450355200355], [0.5594613886113885, 0.4405386113886114], [0.5256584415584417, 0.4743415584415585], [0.5735034465534466, 0.4264965534465533], [0.6363131313131315, 0.36368686868686895], [0.5355011932511933, 0.46449880674880667], [0.529090886890887, 0.47090911310911315], [0.7057614774114772, 0.29423852258852257], [0.5600187368187369, 0.4399812631812631], [0.6239569319569322, 0.37604306804306786], [0.4711329725829728, 0.5288670274170273], [0.46796785991785983, 0.5320321400821402], [0.5889496336996337, 0.4110503663003663], [0.5173913142413142, 0.48260868575868576], [0.6296212121212119, 0.37037878787878803], [0.5422543845043847, 0.4577456154956155], [0.4453546786546786, 0.5546453213453219], [0.5113478798978798, 0.4886521201021202], [0.6129198856698855, 0.38708011433011447], [0.6653022699522699, 0.3346977300477299], [0.6314341436341436, 0.36856585636585626], [0.4569640609390608, 0.5430359390609392], [0.6201199134199135, 0.37988008658008643], [0.3997877344877346, 0.6002122655122658], [0.5596732489732489, 0.4403267510267509], [0.6308397713397714, 0.36916022866022846], [0.5124052725052727, 0.48759472749472743], [0.5730557054057055, 0.42694429459429456], [0.4087240592740592, 0.5912759407259407], [0.4929007215007215, 0.5070992784992785], [0.4638588023088021, 0.5361411976911978], [0.6094667055167056, 0.3905332944832944], [0.5418682373182373, 0.45813176268176264], [0.35447549672549666, 0.6455245032745032], [0.5415701909201908, 0.4584298090798091], [0.465964590964591, 0.5340354090354089], [0.5741640193140193, 0.42583598068598055], [0.5163300255300257, 0.4836699744699742], [0.5523348235098234, 0.4476651764901763], [0.5828785714285714, 0.4171214285714286], [0.4991660089910088, 0.5008339910089912], [0.4561954378954378, 0.5438045621045622], [0.5297835053835054, 0.4702164946164945], [0.30297727272727293, 0.6970227272727276], [0.526176551226551, 0.4738234487734488], [0.4961347541347541, 0.5038652458652458], [0.5297021145521149, 0.4702978854478852]]},