{"test": {"ids": ["285", "98", "634", "219", "109", "518", "276", "433", "424", "604", "662", "495", "175", "652", "537", "228", "570", "15", "171", "291", "692", "688", "164", "38", "216", "108", "106", "167", "336", "343", "577", "589", "599", "40", "344", "543", "67", "64", "277", "227", "423", "663", "356", "157", "362", "348", "230", "283", "186", "245", "232", "674", "383", "332", "571", "449", "326", "373", "104", "387", "513", "328", "243", "312", "51", "593", "160", "438", "54", "690", "221", "558", "701", "141", "129", "177", "500", "651", "645", "553", "320", "339", "613", "307", "127", "218", "26", "359", "159", "115", "527", "41", "385", "341", "337", "163", "700", "267", "205", "284", "168", "81", "165", "82", "3", "441", "486", "114", "224", "391", "467", "43", "142", "398", "132", "242", "102", "509", "293", "505", "632", "73", "525", "65", "261", "695", "602", "465", "249", "661", "483", "550", "421", "460", "450", "59", "314", "371", "564", "699", "24"], "labels": [0, 1, 1, 0, 1, 1, 0, 1, 1, 0, 1, 0, 0, 1, 1, 0, 0, 1, 1, 0, 1, 0, 1, 1, 0, 1, 1, 1, 0, 0, 0, 0, 0, 1, 0, 1, 0, 0, 0, 0, 1, 1, 0, 1, 0, 0, 0, 0, 0, 0, 0, 1, 0, 0, 0, 0, 0, 0, 1, 1, 0, 0, 0, 0, 1, 0, 1, 1, 1, 1, 0, 0, 1, 1, 1, 0, 0, 1, 1, 1, 0, 0, 0, 0, 1, 0, 0, 0, 1, 1, 1, 1, 1, 0, 0, 1, 1, 0, 0, 0, 1, 1, 1, 1, 0, 1, 0, 1, 0, 1, 0, 1, 1, 1, 1, 0, 1, 0, 0, 0, 1, 0, 1, 0, 0, 1, 0, 0, 1, 1, 0, 1, 1, 0, 0, 0, 0, 0, 0, 1, 0], "predicted_labels": [0, 1, 0, 1, 0, 0, 0, 1, 0, 0, 0, 0, 1, 1, 0, 0, 0, 0, 0, 0, 0, 0, 1, 0, 1, 1, 0, 1, 1, 1, 0, 1, 0, 1, 0, 0, 0, 0, 1, 0, 1, 1, 0, 0, 0, 1, 0, 0, 0, 0, 0, 1, 0, 0, 0, 0, 1, 0, 0, 0, 1, 0, 0, 0, 1, 1, 1, 0, 1, 1, 0, 0, 0, 0, 0, 0, 0, 1, 0, 1, 0, 0, 0, 0, 1, 1, 0, 0, 1, 0, 1, 1, 1, 1, 0, 0, 1, 1, 0, 1, 1, 1, 1, 1, 0, 0, 1, 0, 1, 0, 1, 1, 0, 1, 0, 0, 1, 0, 0, 1, 0, 1, 0, 1, 1, 1, 0, 0, 1, 1, 0, 1, 1, 1, 1, 1, 1, 0, 1, 0, 0], "confidence_scores": [[0.7690783648663408, 0.23092163513365938], [0.5, 0.5], [0.597136928593538, 0.40286307140646194], [0.45816810626930576, 0.5418318937306941], [0.6554650658525938, 0.34453493414740627], [0.546997096947494, 0.453002903052506], [0.708619044372824, 0.29138095562717575], [0.4621873823959273, 0.5378126176040727], [0.5251403246967832, 0.47485967530321693], [0.6342140819785441, 0.3657859180214558], [0.5466269580918024, 0.45337304190819755], [0.5694319664890027, 0.4305680335109973], [0.486059992514708, 0.5139400074852918], [0.42660367658222403, 0.5733963234177759], [0.6468945063806767, 0.3531054936193232], [0.5610475656009329, 0.438952434399067], [0.7240478193321509, 0.27595218066784893], [0.585918665089397, 0.4140813349106031], [0.5742528703643408, 0.4257471296356592], [0.6318804630131413, 0.3681195369868588], [0.6351591296445405, 0.3648408703554597], [0.5434582862885903, 0.45654171371140967], [0.36537917061542435, 0.6346208293845755], [0.5936294124478305, 0.40637058755216965], [0.4616141031117705, 0.5383858968882296], [0.5, 0.5], [0.8026582816510855, 0.1973417183489145], [0.4343216952063143, 0.5656783047936857], [0.40613961796391146, 0.5938603820360886], [0.4349080569330823, 0.5650919430669178], [0.732600984139874, 0.26739901586012577], [0.4746413486704856, 0.5253586513295143], [0.5726608751581419, 0.42733912484185815], [0.5126029733738976, 0.4873970266261025], [0.5757694718318551, 0.4242305281681449], [0.5593619728578308, 0.44063802714216915], [0.6190726245090652, 0.3809273754909348], [0.6092039969869627, 0.39079600301303724], [0.4610370164678069, 0.5389629835321931], [0.6174196326972932, 0.3825803673027068], [0.37497477323791745, 0.6250252267620826], [0.44580646668603563, 0.5541935333139643], [0.7109983828484696, 0.2890016171515306], [0.6337318472232176, 0.36626815277678243], [0.6317596921807316, 0.3682403078192685], [0.45823737568442613, 0.5417626243155741], [0.6179296382390751, 0.3820703617609249], [0.6642681694101998, 0.3357318305898002], [0.6246156354936608, 0.3753843645063393], [0.6439374059622361, 0.35606259403776375], [0.6085614602662549, 0.3914385397337451], [0.5134554761371751, 0.48654452386282493], [0.5871188589897024, 0.41288114101029766], [0.6315053871030377, 0.36849461289696234], [0.6335871203521456, 0.3664128796478543], [0.6040240099926328, 0.3959759900073673], [0.4023584424517406, 0.5976415575482594], [0.6085740599981168, 0.39142594000188324], [0.6030426495593433, 0.39695735044065666], [0.5246017194995801, 0.4753982805004197], [0.46381679282000926, 0.5361832071799906], [0.5863285089713355, 0.4136714910286645], [0.6521826515355386, 0.3478173484644615], [0.5667406102554512, 0.43325938974454886], [0.409745235146725, 0.590254764853275], [0.4879793105983503, 0.5120206894016495], [0.4526667467097889, 0.5473332532902111], [0.662582389408997, 0.3374176105910029], [0.4372576630806627, 0.5627423369193371], [0.33674579942479665, 0.6632542005752033], [0.6454102467628247, 0.3545897532371753], [0.6201748242861301, 0.3798251757138699], [0.5492636811004945, 0.4507363188995054], [0.5381755621117694, 0.4618244378882307], [0.6073692646875222, 0.39263073531247794], [0.5531472337094502, 0.44685276629054993], [0.6172603460630913, 0.38273965393690884], [0.4071911076235885, 0.5928088923764115], [0.5486337331685301, 0.45136626683146985], [0.4277695048876115, 0.5722304951123887], [0.5354464505665505, 0.46455354943344956], [0.5407460769365195, 0.45925392306348056], [0.6938274965377886, 0.30617250346221164], [0.5901084455138487, 0.4098915544861512], [0.27388691754434086, 0.7261130824556594], [0.3606634164091731, 0.6393365835908269], [0.5402542063631275, 0.4597457936368727], [0.63323786425634, 0.36676213574366007], [0.505074215569437, 0.494925784430563], [0.6166607722022811, 0.3833392277977189], [0.41739825698722455, 0.5826017430127752], [0.28282196386673575, 0.7171780361332643], [0.520401774199746, 0.4795982258002541], [0.4525448609668847, 0.5474551390331155], [0.7048925660907163, 0.2951074339092836], [0.6013236263287697, 0.3986763736712304], [0.4398708961354734, 0.5601291038645266], [0.4718026576404362, 0.5281973423595638], [0.6081081945517667, 0.3918918054482334], [0.4711674859847127, 0.5288325140152873], [0.5119998674231108, 0.48800013257688923], [0.45307947806573584, 0.5469205219342641], [0.49082833035033074, 0.5091716696496694], [0.4322712850765468, 0.5677287149234533], [0.7189903887469361, 0.28100961125306373], [0.530019776623707, 0.4699802233762929], [0.45050544271892606, 0.549494557281074], [0.6458894397886384, 0.3541105602113614], [0.5174889620490559, 0.4825110379509442], [0.6454371353543361, 0.3545628646456638], [0.3813334587233142, 0.6186665412766857], [0.3056086507414046, 0.6943913492585956], [0.5490342305502487, 0.45096576944975114], [0.4426230701113337, 0.5573769298886663], [0.5631256946631211, 0.4368743053368788], [0.5674393334777822, 0.4325606665222179], [0.29750106679628524, 0.7024989332037147], [0.7094970475636343, 0.2905029524363653], [0.6617289014386636, 0.33827109856133636], [0.5077698369624289, 0.49223016303757094], [0.6194107709984114, 0.3805892290015886], [0.4600052915910618, 0.5399947084089382], [0.5313748935084774, 0.46862510649152256], [0.5184208872387287, 0.4815791127612713], [0.342290249472364, 0.6577097505276361], [0.44129359067306095, 0.5587064093269392], [0.5536827605312862, 0.4463172394687137], [0.6933510947790266, 0.3066489052209737], [0.48565380103707423, 0.5143461989629257], [0.48034836366737843, 0.5196516363326216], [0.7282623080063639, 0.27173769199363595], [0.5178680204000261, 0.4821319795999739], [0.35263043203183947, 0.6473695679681606], [0.5109911549402736, 0.4890088450597264], [0.4922613377642828, 0.5077386622357173], [0.44746343797175026, 0.5525365620282496], [0.514257790297311, 0.485742209702689], [0.6276129535811918, 0.37238704641880815], [0.44591137654317264, 0.5540886234568273], [0.6374279862361257, 0.3625720137638742], [0.7456119920023909, 0.254388007997609]]},