{"test": {"ids": ["417", "56", "566", "169", "80", "247", "104", "7", "33", "72", "698", "618", "157", "61", "627", "19", "422", "81", "14", "235", "492", "113", "344", "649", "50", "46", "406", "244", "40", "255", "697", "85", "67", "430", "668", "480", "311", "509", "207", "515", "84", "590", "442", "338", "385", "308", "614", "290", "564", "512", "76", "319", "561", "149", "281", "286", "134", "553", "181", "460", "432", "578", "120", "640", "409", "172", "380", "17", "291", "386", "558", "105", "402", "680", "159", "431", "188", "174", "427", "358", "498", "411", "366", "91", "415", "464", "488", "160", "221", "606", "293", "579", "457", "18", "233", "298", "429", "425", "167", "568", "324", "390", "504", "547", "334", "535", "209", "262", "644", "320", "585", "267", "349", "559", "240", "629", "248", "165", "399", "217", "280", "74", "317", "15", "256", "196", "608", "375", "662", "692", "252", "98", "388", "571", "253", "323", "223", "168", "555", "163", "210", "325", "637"], "labels": [0, 1, 1, 0, 1, 0, 0, 0, 1, 1, 0, 0, 0, 1, 1, 1, 0, 0, 0, 1, 1, 1, 0, 0, 1, 1, 0, 1, 1, 0, 0, 0, 1, 0, 0, 1, 1, 1, 1, 0, 0, 1, 0, 0, 0, 1, 0, 1, 1, 1, 1, 1, 1, 0, 1, 1, 0, 0, 1, 1, 0, 1, 1, 0, 0, 0, 1, 0, 1, 0, 1, 0, 0, 0, 0, 0, 1, 1, 0, 0, 1, 0, 0, 0, 0, 1, 0, 0, 1, 0, 1, 1, 1, 1, 1, 1, 0, 0, 0, 1, 0, 0, 1, 0, 0, 0, 1, 0, 0, 1, 1, 1, 0, 1, 1, 1, 0, 0, 0, 1, 1, 1, 1, 0, 0, 1, 0, 0, 0, 0, 1, 0, 0, 1, 1, 1, 1, 0, 1, 0, 1, 0, 0], "predicted_labels": [1, 1, 1, 0, 0, 0, 1, 0, 0, 0, 0, 1, 1, 1, 0, 1, 0, 0, 0, 1, 0, 1, 0, 1, 1, 0, 0, 1, 0, 1, 1, 0, 1, 1, 0, 1, 1, 1, 0, 1, 1, 1, 0, 0, 0, 1, 1, 0, 1, 1, 1, 1, 0, 0, 1, 1, 0, 0, 1, 0, 1, 1, 0, 1, 1, 0, 0, 1, 1, 0, 1, 0, 0, 0, 0, 0, 1, 1, 0, 0, 1, 0, 0, 0, 1, 1, 0, 0, 0, 1, 0, 1, 1, 1, 0, 0, 0, 0, 0, 1, 0, 0, 1, 1, 0, 0, 1, 0, 0, 1, 0, 0, 1, 1, 1, 0, 0, 0, 0, 1, 0, 0, 1, 1, 1, 1, 1, 0, 1, 0, 0, 0, 1, 1, 1, 1, 0, 0, 0, 0, 1, 0, 0], "confidence_scores": [[0.3870993542053789, 0.612900645794621], [0.4841023675370301, 0.5158976324629699], [0.4543207796359946, 0.5456792203640055], [0.707083895495787, 0.29291610450421307], [0.616245478343948, 0.3837545216560519], [0.6411524536528028, 0.35884754634719684], [0.4275044774152952, 0.572495522584705], [0.5654217332060998, 0.43457826679390016], [0.5684059888070767, 0.4315940111929234], [0.5697865235396371, 0.4302134764603627], [0.5511714941749157, 0.44882850582508416], [0.4015378073981805, 0.5984621926018197], [0.45118618928633397, 0.548813810713666], [0.3881093986978884, 0.6118906013021115], [0.5106825881246404, 0.48931741187535954], [0.4667797729556335, 0.5332202270443664], [0.5549592079505022, 0.44504079204949776], [0.5976146567669695, 0.4023853432330305], [0.6419764496534605, 0.35802355034653965], [0.3465242758517778, 0.653475724148222], [0.5350681756557938, 0.46493182434420627], [0.4278888511665388, 0.572111148833461], [0.5317700097302043, 0.4682299902697956], [0.4325042637424308, 0.5674957362575692], [0.4854779840817603, 0.5145220159182397], [0.5853944164243166, 0.41460558357568367], [0.5068822674387787, 0.4931177325612213], [0.37628131737032094, 0.6237186826296791], [0.5486975111161789, 0.4513024888838211], [0.41598300486184814, 0.5840169951381519], [0.4968024307519686, 0.5031975692480315], [0.5430452724596478, 0.45695472754035193], [0.46118453934896236, 0.5388154606510376], [0.41212829313451116, 0.587871706865489], [0.6229212167018876, 0.3770787832981123], [0.4994496487705652, 0.5005503512294348], [0.4808227090534211, 0.5191772909465789], [0.44591593300192783, 0.5540840669980722], [0.5475908877522866, 0.45240911224771346], [0.4922214585698869, 0.5077785414301131], [0.4737163216222089, 0.5262836783777911], [0.4923804108367764, 0.5076195891632236], [0.5898288391210236, 0.4101711608789764], [0.6572990366954563, 0.3427009633045434], [0.5264567020018515, 0.4735432979981485], [0.46416821347889864, 0.5358317865211013], [0.39761625145083784, 0.6023837485491621], [0.5650922890607497, 0.4349077109392502], [0.40149739086672936, 0.5985026091332705], [0.46766307925322453, 0.5323369207467755], [0.4367680234616877, 0.5632319765383123], [0.35113709697320306, 0.6488629030267967], [0.5227191254317227, 0.4772808745682772], [0.5777685772482899, 0.42223142275171005], [0.4658027335685693, 0.5341972664314308], [0.49922325084674, 0.50077674915326], [0.7093428895051492, 0.29065711049485077], [0.523549683159046, 0.476450316840954], [0.4215837911377666, 0.5784162088622334], [0.5124858238258763, 0.48751417617412357], [0.4828953882022749, 0.517104611797725], [0.32418756792242964, 0.6758124320775702], [0.5993018530686625, 0.40069814693133743], [0.40623820608013617, 0.593761793919864], [0.46244888463798184, 0.537551115362018], [0.5002689951634504, 0.4997310048365496], [0.6117192439255333, 0.3882807560744665], [0.44067314261925766, 0.5593268573807423], [0.40135279677697155, 0.5986472032230284], [0.527019643052927, 0.47298035694707297], [0.4321353033870554, 0.5678646966129448], [0.6040840193238896, 0.39591598067611034], [0.5804739871804355, 0.4195260128195643], [0.5625086695913327, 0.4374913304086672], [0.6613772915598848, 0.3386227084401149], [0.5346187191124625, 0.4653812808875375], [0.45821513404529135, 0.5417848659547085], [0.4348358107893398, 0.5651641892106601], [0.5567031901815843, 0.4432968098184158], [0.6680522454612351, 0.3319477545387649], [0.3690917665540664, 0.6309082334459337], [0.5875667910419091, 0.412433208958091], [0.5922611429403982, 0.40773885705960183], [0.5045094351658715, 0.49549056483412834], [0.47561269530228883, 0.5243873046977112], [0.36603535056806025, 0.6339646494319396], [0.5434257937339302, 0.4565742062660699], [0.6686354650867178, 0.331364534913282], [0.529602739435874, 0.47039726056412606], [0.49789867262595827, 0.5021013273740416], [0.5318403613632441, 0.4681596386367559], [0.46908041054468247, 0.5309195894553177], [0.48683430161829216, 0.5131656983817077], [0.46752937064464967, 0.5324706293553504], [0.5234326362186674, 0.4765673637813325], [0.5308478800804333, 0.4691521199195667], [0.5579524261456544, 0.44204757385434545], [0.5101431696005637, 0.4898568303994362], [0.6628508848320935, 0.3371491151679067], [0.3605704357910641, 0.6394295642089358], [0.5662944673255397, 0.4337055326744603], [0.5503477792911035, 0.44965222070889643], [0.4458274902106893, 0.5541725097893109], [0.4151014539759324, 0.5848985460240678], [0.7375983797074932, 0.2624016202925069], [0.5557149759084229, 0.444285024091577], [0.4976678608160374, 0.5023321391839626], [0.5802023694087984, 0.4197976305912015], [0.5889441984829713, 0.4110558015170286], [0.4421703680131938, 0.5578296319868062], [0.5240809536867328, 0.4759190463132672], [0.5130317301028341, 0.4869682698971659], [0.4865758823517906, 0.5134241176482094], [0.316445989087134, 0.683554010912866], [0.3953017143884271, 0.604698285611573], [0.6397583789949982, 0.3602416210050017], [0.6174123471545534, 0.38258765284544666], [0.7488628362917001, 0.25113716370829975], [0.5085561400011754, 0.49144385999882445], [0.38300001857896504, 0.6169999814210351], [0.5252180218059541, 0.47478197819404594], [0.6043464480042953, 0.3956535519957049], [0.45658512550438507, 0.5434148744956151], [0.4431096249437203, 0.5568903750562798], [0.4992516771183438, 0.5007483228816563], [0.46780581301964114, 0.5321941869803589], [0.45360858136885773, 0.5463914186311423], [0.613309234629376, 0.38669076537062397], [0.44292366857765275, 0.5570763314223474], [0.5335429606260641, 0.46645703937393607], [0.5443717445975775, 0.4556282554024225], [0.6885213165843012, 0.31147868341569895], [0.4446676082427614, 0.5553323917572385], [0.4679187554862144, 0.5320812445137855], [0.47109195209140026, 0.5289080479085997], [0.393406032142983, 0.6065939678570169], [0.5776619322962673, 0.4223380677037327], [0.5776812379072804, 0.4223187620927197], [0.5342336265696723, 0.46576637343032756], [0.7116650985737243, 0.2883349014262759], [0.450383118346876, 0.5496168816531241], [0.5354206248606053, 0.4645793751393947], [0.7248508860904285, 0.27514911390957164]]},