{"test": {"ids": ["426", "256", "488", "228", "66", "180", "585", "179", "574", "306", "610", "458", "649", "593", "234", "163", "556", "636", "659", "138", "467", "637", "119", "561", "708", "89", "127", "34", "506", "550", "537", "184", "233", "304", "327", "371", "342", "391", "359", "527", "100", "481", "670", "216", "236", "175", "177", "685", "9", "552", "638", "646", "398", "569", "220", "330", "669", "625", "82", "118", "152", "322", "656", "634", "124", "687", "199", "491", "493", "265", "640", "414", "226", "153", "329", "75", "60", "502", "272", "517", "136", "200", "436", "318", "703", "166", "544", "382", "186", "690", "313", "643", "50", "648", "295", "500", "336", "399", "252", "443", "242", "41", "466", "17", "145", "546", "14", "661", "307", "270", "594", "288"], "labels": [1, 0, 0, 0, 0, 0, 0, 0, 0, 0, 0, 0, 1, 0, 0, 1, 0, 0, 1, 1, 0, 1, 1, 0, 1, 1, 1, 0, 0, 0, 0, 0, 0, 0, 1, 1, 1, 1, 1, 0, 1, 0, 1, 0, 0, 0, 0, 0, 1, 0, 1, 1, 1, 0, 0, 1, 1, 1, 1, 1, 1, 0, 1, 0, 1, 0, 0, 0, 1, 0, 1, 1, 0, 1, 1, 0, 0, 0, 0, 1, 1, 0, 1, 0, 1, 1, 0, 1, 0, 1, 0, 1, 0, 1, 0, 0, 1, 1, 1, 1, 0, 0, 0, 1, 1, 0, 1, 1, 0, 0, 0, 0], "predicted_labels": [0, 0, 0, 0, 1, 0, 0, 0, 0, 0, 0, 1, 0, 1, 0, 1, 0, 1, 1, 1, 0, 0, 1, 0, 0, 1, 0, 1, 0, 0, 0, 0, 0, 0, 0, 1, 1, 0, 1, 0, 0, 0, 0, 0, 0, 0, 1, 0, 0, 0, 0, 1, 0, 1, 0, 1, 0, 0, 0, 1, 1, 1, 0, 0, 1, 0, 0, 1, 1, 1, 0, 1, 0, 0, 1, 0, 0, 1, 0, 1, 1, 0, 1, 0, 0, 1, 1, 0, 0, 0, 0, 0, 1, 0, 0, 1, 1, 1, 1, 0, 0, 1, 0, 0, 1, 1, 1, 1, 0, 0, 0, 0], "confidence_scores": [[0.5417877782004716, 0.4582122217995282], [0.5113076628308052, 0.4886923371691948], [0.6487404110394819, 0.35125958896051784], [0.7765465751654602, 0.2234534248345395], [0.4882033058960302, 0.5117966941039698], [0.6893313917111441, 0.3106686082888561], [0.7267026814688585, 0.27329731853114214], [0.623002640496758, 0.3769973595032418], [0.5845562096073861, 0.41544379039261387], [0.502812573829679, 0.49718742617032097], [0.6488506737815569, 0.35114932621844386], [0.46747475979472863, 0.5325252402052714], [0.5498691399450226, 0.4501308600549777], [0.4978482493140383, 0.5021517506859616], [0.6279141346235462, 0.3720858653764538], [0.3299138535183426, 0.6700861464816574], [0.7333241699448362, 0.26667583005516454], [0.3857324424214752, 0.614267557578525], [0.41322351919322514, 0.5867764808067752], [0.3344956835648012, 0.6655043164351993], [0.5063578909343149, 0.49364210906568506], [0.6419997038908806, 0.3580002961091195], [0.3752516254385449, 0.6247483745614553], [0.7556880089409502, 0.24431199105905002], [0.6178303218279304, 0.38216967817206965], [0.34215875664583084, 0.6578412433541696], [0.5299288182577656, 0.47007118174223456], [0.40890681837381593, 0.5910931816261837], [0.5764580072634724, 0.42354199273652765], [0.7497217591776418, 0.2502782408223587], [0.6424838211444558, 0.3575161788555444], [0.7402702992972774, 0.25972970070272317], [0.7901447095246329, 0.2098552904753673], [0.6998095767149951, 0.3001904232850052], [0.656516497432164, 0.34348350256783683], [0.34469209390147293, 0.6553079060985271], [0.33616062176122674, 0.6638393782387724], [0.529025125654073, 0.47097487434592716], [0.22734435740558046, 0.7726556425944197], [0.5006020538714814, 0.4993979461285186], [0.6048373407552201, 0.39516265924478006], [0.5573752149810972, 0.4426247850189025], [0.6876885080005524, 0.312311491999448], [0.6942692763376975, 0.30573072366230275], [0.7418804594184628, 0.2581195405815377], [0.7241406501994738, 0.2758593498005264], [0.4070983372893592, 0.5929016627106412], [0.5877215301640226, 0.4122784698359775], [0.5691845287237701, 0.43081547127622977], [0.7060532823271216, 0.2939467176728785], [0.5955050038884405, 0.4044949961115593], [0.4626229571953102, 0.5373770428046896], [0.6043105595385007, 0.395689440461499], [0.4936327577187176, 0.5063672422812824], [0.6770354566572068, 0.3229645433427945], [0.439771879622499, 0.560228120377501], [0.5846342458195397, 0.4153657541804601], [0.6971340933434286, 0.3028659066565717], [0.5748721776275656, 0.42512782237243474], [0.49977227532815766, 0.5002277246718422], [0.30673145816172137, 0.6932685418382789], [0.4832894136479275, 0.5167105863520725], [0.5388734893504712, 0.4611265106495286], [0.5925522212796634, 0.4074477787203364], [0.4829106641638375, 0.5170893358361625], [0.6629551385662845, 0.33704486143371565], [0.5298276161265635, 0.4701723838734365], [0.2955059863425189, 0.7044940136574813], [0.3339570129870131, 0.6660429870129876], [0.49689226125394903, 0.5031077387460512], [0.5027231691402279, 0.49727683085977226], [0.4859270266770267, 0.5140729733229733], [0.5717019932965586, 0.4282980067034414], [0.5213869870254784, 0.47861301297452163], [0.3852325010469092, 0.6147674989530907], [0.5087061271230775, 0.4912938728769225], [0.5861796756534368, 0.4138203243465629], [0.49564459092736185, 0.5043554090726382], [0.6477849033319618, 0.35221509666803785], [0.370377784713604, 0.6296222152863957], [0.38500460610230786, 0.6149953938976925], [0.7748597009258477, 0.2251402990741531], [0.4702988362686505, 0.5297011637313498], [0.6224918814845287, 0.3775081185154716], [0.5041821537939185, 0.4958178462060815], [0.35386485641809134, 0.6461351435819089], [0.47322037700861247, 0.5267796229913875], [0.7070265410515414, 0.29297345894845905], [0.7909530634741937, 0.2090469365258067], [0.6060532876165231, 0.3939467123834771], [0.5423568625818624, 0.4576431374181377], [0.6397942449815981, 0.360205755018402], [0.36667108238042634, 0.633328917619574], [0.5084411040971414, 0.4915588959028586], [0.6887078565225625, 0.3112921434774376], [0.48787569832128663, 0.5121243016787135], [0.3668236789351043, 0.6331763210648951], [0.4566011362447895, 0.5433988637552104], [0.48082696214747295, 0.5191730378525269], [0.5635853923853922, 0.4364146076146076], [0.7556193180533591, 0.24438068194664114], [0.3860468254432933, 0.6139531745567072], [0.6247879762824036, 0.3752120237175965], [0.5113443610511723, 0.48865563894882774], [0.44701588099264555, 0.5529841190073543], [0.410615259428108, 0.5893847405718926], [0.44050701070604964, 0.5594929892939503], [0.43965738825158324, 0.5603426117484166], [0.6535116149531013, 0.3464883850468989], [0.7211973561297098, 0.2788026438702911], [0.6201922653004707, 0.37980773469952983], [0.7047541833983015, 0.29524581660169896]]}, "rewritten": {"ids": ["9", "14", "17", "34", "41", "50", "60", "66", "75", "82", "89", "100", "118", "119", "124", "127", "136", "138", "145", "152", "153", "163", "166", "175", "177", "179", "180", "184", "186", "199", "200", "216", "220", "226", "228", "233", "234", "236", "242", "252", "256", "265", "270", "272", "288", "295", "304", "306", "307", "313", "318", "322", "327", "329", "330", "336", "342", "359", "371", "382", "391", "398", "399", "414", "426", "436", "443", "458", "466", "467", "481", "488", "491", "493", "500", "502", "506", "517", "527", "537", "544", "546", "550", "552", "556", "561", "569", "574", "585", "593", "594", "610", "625", "634", "636", "637", "638", "640", "643", "646", "648", "649", "656", "659", "661", "669", "670", "685", "687", "690", "703", "708"], "labels": [1, 1, 1, 0, 0, 0, 0, 0, 0, 1, 1, 1, 1, 1, 1, 1, 1, 1, 1, 1, 1, 1, 1, 0, 0, 0, 0, 0, 0, 0, 0, 0, 0, 0, 0, 0, 0, 0, 0, 1, 0, 0, 0, 0, 0, 0, 0, 0, 0, 0, 0, 0, 1, 1, 1, 1, 1, 1, 1, 1, 1, 1, 1, 1, 1, 1, 1, 0, 0, 0, 0, 0, 0, 1, 0, 0, 0, 1, 0, 0, 0, 0, 0, 0, 0, 0, 0, 0, 0, 0, 0, 0, 1, 0, 0, 1, 1, 1, 1, 1, 1, 1, 1, 1, 1, 1, 1, 0, 0, 1, 1, 1], "predicted_labels": [1, 1, 0, 1, 1, 1, 1, 1, 1, 0, 1, 0, 0, 1, 0, 1, 1, 1, 1, 1, 0, 1, 1, 0, 0, 0, 0, 0, 0, 0, 0, 0, 0, 0, 0, 0, 0, 0, 0, 1, 0, 1, 0, 0, 0, 0, 0, 0, 0, 0, 0, 0, 0, 0, 1, 1, 1, 1, 1, 0, 1, 0, 1, 1, 0, 0, 1, 1, 1, 1, 0, 0, 1, 1, 0, 1, 0, 1, 1, 0, 0, 0, 0, 0, 0, 0, 0, 0, 0, 1, 1, 0, 0, 0, 1, 0, 0, 0, 0, 0, 0, 0, 0, 1, 0, 0, 0, 0, 0, 0, 0, 0],