{"test": {"ids": ["87", "572", "652", "348", "419", "638", "436", "597", "277", "569", "53", "695", "649", "473", "509", "296", "530", "417", "126", "375", "280", "407", "223", "556", "418", "563", "544", "179", "273", "333", "451", "78", "644", "697", "702", "97", "558", "62", "275", "552", "188", "261", "254", "211", "238", "679", "170", "660", "632", "672", "45", "304", "281", "585", "565", "494", "134", "231", "435", "543", "119", "594", "514", "199", "293", "674", "10", "294", "116", "424", "361", "40", "295", "182", "557", "539", "317", "215", "297", "24", "171", "185", "107", "197", "689", "218", "271", "65", "639", "326", "110", "665", "176", "30", "456", "460", "342", "583", "661", "642", "83", "353", "606", "676", "549", "669", "147", "198", "86", "596", "34", "349", "227", "331", "194", "387", "624", "133", "653", "371", "308", "337", "397", "162", "610", "439", "364", "23", "195", "153", "330", "95", "340", "338", "228", "617", "675", "426", "441", "258", "710", "472", "562"], "labels": [0, 0, 1, 1, 1, 1, 1, 0, 0, 0, 0, 1, 1, 0, 0, 0, 0, 1, 1, 1, 0, 1, 0, 0, 1, 0, 0, 0, 0, 1, 0, 0, 1, 1, 1, 1, 0, 0, 0, 0, 0, 0, 1, 0, 0, 1, 1, 1, 0, 1, 0, 0, 0, 0, 0, 1, 1, 0, 1, 1, 1, 0, 1, 0, 0, 1, 1, 0, 1, 1, 1, 1, 0, 0, 0, 0, 0, 0, 0, 0, 1, 0, 1, 0, 1, 0, 0, 0, 1, 1, 1, 1, 0, 0, 0, 0, 1, 0, 1, 1, 1, 1, 0, 1, 0, 1, 1, 0, 0, 0, 0, 1, 0, 1, 0, 1, 1, 1, 1, 1, 0, 1, 1, 1, 0, 1, 1, 0, 0, 1, 1, 1, 1, 1, 0, 0, 1, 1, 1, 0, 1, 0, 0], "predicted_labels": [1, 0, 1, 1, 0, 1, 1, 0, 1, 0, 0, 1, 1, 1, 0, 0, 1, 0, 1, 1, 0, 1, 0, 0, 1, 0, 0, 0, 0, 1, 0, 0, 1, 1, 1, 1, 0, 0, 0, 0, 0, 1, 1, 0, 0, 1, 1, 1, 0, 0, 1, 0, 0, 0, 0, 1, 1, 0, 1, 0, 1, 0, 0, 0, 0, 1, 1, 0, 0, 0, 0, 1, 0, 0, 0, 0, 1, 0, 0, 1, 1, 1, 0, 0, 1, 1, 0, 0, 1, 1, 1, 1, 0, 0, 1, 0, 0, 0, 1, 1, 1, 1, 0, 1, 0, 1, 1, 1, 1, 0, 0, 0, 0, 1, 0, 1, 0, 1, 1, 0, 0, 1, 1, 1, 0, 1, 1, 0, 0, 1, 1, 1, 1, 1, 0, 0, 1, 0, 1, 1, 1, 0, 0], "confidence_scores": [[0.43616971843902375, 0.5638302815609763], [0.9993765536345445, 0.0006234463654555357], [0.011067689882685472, 0.9889323101173145], [0.25890069045984665, 0.7410993095401534], [0.8730086898365212, 0.1269913101634787], [0.35601667004079207, 0.6439833299592079], [0.0003201851211265261, 0.9996798148788735], [0.963869291624076, 0.036130708375924046], [0.35715431313711143, 0.6428456868628886], [0.986691512978522, 0.013308487021477994], [0.998482819456044, 0.0015171805439560464], [0.2075933626116988, 0.7924066373883012], [0.398337491526885, 0.601662508473115], [0.005131483741024123, 0.9948685162589759], [0.9978449030166192, 0.002155096983380753], [0.9999156639446617, 8.433605533835849e-05], [0.022384284187502046, 0.977615715812498], [0.8274678176149503, 0.17253218238504978], [0.0006832229381258381, 0.9993167770618742], [0.00543403464759562, 0.9945659653524044], [0.9809280744256824, 0.01907192557431762], [0.00017306232328040405, 0.9998269376767196], [0.9580217019667528, 0.04197829803324717], [0.9954818263085023, 0.004518173691497638], [0.05703104932790659, 0.9429689506720934], [0.9928516496549037, 0.007148350345096285], [0.510314388995485, 0.489685611004515], [0.7375975627080774, 0.2624024372919226], [0.991102017073483, 0.008897982926516999], [0.05719966394212306, 0.9428003360578769], [0.9983133882909869, 0.0016866117090130364], [0.7642669575575972, 0.23573304244240278], [0.009649452632773503, 0.9903505473672265], [0.49796896617928643, 0.5020310338207136], [0.04110608604521615, 0.9588939139547838], [0.16921981193561153, 0.8307801880643885], [0.9898721400158595, 0.010127859984140432], [0.5746629950422462, 0.4253370049577538], [0.5243260641190086, 0.4756739358809913], [0.9973749449724671, 0.0026250550275328257], [0.9926577529483226, 0.007342247051677417], [0.1860407814749896, 0.8139592185250104], [0.21094541439693193, 0.7890545856030681], [0.9958083260000615, 0.004191673999938516], [0.9949162926481573, 0.005083707351842737], [0.0222261889815194, 0.9777738110184806], [0.002083462570769301, 0.9979165374292307], [0.021833302917152686, 0.9781666970828473], [0.8925077792926575, 0.1074922207073426], [0.5672272861137471, 0.4327727138862529], [0.3117286040861611, 0.6882713959138389], [0.9277852452569495, 0.07221475474305046], [0.9947079870703371, 0.005292012929662827], [0.9599382567237387, 0.04006174327626133], [0.9678847448585237, 0.03211525514147632], [0.03233611839973216, 0.9676638816002678], [3.4929016733409313e-06, 0.9999965070983267], [0.9669112095917625, 0.03308879040823752], [0.0032802217200967876, 0.9967197782799032], [0.7931295640522772, 0.2068704359477228], [0.23601772291836487, 0.7639822770816351], [0.9994528533771256, 0.0005471466228743309], [0.9460481314774495, 0.053951868522550496], [0.9997227688178383, 0.0002772311821616757], [0.9980030142664367, 0.001996985733563282], [0.48640804031176976, 0.5135919596882302], [0.0005824059759842459, 0.9994175940240158], [0.9234745260735209, 0.07652547392647914], [0.7385361001828278, 0.2614638998171722], [0.6441287183866279, 0.3558712816133721], [0.544749015984628, 0.45525098401537195], [0.04394825769136168, 0.9560517423086383], [0.9881955853811585, 0.011804414618841566], [0.7753144294576997, 0.22468557054230034], [0.9999712037312956, 2.8796268704483136e-05], [0.993451802759344, 0.006548197240656073], [0.4873390389553416, 0.5126609610446584], [0.9176905926673927, 0.08230940733260732], [0.9981063979645268, 0.0018936020354731534], [0.4097821354328063, 0.5902178645671937], [0.006246351218581192, 0.9937536487814188], [0.14860460753558757, 0.8513953924644124], [0.9942501076897747, 0.005749892310225277], [0.9844222365160414, 0.015577763483958547], [0.011942267036813892, 0.9880577329631861], [0.30385601930836015, 0.6961439806916399], [0.9999626123544231, 3.738764557690826e-05], [0.985759638387371, 0.014240361612629001], [0.053623589021591034, 0.946376410978409], [0.03911138811572501, 0.960888611884275], [0.22219135507408716, 0.7778086449259128], [0.0028981744834987166, 0.9971018255165013], [0.8144860389097104, 0.1855139610902896], [0.9931652529758707, 0.006834747024129295], [0.4969583052611546, 0.5030416947388454], [0.9862773298010393, 0.01372267019896065], [0.891854413622571, 0.10814558637742903], [0.8123980190398713, 0.18760198096012867], [0.18209686884140963, 0.8179031311585904], [0.09012193593325746, 0.9098780640667425], [0.04297831498670068, 0.9570216850132993], [0.007356158364127063, 0.9926438416358729], [0.9725128940560978, 0.027487105943902253], [0.016637523521899178, 0.9833624764781008], [0.9218627634046248, 0.0781372365953752], [0.16084137054170344, 0.8391586294582966], [0.025023147605123253, 0.9749768523948767], [0.020201953965561015, 0.979798046034439], [0.01737747733655204, 0.982622522663448], [0.9986391422678073, 0.001360857732192786], [0.9961120542858356, 0.0038879457141644405], [0.5137017227996272, 0.4862982772003728], [0.7424308225370027, 0.2575691774629973], [0.0007034537263335139, 0.9992965462736665], [0.7341397121957445, 0.2658602878042556], [0.12084349205803002, 0.87915650794197], [0.6567697115904679, 0.34323028840953207], [0.05378082647588378, 0.9462191735241162], [0.00409327016337413, 0.9959067298366259], [0.5013355793457799, 0.4986644206542201], [0.9377442693700286, 0.06225573062997141], [0.025904679648072526, 0.9740953203519275], [0.021512425522027923, 0.9784875744779721], [0.0005190516889473917, 0.9994809483110526], [0.9974508481956477, 0.0025491518043523013], [0.34352176277370594, 0.6564782372262941], [0.031866839829209015, 0.968133160170791], [0.9675941670114404, 0.03240583298855954], [0.9658874104950076, 0.03411258950499237], [0.3970626093138633, 0.6029373906861367], [0.24595267148309086, 0.7540473285169091], [0.029486973693897744, 0.9705130263061023], [0.00012565071551695617, 0.999874349284483], [0.0025360039961074277, 0.9974639960038926], [0.982461789868097, 0.017538210131903074], [0.9969289865840798, 0.00307101341592024], [0.30335942780044445, 0.6966405721995556], [0.9269985845106318, 0.07300141548936825], [0.01647790402978111, 0.9835220959702189], [0.16443918731983465, 0.8355608126801654], [0.4348146616064047,