{"test": {"ids": ["548", "538", "684", "623", "679", "564", "473", "673", "408", "655", "352", "412", "479", "320", "441", "542", "515", "106", "563", "214", "427", "247", "241", "637", "76", "59", "368", "520", "341", "499", "618", "571", "192", "327", "416", "272", "387", "622", "436", "404", "279", "660", "41", "525", "319", "218", "600", "541", "197", "616", "633", "364", "107", "101", "297", "664", "56", "180", "588", "489", "503", "35", "604", "437", "7", "17", "598", "275", "244", "175", "446", "514", "74", "49", "480", "337", "374", "695", "511", "283", "449", "323", "198", "659", "573", "354", "10", "187", "401", "470", "652", "526", "628", "381", "506", "610", "195", "462", "483", "265", "689", "58", "423", "344", "524", "493", "94", "82", "184", "468", "164", "38", "191", "113", "89", "209", "533", "185", "334", "388", "508", "500", "222", "362", "615", "309", "328", "200", "0", "345", "245", "445", "60", "393", "53", "84", "153", "171", "651", "22", "168", "670", "85"], "labels": [0, 1, 0, 1, 0, 0, 0, 0, 1, 0, 1, 1, 0, 0, 1, 1, 0, 1, 0, 0, 1, 1, 0, 0, 1, 1, 1, 1, 1, 0, 0, 0, 0, 1, 1, 0, 1, 1, 1, 1, 0, 0, 0, 1, 0, 0, 0, 1, 0, 0, 0, 1, 1, 0, 0, 0, 0, 0, 0, 0, 0, 0, 0, 1, 0, 1, 0, 0, 0, 0, 0, 0, 1, 0, 0, 1, 1, 1, 0, 0, 0, 0, 0, 0, 0, 1, 0, 0, 1, 0, 0, 1, 1, 1, 0, 0, 0, 0, 0, 0, 1, 0, 1, 1, 1, 1, 0, 1, 0, 0, 1, 0, 0, 1, 0, 0, 1, 0, 1, 1, 0, 0, 0, 1, 0, 0, 1, 0, 1, 1, 0, 0, 1, 1, 0, 1, 1, 1, 0, 0, 1, 0, 1], "predicted_labels": [0, 0, 0, 1, 0, 0, 1, 0, 1, 0, 1, 0, 0, 0, 1, 1, 0, 1, 0, 0, 1, 1, 0, 0, 0, 0, 1, 0, 1, 0, 0, 0, 0, 1, 1, 0, 1, 1, 1, 1, 0, 1, 0, 0, 0, 0, 0, 1, 0, 0, 0, 1, 0, 1, 0, 1, 0, 0, 0, 0, 0, 0, 0, 0, 0, 0, 0, 0, 0, 0, 0, 0, 1, 1, 1, 1, 1, 1, 0, 0, 0, 1, 1, 1, 0, 1, 0, 0, 0, 1, 0, 0, 1, 0, 1, 0, 0, 0, 0, 0, 1, 0, 1, 1, 0, 1, 1, 1, 0, 0, 0, 0, 0, 1, 0, 0, 0, 0, 1, 1, 0, 0, 0, 1, 0, 0, 1, 0, 1, 0, 0, 0, 1, 1, 1, 1, 1, 1, 1, 0, 1, 0, 1], "confidence_scores": [[0.9998106792549485, 0.00018932074505151285], [0.9975560697751156, 0.0024439302248844205], [0.9999961545229367, 3.845477063331278e-06], [0.0015525710313943897, 0.9984474289686056], [0.9463044916609422, 0.05369550833905784], [0.9999948578925338, 5.142107466113544e-06], [0.12187922092742975, 0.8781207790725702], [0.9999982568568893, 1.743143110762594e-06], [3.8004780619216305e-06, 0.9999961995219381], [0.9999998984971117, 1.0150288831227753e-07], [2.681198152387765e-09, 0.9999999973188018], [0.9999659554329151, 3.404456708486e-05], [0.9991436337727696, 0.0008563662272304168], [0.9999993293167808, 6.706832191829395e-07], [0.1045956560037784, 0.8954043439962216], [4.809188324239599e-07, 0.9999995190811676], [0.9981349894164663, 0.0018650105835336913], [0.00012711904608853075, 0.9998728809539115], [0.999999999981492, 1.850798488785197e-11], [0.9999999337939349, 6.620606510028615e-08], [0.0015981663086063191, 0.9984018336913937], [0.008267992103108135, 0.9917320078968919], [0.9999396568942034, 6.034310579664792e-05], [0.9966422112380039, 0.0033577887619961598], [0.9960014641245809, 0.003998535875419118], [0.9996057422237663, 0.00039425777623370824], [0.0007434207058751863, 0.9992565792941248], [0.9848167941363283, 0.01518320586367169], [1.974131746962371e-08, 0.9999999802586825], [0.9863265329310759, 0.013673467068924096], [0.9999999924131276, 7.58687239848167e-09], [0.9999996648842395, 3.3511576042584224e-07], [0.9999961650355171, 3.834964482905583e-06], [0.3439894989279897, 0.6560105010720103], [0.00045605743817778155, 0.9995439425618222], [0.7713321342195744, 0.2286678657804256], [0.050309776079245694, 0.9496902239207543], [1.0447961411585993e-06, 0.9999989552038588], [3.255519219758085e-07, 0.999999674448078], [0.4083400186710767, 0.5916599813289233], [0.999999999630154, 3.6984601021458805e-10], [0.008067226877521372, 0.9919327731224786], [0.9999664049971975, 3.359500280248737e-05], [0.7697741588122907, 0.23022584118770925], [0.9952230532627562, 0.004776946737243814], [0.999949724394518, 5.027560548196789e-05], [0.9997423075695706, 0.0002576924304294317], [0.009393308386982713, 0.9906066916130173], [0.9998668559452719, 0.0001331440547280913], [0.9998916821532932, 0.00010831784670684738], [0.972108813647877, 0.0278911863521229], [0.36766923575475086, 0.6323307642452491], [0.9969473143765218, 0.0030526856234781223], [0.18924236198503785, 0.8107576380149621], [0.9999999999998265, 1.735181901874707e-13], [0.40622931513677263, 0.5937706848632274], [0.9469738466503251, 0.05302615334967482], [0.9997992738908321, 0.00020072610916790914], [0.9999999697779577, 3.022204234341679e-08], [0.905283483106545, 0.09471651689345495], [0.9999275425816946, 7.245741830541338e-05], [0.9999999993993308, 6.006692174253336e-10], [0.7320626536700658, 0.2679373463299342], [0.9999290747740096, 7.09252259903431e-05], [0.9954072458847881, 0.004592754115211914], [0.9999985571150887, 1.442884911341687e-06], [0.999900285066439, 9.97149335610152e-05], [0.9999997717247471, 2.2827525292722737e-07], [0.9999999999998058, 1.9419478562601464e-13], [0.9999999729408593, 2.7059140738610817e-08], [0.9904275361673854, 0.009572463832614597], [0.9787382649375704, 0.021261735062429572], [1.4631331805237124e-05, 0.9999853686681948], [0.020886935718687716, 0.9791130642813123], [0.05773014760783135, 0.9422698523921686], [0.440210527408192, 0.559789472591808], [2.9509930543625273e-07, 0.9999997049006946], [0.002128650573805846, 0.9978713494261942], [0.9976594908638284, 0.0023405091361715343], [0.6690158820951957, 0.33098411790480425], [0.9998767728620345, 0.00012322713796550803], [0.0022615293230151545, 0.9977384706769848], [9.209281809363645e-07, 0.9999990790718191], [0.005952905060529701, 0.9940470949394703], [0.9999578318389885, 4.216816101156858e-05], [0.0003478880869374201, 0.9996521119130626], [0.9978166416597359, 0.0021833583402640737], [0.9999998959844724, 1.0401552761185621e-07], [0.9999993090333468, 6.909666531747732e-07], [0.0006015857781593859, 0.9993984142218406], [0.9982136554148899, 0.0017863445851100139], [0.9972695562105593, 0.0027304437894406283], [0.001570669156044091, 0.9984293308439559], [0.9970835765539766, 0.002916423446023396], [0.06212229052837959, 0.9378777094716204], [0.9999562447302993, 4.375526970066418e-05], [0.995940727769474, 0.004059272230526012], [0.9998568754730751, 0.00014312452692491788], [0.9998101508429689, 0.00018984915703110233], [0.9365447915115126, 0.06345520848848746], [0.0001850608814996102, 0.9998149391185004], [0.9897527735956386, 0.010247226404361367], [0.01218000629882754, 0.9878199937011725], [7.513513221590884e-07, 0.9999992486486778], [0.9971733309649049, 0.002826669035095042], [9.501393859112639e-05, 0.9999049860614089], [0.03222620750555116, 0.9677737924944488], [0.002606130442061594, 0.9973938695579384], [0.9999881031657164, 1.1896834283576293e-05], [0.999999999999884, 1.1606624619560528e-13], [0.7828932974624878, 0.21710670253751213], [0.9984915331678559, 0.0015084668321441255], [0.9979746289245283, 0.002025371075471733], [0.003710899027530523, 0.9962891009724695], [0.9931336142223097, 0.006866385777690321], [0.9997544955245825, 0.00024550447541744425], [0.9914347881550652, 0.008565211844934766], [0.9999998322284275, 1.6777157251414628e-07], [2.0450576787567343e-09, 0.9999999979549423], [0.0016176580230677917, 0.9983823419769322], [0.6298648551376131, 0.3701351448623869], [0.9985850315157352, 0.0014149684842647793], [0.9988169234044826, 0.001183076595517403], [1.8529822121138295e-10, 0.9999999998147018], [0.9999999999989164, 1.0836116346386922e-12], [0.9913158591801229, 0.008684140819877072], [0.06745090750847038, 0.9325490924915296], [0.9999429767586829, 5.702324131712148e-05], [1.85886593062623e-06, 0.9999981411340694], [0.9999853316329139, 1.46683670860931e-05], [0.9999999939956066, 6.004393453762509e-09], [0.9999999849087828, 1.5091217195028548e-08], [0.024698366282127515, 0.9753016337178725], [3.321927323396423e-05, 0.999966780726766], [0.05418183687490341, 0.9458181631250966], [0.012715125639227498, 0.9872848743607725], [0.14664703442384697, 0.853352965576153], 