{"test": {"ids": ["41", "661", "511", "309", "32", "605", "244", "663", "694", "109", "477", "589", "311", "351", "534", "99", "446", "24", "588", "626", "173", "683", "435", "423", "608", "544", "82", "282", "533", "168", "231", "583", "115", "92", "550", "546", "415", "69", "579", "537", "337", "19", "643", "682", "193", "508", "330", "66", "217", "674", "499", "80", "146", "100", "236", "586", "46", "666", "184", "8", "171", "22", "84", "358", "356", "574", "103", "297", "373", "110", "338", "189", "16", "21", "246", "144", "229", "160", "375", "58", "132", "428", "196", "469", "553", "366", "33", "342", "151", "166", "392", "465", "344", "436", "108", "263", "174", "197", "490", "223", "213", "407", "541", "348", "50", "531", "106", "398", "417", "9", "445", "289", "552", "621", "671", "427", "2", "650", "280", "85", "669", "53", "52", "180", "590", "545", "644", "404", "56", "259", "140", "319", "257", "284", "516", "208", "416", "515", "181", "397", "700", "130", "6"], "labels": [1, 1, 0, 0, 0, 0, 0, 1, 1, 1, 0, 0, 0, 0, 1, 1, 0, 0, 0, 1, 1, 1, 1, 1, 0, 1, 1, 0, 1, 1, 0, 0, 1, 1, 1, 1, 1, 0, 0, 1, 0, 0, 1, 1, 0, 0, 0, 0, 0, 1, 0, 0, 1, 1, 0, 0, 1, 1, 0, 1, 1, 0, 0, 0, 0, 0, 1, 0, 0, 1, 0, 0, 0, 0, 0, 1, 0, 1, 0, 1, 1, 1, 0, 0, 1, 0, 0, 0, 1, 1, 1, 0, 0, 1, 1, 0, 0, 0, 0, 0, 0, 1, 1, 0, 1, 1, 1, 1, 1, 1, 0, 0, 1, 1, 1, 1, 0, 1, 0, 0, 1, 1, 1, 0, 0, 1, 1, 1, 1, 0, 1, 0, 0, 0, 1, 0, 1, 0, 0, 1, 1, 1, 1], "predicted_labels": [1, 0, 0, 0, 1, 1, 0, 1, 0, 1, 1, 0, 0, 1, 0, 0, 1, 1, 1, 0, 0, 0, 1, 1, 0, 0, 1, 0, 0, 1, 0, 0, 0, 0, 0, 1, 0, 1, 0, 0, 0, 0, 1, 1, 0, 0, 0, 0, 0, 1, 0, 1, 0, 1, 0, 0, 1, 0, 0, 0, 1, 0, 0, 0, 1, 0, 0, 0, 0, 0, 0, 0, 1, 0, 1, 1, 1, 1, 0, 0, 0, 1, 0, 0, 0, 1, 1, 0, 1, 1, 0, 0, 0, 1, 0, 1, 0, 0, 0, 0, 0, 0, 0, 0, 1, 0, 0, 0, 0, 0, 0, 0, 0, 0, 0, 1, 0, 1, 0, 1, 0, 1, 0, 0, 0, 0, 1, 0, 1, 0, 1, 0, 0, 0, 1, 0, 0, 0, 0, 1, 1, 1, 0], "confidence_scores": [[0.49187764457764466, 0.5081223554223553], [0.5691265290265293, 0.43087347097347084], [0.5792349829908654, 0.4207650170091345], [0.6628889610389609, 0.337111038961039], [0.4898853174603172, 0.5101146825396827], [0.4376848706848708, 0.5623151293151294], [0.6065048340548341, 0.3934951659451659], [0.48119903984903983, 0.5188009601509601], [0.5419826131384953, 0.45801738686150456], [0.46771284271284247, 0.5322871572871574], [0.49841017316017305, 0.501589826839827], [0.5796123765123766, 0.42038762348762326], [0.6101459817959815, 0.38985401820401827], [0.479987395937396, 0.5200126040626041], [0.6329866189366189, 0.36701338106338094], [0.5308815739815741, 0.469118426018426], [0.47327727272727266, 0.5267227272727273], [0.4840222222222223, 0.5159777777777775], [0.453835764235764, 0.546164235764236], [0.5916516372516375, 0.4083483627483626], [0.5765290542790544, 0.4234709457209457], [0.501361038961039, 0.49863896103896105], [0.4978465645465645, 0.5021534354534355], [0.4937991064491062, 0.5062008935508938], [0.5955472138972142, 0.40445278610278595], [0.5228115397674221, 0.4771884602325779], [0.4689866522366523, 0.5310133477633476], [0.6209051337551338, 0.37909486624486605], [0.6528409090909092, 0.34715909090909103], [0.433550072150072, 0.566449927849928], [0.6057290043290045, 0.39427099567099577], [0.5382349927849928, 0.46176500721500735], [0.5993607503607506, 0.40063924963924946], [0.5849821900321902, 0.41501780996780985], [0.6893417027417031, 0.3106582972582973], [0.4998857142857143, 0.5001142857142857], [0.5916836274836275, 0.4083163725163724], [0.43050252525252525, 0.569497474747475], [0.5216942723942724, 0.4783057276057274], [0.6205508658008659, 0.3794491341991343], [0.6230625041625043, 0.3769374958374959], [0.5760539979628212, 0.42394600203717875], [0.43821285936285914, 0.5617871406371409], [0.3467086136086136, 0.6532913863913862], [0.6297093073593074, 0.37029069264069264], [0.6587156870906876, 0.341284312909313], [0.6162410533910535, 0.3837589466089465], [0.5827262792762794, 0.4172737207237207], [0.6603913808413809, 0.3396086191586191], [0.4559725885225886, 0.5440274114774115], [0.6330594516594517, 0.36694054834054846], [0.3815073315573315, 0.6184926684426681], [0.5150088522588522, 0.484991147741148], [0.48109968364968364, 0.5189003163503163], [0.6061749750249752, 0.3938250249750249], [0.5507301087801088, 0.44926989121989125], [0.45430545565545566, 0.5456945443445442], [0.5520868520368524, 0.447913147963148], [0.6507286435786432, 0.34927135642135615], [0.5059050394050394, 0.4940949605949606], [0.4133688533688533, 0.5866311466311465], [0.5555376789876795, 0.44446232101232086], [0.5215269175269174, 0.4784730824730827], [0.5110344155844158, 0.4889655844155842], [0.4446360417360417, 0.5553639582639585], [0.6461060717060718, 0.35389392829392813], [0.6297141358641362, 0.37028586413586423], [0.6585160173160176, 0.3414839826839828], [0.59043961038961, 0.4095603896103896], [0.5857939671439671, 0.4142060328560331], [0.5187620157620157, 0.4812379842379844], [0.5659682206682206, 0.43403177933177944], [0.4800792109850934, 0.5199207890149066], [0.5827996780996783, 0.4172003219003221], [0.4764020202020202, 0.5235979797979797], [0.4886659895659896, 0.5113340104340104], [0.4983390553890554, 0.5016609446109446], [0.42450324675324674, 0.5754967532467535], [0.5293006993006995, 0.47069930069930066], [0.5876452103452106, 0.4123547896547897], [0.5490599844599846, 0.4509400155400155], [0.394435187035187, 0.6055648129648129], [0.5686607059607062, 0.43133929403929394], [0.5157380397380396, 0.4842619602619604], [0.6655552336552338, 0.33444476634476633], [0.4776418192918195, 0.5223581807081805], [0.44696625041625027, 0.5530337495837497], [0.6088798923298919, 0.39112010767010774], [0.36683008658008653, 0.6331699134199136], [0.41593454878454866, 0.584065451215451], [0.5049271062271063, 0.49507289377289376], [0.6223488233988231, 0.3776511766011766], [0.5940439893439893, 0.4059560106560105], [0.4315300865800865, 0.5684699134199137], [0.5588834054834055, 0.44111659451659446], [0.33107871572871567, 0.6689212842712842], [0.5353724331224331, 0.46462756687756684], [0.5859380008880012, 0.4140619991119991], [0.5030632256632256, 0.49693677433677436], [0.6289353979353982, 0.37106460206460207], [0.6088431956931957, 0.39115680430680444], [0.5347251803751802, 0.4652748196248197], [0.6774776640026637, 0.3225223359973359], [0.5672786990786993, 0.43272130092130084], [0.48530182040182024, 0.5146981795981797], [0.6087583916083918, 0.39124160839160854], [0.5634015595515595, 0.4365984404484405], [0.5537997502497505, 0.44620024975024974], [0.5064350538350538, 0.49356494616494617], [0.5785406204906205, 0.4214593795093797], [0.5445224386724385, 0.45547756132756134], [0.6229318625818625, 0.37706813741813733], [0.6431754079254081, 0.3568245920745923], [0.5082174539512776, 0.49178254604872235], [0.563415728715729, 0.4365842712842712], [0.4523464646464647, 0.5476535353535354], [0.592135064935065, 0.4078649350649349], [0.48922356107944337, 0.5107764389205566], [0.5975971417471416, 0.4024028582528583], [0.4082291985791984, 0.5917708014208013], [0.5856996891996892, 0.4143003108003108], [0.49347893217893235, 0.5065210678210676], [0.5205490675990675, 0.4794509324009325], [0.6133939615939616, 0.3866060384060386], [0.5627584693084693, 0.43724153069153077], [0.6023634920634925, 0.39763650793650795], [0.48382891552891566, 0.5161710844710843], [0.5051474747474747, 0.4948525252525255], [0.464996842046842, 0.535003157953158], [0.516123998223998, 0.48387600177600193], [0.4403606060606061, 0.5596393939393939], [0.607296409146409, 0.3927035908535906], [0.5832054501054501, 0.41679454989455], [0.5490879620379622, 0.450912037962038], [0.48791999111999096, 0.5120800088800088], [0.512999567099567, 0.487000432900433], [0.5287034632034632, 0.47129653679653677], [0.5476661394161396, 0.45233386058386066], [0.6368841991341992, 0.363115800865801], [0.442464208014208, 0.557535791985792], [0.4484765512265513, 0.5515234487734488], [0.3759383116883117, 0.6240616883116883], [0.5458911255411254, 0.45410887445887466]]}}