{"test": {"ids": ["99", "384", "672", "378", "102", "394", "59", "525", "337", "546", "112", "625", "642", "598", "531", "27", "608", "232", "79", "439", "359", "515", "9", "75", "331", "574", "46", "653", "133", "529", "320", "475", "18", "601", "176", "413", "616", "329", "590", "456", "312", "647", "171", "121", "140", "538", "304", "528", "488", "41", "478", "484", "387", "168", "550", "433", "10", "319", "262", "553", "340", "705", "408", "554", "407", "243", "370", "259", "144", "428", "689", "194", "239", "0", "215", "191", "542", "241", "427", "284", "446", "252", "266", "273", "685", "658", "492", "503", "311", "410", "71", "405", "288", "126", "669", "98", "587", "638", "691", "471", "557", "401", "193", "421", "634", "281", "120", "163", "280", "555", "694", "39", "380", "526", "697", "277", "588", "142", "316", "480", "45", "207", "465", "138", "260", "328", "157", "466", "431", "151", "165", "285", "707", "666", "236", "656", "563", "248", "463", "571", "648", "50", "373"], "labels": [1, 1, 1, 1, 1, 1, 0, 1, 1, 0, 1, 1, 1, 0, 0, 0, 0, 0, 0, 1, 1, 0, 1, 0, 1, 0, 0, 1, 1, 0, 0, 0, 0, 0, 0, 1, 0, 1, 0, 0, 0, 1, 1, 1, 1, 0, 0, 0, 0, 0, 0, 0, 1, 1, 0, 1, 1, 0, 0, 0, 1, 1, 1, 1, 1, 0, 1, 0, 1, 1, 1, 0, 0, 1, 0, 0, 1, 0, 1, 0, 0, 1, 0, 0, 0, 1, 0, 0, 0, 1, 0, 1, 0, 1, 1, 1, 0, 1, 1, 0, 0, 1, 0, 1, 0, 0, 1, 1, 0, 1, 1, 1, 1, 1, 1, 0, 0, 1, 0, 0, 0, 0, 0, 1, 0, 1, 1, 0, 1, 1, 1, 0, 1, 1, 0, 1, 0, 0, 0, 0, 1, 0, 1], "predicted_labels": [0, 1, 0, 0, 1, 1, 1, 0, 1, 0, 0, 0, 1, 0, 0, 1, 0, 0, 1, 1, 1, 0, 0, 0, 1, 0, 1, 1, 0, 0, 0, 0, 0, 0, 0, 1, 0, 0, 0, 0, 0, 1, 1, 1, 1, 1, 0, 0, 0, 0, 0, 1, 0, 1, 0, 1, 1, 0, 0, 0, 1, 1, 1, 0, 1, 0, 1, 0, 1, 1, 1, 0, 1, 0, 0, 0, 1, 0, 1, 0, 0, 0, 0, 0, 0, 0, 1, 0, 0, 1, 1, 0, 0, 1, 0, 1, 0, 0, 1, 0, 0, 0, 0, 0, 0, 0, 1, 1, 0, 0, 0, 0, 0, 0, 0, 0, 0, 1, 0, 0, 1, 0, 0, 1, 0, 1, 0, 1, 0, 1, 1, 0, 0, 1, 0, 0, 0, 1, 0, 0, 1, 0, 1], "confidence_scores": [[0.5045406926406926, 0.4954593073593073], [0.48534806304806294, 0.5146519369519369], [0.553131096681097, 0.44686890331890317], [0.5145774669774669, 0.4854225330225331], [0.47069521589521585, 0.5293047841047842], [0.45500058275058264, 0.5449994172494176], [0.46369487734487747, 0.5363051226551225], [0.539846287046287, 0.46015371295371305], [0.43239073704073705, 0.5676092629592627], [0.5522588023088024, 0.44774119769119775], [0.6594119491619491, 0.340588050838051], [0.6536202020202021, 0.3463797979797979], [0.39955437340437333, 0.6004456265956267], [0.6152295815295813, 0.38477041847041876], [0.7127975635475633, 0.2872024364524364], [0.46828412143412146, 0.5317158785658784], [0.5609011322011322, 0.43909886779886786], [0.5984943543384722, 0.40150564566152797], [0.45337383727383723, 0.5466261627261632], [0.4952462942286472, 0.5047537057713528], [0.3822546176046174, 0.6177453823953825], [0.5589940836940835, 0.44100591630591635], [0.5918007548007548, 0.40819924519924516], [0.5609580197580198, 0.43904198024198027], [0.3873585137085137, 0.6126414862914865], [0.5838492285492286, 0.41615077145077145], [0.4809069985569987, 0.5190930014430013], [0.40253597513597505, 0.5974640248640248], [0.5933048676813383, 0.40669513231866167], [0.5735291319791319, 0.4264708680208681], [0.6037766233766233, 0.39622337662337664], [0.5807652847152845, 0.41923471528471534], [0.5065041347541347, 0.4934958652458653], [0.5599409312909314, 0.44005906870906886], [0.5244633477633479, 0.47553665223665215], [0.48719290709290697, 0.5128070929070929], [0.5481898490398491, 0.4518101509601509], [0.5008637085137083, 0.4991362914862917], [0.558901948051948, 0.44109805194805174], [0.5467200799200803, 0.4532799200799199], [0.5401672438672439, 0.45983275613275615], [0.48578287823287836, 0.5142171217671216], [0.4048478021978022, 0.5951521978021977], [0.31174610389610397, 0.688253896103896], [0.4130649461649462, 0.5869350538350536], [0.47517321012321023, 0.5248267898767895], [0.6304558441558444, 0.3695441558441559], [0.5441176046176047, 0.4558823953823953], [0.5672646964146966, 0.43273530358530354], [0.5757547730047732, 0.42424522699522693], [0.5138126706626707, 0.4861873293373293], [0.49136828726828724, 0.5086317127317127], [0.5558597347097346, 0.4441402652902653], [0.44232871017871, 0.5576712898212899], [0.7115156621156621, 0.28848433788433775], [0.3790128554452083, 0.6209871445547916], [0.39162988677988686, 0.6083701132201131], [0.6375530525030525, 0.36244694749694745], [0.5204220945720944, 0.47957790542790557], [0.6105273448773451, 0.38947265512265516], [0.4302158397158395, 0.5697841602841606], [0.4562558608058606, 0.5437441391941392], [0.45337328227328233, 0.5466267177267177], [0.574130774780775, 0.4258692252192253], [0.4924338217338218, 0.5075661782661782], [0.534600072150072, 0.46539992784992784], [0.43770072150072126, 0.5622992784992786], [0.5116299034299036, 0.48837009657009645], [0.4498719114219113, 0.5501280885780886], [0.47821036186036187, 0.5217896381396382], [0.37055567210567214, 0.6294443278943278], [0.5886920967920972, 0.4113079032079031], [0.48806897546897515, 0.5119310245310247], [0.5230595238095238, 0.4769404761904762], [0.6870443001443006, 0.3129556998557], [0.7012694083694087, 0.2987305916305916], [0.4330656565656567, 0.5669343434343432], [0.5288630591630591, 0.471136940836941], [0.423036924186924, 0.5769630758130764], [0.5979329337329338, 0.4020670662670661], [0.5219305749805749, 0.47806942501942495], [0.5100266233766234, 0.4899733766233767], [0.640659435009435, 0.3593405649905651], [0.5170896103896105, 0.4829103896103894], [0.5073712065712067, 0.49262879342879323], [0.6219802475302473, 0.37801975246975233], [0.4469083694083694, 0.5530916305916304], [0.515958363858364, 0.4840416361416361], [0.6083598845598845, 0.3916401154401156], [0.49270169830169835, 0.5072983016983016], [0.4236617807029574, 0.5763382192970428], [0.5544991064491064, 0.4455008935508936], [0.5019323232323235, 0.49806767676767644], [0.2533112554112555, 0.7466887445887447], [0.5189997877939055, 0.4810002122060946], [0.44042984792984785, 0.559570152070152], [0.645459546009546, 0.3545404539904541], [0.5935412309912308, 0.406458769008769], [0.41156793565911187, 0.5884320643408879], [0.7050321733821733, 0.29496782661782667], [0.6829853202353209, 0.31701467976467984], [0.525308103008103, 0.474691896991897], [0.6950468420468421, 0.304953157953158], [0.5458987936899703, 0.45410120631003015], [0.5953160395160397, 0.40468396048396066], [0.6909489288489289, 0.3090510711510712], [0.4466718253968252, 0.5533281746031747], [0.3621711732711734, 0.6378288267288267], [0.588057215007215, 0.4119427849927849], [0.6751144244644246, 0.32488557553557557], [0.5099388722388722, 0.49006112776112776], [0.5967819735819738, 0.4032180264180264], [0.5288031746031746, 0.47119682539682545], [0.5986550560550561, 0.40134494394494374], [0.5126682539682539, 0.48733174603174606], [0.5087317238317239, 0.4912682761682761], [0.5879347763347764, 0.4120652236652236], [0.34146485736485727, 0.6585351426351426], [0.6405045177045178, 0.3594954822954822], [0.5770903263403263, 0.4229096736596735], [0.448778305028305, 0.551221694971695], [0.6488683538683537, 0.35113164613164616], [0.6595747141747142, 0.340425285825286], [0.44157868797868804, 0.5584213120213117], [0.5273991341991343, 0.4726008658008657], [0.4248882617382618, 0.5751117382617382], [0.5040867909867909, 0.4959132090132091], [0.45970434565434554, 0.5402956543456545], [0.5525217560217559, 0.44747824397824404], [0.4228885725385725, 0.5771114274614276], [0.3126259018759019, 0.6873740981240982], [0.6582978798978801, 0.3417021201021201], [0.5244821067821064, 0.4755178932178935], [0.4968985902985902, 0.5031014097014098], [0.5878728715728717, 0.41212712842712834], [0.5601051337551336, 0.43989486624486646], [0.6201628985050038, 0.37983710149499617], [0.44118046398046423, 0.5588195360195357], [0.5902845487845487, 0.40971545121545133], [0.6141416527916529, 0.3858583472083473], [0.4434338383838386, 0.5565661616161615], [0.5849839826839827, 0.4150160173160174], [0.4441769841269842, 0.5558230158730159]]}}