{"test": {"ids": ["249", "226", "112", "351", "156", "668", "525", "432", "216", "333", "511", "233", "306", "254", "590", "422", "53", "359", "488", "162", "110", "512", "368", "332", "97", "287", "614", "708", "26", "257", "211", "128", "140", "605", "360", "144", "448", "369", "191", "207", "200", "401", "272", "507", "119", "458", "451", "655", "667", "416", "274", "350", "394", "411", "693", "387", "70", "647", "533", "393", "0", "633", "453", "4", "618", "566", "419", "50", "328", "6", "147", "480", "219", "643", "638", "285", "630", "441", "186", "378", "654", "264", "413", "180", "349", "320", "403", "689", "646", "240", "377", "323", "149", "174", "120", "294", "158", "352", "681", "541", "652", "492", "680", "582", "637", "515", "188", "326", "283", "311", "241", "307", "440", "231", "641", "474", "8", "616", "44", "661", "212", "353", "508", "523", "497", "472", "435", "573", "165", "197", "409", "124", "334", "586", "284", "81", "706", "584", "256", "625", "77"], "labels": [1, 0, 1, 1, 1, 0, 1, 1, 0, 1, 0, 0, 0, 1, 0, 1, 0, 1, 0, 1, 1, 0, 1, 1, 0, 0, 0, 1, 0, 1, 0, 1, 1, 0, 1, 1, 0, 1, 0, 0, 0, 1, 0, 0, 1, 0, 0, 0, 0, 1, 0, 1, 1, 1, 1, 1, 1, 0, 1, 1, 1, 0, 0, 0, 0, 0, 1, 0, 1, 0, 1, 0, 0, 0, 0, 0, 1, 1, 0, 1, 0, 0, 1, 0, 1, 0, 1, 1, 0, 0, 1, 0, 1, 0, 1, 0, 1, 1, 0, 1, 0, 0, 0, 0, 0, 0, 0, 1, 0, 0, 0, 0, 1, 0, 0, 0, 0, 0, 0, 0, 0, 1, 0, 1, 0, 0, 1, 0, 1, 0, 1, 1, 1, 0, 0, 1, 1, 0, 1, 1, 1], "predicted_labels": [1, 0, 0, 1, 0, 1, 0, 0, 0, 1, 0, 0, 0, 0, 0, 0, 0, 1, 0, 0, 0, 0, 0, 0, 0, 0, 0, 0, 0, 0, 0, 0, 0, 0, 0, 0, 0, 0, 0, 0, 0, 0, 0, 0, 0, 0, 0, 0, 0, 0, 0, 1, 1, 0, 1, 0, 1, 0, 0, 0, 0, 0, 0, 0, 0, 0, 0, 0, 0, 0, 0, 0, 0, 0, 0, 0, 0, 0, 0, 0, 0, 0, 0, 0, 0, 0, 1, 1, 1, 0, 1, 0, 1, 0, 1, 0, 0, 1, 0, 0, 0, 0, 0, 0, 0, 0, 0, 0, 0, 0, 0, 0, 0, 0, 0, 0, 0, 0, 0, 0, 1, 1, 0, 1, 0, 0, 0, 0, 1, 0, 0, 0, 1, 1, 0, 1, 1, 1, 0, 0, 0], "confidence_scores": [[0.4838127566877567, 0.5161872433122433], [0.5718800505050506, 0.42811994949494947], [0.6138777472527474, 0.3861222527472528], [0.4606177433677434, 0.5393822566322566], [0.511476370851371, 0.48852362914862907], [0.4975288600288598, 0.5024711399711401], [0.6063942307692308, 0.3936057692307693], [0.6265575396825397, 0.3734424603174603], [0.6451055888555888, 0.354894411144411], [0.4813708513708514, 0.5186291486291486], [0.5910002913752914, 0.4089997086247086], [0.5782963009213009, 0.4217036990786992], [0.6610131812631812, 0.3389868187368187], [0.6302413419913421, 0.36975865800865804], [0.5631362387612389, 0.4368637612387611], [0.5775137640137639, 0.4224862359862362], [0.5646833721833721, 0.43531662781662794], [0.4316112914862916, 0.5683887085137084], [0.5733084415584416, 0.42669155844155854], [0.5392878232878234, 0.4607121767121765], [0.633501984126984, 0.3664980158730159], [0.6542203907203907, 0.3457796092796092], [0.5451273448773448, 0.454872655122655], [0.6032114135864135, 0.3967885864135865], [0.5605638250638252, 0.4394361749361749], [0.6966309523809522, 0.3033690476190476], [0.5374555583305581, 0.4625444416694419], [0.5613445165945167, 0.4386554834054834], [0.5356108058608059, 0.46438919413919405], [0.6465816544566546, 0.35341834554334556], [0.680262334887335, 0.31973766511266516], [0.6180687784437786, 0.38193122155622156], [0.5041965673215671, 0.49580343267843285], [0.5549356615606617, 0.44506433843933835], [0.5196186868686872, 0.48038131313131294], [0.5009203296703296, 0.4990796703296704], [0.569492784992785, 0.43050721500721506], [0.5747996031746029, 0.42520039682539684], [0.69320159007659, 0.3067984099234099], [0.6221174797424794, 0.3778825202575204], [0.6877192945942946, 0.3122807054057054], [0.5340497835497836, 0.4659502164502165], [0.7472519841269842, 0.2527480158730159], [0.5315707625707625, 0.46842923742923753], [0.5163292957042955, 0.4836707042957045], [0.5090639776889776, 0.4909360223110224], [0.6656587301587301, 0.3343412698412699], [0.6166718559218556, 0.3833281440781441], [0.505047619047619, 0.4949523809523811], [0.5939503968253969, 0.40604960317460326], [0.5942748223998224, 0.4057251776001776], [0.4332757936507936, 0.5667242063492064], [0.420936507936508, 0.5790634920634921], [0.5552787906537906, 0.44472120934620935], [0.47479401154401146, 0.5252059884559884], [0.6507117604617605, 0.3492882395382395], [0.47600901875901885, 0.5239909812409812], [0.512008227883228, 0.48799177211677197], [0.6562519841269843, 0.3437480158730159], [0.5360672660672662, 0.4639327339327338], [0.5616084054834054, 0.4383915945165947], [0.5286388888888887, 0.4713611111111113], [0.6827620851370854, 0.3172379148629149], [0.5869484126984126, 0.4130515873015874], [0.6983487484737485, 0.30165125152625144], [0.5802760434010434, 0.4197239565989567], [0.7020541819291819, 0.297945818070818], [0.5762847707847707, 0.4237152292152293], [0.5491210317460316, 0.45087896825396834], [0.6079313464313464, 0.3920686535686535], [0.6091100288600287, 0.39088997113997115], [0.6062220418470418, 0.39377795815295824], [0.7427079170829171, 0.2572920829170829], [0.5921578282828281, 0.40784217171717185], [0.6483630952380952, 0.3516369047619049], [0.5768391053391054, 0.42316089466089457], [0.5101258325008325, 0.48987416749916757], [0.5312678571428572, 0.4687321428571428], [0.5843237595737595, 0.4156762404262405], [0.5995794899544897, 0.4004205100455101], [0.5760039682539684, 0.42399603174603157], [0.5984763708513708, 0.4015236291486292], [0.5317195165945166, 0.4682804834054835], [0.5691870837495838, 0.43081291625041623], [0.5644440836940836, 0.43555591630591645], [0.6132913475413475, 0.3867086524586525], [0.46584884559884565, 0.5341511544011543], [0.4705346320346322, 0.5294653679653678], [0.4821666666666665, 0.5178333333333335], [0.6455384199134201, 0.35446158008658], [0.3547147574647574, 0.6452852425352424], [0.611501443001443, 0.3884985569985569], [0.4637389971139971, 0.5362610028860029], [0.5646507936507935, 0.43534920634920643], [0.41464140026640023, 0.5853585997335997], [0.5728648989898989, 0.4271351010101011], [0.5929365079365079, 0.4070634920634922], [0.4134177627927628, 0.5865822372072372], [0.5709129342879344, 0.42908706571206556], [0.6125739676989677, 0.3874260323010325], [0.6330854978354978, 0.36691450216450217], [0.541272186147186, 0.4587278138528139], [0.6266720085470086, 0.3733279914529914], [0.597397657897658, 0.40260234210234214], [0.5679006132756134, 0.43209938672438675], [0.6002669552669552, 0.3997330447330447], [0.5468636363636363, 0.45313636363636356], [0.5637216810966811, 0.4362783189033189], [0.534929292929293, 0.465070707070707], [0.6007253787878786, 0.3992746212121213], [0.5394536435786433, 0.46054635642135655], [0.5607321428571429, 0.43926785714285704], [0.6761220238095238, 0.3238779761904762], [0.6511170634920636, 0.34888293650793656], [0.5816102092352091, 0.4183897907647907], [0.6697206682206683, 0.3302793317793318], [0.5060532106782106, 0.4939467893217894], [0.5842906746031745, 0.4157093253968254], [0.5005573593073593, 0.49944264069264066], [0.6093483044733045, 0.39065169552669554], [0.4677539682539682, 0.5322460317460317], [0.4703479575979575, 0.5296520424020426], [0.6010819458319456, 0.3989180541680541], [0.49090313852813844, 0.5090968614718616], [0.6296329365079367, 0.37036706349206333], [0.6141372655122653, 0.38586273448773445], [0.5687496253746254, 0.4312503746253747], [0.5033339993339994, 0.49666600066600064], [0.46931553169053175, 0.5306844683094682], [0.6386313131313129, 0.3613686868686869], [0.6908234126984125, 0.3091765873015873], [0.5882498196248196, 0.41175018037518035], [0.3620892857142857, 0.6379107142857143], [0.4984306804306804, 0.5015693195693196], [0.6541630591630591, 0.3458369408369409], [0.437215909090909, 0.5627840909090911], [0.4805357142857143, 0.5194642857142858], [0.3942205433455434, 0.6057794566544566], [0.605882992007992, 0.39411700799200794], [0.6904920634920635, 0.3095079365079364], [0.5495514069264069, 0.4504485930735932]]},