{"test": {"ids": ["556", "610", "302", "479", "354", "587", "517", "551", "226", "185", "254", "7", "665", "217", "599", "161", "347", "694", "460", "589", "480", "66", "624", "67", "590", "519", "223", "356", "214", "266", "310", "359", "433", "30", "416", "115", "162", "612", "248", "467", "39", "530", "330", "452", "552", "340", "648", "229", "284", "133", "274", "273", "325", "73", "442", "522", "423", "661", "382", "335", "3", "103", "84", "410", "468", "61", "485", "286", "331", "2", "443", "603", "90", "322", "440", "541", "623", "436", "710", "543", "78", "8", "159", "1", "108", "326", "662", "414", "271", "366", "256", "283", "647", "536", "507", "169", "427", "346", "461", "600", "393", "249", "349", "569", "477", "241", "117", "92", "211", "24", "510", "651", "303", "573", "172", "542", "236", "257", "695", "250", "138", "528", "644", "486", "368", "581", "231", "608", "428", "617", "656", "100", "137", "613", "150", "585", "268", "145", "33", "432", "170", "278", "134"], "labels": [0, 0, 0, 0, 1, 0, 1, 0, 0, 0, 1, 1, 1, 0, 0, 1, 1, 1, 0, 0, 0, 0, 1, 0, 0, 1, 0, 1, 0, 0, 0, 1, 1, 0, 1, 1, 1, 0, 0, 0, 1, 0, 1, 0, 0, 1, 1, 0, 0, 1, 0, 0, 1, 0, 1, 1, 1, 1, 1, 1, 0, 1, 1, 1, 0, 0, 0, 0, 1, 0, 1, 0, 1, 0, 1, 1, 1, 1, 1, 1, 0, 1, 1, 1, 0, 1, 1, 1, 0, 1, 0, 0, 1, 0, 0, 1, 1, 1, 0, 0, 1, 0, 1, 0, 0, 0, 1, 1, 0, 0, 0, 1, 0, 0, 1, 1, 0, 0, 1, 1, 1, 0, 1, 0, 1, 0, 0, 0, 1, 0, 1, 1, 1, 0, 1, 0, 0, 1, 0, 1, 1, 0, 1], "predicted_labels": [0, 0, 0, 0, 1, 0, 1, 0, 0, 0, 0, 1, 1, 0, 0, 1, 0, 1, 0, 0, 0, 0, 0, 1, 0, 1, 0, 0, 0, 0, 0, 1, 1, 0, 1, 1, 1, 0, 1, 1, 0, 0, 1, 0, 0, 1, 1, 1, 0, 1, 0, 0, 0, 0, 1, 1, 1, 1, 1, 1, 0, 1, 0, 1, 0, 0, 0, 0, 1, 0, 1, 0, 1, 0, 0, 0, 1, 1, 1, 1, 1, 0, 1, 0, 1, 1, 0, 0, 0, 1, 1, 0, 0, 0, 0, 1, 1, 1, 0, 0, 1, 1, 0, 0, 0, 0, 1, 1, 0, 0, 0, 1, 0, 0, 1, 1, 0, 0, 1, 0, 1, 1, 1, 1, 1, 0, 0, 0, 1, 0, 1, 1, 1, 0, 1, 0, 0, 1, 1, 1, 1, 0, 1], "confidence_scores": [[0.9563057009756897, 0.04369429902431031], [0.8954226062600926, 0.10457739373990732], [0.8061281141325815, 0.1938718858674185], [0.7089146152621213, 0.2910853847378789], [0.1096717227196936, 0.8903282772803064], [0.8863188699739264, 0.11368113002607366], [0.2284814314638288, 0.7715185685361711], [0.8871313438708904, 0.11286865612910979], [0.7404838711592969, 0.2595161288407033], [0.5311028758213077, 0.46889712417869245], [0.6904259128655996, 0.3095740871344006], [0.40542574760786637, 0.5945742523921335], [0.08367589844026918, 0.9163241015597308], [0.9952070639750642, 0.0047929360249356675], [0.8811129050281286, 0.11888709497187168], [0.1836559872828929, 0.8163440127171072], [0.6082507634361934, 0.3917492365638066], [0.14078829920797495, 0.859211700792025], [0.8017323019370778, 0.1982676980629222], [0.5, 0.5], [0.7935984033216859, 0.20640159667831418], [0.9040886675934636, 0.09591133240653653], [0.5645665865523034, 0.43543341344769665], [0.47875580471563, 0.5212441952843699], [0.8127604486843438, 0.1872395513156561], [0.1603415822570559, 0.8396584177429441], [0.8776973479709491, 0.1223026520290506], [0.5491690045880757, 0.4508309954119244], [0.9403694820580377, 0.059630517941962224], [0.9442584517257891, 0.055741548274210774], [0.7359238620597178, 0.26407613794028245], [0.15497392203536525, 0.8450260779646348], [0.13525457822733156, 0.8647454217726687], [0.8038175237786752, 0.19618247622132473], [0.2502976615589238, 0.7497023384410761], [0.41016269716372034, 0.5898373028362797], [0.17859059079069003, 0.8214094092093099], [0.9832183257519355, 0.01678167424806456], [0.20055537695376394, 0.7994446230462362], [0.0872032773189341, 0.9127967226810657], [0.6533481407548668, 0.34665185924513325], [0.5510955108206521, 0.44890448917934783], [0.4064051020495464, 0.5935948979504538], [0.8221117303121916, 0.17788826968780827], [0.9255254622669263, 0.07447453773307376], [0.04584267693468487, 0.954157323065315], [0.09083362993505571, 0.9091663700649444], [0.2805345743183979, 0.7194654256816021], [0.7643540270183367, 0.23564597298166334], [0.3708706357697794, 0.6291293642302206], [0.8048061870091537, 0.1951938129908461], [0.7169279255893506, 0.2830720744106492], [0.643401082331776, 0.35659891766822405], [0.7888552708337988, 0.21114472916620122], [0.09543832968523626, 0.9045616703147635], [0.1293116690285518, 0.870688330971448], [0.07837379713933926, 0.9216262028606609], [0.36517217235799826, 0.6348278276420017], [0.2180989320252239, 0.781901067974776], [0.1388798158618075, 0.8611201841381922], [0.9013387220271303, 0.09866127797286973], [0.38634920242059473, 0.6136507975794052], [0.715444350429621, 0.28455564957037877], [0.2773012558854861, 0.7226987441145137], [0.6794354168335575, 0.32056458316644243], [0.7105948751196378, 0.2894051248803622], [0.9506369504192433, 0.04936304958075673], [0.8266282286032797, 0.1733717713967204], [0.13563403401894536, 0.8643659659810549], [0.7560882686598226, 0.24391173134017716], [0.2844726577047193, 0.7155273422952807], [0.7961026940267637, 0.20389730597323624], [0.41145973085271936, 0.5885402691472806], [0.9594684717637961, 0.040531528236203894], [0.5433376681128351, 0.456662331887165], [0.5280128724378649, 0.4719871275621352], [0.36485017240113093, 0.6351498275988692], [0.06644529454207208, 0.9335547054579282], [0.32758414135924674, 0.6724158586407533], [0.26894791423187386, 0.7310520857681263], [0.443311204323691, 0.556688795676309], [0.6049437355342484, 0.39505626446575137], [0.24053308363889897, 0.7594669163611012], [0.7071044816940151, 0.2928955183059847], [0.461057459178473, 0.538942540821527], [0.34607666902235756, 0.6539233309776425], [0.6075696823987354, 0.39243031760126457], [0.7969610971547306, 0.2030389028452693], [0.971711113253659, 0.028288886746341002], [0.2287328702273737, 0.7712671297726266], [0.3087883911938254, 0.6912116088061746], [0.7927709024867226, 0.20722909751327734], [0.6719381268262257, 0.3280618731737744], [0.8786657607609062, 0.1213342392390938], [0.9211598086510797, 0.07884019134892042], [0.02816122063919783, 0.9718387793608022], [0.09927267820452906, 0.900727321795471], [0.42975142717632736, 0.5702485728236725], [0.8229885087524695, 0.17701149124753038], [0.8329263153110835, 0.16707368468891615], [0.22427160466844803, 0.775728395331552], [0.10581304140414596, 0.8941869585958542], [0.5371129835167691, 0.4628870164832311], [0.9561717425635435, 0.043828257436456464], [0.5448691339915998, 0.4551308660084001], [0.6598235825107845, 0.34017641748921545], [0.46502188225516067, 0.5349781177448395], [0.28461501518431936, 0.7153849848156806], [0.9084999419219749, 0.09150005807802503], [0.5669019468146653, 0.43309805318533456], [0.6073297603751748, 0.3926702396248251], [0.06493964116341663, 0.9350603588365833], [0.8336109415643522, 0.1663890584356477], [0.7514240728539954, 0.2485759271460047], [0.35348240979164214, 0.6465175902083582], [0.2028801302801033, 0.7971198697198966], [0.9167710297084299, 0.08322897029157027], [0.8909287067231235, 0.10907129327687666], [0.3679473720762237, 0.6320526279237763], [0.5964572237309849, 0.4035427762690153], [0.1357949594181608, 0.8642050405818392], [0.4445188688550564, 0.5554811311449435], [0.32463999313285696, 0.6753600068671431], [0.4185562287431375, 0.5814437712568625], [0.3228016160371271, 0.6771983839628729], [0.9659882580449203, 0.0340117419550798], [0.7514558963267505, 0.24854410367324956], [0.8923420882763706, 0.10765791172362923], [0.32510434156957035, 0.6748956584304296], [0.9277291464850136, 0.0722708535149865], [0.4501225377411614, 0.5498774622588387], [0.15663642712382614, 0.8433635728761739], [0.41167966464240074, 0.5883203353575992], [0.9868652833665857, 0.01313471663341424], [0.06235984961771208, 0.937640150382288], [0.5563771289491294, 0.44362287105087056], [0.6971816857309969, 0.3028183142690033], [0.0558177988691599, 0.9441822011308401], [0.43997127481013326, 0.5600287251898668], [0.27261297734606826, 0.7273870226539318], [0.01108257933319948, 0.9889174206668007], [0.9474802222594219, 0.052519777740578054], [0.015565443990757016, 0.984434556009243]]},