{"test": {"ids": ["132", "195", "561", "315", "508", "290", "688", "607", "343", "599", "151", "225", "58", "40", "554", "653", "124", "359", "157", "249", "232", "223", "116", "420", "392", "545", "123", "15", "26", "135", "574", "201", "118", "52", "247", "76", "373", "652", "386", "459", "205", "162", "355", "213", "4", "326", "494", "312", "221", "244", "698", "128", "625", "61", "484", "308", "63", "38", "603", "350", "217", "552", "97", "130", "170", "406", "229", "371", "60", "2", "691", "42", "338", "299", "280", "645", "100", "515", "175", "198", "292", "73", "12", "705", "284", "531", "544", "661", "55", "200", "245", "541", "477", "595", "115", "630", "109", "520", "644", "555", "51", "332", "238", "0", "178", "385", "287", "402", "254", "233", "189", "349", "375", "188", "519", "453", "305", "69", "699", "231", "428", "602", "490", "662", "551", "523", "455", "282", "575", "606", "518", "321", "216", "448", "85", "303", "629", "227", "553"], "labels": [0, 1, 1, 1, 1, 1, 0, 0, 0, 1, 0, 1, 1, 1, 1, 0, 0, 0, 0, 1, 1, 1, 1, 0, 0, 0, 0, 0, 1, 0, 1, 1, 1, 1, 0, 1, 0, 0, 0, 1, 1, 0, 0, 1, 0, 0, 0, 1, 1, 1, 0, 0, 1, 1, 0, 1, 1, 1, 1, 0, 1, 0, 0, 0, 0, 0, 1, 0, 1, 0, 0, 1, 0, 1, 1, 0, 0, 0, 1, 1, 1, 1, 0, 0, 1, 0, 0, 0, 1, 1, 1, 1, 1, 1, 1, 1, 1, 0, 0, 1, 1, 0, 1, 0, 1, 0, 1, 0, 1, 1, 1, 0, 0, 1, 0, 1, 1, 1, 0, 1, 0, 1, 1, 0, 0, 0, 1, 1, 1, 0, 0, 1, 1, 0, 0, 1, 1, 1, 0], "predicted_labels": [0, 0, 1, 1, 0, 0, 0, 0, 0, 1, 0, 0, 0, 0, 1, 1, 0, 0, 0, 0, 0, 1, 0, 0, 0, 1, 0, 0, 1, 0, 1, 0, 1, 0, 0, 0, 0, 0, 0, 1, 1, 0, 1, 1, 1, 0, 0, 0, 0, 0, 0, 0, 1, 0, 0, 0, 0, 0, 0, 0, 0, 0, 0, 1, 0, 1, 1, 0, 1, 0, 1, 0, 0, 1, 1, 0, 1, 0, 1, 0, 0, 0, 0, 0, 1, 1, 0, 1, 0, 0, 1, 0, 0, 0, 0, 0, 0, 0, 1, 1, 0, 1, 1, 0, 0, 0, 1, 1, 0, 1, 1, 1, 0, 0, 0, 0, 1, 0, 0, 1, 1, 0, 0, 0, 1, 0, 0, 0, 1, 1, 1, 0, 1, 0, 0, 1, 0, 0, 1], "confidence_scores": [[0.5500116794969737, 0.44998832050302634], [0.6004879208955299, 0.3995120791044704], [0.4408432882477, 0.5591567117523], [0.4837937895437896, 0.5162062104562104], [0.5184000293978844, 0.48159997060211573], [0.6173259518259516, 0.3826740481740481], [0.5225444624819626, 0.4774555375180374], [0.6169980019980019, 0.38300199800199797], [0.5769097867002279, 0.42309021329977214], [0.390152152585976, 0.609847847414024], [0.5648483877233876, 0.4351516122766123], [0.6010117483397535, 0.3989882516602466], [0.6477893356643358, 0.35221066433566434], [0.7305394495210672, 0.2694605504789328], [0.48802923383805735, 0.5119707661619427], [0.4804693154068154, 0.5195306845931845], [0.566380140692641, 0.4336198593073592], [0.6688174325674326, 0.3311825674325675], [0.5627850160283026, 0.43721498397169756], [0.6063330112626788, 0.3936669887373215], [0.5477364275301582, 0.45226357246984195], [0.46295127420888305, 0.5370487257911171], [0.6431838182242593, 0.3568161817757406], [0.5862986949962063, 0.4137013050037936], [0.6107564979422397, 0.3892435020577605], [0.46414090076590075, 0.5358590992340992], [0.6108864791077067, 0.38911352089229334], [0.638608766233766, 0.361391233766234], [0.4854874761498803, 0.5145125238501197], [0.5478826269190047, 0.4521173730809954], [0.41525231712731725, 0.5847476828726829], [0.7051688034188034, 0.29483119658119644], [0.4801909373306434, 0.5198090626693567], [0.5451873969468782, 0.4548126030531216], [0.5646922350525291, 0.4353077649474709], [0.6266781364060775, 0.3733218635939224], [0.5783051952132834, 0.4216948047867165], [0.5518604104229103, 0.4481395895770897], [0.5444056512158292, 0.45559434878417093], [0.36613929534517764, 0.6338607046548224], [0.29486587221034166, 0.7051341277896586], [0.6668502967620618, 0.3331497032379386], [0.28493391631588233, 0.7150660836841177], [0.4802107892107894, 0.5197892107892107], [0.4439006124594357, 0.5560993875405642], [0.5161156204906205, 0.48388437950937946], [0.6566854395604395, 0.3433145604395603], [0.5538901515151519, 0.4461098484848483], [0.5614800260126346, 0.43851997398736536], [0.5089683164058164, 0.49103168359418353], [0.6768412706574471, 0.3231587293425528], [0.6374898218611448, 0.36251017813885467], [0.48789531302031297, 0.5121046869796869], [0.6389955599955596, 0.36100444000444], [0.5357717236585522, 0.46422827634144775], [0.5412121350871352, 0.4587878649128649], [0.5958515137683092, 0.4041484862316906], [0.6030494389940984, 0.3969505610059016], [0.5127736291486289, 0.4872263708513711], [0.5049438616938617, 0.49505613830613826], [0.5350113415995769, 0.4649886584004231], [0.5183231225296444, 0.4816768774703556], [0.6453161055490777, 0.3546838944509222], [0.48032615301365295, 0.5196738469863469], [0.6035111693861693, 0.39648883061383045], [0.44788236094232886, 0.5521176390576712], [0.4243753093311917, 0.5756246906688083], [0.5210941546198898, 0.4789058453801101], [0.43206696081696094, 0.567933039183039], [0.6867861271472206, 0.3132138728527795], [0.45961120250522425, 0.5403887974947758], [0.6637833799654451, 0.3362166200345549], [0.6101593227361248, 0.38984067726387517], [0.3290883533133534, 0.6709116466866465], [0.4420347716009481, 0.557965228399052], [0.6628896658896659, 0.33711033411033425], [0.4508992817505404, 0.5491007182494595], [0.5017918054168053, 0.49820819458319476], [0.4828122199624758, 0.5171877800375242], [0.5697899196214411, 0.43021008037855873], [0.5453182099762981, 0.4546817900237018], [0.6142810522810522, 0.3857189477189476], [0.6307608037387453, 0.36923919626125484], [0.5910841563948979, 0.4089158436051021], [0.4293577158135982, 0.5706422841864017], [0.4648283938283939, 0.535171606171606], [0.5268770465645466, 0.47312295343545335], [0.35658379896247533, 0.6434162010375245], [0.5208045810398751, 0.47919541896012496], [0.5113552142302142, 0.48864478576978576], [0.42704478854478867, 0.5729552114552113], [0.511786421911422, 0.4882135780885779], [0.6467814677152909, 0.35321853228470884], [0.5356490588444922, 0.4643509411555077], [0.5243630903410315, 0.4756369096589686], [0.651213143345303, 0.3487868566546972], [0.5311596814133577, 0.4688403185866422], [0.6703053404928404, 0.3296946595071596], [0.4884494284310461, 0.5115505715689538], [0.44432165750915753, 0.5556783424908425], [0.6051019674769674, 0.3948980325230325], [0.47663017782870704, 0.523369822171293], [0.48365601065601077, 0.5163439893439891], [0.6128048340548343, 0.38719516594516584], [0.5114082029082032, 0.48859179709179684], [0.5944057054057054, 0.4055942945942947], [0.46471457772458924, 0.5352854222754108], [0.4477690450356691, 0.5522309549643308], [0.5452727203352201, 0.45472727966477977], [0.4350368312243314, 0.5649631687756687], [0.43638691111520056, 0.5636130888847994], [0.3734073607635914, 0.6265926392364082], [0.6822828833747951, 0.3177171166252048], [0.5688119225545695, 0.4311880774454305], [0.5540436540583601, 0.44595634594164], [0.5197460190065688, 0.48025398099343114], [0.4060172926488719, 0.5939827073511281], [0.5007582535218407, 0.49924174647815933], [0.650916668882672, 0.34908333111732803], [0.43043049829427554, 0.5695695017057244], [0.4500833339683454, 0.5499166660316547], [0.5444627317127317, 0.4555372682872683], [0.593094008027352, 0.4069059919726479], [0.5848664252414251, 0.415133574758575], [0.3044937790967203, 0.6955062209032796], [0.5935663597023894, 0.40643364029761075], [0.5273535076035075, 0.47264649239649253], [0.6176279484404484, 0.3823720515595517], [0.3090268342768343, 0.6909731657231657], [0.3937507435375084, 0.6062492564624917], [0.470038251581057, 0.529961748418943], [0.5588170718170717, 0.4411829281829281], [0.48918697968697944, 0.5108130203130204], [0.5117474735232087, 0.48825252647679124], [0.7068296050354873, 0.2931703949645126], [0.4866627053502052, 0.5133372946497947], [0.6233680645335058, 0.3766319354664943], [0.5129312493062494, 0.48706875069375066], [0.4799598665223666, 0.5200401334776334]]},