{"test": {"ids": ["340", "546", "378", "1", "343", "618", "24", "110", "334", "95", "98", "706", "501", "576", "503", "88", "234", "298", "38", "152", "49", "674", "297", "367", "303", "237", "395", "634", "431", "437", "229", "380", "45", "385", "249", "137", "591", "402", "31", "532", "566", "54", "569", "129", "33", "401", "37", "701", "165", "391", "182", "470", "243", "617", "528", "384", "0", "550", "705", "184", "354", "619", "641", "557", "206", "309", "448", "119", "74", "177", "143", "525", "357", "213", "608", "10", "61", "602", "692", "252", "166", "411", "635", "627", "321", "421", "443", "609", "439", "168", "673", "12", "644", "56", "211", "278", "667", "356", "157", "218", "579", "162", "173", "87", "135", "669", "676", "621", "132", "611", "622", "154", "122", "476", "148", "164", "396", "513", "183", "97", "44", "440", "32", "134", "559", "453", "235", "598", "21", "590", "444", "455", "628", "610", "293", "642", "424", "314", "660", "454", "637", "519", "586"], "labels": [0, 0, 1, 0, 0, 0, 1, 1, 0, 0, 0, 0, 1, 1, 1, 0, 1, 1, 1, 0, 1, 0, 1, 0, 1, 1, 0, 1, 0, 0, 1, 1, 1, 0, 1, 0, 1, 0, 1, 0, 1, 1, 1, 0, 1, 0, 1, 0, 0, 0, 1, 1, 1, 0, 0, 1, 0, 0, 0, 1, 0, 0, 0, 1, 1, 1, 0, 1, 1, 1, 0, 0, 0, 1, 0, 0, 1, 1, 0, 1, 0, 0, 1, 1, 1, 0, 0, 0, 0, 0, 0, 0, 0, 1, 1, 1, 0, 0, 0, 1, 1, 0, 0, 0, 0, 0, 0, 1, 0, 0, 1, 0, 0, 1, 0, 0, 0, 1, 1, 0, 1, 0, 1, 0, 1, 1, 1, 1, 1, 1, 0, 1, 1, 0, 1, 0, 0, 1, 0, 1, 0, 0, 1], "predicted_labels": [0, 0, 1, 0, 0, 1, 0, 1, 0, 0, 0, 0, 0, 1, 1, 1, 1, 1, 0, 0, 0, 1, 1, 0, 1, 0, 0, 0, 0, 1, 0, 0, 0, 1, 0, 0, 0, 1, 0, 1, 1, 0, 1, 0, 0, 1, 0, 0, 0, 1, 1, 1, 1, 0, 1, 0, 0, 1, 0, 1, 0, 1, 1, 1, 1, 1, 1, 0, 0, 0, 0, 0, 0, 1, 1, 0, 1, 1, 0, 0, 0, 0, 1, 0, 1, 1, 1, 0, 0, 0, 1, 0, 0, 1, 1, 1, 0, 0, 1, 1, 1, 0, 0, 0, 0, 1, 0, 0, 0, 1, 0, 0, 0, 1, 0, 0, 0, 0, 1, 0, 0, 0, 0, 0, 1, 1, 1, 1, 0, 1, 1, 1, 0, 1, 1, 0, 0, 0, 0, 1, 0, 0, 0], "confidence_scores": [[0.6012864317055491, 0.3987135682944506], [0.5272296536796538, 0.4727703463203461], [0.4832354922854922, 0.5167645077145079], [0.5096403207903208, 0.49035967920967916], [0.6322437950937951, 0.367756204906205], [0.3889979575979577, 0.6110020424020425], [0.5387901154401156, 0.4612098845598846], [0.4785304473304474, 0.5214695526695524], [0.6569471195471198, 0.34305288045288035], [0.5712534632034633, 0.42874653679653707], [0.6181918470418469, 0.381808152958153], [0.5978574703074704, 0.40214252969252967], [0.5504950493950492, 0.44950495060495066], [0.42393049173049185, 0.5760695082695083], [0.4744187146187146, 0.5255812853812853], [0.4694540459540459, 0.530545954045954], [0.47475172050172043, 0.5252482794982797], [0.42455613275613285, 0.575443867243867], [0.6348722444222445, 0.3651277555777554], [0.7536683982683986, 0.24633160173160168], [0.6036105783105783, 0.3963894216894217], [0.4968474747474749, 0.5031525252525252], [0.4060665223665223, 0.5939334776334778], [0.686196938355762, 0.31380306164423816], [0.44013509823509844, 0.5598649017649016], [0.5038506327006329, 0.4961493672993671], [0.647813664113664, 0.3521863358863361], [0.5216595571095572, 0.4783404428904428], [0.5081772338772337, 0.4918227661227663], [0.4753438172938174, 0.5246561827061825], [0.6137315573315572, 0.3862684426684424], [0.6153678932178934, 0.3846321067821068], [0.6314665945165944, 0.3685334054834054], [0.4662396742146743, 0.533760325785326], [0.6178109002109003, 0.38218909978909965], [0.5109223304473306, 0.4890776695526693], [0.5282542530568848, 0.47174574694311544], [0.4862807359307358, 0.5137192640692643], [0.5900742221830457, 0.40992577781695416], [0.484181551781552, 0.5158184482184479], [0.45451204906204934, 0.5454879509379508], [0.5009409090909089, 0.49905909090909106], [0.4887988344988344, 0.5112011655011656], [0.6503373015873016, 0.34966269841269837], [0.5849663780663781, 0.415033621933622], [0.4731277999778001, 0.5268722000222], [0.5732101454101454, 0.42678985458985447], [0.5167908369408369, 0.483209163059163], [0.6306771506271505, 0.36932284937284965], [0.4705483183483187, 0.5294516816516815], [0.4701871406371407, 0.5298128593628594], [0.48150792540792536, 0.5184920745920746], [0.42036000388500394, 0.5796399961149962], [0.6539136788048552, 0.3460863211951448], [0.4657483904983906, 0.5342516095016094], [0.5816128205128205, 0.4183871794871795], [0.5378479215229215, 0.46215207847707845], [0.41123056943056935, 0.5887694305694303], [0.5970080586080586, 0.40299194139194133], [0.42158463203463226, 0.5784153679653677], [0.6771875901875902, 0.3228124098124099], [0.4211551448551448, 0.5788448551448553], [0.4398867243867243, 0.560113275613276], [0.3953082306582308, 0.6046917693417696], [0.41416883116883113, 0.5858311688311689], [0.4487044011544011, 0.5512955988455988], [0.48833610278610273, 0.5116638972138972], [0.6144503738091972, 0.38554962619080263], [0.6131719114219111, 0.3868280885780887], [0.5326980241980245, 0.4673019758019757], [0.5112034632034632, 0.4887965367965368], [0.5370738983238983, 0.4629261016761015], [0.5729908353084824, 0.42700916469151756], [0.4617956931956933, 0.5382043068043066], [0.49479807969807943, 0.5052019203019206], [0.5479093573093573, 0.4520906426906426], [0.41013644688644674, 0.5898635531135533], [0.4452129148629148, 0.5547870851370851], [0.5320780441780444, 0.4679219558219558], [0.5610854645354647, 0.43891453546453546], [0.5115040404040405, 0.4884959595959595], [0.5565786491286492, 0.44342135087135087], [0.41006053946053944, 0.5899394605394606], [0.5966381673881672, 0.4033618326118327], [0.34046892551892544, 0.6595310744810745], [0.49437294372294344, 0.5056270562770565], [0.38973764013764006, 0.6102623598623597], [0.5062304473304476, 0.4937695526695524], [0.5236393772893772, 0.47636062271062285], [0.5617546287046286, 0.4382453712953715], [0.4977527361527363, 0.5022472638472637], [0.5509390331890333, 0.44906096681096697], [0.6716595959595959, 0.32834040404040404], [0.4388256854256854, 0.5611743145743147], [0.48913189033189014, 0.5108681096681099], [0.46275735930735934, 0.5372426406926406], [0.592778316128316, 0.40722168387168395], [0.617462914862915, 0.3825370851370851], [0.42087341269841255, 0.5791265873015873], [0.43783932178932183, 0.562160678210678], [0.4556070734820734, 0.5443929265179265], [0.5809276612276612, 0.4190723387723388], [0.5792290764790764, 0.42077092352092355], [0.6195733544233546, 0.3804266455766455], [0.5414537518037519, 0.45854624819624834], [0.45604879564879564, 0.5439512043512043], [0.5351524253524255, 0.46484757464757454], [0.5010256687756687, 0.4989743312243313], [0.5829368020868024, 0.4170631979131978], [0.4168410256410256, 0.5831589743589743], [0.6218221389721388, 0.3781778610278611], [0.5231884337884339, 0.4768115662115659], [0.5034870129870129, 0.496512987012987], [0.4338426184926185, 0.5661573815073815], [0.7082859640359641, 0.2917140359640359], [0.5762559884559884, 0.4237440115440116], [0.6489510822510821, 0.35104891774891783], [0.5403108225108226, 0.45968917748917737], [0.3846529248529248, 0.6153470751470751], [0.5873079143079141, 0.41269208569208565], [0.5917350621600622, 0.40826493783993784], [0.5242663947163947, 0.4757336052836053], [0.5018515595515595, 0.4981484404484405], [0.6851495282495284, 0.314850471750472], [0.40388666170430876, 0.5961133382956915], [0.4137259740259741, 0.5862740259740262], [0.3239971639471638, 0.6760028360528357], [0.4853820290820294, 0.5146179709179706], [0.5223379731379737, 0.47766202686202663], [0.4883750305250304, 0.5116249694749696], [0.45387157287157287, 0.5461284271284272], [0.3994447802197804, 0.60055521978022], [0.5545525474525475, 0.4454474525474527], [0.47463225108225104, 0.525367748917749], [0.4729133755133758, 0.5270866244866244], [0.5781773448773448, 0.4218226551226551], [0.5725682539682538, 0.427431746031746], [0.5480780386280386, 0.45192196137196183], [0.5130513708513711, 0.486948629148629], [0.4597828338328337, 0.5402171661671664], [0.6953439393939395, 0.3046560606060607], [0.548579564879565, 0.451420435120435], [0.5678308830058829, 0.4321691169941169]]}}