{"test": {"ids": ["601", "616", "198", "349", "330", "427", "377", "607", "705", "294", "529", "191", "179", "132", "348", "532", "359", "579", "277", "643", "55", "591", "310", "281", "119", "90", "133", "112", "493", "575", "372", "703", "698", "398", "34", "63", "524", "544", "151", "168", "19", "627", "412", "110", "172", "572", "259", "320", "354", "496", "331", "276", "567", "284", "78", "85", "570", "382", "171", "650", "236", "670", "33", "581", "81", "53", "633", "252", "509", "220", "477", "333", "25", "200", "336", "475", "58", "199", "551", "278", "288", "202", "542", "470", "43", "137", "641", "555", "125", "86", "148", "141", "384", "548", "9", "600", "569", "347", "99", "97", "389", "371", "150", "301", "379", "558", "624", "504", "397", "587", "494", "588", "37", "335", "654", "87", "195", "688", "681", "251", "526", "465", "322", "117", "407", "84", "282", "307", "350", "390", "413", "468", "620", "29", "69", "238", "88", "674", "177"], "labels": [1, 0, 1, 0, 0, 0, 0, 0, 0, 1, 0, 1, 1, 0, 0, 0, 0, 1, 1, 0, 1, 1, 1, 1, 1, 0, 0, 1, 0, 1, 0, 0, 0, 0, 1, 1, 0, 0, 0, 0, 1, 1, 0, 1, 0, 1, 0, 1, 0, 0, 0, 1, 1, 1, 1, 0, 1, 1, 0, 0, 1, 0, 1, 1, 0, 1, 0, 1, 1, 1, 1, 0, 1, 1, 0, 1, 1, 1, 0, 1, 1, 1, 1, 1, 1, 0, 0, 1, 0, 0, 0, 0, 1, 0, 0, 1, 1, 0, 0, 0, 0, 0, 0, 1, 1, 1, 1, 1, 0, 1, 0, 1, 1, 0, 0, 0, 1, 0, 0, 1, 0, 1, 1, 1, 0, 0, 1, 1, 0, 0, 0, 1, 0, 1, 1, 1, 0, 0, 1], "predicted_labels": [0, 1, 0, 1, 1, 0, 0, 0, 0, 0, 0, 0, 1, 0, 0, 1, 0, 0, 0, 0, 0, 1, 1, 0, 0, 0, 0, 1, 0, 1, 0, 1, 0, 0, 0, 0, 0, 0, 0, 0, 0, 0, 0, 0, 1, 0, 0, 0, 0, 1, 0, 1, 1, 0, 1, 0, 0, 0, 1, 0, 0, 1, 0, 0, 0, 0, 0, 0, 1, 0, 0, 0, 0, 1, 0, 1, 0, 0, 1, 0, 0, 0, 0, 0, 0, 0, 1, 1, 0, 1, 0, 1, 0, 0, 1, 0, 0, 0, 0, 0, 0, 0, 1, 1, 0, 0, 1, 1, 0, 0, 0, 1, 0, 1, 0, 0, 0, 0, 0, 1, 0, 0, 1, 1, 0, 1, 0, 0, 0, 0, 0, 0, 0, 1, 0, 1, 1, 0, 0], "confidence_scores": [[0.5783655362926526, 0.42163446370734725], [0.4618970408587619, 0.5381029591412381], [0.5556572609712928, 0.4443427390287073], [0.405486498543811, 0.594513501456189], [0.4347668565399092, 0.5652331434600909], [0.6015743428033462, 0.39842565719665385], [0.6846372871841377, 0.3153627128158621], [0.6104098249397037, 0.38959017506029636], [0.657106343989315, 0.34289365601068506], [0.5376056450338542, 0.46239435496614567], [0.6036074104810392, 0.39639258951896084], [0.5507041087007066, 0.4492958912992935], [0.41347818185876756, 0.5865218181412325], [0.5065890869773919, 0.4934109130226079], [0.6868884015627637, 0.3131115984372355], [0.43558467466866174, 0.5644153253313383], [0.6031881063040597, 0.3968118936959403], [0.6150054923824598, 0.38499450761754], [0.6115219127666698, 0.3884780872333302], [0.5090841200009417, 0.4909158799990584], [0.5943930840300711, 0.40560691596992926], [0.39451637233929027, 0.6054836276607096], [0.3619985938346192, 0.6380014061653806], [0.5948886387201258, 0.4051113612798742], [0.6341362370323356, 0.3658637629676643], [0.6492298781099827, 0.3507701218900172], [0.5256035823648142, 0.47439641763518586], [0.4452739239844115, 0.5547260760155883], [0.5524630245710858, 0.4475369754289142], [0.35153553942702964, 0.6484644605729705], [0.6606512320619803, 0.33934876793801955], [0.4032521150217056, 0.5967478849782946], [0.674171185121252, 0.3258288148787477], [0.5585114981327489, 0.44148850186725114], [0.5997054737140138, 0.4002945262859862], [0.6024015781303076, 0.39759842186969224], [0.5436715432614778, 0.4563284567385222], [0.5745593867375242, 0.4254406132624758], [0.5387546333831215, 0.46124536661687854], [0.5829901000224207, 0.41700989997757937], [0.6086928117316476, 0.39130718826835237], [0.5577840815146992, 0.44221591848530095], [0.5838730938325591, 0.4161269061674409], [0.5863079640861913, 0.4136920359138086], [0.4198100394939858, 0.5801899605060142], [0.5103386487650442, 0.4896613512349557], [0.5194337057800466, 0.48056629421995345], [0.5998776244753665, 0.4001223755246336], [0.6837101051974623, 0.3162898948025377], [0.4133751770134193, 0.5866248229865809], [0.7100497543511538, 0.28995024564884625], [0.4702044334914586, 0.5297955665085414], [0.39479347994367986, 0.6052065200563203], [0.5081945185177752, 0.49180548148222486], [0.42739887944711336, 0.5726011205528865], [0.6290350289817161, 0.3709649710182837], [0.546546881608641, 0.4534531183913589], [0.692913040553324, 0.3070869594466759], [0.4704562576861053, 0.5295437423138947], [0.5339802046149473, 0.46601979538505267], [0.549221083734682, 0.450778916265318], [0.4353201228249361, 0.5646798771750638], [0.6740029896692873, 0.32599701033071277], [0.5058298299324007, 0.49417017006759933], [0.6605035807926756, 0.3394964192073249], [0.6171792488710333, 0.3828207511289667], [0.5561936601571582, 0.44380633984284207], [0.5806900620669891, 0.41930993793301075], [0.48343294710599133, 0.5165670528940087], [0.5940614607197261, 0.40593853928027407], [0.5741290465331371, 0.4258709534668629], [0.5617039175059776, 0.4382960824940224], [0.588615723835444, 0.41138427616455614], [0.46074257099421567, 0.5392574290057841], [0.5044053038863383, 0.49559469611366164], [0.41831108840614606, 0.581688911593854], [0.5358941595908544, 0.46410584040914565], [0.579561512706471, 0.4204384872935292], [0.3890853407093377, 0.6109146592906621], [0.5737985883104793, 0.4262014116895206], [0.5368177319974284, 0.46318226800257156], [0.5012519358577946, 0.49874806414220546], [0.6823679861149509, 0.3176320138850492], [0.6206325750316927, 0.37936742496830717], [0.6055024229206158, 0.39449757707938415], [0.607752900020527, 0.3922470999794729], [0.4066253501903496, 0.5933746498096506], [0.4466022583256199, 0.5533977416743802], [0.5699687537896388, 0.43003124621036115], [0.4824277197208728, 0.5175722802791273], [0.5176358269841148, 0.4823641730158853], [0.3582900160065901, 0.6417099839934097], [0.7455907299790934, 0.2544092700209064], [0.5376992729621156, 0.4623007270378843], [0.3003088523960297, 0.6996911476039708], [0.5016427649132593, 0.49835723508674074], [0.5219047020362106, 0.47809529796378925], [0.6301349644765616, 0.3698650355234384], [0.5549780317261426, 0.4450219682738574], [0.5701328510641824, 0.4298671489358176], [0.6015451195565572, 0.39845488044344274], [0.5156464756326471, 0.4843535243673528], [0.45124916029460777, 0.5487508397053922], [0.4451407937288415, 0.5548592062711584], [0.6208500259191099, 0.37914997408088985], [0.5458070595711068, 0.45419294042889313], [0.45706603218864883, 0.5429339678113511], [0.4314027063924995, 0.5685972936075006], [0.614922551606306, 0.3850774483936943], [0.508419800008737, 0.4915801999912631], [0.5197360766562011, 0.4802639233437988], [0.3222651429360843, 0.677734857063916], [0.5926152249890783, 0.40738477501092163], [0.49654388266360533, 0.5034561173363946], [0.5378977467938426, 0.4621022532061574], [0.5143664872533665, 0.48563351274663347], [0.6386642385555453, 0.3613357614444544], [0.5657808221443447, 0.4342191778556553], [0.5588499622782485, 0.44115003772175165], [0.48215745498471113, 0.5178425450152888], [0.6347937708691996, 0.3652062291308001], [0.5526911800257848, 0.44730881997421534], [0.4380473586233558, 0.5619526413766442], [0.4941374454221429, 0.505862554577857], [0.5041831938942202, 0.49581680610577983], [0.46459176549137027, 0.5354082345086297], [0.6307979615281494, 0.36920203847185057], [0.5076664051079613, 0.49233359489203865], [0.5809682693469175, 0.41903173065308263], [0.5238897521825544, 0.47611024781744554], [0.6905207842779103, 0.30947921572208936], [0.5338439027901417, 0.4661560972098584], [0.6440534952020758, 0.3559465047979241], [0.4651200482095642, 0.5348799517904357], [0.6041044702787792, 0.3958955297212207], [0.43664664418374544, 0.5633533558162549], [0.4213180032685593, 0.5786819967314404], [0.5121134453461907, 0.48788655465380926], [0.5296416619609652, 0.4703583380390347]]},