{"test": {"ids": ["608", "80", "586", "99", "62", "340", "420", "554", "543", "474", "110", "588", "247", "40", "506", "159", "101", "257", "203", "126", "485", "95", "124", "375", "191", "311", "598", "507", "504", "20", "358", "156", "367", "108", "48", "454", "687", "529", "519", "304", "323", "440", "624", "560", "387", "705", "246", "325", "427", "670", "309", "265", "352", "188", "443", "324", "703", "5", "184", "672", "393", "217", "262", "178", "480", "28", "587", "556", "82", "577", "489", "248", "77", "425", "518", "610", "60", "559", "71", "530", "477", "254", "258", "691", "52", "406", "667", "63", "512", "695", "630", "181", "44", "509", "578", "277", "583", "498", "141", "23", "547", "665", "109", "237", "502", "544", "19", "114", "522", "189", "460", "87", "429", "638", "132", "431", "370", "503", "461", "291", "78", "241", "681", "471", "342", "632", "341", "243", "573", "357", "568", "31", "566", "455", "192", "365", "218", "201", "590", "400", "464", "516", "290"], "labels": [0, 1, 0, 0, 1, 1, 1, 1, 1, 0, 1, 0, 1, 0, 0, 1, 0, 1, 0, 1, 0, 0, 1, 1, 0, 0, 0, 0, 0, 0, 1, 1, 1, 0, 0, 0, 1, 1, 1, 0, 0, 1, 1, 0, 1, 1, 1, 1, 1, 0, 0, 0, 1, 0, 1, 1, 1, 0, 0, 0, 1, 0, 1, 0, 0, 0, 0, 0, 1, 0, 0, 1, 1, 1, 1, 0, 1, 0, 1, 1, 0, 1, 1, 1, 0, 1, 0, 1, 0, 1, 1, 0, 0, 0, 0, 0, 0, 0, 1, 0, 0, 0, 1, 0, 0, 0, 0, 1, 1, 0, 0, 0, 1, 0, 1, 1, 1, 0, 0, 0, 1, 0, 0, 0, 1, 0, 1, 0, 0, 1, 0, 0, 0, 0, 0, 1, 0, 0, 0, 1, 0, 1, 0], "predicted_labels": [0, 1, 1, 1, 0, 1, 1, 0, 1, 0, 0, 0, 0, 1, 1, 1, 0, 0, 0, 1, 0, 1, 0, 1, 0, 1, 0, 0, 1, 0, 1, 1, 1, 0, 0, 0, 1, 1, 1, 0, 0, 0, 0, 0, 1, 1, 0, 1, 0, 0, 1, 0, 1, 0, 1, 1, 0, 1, 0, 0, 1, 0, 1, 0, 1, 0, 0, 0, 1, 0, 0, 0, 1, 1, 1, 0, 1, 0, 1, 0, 0, 0, 1, 1, 1, 0, 0, 0, 0, 0, 1, 1, 0, 0, 0, 0, 0, 1, 1, 0, 0, 0, 0, 0, 0, 1, 0, 1, 1, 0, 0, 0, 0, 0, 1, 1, 1, 0, 0, 1, 0, 0, 0, 0, 1, 0, 0, 0, 0, 1, 0, 0, 0, 0, 0, 0, 0, 0, 0, 1, 0, 1, 0], "confidence_scores": [[0.9999998504566383, 1.4954336174471575e-07], [0.0022675860806211645, 0.9977324139193788], [6.89425180278036e-08, 0.999999931057482], [0.11266445894076693, 0.8873355410592331], [0.9998478725012138, 0.0001521274987862678], [0.08371039336985031, 0.9162896066301497], [0.02522785181044851, 0.9747721481895515], [0.9999861314618371, 1.3868538162902005e-05], [2.0924879540196173e-07, 0.9999997907512046], [0.9895027929893931, 0.010497207010606911], [0.7833386165701061, 0.2166613834298939], [0.9999979160778366, 2.083922163339772e-06], [0.9932219085497412, 0.0067780914502587825], [0.002838835756812097, 0.9971611642431879], [0.01970324904836418, 0.9802967509516358], [0.00012416468161091654, 0.9998758353183891], [0.9070522521307794, 0.09294774786922053], [0.9999999876144064, 1.2385593551831272e-08], [0.9996816811627448, 0.0003183188372552449], [2.4285370658905236e-07, 0.9999997571462934], [0.9997205301594663, 0.00027946984053378425], [0.3802906764735279, 0.6197093235264721], [0.9034373514859037, 0.09656264851409639], [0.00709256057552532, 0.9929074394244747], [0.9956440860971091, 0.004355913902890911], [0.16351094648379738, 0.8364890535162026], [0.9982579013342016, 0.001742098665798475], [0.9999967810236936, 3.2189763064183926e-06], [0.10861468731402324, 0.8913853126859768], [0.9999442961377902, 5.5703862209797033e-05], [3.818947715317211e-05, 0.9999618105228468], [1.0473783917941404e-07, 0.9999998952621608], [0.004428131394394685, 0.9955718686056053], [0.9999995981729022, 4.018270978425006e-07], [0.9999864942290971, 1.3505770902848656e-05], [0.861073500152205, 0.13892649984779504], [2.576496882511492e-07, 0.9999997423503117], [0.04309808550385541, 0.9569019144961446], [0.0005613525989262014, 0.9994386474010738], [0.9999999238636531, 7.613634688283503e-08], [0.9999997704861289, 2.2951387116914526e-07], [0.9999941443154554, 5.855684544599578e-06], [0.9647735643977436, 0.03522643560225634], [0.9999543091494996, 4.569085050040092e-05], [3.348633884736607e-06, 0.9999966513661153], [0.00021221497722878624, 0.9997877850227712], [0.9999998560870772, 1.4391292276245645e-07], [2.6741519544959402e-05, 0.999973258480455], [0.9173090537265238, 0.0826909462734762], [0.9989606199898869, 0.0010393800101130752], [0.09250875145518656, 0.9074912485448134], [0.9915703130284379, 0.008429686971562118], [1.1676706856977859e-07, 0.9999998832329314], [0.9999967878600009, 3.212139999144963e-06], [0.2459183851384874, 0.7540816148615126], [0.008510738421377284, 0.9914892615786227], [0.9999373270558116, 6.267294418839057e-05], [0.1178701357414842, 0.8821298642585158], [0.9991368931799341, 0.0008631068200658747], [0.6745354478906508, 0.3254645521093492], [0.002599062162289778, 0.9974009378377102], [0.9999997970982472, 2.0290175283968253e-07], [2.9565019765698253e-08, 0.9999999704349802], [0.9817663685874847, 0.018233631412515303], [0.002381771986294856, 0.9976182280137051], [0.999999999857292, 1.427079889776891e-10], [0.9999999878898801, 1.2110119910800321e-08], [0.9999999999973608, 2.6392332575861608e-12], [4.8657844227140146e-06, 0.9999951342155773], [0.9999999995357176, 4.6428237936155137e-10], [0.7925305069784665, 0.20746949302153353], [0.9403776446736272, 0.05962235532637283], [0.02318167138505023, 0.9768183286149498], [8.591681899261516e-08, 0.999999914083181], [2.9028708424805316e-06, 0.9999970971291575], [0.9895411186999842, 0.010458881300015835], [0.21331498150216344, 0.7866850184978366], [0.9999999942065702, 5.793429884635485e-09], [0.23671567627913404, 0.763284323720866], [0.9197364662787595, 0.08026353372124047], [0.9995482083826093, 0.000451791617390692], [0.99999949753208, 5.024679199993894e-07], [0.04489666196901576, 0.9551033380309842], [2.65951705102907e-11, 0.9999999999734048], [0.0011254741287447523, 0.9988745258712552], [0.8455822084446263, 0.15441779155537377], [0.9999863016811775, 1.3698318822422403e-05], [0.7553624549293788, 0.24463754507062122], [0.9998967949638137, 0.0001032050361863701], [0.9895417153908322, 0.01045828460916778], [1.668794295528464e-05, 0.9999833120570447], [0.08363400172357105, 0.916365998276429], [0.9999829766225102, 1.7023377489739943e-05], [0.9999323427241719, 6.765727582816102e-05], [0.9999999990260992, 9.739008060411202e-10], [0.9999990864411086, 9.135588913963155e-07], [0.9999975670547923, 2.432945207724731e-06], [0.018608710051205346, 0.9813912899487947], [0.005219521450860909, 0.9947804785491391], [0.9999878581522397, 1.2141847760365056e-05], [0.9992543569374291, 0.0007456430625709012], [0.9991813045877641, 0.0008186954122359012], [0.9979493968135329, 0.0020506031864670955], [0.8528217500455608, 0.1471782499544392], [0.9495100684376323, 0.05048993156236771], [0.15247319519101743, 0.8475268048089826], [0.996402065912242, 0.00359793408775797], [0.24205909478069054, 0.7579409052193095], [0.03632907251572437, 0.9636709274842756], [0.9992341745729861, 0.0007658254270138707], [0.9999999999547198, 4.5280248399028915e-11], [0.9792206119012397, 0.020779388098760326], [0.9995242404252458, 0.0004757595747542591], [0.9999999352372675, 6.476273246419038e-08], [1.3975291484280561e-05, 0.9999860247085157], [0.0002256342205093631, 0.9997743657794906], [0.0004127669942440848, 0.9995872330057559], [0.9999994812751891, 5.187248109157167e-07], [0.9999997224379227, 2.775620773531901e-07], [0.01677540317483117, 0.9832245968251688], [0.8648224075562914, 0.13517759244370858], [0.9978274588803887, 0.0021725411196112767], [0.9987555107939271, 0.001244489206072844], [0.9999994155373716, 5.844626284037887e-07], [0.0006786979998248954, 0.9993213020001751], [0.9999938166617871, 6.183338212922279e-06], [0.9999346286600925, 6.537133990749615e-05], [0.9999398202657326, 6.017973426739134e-05], [0.9987865885815795, 0.0012134114184204634], [8.563502329472783e-08, 0.9999999143649767], [0.9999999669247253, 3.307527478565821e-08], [0.9313219687400948, 0.06867803125990526], [0.9996805965577564, 0.00031940344224357564], [0.9999997929976336, 2.070023663849468e-07], [0.9999994121705882, 5.878294118444582e-07], [0.9957134111515116, 0.004286588848488424], [0.9996906962198421, 0.0003093037801578822], 