{"test": {"ids": ["565", "191", "285", "14", "324", "372", "116", "74", "122", "235", "380", "393", "104", "280", "439", "125", "558", "637", "625", "600", "163", "445", "263", "96", "181", "155", "264", "584", "553", "543", "49", "267", "585", "545", "363", "557", "105", "497", "608", "685", "629", "334", "640", "315", "190", "530", "281", "378", "611", "234", "272", "219", "520", "404", "192", "468", "576", "370", "283", "362", "279", "574", "457", "189", "232", "143", "618", "82", "605", "50", "198", "308", "509", "433", "674", "290", "22", "410", "353", "174", "318", "430", "241", "371", "483", "478", "223", "455", "688", "288", "233", "524", "38", "182", "188", "522", "470", "704", "463", "237", "179", "644", "175", "145", "123", "176", "634", "19", "60", "555", "213", "20", "89", "652"], "labels": [1, 1, 1, 0, 0, 0, 1, 1, 0, 1, 1, 0, 0, 1, 0, 0, 1, 0, 1, 1, 0, 0, 0, 0, 1, 0, 1, 1, 0, 1, 1, 1, 1, 0, 0, 1, 0, 1, 0, 1, 1, 0, 0, 1, 1, 0, 1, 1, 0, 1, 1, 1, 0, 0, 1, 1, 1, 0, 1, 0, 1, 1, 1, 1, 1, 0, 0, 0, 1, 1, 1, 1, 1, 0, 0, 1, 1, 0, 0, 1, 1, 0, 1, 0, 0, 1, 1, 1, 0, 1, 1, 0, 1, 1, 1, 0, 1, 0, 1, 1, 1, 0, 1, 0, 0, 1, 1, 1, 1, 1, 1, 1, 0, 0], "predicted_labels": [1, 1, 1, 0, 0, 0, 1, 0, 0, 1, 0, 0, 1, 1, 0, 0, 1, 0, 1, 0, 0, 1, 0, 1, 1, 0, 0, 1, 0, 0, 0, 1, 0, 0, 1, 1, 0, 0, 1, 0, 0, 0, 0, 0, 0, 0, 0, 1, 1, 0, 0, 1, 1, 0, 1, 0, 0, 0, 1, 0, 0, 0, 1, 1, 0, 1, 0, 0, 0, 1, 0, 0, 0, 0, 1, 0, 1, 0, 1, 1, 1, 0, 0, 0, 1, 0, 0, 0, 0, 0, 1, 1, 1, 1, 1, 1, 0, 1, 0, 1, 1, 0, 1, 0, 1, 0, 1, 1, 0, 1, 1, 1, 1, 1], "confidence_scores": [[0.48457505020809016, 0.5154249497919098], [0.43339832407737416, 0.5666016759226259], [0.45024873710858154, 0.5497512628914185], [0.7678608558881475, 0.2321391441118527], [0.662863940639739, 0.33713605936026114], [0.5366282773138571, 0.4633717226861428], [0.339452137766468, 0.6605478622335322], [0.7432899144584729, 0.25671008554152697], [0.7342647315455104, 0.26573526845448947], [0.5, 0.5], [0.5851545142199379, 0.4148454857800622], [0.6691577080678286, 0.33084229193217135], [0.4634803804752216, 0.5365196195247786], [0.46887744755537614, 0.5311225524446239], [0.6515739670512642, 0.34842603294873575], [0.6636438348883157, 0.3363561651116842], [0.4129027696201477, 0.5870972303798522], [0.7901511132392686, 0.20984888676073135], [0.32963415221733144, 0.6703658477826685], [0.5232808896500855, 0.47671911034991454], [0.6720988397302285, 0.3279011602697714], [0.45691233557180455, 0.5430876644281954], [0.5312195024725331, 0.46878049752746687], [0.34985191872570764, 0.6501480812742924], [0.29741472357756504, 0.702585276422435], [0.6901553299130657, 0.30984467008693434], [0.6221098930038332, 0.3778901069961667], [0.37337087682556014, 0.6266291231744399], [0.6033920703532173, 0.3966079296467827], [0.6677398438012471, 0.33226015619875293], [0.7571299137954886, 0.24287008620451125], [0.3199071433134307, 0.6800928566865696], [0.5459284764018815, 0.45407152359811864], [0.6537294203469476, 0.3462705796530526], [0.374332596912091, 0.6256674030879088], [0.36269760781006827, 0.6373023921899317], [0.603900290729064, 0.39609970927093596], [0.5651382782866103, 0.4348617217133897], [0.510763524929635, 0.4892364750703651], [0.7731246872502654, 0.2268753127497347], [0.5713348978116092, 0.4286651021883909], [0.7061426816984249, 0.2938573183015753], [0.548171628197307, 0.4518283718026929], [0.5628936101483647, 0.43710638985163525], [0.5981962165018395, 0.4018037834981605], [0.6716571359795596, 0.32834286402044044], [0.5910272803419806, 0.4089727196580195], [0.44782092971225085, 0.552179070287749], [0.30461476754522926, 0.6953852324547707], [0.5464420929376588, 0.45355790706234117], [0.570466290421612, 0.4295337095783879], [0.4888573120688043, 0.5111426879311955], [0.40313397843555776, 0.5968660215644424], [0.6915498664913864, 0.30845013350861367], [0.42869765777556623, 0.5713023422244337], [0.7161509994035565, 0.2838490005964434], [0.596449490260819, 0.40355050973918094], [0.5874020095766195, 0.41259799042338063], [0.44924349429141636, 0.5507565057085835], [0.7390749799628178, 0.2609250200371821], [0.6315786261339009, 0.3684213738660992], [0.730216290872225, 0.2697837091277751], [0.4276906543553063, 0.5723093456446936], [0.5163810155273789, 0.48361898447262114], [0.5421585989821126, 0.4578414010178875], [0.43606640026364035, 0.5639335997363597], [0.5282481327887798, 0.47175186721122025], [0.5435086609895716, 0.4564913390104285], [0.695046659727487, 0.30495334027251275], [0.48008627911020196, 0.5199137208897978], [0.6973679540900305, 0.3026320459099696], [0.6366168155587516, 0.3633831844412483], [0.7076557677623461, 0.29234423223765377], [0.7834458640667373, 0.21655413593326264], [0.4931986120007022, 0.5068013879992976], [0.7237802201608498, 0.2762197798391502], [0.49379043885309415, 0.5062095611469059], [0.5483887636102017, 0.45161123638979817], [0.4222156058395803, 0.5777843941604197], [0.4313313526025663, 0.5686686473974338], [0.509973420682749, 0.49002657931725097], [0.5345437826736971, 0.4654562173263029], [0.5589236945986872, 0.4410763054013128], [0.5269723610164037, 0.47302763898359645], [0.44071239312851285, 0.5592876068714874], [0.6680158884370591, 0.33198411156294094], [0.5208130140665814, 0.4791869859334185], [0.532245125805536, 0.46775487419446404], [0.6868149450340281, 0.31318505496597215], [0.59843080841714, 0.40156919158285986], [0.37674888203074164, 0.6232511179692584], [0.47461263401012665, 0.5253873659898733], [0.47431643501382637, 0.5256835649861736], [0.5100327514745743, 0.48996724852542584], [0.4616597760187662, 0.5383402239812337], [0.505544993477688, 0.49445500652231184], [0.5898371200102523, 0.41016287998974765], [0.35103856486520674, 0.6489614351347934], [0.5870904595521327, 0.41290954044786754], [0.5, 0.5], [0.41909500691966706, 0.580904993080333], [0.6380118699467014, 0.3619881300532987], [0.412293498047694, 0.5877065019523061], [0.7725319730643031, 0.22746802693569682], [0.43422415888044147, 0.5657758411195586], [0.6873542637184755, 0.31264573628152453], [0.4885408309752683, 0.5114591690247317], [0.37891004540849793, 0.6210899545915021], [0.601400781962304, 0.39859921803769605], [0.3713394502683582, 0.6286605497316419], [0.4888558210279964, 0.5111441789720037], [0.4336170353916103, 0.5663829646083897], [0.35400306534274817, 0.6459969346572518], [0.49438990694828355, 0.5056100930517166]]}, "rewritten": {"ids": ["14", "19", "20", "22", "38", "49", "50", "60", "74", "82", "89", "96", "104", "105", "116", "122", "123", "125", "143", "145", "155", "163", "174", "175", "176", "179", "181", "182", "188", "189", "190", "191", "192", "198", "213", "219", "223", "232", "233", "234", "235", "237", "241", "263", "264", "267", "272", "279", "280", "281", "283", "285", "288", "290", "308", "315", "318", "324", "334", "353", "362", "363", "370", "371", "372", "378", "380", "393", "404", "410", "430", "433", "439", "445", "455", "457", "463", "468", "470", "478", "483", "497", "509", "520", "522", "524", "530", "543", "545", "553", "555", "557", "558", "565", "574", "576", "584", "585", "600", "605", "608", "611", "618", "625", "629", "634", "637", "640", "644", "652", "674", "685", "688", "704"], "labels": [0, 1, 1, 1, 1, 1, 1, 1, 1, 0, 0, 0, 0, 0, 1, 0, 0, 0, 0, 0, 0, 0, 1, 1, 1, 1, 1, 1, 1, 1, 1, 1, 1, 1, 1, 1, 1, 1, 1, 1, 1, 1, 1, 0, 1, 1, 1, 1, 1, 1, 1, 1, 1, 1, 1, 1, 1, 0, 0, 0, 0, 0, 0, 0, 0, 1, 1, 0, 0, 0, 0, 0, 0, 0, 1, 1, 1, 1, 1, 1, 0, 1, 1, 0, 0, 0, 0, 1, 0, 0, 1, 1, 1, 1, 1, 1, 1, 1, 1, 1, 0, 0, 0, 1, 1, 1, 0, 0, 0, 0, 0, 1, 0, 0], "predicted_labels": [0, 1, 1, 0, 0, 0, 1, 0, 0, 0, 1, 1, 1, 0, 1, 0, 1, 0, 1, 0, 0, 0, 1, 1, 0, 1, 1, 0, 1, 1, 0, 1, 0, 0, 1, 0, 0, 0, 1, 0, 1, 0, 1, 0, 0, 1, 0, 0, 1, 0, 1, 1, 0, 0, 0, 0, 0, 0, 0, 0, 0, 1, 0, 0, 0, 1, 0, 0, 0, 0, 1, 0, 0, 0, 1, 1, 1, 0, 0, 0, 1, 0, 0, 1, 1, 1, 0, 0, 0, 0, 1, 1, 1, 1, 0, 0, 0, 0, 1, 0, 1, 1, 1, 1, 0, 0, 0, 0, 0, 0, 0, 0, 0, 0],