{"test": {"ids": ["116", "257", "313", "572", "88", "372", "252", "655", "644", "363", "203", "467", "416", "449", "453", "164", "637", "538", "356", "320", "387", "470", "166", "542", "62", "441", "678", "614", "627", "659", "480", "625", "697", "86", "140", "171", "503", "230", "573", "624", "108", "47", "473", "352", "37", "684", "366", "608", "218", "607", "58", "289", "400", "560", "297", "705", "41", "347", "137", "488", "185", "210", "571", "250", "276", "253", "66", "639", "300", "623", "346", "258", "428", "590", "583", "345", "485", "15", "216", "379", "339", "238", "173", "650", "509", "490", "686", "90", "527", "708", "699", "112", "28", "463", "8", "606", "93", "272", "593", "119", "321", "429", "447", "671", "458", "205", "599", "617", "584", "581", "475", "353", "666", "350", "421", "24", "73", "121", "407", "477", "181", "501", "425", "507", "534", "341", "42", "525", "504", "549", "445", "179", "491", "348", "628", "675", "233", "236", "603", "194", "178", "408", "273"], "labels": [1, 0, 0, 0, 1, 1, 1, 1, 1, 1, 0, 0, 1, 0, 0, 1, 1, 0, 1, 0, 1, 0, 1, 1, 0, 1, 1, 0, 1, 1, 0, 1, 1, 0, 1, 1, 0, 0, 0, 1, 0, 0, 0, 1, 1, 1, 1, 0, 0, 0, 0, 0, 1, 0, 0, 1, 0, 1, 1, 0, 0, 0, 0, 1, 0, 1, 0, 1, 0, 1, 1, 0, 1, 0, 0, 1, 0, 1, 0, 1, 1, 0, 1, 1, 0, 0, 0, 1, 0, 1, 1, 1, 0, 0, 1, 0, 1, 0, 0, 1, 0, 1, 0, 1, 0, 0, 0, 0, 0, 0, 0, 1, 1, 1, 1, 0, 0, 1, 1, 0, 0, 0, 1, 0, 0, 1, 0, 1, 0, 0, 0, 0, 0, 1, 1, 1, 0, 0, 0, 0, 0, 1, 0], "predicted_labels": [0, 0, 0, 0, 1, 1, 0, 1, 1, 1, 0, 1, 1, 0, 0, 1, 1, 1, 0, 0, 1, 0, 1, 1, 0, 1, 1, 0, 1, 1, 0, 0, 1, 0, 1, 1, 0, 0, 0, 0, 1, 0, 1, 1, 1, 0, 0, 0, 0, 0, 0, 0, 1, 0, 0, 1, 0, 1, 1, 0, 0, 0, 0, 0, 0, 0, 0, 1, 0, 1, 1, 1, 0, 0, 0, 1, 0, 0, 0, 0, 0, 0, 1, 1, 0, 1, 0, 1, 0, 1, 1, 0, 0, 0, 0, 0, 1, 0, 0, 0, 0, 0, 0, 1, 1, 0, 0, 0, 0, 0, 0, 1, 0, 1, 1, 0, 0, 1, 1, 0, 0, 0, 0, 0, 0, 0, 0, 1, 0, 0, 0, 0, 0, 0, 1, 1, 0, 0, 0, 0, 0, 1, 0], "confidence_scores": [[0.7501124332321931, 0.249887566767807], [0.8146230087257541, 0.1853769912742459], [0.8090307055559786, 0.1909692944440212], [0.9289586961015772, 0.07104130389842275], [0.0791673648222069, 0.9208326351777931], [0.37259896675637794, 0.6274010332436221], [0.5161051439642311, 0.4838948560357688], [0.2954043366187384, 0.7045956633812618], [0.19445057730144866, 0.8055494226985512], [0.04911066628011571, 0.9508893337198844], [0.8941167651334212, 0.105883234866579], [0.06570131318669777, 0.9342986868133022], [0.13596141574694875, 0.8640385842530511], [0.8866193050887458, 0.11338069491125405], [0.8529326030306424, 0.14706739696935764], [0.22047763381720803, 0.7795223661827919], [0.0578468212189166, 0.9421531787810835], [0.09741659662143504, 0.9025834033785652], [0.5310522219829856, 0.4689477780170143], [0.8776848421943612, 0.12231515780563879], [0.32170518112099417, 0.6782948188790057], [0.5542096964196999, 0.44579030358030003], [0.05428481433217798, 0.945715185667822], [0.1374939973106641, 0.862506002689336], [0.5115951648971208, 0.48840483510287935], [0.47220350971566044, 0.5277964902843395], [0.07474480521533067, 0.9252551947846693], [0.943498688417678, 0.0565013115823219], [0.018960488044066918, 0.9810395119559332], [0.21363279060871723, 0.7863672093912829], [0.7970979385284769, 0.20290206147152315], [0.8468015156451286, 0.15319848435487135], [0.3735185792726141, 0.6264814207273859], [0.581099949811313, 0.4189000501886872], [0.30714551256017814, 0.6928544874398217], [0.027890754415886166, 0.9721092455841138], [0.5152728405580429, 0.484727159441957], [0.9485792993431178, 0.05142070065688222], [0.8175521822805073, 0.1824478177194927], [0.6541716508106804, 0.34582834918931954], [0.34871536219659405, 0.6512846378034058], [0.9352620206725382, 0.06473797932746204], [0.44768347691601873, 0.5523165230839814], [0.21619132322058884, 0.7838086767794111], [0.2915096500301002, 0.7084903499699], [0.7109740058519083, 0.289025994148092], [0.6374428421327882, 0.3625571578672118], [0.8497022333798966, 0.15029776662010363], [0.5381860703206535, 0.4618139296793465], [0.8664812056080107, 0.13351879439198916], [0.9273658963546116, 0.07263410364538848], [0.9813188705204559, 0.018681129479544145], [0.26500762085136403, 0.7349923791486361], [0.9052791706028592, 0.09472082939714074], [0.9832973713341302, 0.016702628665869856], [0.12171760498757365, 0.8782823950124262], [0.9833067576202801, 0.016693242379720006], [0.4719517706561365, 0.5280482293438635], [0.3447188596793806, 0.6552811403206197], [0.6162226186414508, 0.38377738135854933], [0.5203477799535566, 0.4796522200464435], [0.850435718586719, 0.1495642814132811], [0.7332222704178648, 0.26677772958213514], [0.6254845279552831, 0.3745154720447169], [0.7610326273648473, 0.23896737263515277], [0.8051951727125234, 0.1948048272874765], [0.8714304609228297, 0.12856953907717023], [0.17248127951621692, 0.8275187204837832], [0.9384970039728399, 0.06150299602716035], [0.295896649535855, 0.704103350464145], [0.34801910118945817, 0.6519808988105418], [0.16091940527891277, 0.8390805947210875], [0.5070893321136801, 0.49291066788631965], [0.9504351883228583, 0.049564811677141704], [0.7798620018609439, 0.22013799813905605], [0.38613114655689784, 0.613868853443102], [0.97441140249393, 0.02558859750606994], [0.5623658938572853, 0.43763410614271475], [0.9304888343717914, 0.06951116562820846], [0.8635756960629069, 0.13642430393709315], [0.7362218694827304, 0.26377813051726956], [0.9193861706340727, 0.08061382936592748], [0.40989163004483, 0.5901083699551698], [0.07882653189619918, 0.9211734681038007], [0.9534115400700156, 0.04658845992998437], [0.29598595597219346, 0.7040140440278065], [0.6532803858642758, 0.34671961413572433], [0.28984048151520975, 0.7101595184847901], [0.5, 0.5], [0.40102842001849925, 0.5989715799815009], [0.0418854167226957, 0.9581145832773044], [0.8773594052325501, 0.12264059476744973], [0.658668870245232, 0.34133112975476787], [0.9510946923881511, 0.04890530761184893], [0.6149986769016664, 0.38500132309833357], [0.6212765319114604, 0.3787234680885397], [0.07431832650086462, 0.9256816734991354], [0.8638351238066969, 0.13616487619330314], [0.821886923450819, 0.17811307654918104], [0.8144518221783879, 0.18554817782161218], [0.8657142104042361, 0.13428578959576382], [0.7983006152314206, 0.20169938476857943], [0.8621392524245022, 0.13786074757549796], [0.4364569463395795, 0.5635430536604207], [0.2603417403170088, 0.7396582596829913], [0.9913198856842123, 0.008680114315787888], [0.91633824041474, 0.08366175958526019], [0.9656202726775888, 0.03437972732241122], [0.5871178693910801, 0.4128821306089197], [0.9764237799852142, 0.023576220014785675], [0.8790040258051616, 0.12099597419483846], [0.2194374313901887, 0.7805625686098111], [0.7367783531563585, 0.26322164684364135], [0.02042021710420833, 0.9795797828957916], [0.25520533789379996, 0.7447946621062002], [0.6680946185527713, 0.3319053814472286], [0.7774263152981918, 0.2225736847018082], [0.010594019163499727, 0.9894059808365001], [0.04999229734389104, 0.9500077026561089], [0.6927857780653572, 0.3072142219346429], [0.9352541914816079, 0.06474580851839201], [0.7181929097117731, 0.28180709028822665], [0.8422070125926331, 0.15779298740736689], [0.9339313131487718, 0.06606868685122808], [0.8357986614603864, 0.16420133853961358], [0.48800821653976023, 0.5119917834602397], [0.8321047024734569, 0.16789529752654306], [0.48332589513906826, 0.5166741048609317], [0.8929321177307142, 0.10706788226928558], [0.6669551223578378, 0.3330448776421622], [0.7807203104672757, 0.21927968953272411], [0.5097545755031913, 0.49024542449680875], [0.9073899366251283, 0.09261006337487158], [0.6705022358218258, 0.32949776417817433], [0.12402934881007172, 0.8759706511899283], [0.3893151700592424, 0.6106848299407576], [0.5305042943480193, 0.46949570565198073], [0.9174399611884593, 0.08256003881154055], [0.7544484000950565, 0.24555159990494346], [0.7639709848377476, 0.23602901516225233], [0.8864819237593256, 0.11351807624067431], [0.2479885405290026, 0.7520114594709975], [0.6827462426873752, 0.3172537573126248]]},