{"test": {"ids": ["404", "139", "242", "461", "308", "600", "25", "306", "326", "339", "401", "638", "337", "348", "659", "442", "250", "197", "22", "107", "483", "182", "576", "121", "211", "637", "232", "353", "674", "415", "150", "494", "679", "523", "710", "582", "248", "618", "381", "661", "525", "131", "101", "594", "32", "136", "178", "336", "571", "111", "89", "109", "41", "649", "375", "55", "219", "491", "480", "9", "509", "542", "364", "186", "218", "632", "555", "518", "114", "616", "382", "389", "49", "698", "533", "568", "626", "682", "443", "200", "11", "185", "28", "454", "315", "29", "691", "553", "561", "397", "238", "246", "50", "477", "377", "20", "191", "529", "456", "53", "277", "505", "554", "704", "5", "707", "37", "347", "307", "66", "310", "531", "140", "243", "499", "88", "414", "613", "207", "193", "194", "625", "14", "71", "581", "608", "309", "141", "597", "566", "142", "551", "226", "579", "428", "562", "90", "438", "127", "479", "693", "590", "105"], "labels": [1, 1, 0, 0, 0, 0, 0, 0, 0, 0, 1, 1, 0, 0, 1, 1, 1, 0, 0, 1, 0, 0, 0, 1, 0, 1, 0, 0, 1, 1, 1, 0, 1, 1, 0, 0, 0, 0, 0, 1, 1, 1, 1, 0, 0, 1, 0, 0, 0, 1, 1, 1, 1, 1, 0, 1, 0, 0, 0, 1, 0, 1, 0, 0, 0, 1, 1, 1, 1, 0, 0, 1, 1, 1, 1, 0, 1, 1, 1, 0, 1, 0, 0, 0, 0, 0, 1, 1, 0, 1, 0, 0, 1, 0, 0, 0, 0, 1, 0, 1, 0, 0, 1, 1, 1, 1, 1, 0, 0, 0, 0, 1, 1, 0, 0, 1, 1, 0, 0, 0, 0, 1, 1, 0, 0, 0, 0, 1, 0, 0, 1, 1, 0, 0, 1, 0, 1, 1, 1, 0, 1, 0, 1], "predicted_labels": [1, 1, 0, 0, 0, 0, 1, 0, 0, 0, 0, 0, 0, 0, 1, 1, 1, 0, 1, 0, 0, 0, 0, 1, 0, 1, 1, 0, 1, 1, 1, 1, 1, 0, 0, 0, 1, 0, 0, 1, 0, 0, 1, 0, 1, 1, 0, 1, 0, 1, 1, 1, 0, 1, 0, 1, 0, 0, 0, 0, 0, 1, 0, 1, 0, 0, 0, 1, 1, 0, 0, 0, 1, 1, 0, 0, 1, 1, 1, 0, 0, 0, 0, 0, 0, 1, 1, 0, 0, 1, 0, 0, 1, 0, 1, 0, 1, 1, 1, 1, 0, 0, 0, 1, 1, 0, 1, 0, 1, 0, 1, 0, 0, 1, 0, 1, 0, 0, 1, 0, 0, 0, 1, 0, 0, 0, 0, 1, 0, 0, 1, 1, 0, 0, 0, 0, 1, 1, 1, 1, 1, 0, 0], "confidence_scores": [[0.0029670375036601193, 0.9970329624963399], [0.0013380104666779191, 0.9986619895333221], [0.9995848259111003, 0.00041517408889969417], [0.9867712554157237, 0.01322874458427628], [0.977852168971658, 0.022147831028341967], [0.9206104831207029, 0.07938951687929707], [0.1021325670998513, 0.8978674329001487], [0.9964866802954243, 0.003513319704575737], [0.5326829340895559, 0.4673170659104441], [0.99274993913376, 0.007250060866240034], [0.9997872593214069, 0.0002127406785930729], [0.5132367732819635, 0.4867632267180365], [0.9793435249099178, 0.020656475090082192], [0.9920067282759109, 0.007993271724089155], [0.024396229480144638, 0.9756037705198554], [0.016501120066380714, 0.9834988799336193], [0.09212321873920692, 0.9078767812607931], [0.9875832165181747, 0.01241678348182531], [0.10268937239522402, 0.897310627604776], [0.9504964040467896, 0.04950359595321046], [0.9975137994531628, 0.0024862005468372465], [0.7165033342881094, 0.2834966657118906], [0.9999582250773791, 4.1774922620865134e-05], [0.006571406877888264, 0.9934285931221117], [0.9960431334369347, 0.003956866563065231], [0.014937596700061673, 0.9850624032999383], [0.04181143525278175, 0.9581885647472183], [0.6250098808224418, 0.37499011917755815], [0.012171473362947549, 0.9878285266370525], [0.002218341268027113, 0.9977816587319729], [0.012144666622351696, 0.9878553333776483], [0.026924471499727876, 0.9730755285002721], [0.005821345940197342, 0.9941786540598027], [0.6674507729124661, 0.3325492270875339], [0.6981621013409994, 0.30183789865900057], [0.9824211636979316, 0.017578836302068395], [0.060870283254321644, 0.9391297167456784], [0.9918119833182246, 0.008188016681775363], [0.8809313859746262, 0.11906861402537383], [0.09120457314359887, 0.9087954268564011], [0.9175822223318948, 0.08241777766810526], [0.7515715142255329, 0.2484284857744671], [0.03247967505588134, 0.9675203249441187], [0.9908316926613671, 0.009168307338632897], [0.03764169931156558, 0.9623583006884344], [0.004809832090862054, 0.995190167909138], [0.9925360900101492, 0.007463909989850842], [0.4819243478463068, 0.5180756521536932], [0.9262295696700432, 0.07377043032995682], [0.07543650372016975, 0.9245634962798303], [0.334153297418894, 0.665846702581106], [0.12809508343803067, 0.8719049165619693], [0.9335958064763744, 0.06640419352362559], [0.2563613165382356, 0.7436386834617644], [0.990261632297182, 0.00973836770281803], [0.01827480314503238, 0.9817251968549676], [0.9760108722446863, 0.023989127755313703], [0.9814441811298557, 0.01855581887014437], [0.882120165790353, 0.11787983420964698], [0.613584529833034, 0.386415470166966], [0.9991379420613306, 0.0008620579386694501], [0.0019989714733621433, 0.9980010285266379], [0.5274051564511801, 0.4725948435488199], [0.11642369655069695, 0.883576303449303], [0.5092046828668386, 0.4907953171331614], [0.9437990313887255, 0.05620096861127451], [0.9055743216222839, 0.0944256783777161], [0.1440104240578871, 0.8559895759421129], [0.36842286775604993, 0.6315771322439501], [0.9777883413095171, 0.022211658690482874], [0.8283449715736013, 0.17165502842639874], [0.7335691519431193, 0.26643084805688066], [0.014922453869771646, 0.9850775461302284], [0.0017155627982845534, 0.9982844372017154], [0.8849082888915096, 0.11509171110849038], [0.9996481451660799, 0.00035185483392008584], [0.003925968448938888, 0.9960740315510611], [0.10920800765256344, 0.8907919923474366], [0.014050439067527343, 0.9859495609324727], [0.9834851739030946, 0.016514826096905313], [0.8523370879580843, 0.14766291204191578], [0.9749388811684538, 0.025061118831546117], [0.9995116632559903, 0.0004883367440097252], [0.9392950352171545, 0.060704964782845504], [0.7644437839931708, 0.2355562160068292], [0.05383661079217983, 0.9461633892078202], [0.004573825451706037, 0.995426174548294], [0.9846384974684926, 0.015361502531507329], [0.9979992064287916, 0.002000793571208408], [0.0015457339844474616, 0.9984542660155525], [0.9977406867270773, 0.002259313272922683], [0.9046633439499646, 0.09533665605003536], [0.03748171844219683, 0.9625182815578032], [0.7951024842700005, 0.20489751572999945], [0.2337683922793945, 0.7662316077206055], [0.8581177524607272, 0.14188224753927278], [0.36204087858570244, 0.6379591214142976], [0.1860681614087205, 0.8139318385912795], [0.20340931870216494, 0.7965906812978351], [0.1408146981537053, 0.8591853018462947], [0.8384587481219817, 0.1615412518780183], [0.8672312894991894, 0.13276871050081057], [0.7291019589171064, 0.2708980410828936], [0.0004336521524900272, 0.99956634784751], [0.14763414144092502, 0.852365858559075], [0.7847443155801677, 0.2152556844198324], [0.03105891043809572, 0.9689410895619043], [0.9982701689831198, 0.0017298310168801737], [0.4375986991746347, 0.5624013008253653], [0.9984117459938296, 0.0015882540061704078], [0.39130096184228225, 0.6086990381577178], [0.8795500965527014, 0.12044990344729856], [0.6616103504416677, 0.33838964955833234], [0.07044708288297685, 0.9295529171170231], [0.9393631564432258, 0.06063684355677428], [0.4380903070781579, 0.5619096929218421], [0.8631690542446493, 0.13683094575535065], [0.9988244415594578, 0.00117555844054217], [0.41706809574858605, 0.582931904251414], [0.9976665797561983, 0.002333420243801682], [0.9943078723944525, 0.0056921276055475435], [0.8058292626474312, 0.19417073735256887], [0.17074848709766788, 0.8292515129023321], [0.8751572533973915, 0.1248427466026085], [0.9997681970107746, 0.00023180298922540355], [0.9977824322524534, 0.002217567747546554], [0.9980076468468178, 0.0019923531531822157], [0.0409314192643524, 0.9590685807356476], [0.8865269068502244, 0.11347309314977556], [0.9468210655647828, 0.0531789344352171], [0.022342602506124853, 0.9776573974938751], [0.4819037167427307, 0.5180962832572693], [0.8655614447355733, 0.1344385552644267], [0.9908537175020098, 0.009146282497990165], [0.5939844662364193, 0.40601553376358074], [0.9987617965604981, 0.0012382034395018505], [0.07723419776344076, 0.9227658022365592], [0.006680552830203523, 0.9933194471697965], [0.008482484715821803, 0.9915175152841782], [0.28193605664129584, 0.7180639433587042], [0.09322852231573409, 