{"test": {"ids": ["560", "111", "179", "690", "446", "705", "466", "390", "620", "539", "497", "512", "150", "432", "529", "400", "127", "553", "383", "239", "138", "67", "611", "624", "710", "249", "54", "643", "363", "601", "518", "395", "0", "552", "49", "411", "489", "453", "398", "327", "631", "478", "353", "161", "260", "109", "236", "169", "301", "245", "175", "433", "706", "190", "378", "277", "621", "137", "70", "136", "619", "602", "402", "165", "520", "303", "199", "155", "448", "494", "282", "256", "360", "701", "296", "294", "313", "334", "492", "86", "140", "468", "444", "371", "683", "62", "704", "195", "110", "21", "540", "2", "146", "700", "667", "548", "213", "629", "652", "606", "486", "537", "273", "143", "44", "387", "219", "469", "406", "293", "85", "405", "69", "477"], "labels": [0, 1, 0, 1, 0, 1, 0, 1, 0, 1, 0, 0, 1, 1, 1, 1, 1, 1, 0, 0, 1, 0, 0, 1, 0, 1, 1, 1, 0, 0, 1, 1, 0, 1, 1, 1, 0, 0, 1, 0, 1, 0, 0, 1, 0, 1, 0, 1, 0, 0, 0, 1, 1, 0, 1, 0, 1, 1, 0, 1, 0, 0, 1, 1, 1, 0, 0, 1, 0, 0, 0, 0, 0, 1, 0, 0, 0, 0, 0, 0, 1, 0, 0, 0, 1, 0, 1, 0, 1, 0, 1, 0, 1, 1, 1, 1, 0, 1, 1, 0, 0, 1, 0, 1, 1, 1, 0, 0, 1, 0, 0, 1, 0, 0], "predicted_labels": [0, 0, 0, 0, 0, 0, 1, 1, 0, 0, 0, 0, 0, 0, 0, 0, 0, 0, 0, 1, 1, 1, 0, 1, 0, 0, 1, 0, 0, 0, 0, 1, 1, 0, 1, 0, 1, 0, 1, 0, 0, 0, 0, 1, 0, 1, 0, 1, 0, 1, 0, 0, 1, 1, 0, 0, 0, 1, 1, 0, 0, 1, 1, 1, 0, 0, 1, 1, 0, 1, 0, 0, 0, 1, 0, 1, 0, 1, 1, 1, 1, 0, 1, 0, 1, 0, 0, 1, 0, 1, 1, 1, 0, 1, 1, 0, 0, 1, 1, 0, 0, 0, 0, 1, 1, 0, 0, 1, 0, 1, 0, 0, 0, 0], "confidence_scores": [[0.7028987728901541, 0.29710122710984593], [0.5347922504239844, 0.4652077495760157], [0.6591686013439548, 0.3408313986560452], [0.5234965656911263, 0.4765034343088737], [0.5218326031541759, 0.4781673968458241], [0.5994783157712775, 0.4005216842287225], [0.4212048629505545, 0.5787951370494455], [0.48850942404005493, 0.5114905759599451], [0.6865492599721726, 0.31345074002782736], [0.7468784122007133, 0.2531215877992868], [0.6079500506590595, 0.3920499493409405], [0.7440607647754851, 0.2559392352245149], [0.5922572710212346, 0.40774272897876535], [0.5734248058630234, 0.42657519413697664], [0.7733492684396281, 0.2266507315603719], [0.7431615363634516, 0.25683846363654833], [0.5183485242155393, 0.48165147578446066], [0.8265572895150216, 0.17344271048497842], [0.5801049444896144, 0.41989505551038564], [0.46657315472805727, 0.5334268452719427], [0.2920122822914404, 0.7079877177085596], [0.3884425943959422, 0.6115574056040578], [0.6098418604531012, 0.3901581395468988], [0.4079440465882702, 0.5920559534117298], [0.6107646668503659, 0.3892353331496341], [0.6922435841731465, 0.3077564158268535], [0.3031392074229704, 0.6968607925770296], [0.5444976297594868, 0.45550237024051327], [0.5640896132238724, 0.43591038677612753], [0.5687159629061342, 0.4312840370938657], [0.5916538251108662, 0.40834617488913383], [0.4903163396127048, 0.5096836603872952], [0.4075019444175664, 0.5924980555824336], [0.6360899529338007, 0.36391004706619934], [0.4483000624206066, 0.5516999375793934], [0.6807635476926885, 0.3192364523073114], [0.3456951721614564, 0.6543048278385436], [0.6727152900648695, 0.3272847099351305], [0.49680298288664804, 0.503197017113352], [0.5674991925515015, 0.4325008074484985], [0.5283907073714332, 0.47160929262856677], [0.5722357863959533, 0.4277642136040467], [0.6253643586611307, 0.3746356413388693], [0.34616355556114264, 0.6538364444388574], [0.6554759058993707, 0.34452409410062934], [0.45940189963933664, 0.5405981003606634], [0.5401828230531889, 0.4598171769468112], [0.33590845172840855, 0.6640915482715914], [0.7160506025072226, 0.2839493974927773], [0.49355288453444845, 0.5064471154655515], [0.5937616776397796, 0.4062383223602204], [0.5801535948230945, 0.41984640517690547], [0.43427725787514393, 0.5657227421248561], [0.43350712230224864, 0.5664928776977514], [0.7819057577348615, 0.21809424226513852], [0.5655732445793769, 0.4344267554206231], [0.6360157295119983, 0.36398427048800175], [0.45200416931132537, 0.5479958306886746], [0.35892076757130187, 0.6410792324286981], [0.701000736733135, 0.298999263266865], [0.5562297936459559, 0.443770206354044], [0.49636962143450647, 0.5036303785654935], [0.49873384361657136, 0.5012661563834286], [0.42570940441604566, 0.5742905955839543], [0.6048894659187634, 0.39511053408123664], [0.7688477103257925, 0.2311522896742075], [0.3339333952705401, 0.6660666047294599], [0.37115570313223734, 0.6288442968677627], [0.5240696877168153, 0.4759303122831847], [0.12757739178685168, 0.8724226082131483], [0.5696094197447029, 0.4303905802552971], [0.7327725978232024, 0.26722740217679763], [0.5419108501607925, 0.4580891498392075], [0.4757014888806793, 0.5242985111193207], [0.5745878956683775, 0.42541210433162246], [0.3662407610993754, 0.6337592389006246], [0.5358266126157258, 0.4641733873842742], [0.4284725399500192, 0.5715274600499808], [0.35444342585483546, 0.6455565741451645], [0.1708546836521737, 0.8291453163478263], [0.44373726616018627, 0.5562627338398137], [0.6452260523823332, 0.35477394761766673], [0.2690355926537529, 0.7309644073462471], [0.6387537114025825, 0.36124628859741753], [0.4311425403307123, 0.5688574596692877], [0.5280737468730743, 0.47192625312692565], [0.6801937187823859, 0.31980628121761406], [0.3540680315249426, 0.6459319684750574], [0.657273570997859, 0.34272642900214095], [0.3480008415244491, 0.6519991584755509], [0.41924970766224035, 0.5807502923377597], [0.4291279188811504, 0.5708720811188496], [0.5705838974570365, 0.4294161025429635], [0.24302156359092408, 0.7569784364090759], [0.45254718205409017, 0.5474528179459098], [0.7067453047130835, 0.2932546952869165], [0.6177380991905717, 0.3822619008094283], [0.33211919645676524, 0.6678808035432348], [0.4761766220007081, 0.5238233779992919], [0.76458292161885, 0.23541707838115003], [0.7070613652810125, 0.29293863471898757], [0.6214241178134425, 0.3785758821865574], [0.5907011553847984, 0.4092988446152016], [0.415008282963677, 0.584991717036323], [0.44645887188837896, 0.553541128111621], [0.5544579339402009, 0.44554206605979907], [0.5438921905217312, 0.4561078094782688], [0.4493451665287289, 0.5506548334712711], [0.6551416896654194, 0.34485831033458053], [0.4784542810057828, 0.5215457189942172], [0.6084293028121639, 0.39157069718783616], [0.6093550025789614, 0.39064499742103864], [0.577084802945172, 0.42291519705482805], [0.6325526136438335, 0.36744738635616647]]}, "rewritten": {"ids": ["0", "2", "21", "44", "49", "54", "62", "67", "69", "70", "85", "86", "109", "110", "111", "127", "136", "137", "138", "140", "143", "146", "150", "155", "161", "165", "169", "175", "179", "190", "195", "199", "213", "219", "236", "239", "245", "249", "256", "260", "273", "277", "282", "293", "294", "296", "301", "303", "313", "327", "334", "353", "360", "363", "371", "378", "383", "387", "390", "395", "398", "400", "402", "405", "406", "411", "432", "433", "444", "446", "448", "453", "466", "468", "469", "477", "478", "486", "489", "492", "494", "497", "512", "518", "520", "529", "537", "539", "540", "548", "552", "553", "560", "601", "602", "606", "611", "619", "620", "621", "624", "629", "631", "643", "652", "667", "683", "690", "700", "701", "704", "705", "706", "710"], "labels": [0, 0, 0, 1, 1, 1, 0, 0, 0, 0, 0, 0, 1, 1, 1, 1, 1, 1, 1, 1, 1, 1, 1, 1, 1, 1, 1, 0, 0, 0, 0, 0, 0, 0, 0, 0, 0, 1, 0, 0, 0, 0, 0, 0, 0, 0, 0, 0, 0, 0, 0, 0, 0, 0, 0, 1, 0, 1, 1, 1, 1, 1, 1, 1, 1, 1, 1, 1, 0, 0, 0, 0, 0, 0, 0, 0, 0, 0, 0, 0, 0, 0, 0, 1, 1, 1, 1, 1, 1, 1, 1, 1, 0, 0, 0, 0, 0, 0, 0, 1, 1, 1, 1, 1, 1, 1, 1, 1, 1, 1, 1, 1, 1, 0], "predicted_labels": [1, 1, 1, 0, 1, 1, 0, 1, 1, 1, 1, 1, 0, 0, 0, 1, 1, 0, 1, 0, 0, 0, 0, 0, 1, 1, 1, 0, 0, 0, 0, 0, 0, 0, 0, 1, 1, 0, 0, 0, 0, 1, 0, 1, 1, 0, 0, 0, 1, 0, 1, 0, 1, 1, 0, 0, 0, 0, 0, 1, 1, 0, 1, 0, 0, 0, 0, 1, 1, 1, 0, 0, 1, 1, 0, 0, 1, 0, 1, 1, 1, 1, 0, 0, 0, 0, 1, 0, 1, 0, 0, 0, 0, 0, 0, 0, 0, 0, 0, 1, 1, 1, 0, 1, 1, 1, 1, 1, 0, 0, 0, 0, 1, 1],