{"test": {"ids": ["608", "416", "190", "599", "442", "574", "469", "376", "18", "73", "267", "214", "593", "99", "606", "570", "213", "640", "121", "297", "371", "248", "584", "414", "44", "328", "709", "439", "430", "196", "542", "125", "243", "231", "545", "306", "293", "25", "444", "675", "577", "211", "258", "397", "700", "111", "315", "475", "261", "511", "628", "324", "193", "405", "272", "77", "146", "680", "650", "531", "393", "619", "234", "60", "461", "219", "453", "8", "288", "518", "96", "45", "249", "169", "268", "415", "28", "332", "52", "696", "471", "395", "141", "327", "649", "479", "503", "555", "523", "394", "646", "548", "331", "134", "158", "123", "648", "154", "585", "688", "245", "669", "638", "557", "691", "485", "218", "21", "138", "91", "422", "482", "149", "166", "67", "282", "681", "413", "301", "632", "678", "704", "361", "148", "492", "210", "198", "30", "706", "567", "526", "616", "127", "671", "224", "241", "504", "147", "368", "5", "41", "621", "490"], "labels": [0, 0, 1, 1, 0, 1, 1, 0, 1, 1, 1, 1, 1, 0, 0, 1, 1, 0, 0, 1, 0, 0, 1, 0, 1, 0, 0, 0, 0, 1, 1, 0, 1, 1, 0, 1, 1, 1, 0, 0, 1, 1, 0, 0, 0, 1, 1, 1, 0, 1, 1, 0, 1, 0, 1, 1, 0, 0, 0, 0, 0, 0, 1, 1, 1, 1, 1, 0, 1, 0, 0, 1, 1, 0, 1, 0, 1, 0, 1, 0, 1, 0, 0, 0, 0, 1, 1, 1, 0, 0, 0, 0, 0, 0, 0, 0, 0, 0, 1, 0, 1, 0, 0, 1, 0, 0, 1, 1, 0, 0, 0, 0, 0, 0, 1, 1, 0, 0, 1, 0, 0, 0, 0, 0, 1, 1, 1, 1, 0, 1, 0, 0, 0, 0, 1, 1, 1, 0, 0, 0, 1, 1, 1], "predicted_labels": [0, 0, 1, 1, 0, 1, 0, 0, 1, 0, 0, 0, 0, 1, 0, 0, 0, 1, 1, 0, 0, 1, 0, 1, 0, 0, 0, 1, 1, 1, 1, 0, 1, 1, 1, 1, 0, 1, 1, 1, 1, 0, 0, 0, 0, 1, 0, 1, 0, 1, 1, 0, 0, 0, 1, 0, 0, 1, 0, 1, 0, 1, 1, 0, 1, 1, 0, 1, 1, 1, 0, 0, 0, 0, 1, 0, 0, 0, 1, 0, 1, 0, 0, 0, 0, 0, 1, 0, 1, 0, 0, 1, 0, 0, 0, 1, 0, 0, 0, 1, 1, 1, 0, 0, 0, 1, 0, 1, 1, 0, 0, 1, 0, 0, 0, 0, 0, 0, 1, 1, 0, 1, 0, 0, 1, 1, 0, 0, 0, 1, 1, 1, 0, 0, 1, 1, 1, 1, 0, 1, 1, 1, 0], "confidence_scores": [[0.8453442328740686, 0.15465576712593143], [0.9741566601237093, 0.025843339876290755], [0.49817291685369025, 0.5018270831463097], [0.33257527471007575, 0.6674247252899242], [0.7143232357867271, 0.28567676421327287], [0.21142210437253106, 0.7885778956274689], [0.8691788179024065, 0.13082118209759355], [0.9821336810780795, 0.017866318921920518], [0.12171707406062526, 0.8782829259393747], [0.9014738691346844, 0.0985261308653156], [0.7419167238091469, 0.2580832761908531], [0.7724269473787422, 0.22757305262125788], [0.5576374664855792, 0.4423625335144208], [0.3194993512022519, 0.6805006487977481], [0.8414296818747428, 0.1585703181252572], [0.8355290182781447, 0.16447098172185529], [0.5332399414929694, 0.4667600585070307], [0.21232174891427258, 0.7876782510857274], [0.4687176097897463, 0.5312823902102537], [0.6631992256442862, 0.3368007743557138], [0.5698760777566769, 0.4301239222433231], [0.4257047073709088, 0.5742952926290912], [0.9203032609400223, 0.07969673905997769], [0.3679969533865872, 0.6320030466134128], [0.9664220906676708, 0.03357790933232921], [0.5004199504966351, 0.49958004950336493], [0.9250944080853597, 0.07490559191464026], [0.4618528662553094, 0.5381471337446906], [0.45070474376204417, 0.5492952562379558], [0.385656653304576, 0.614343346695424], [0.1622938151641986, 0.8377061848358014], [0.8674571612187607, 0.13254283878123924], [0.2649657705871292, 0.7350342294128708], [0.16088410214892912, 0.8391158978510709], [0.37818737882883413, 0.6218126211711659], [0.4300144346538014, 0.5699855653461986], [0.7846659241653405, 0.21533407583465947], [0.30537805464050083, 0.6946219453594992], [0.4464448279132833, 0.5535551720867167], [0.12890776561083628, 0.8710922343891637], [0.3760703204811974, 0.6239296795188026], [0.6604225864805554, 0.3395774135194446], [0.6541627223857702, 0.3458372776142297], [0.9609141695080549, 0.039085830491945105], [0.524603520182618, 0.475396479817382], [0.47714283579395034, 0.5228571642060497], [0.5103140853846155, 0.4896859146153844], [0.2116219169146606, 0.7883780830853394], [0.600453647120234, 0.39954635287976603], [0.41584323560318914, 0.5841567643968109], [0.1304344414536921, 0.8695655585463079], [0.7103421783766724, 0.28965782162332765], [0.5114994771352671, 0.4885005228647329], [0.623380825962189, 0.376619174037811], [0.29225828061259695, 0.707741719387403], [0.7979156866026278, 0.20208431339737226], [0.7256956288332761, 0.27430437116672396], [0.4496828110165042, 0.5503171889834958], [0.8313592801979939, 0.16864071980200615], [0.22564376730448743, 0.7743562326955126], [0.9474967895220651, 0.05250321047793492], [0.15868401526564613, 0.8413159847343539], [0.45581262214259366, 0.5441873778574063], [0.7256988030385827, 0.27430119696141725], [0.10482671255446085, 0.8951732874455391], [0.44542011337401155, 0.5545798866259884], [0.6335273647736055, 0.36647263522639456], [0.28455696570475375, 0.7154430342952462], [0.0852631363129227, 0.9147368636870773], [0.4640561366736332, 0.5359438633263668], [0.7859720723578658, 0.21402792764213419], [0.9027542197332501, 0.09724578026674988], [0.9481093166261576, 0.05189068337384238], [0.700709123982631, 0.29929087601736903], [0.1672644537355754, 0.8327355462644246], [0.668171471622651, 0.331828528377349], [0.5675580456914424, 0.43244195430855764], [0.7702847826986517, 0.22971521730134825], [0.2807425524007693, 0.7192574475992307], [0.5683266909834295, 0.43167330901657053], [0.27152552744707237, 0.7284744725529276], [0.8782761217055319, 0.12172387829446808], [0.8556966668245091, 0.14430333317549093], [0.5522633255355791, 0.44773667446442095], [0.6176398293925853, 0.3823601706074147], [0.8612630128506928, 0.13873698714930718], [0.45589325914733037, 0.5441067408526696], [0.5209664911898115, 0.4790335088101884], [0.4692619609273947, 0.5307380390726053], [0.5635292936448154, 0.4364707063551846], [0.6554726400888816, 0.3445273599111184], [0.3355067309771069, 0.6644932690228931], [0.6418164855192965, 0.3581835144807035], [0.9247536108021965, 0.07524638919780349], [0.9667035466996208, 0.03329645330037921], [0.4142160515370231, 0.5857839484629769], [0.8901980910862537, 0.10980190891374626], [0.5656301742172962, 0.4343698257827037], [0.5036541211511554, 0.4963458788488446], [0.292256654047388, 0.707743345952612], [0.22236201649924225, 0.7776379835007577], [0.09393398029892974, 0.9060660197010703], [0.6654633646981855, 0.33453663530181454], [0.5558416288299552, 0.4441583711700448], [0.5695441826621634, 0.4304558173378365], [0.16755786318218358, 0.8324421368178164], [0.9262770889012516, 0.07372291109874839], [0.335312285432402, 0.664687714567598], [0.46334319162399396, 0.536656808376006], [0.5638591244736071, 0.43614087552639286], [0.6128388159681583, 0.38716118403184174], [0.16428319813705172, 0.8357168018629483], [0.6386888455885527, 0.36131115441144734], [0.844981933336018, 0.155018066663982], [0.6169671272755681, 0.3830328727244318], [0.6749605439117179, 0.32503945608828216], [0.6636468491527472, 0.3363531508472528], [0.8711441321144924, 0.1288558678855076], [0.10593603581559563, 0.8940639641844044], [0.2824439889584923, 0.7175560110415077], [0.9602404555217362, 0.03975954447826384], [0.20086568742671074, 0.7991343125732893], [0.7888644508534645, 0.2111355491465355], [0.9346026182654243, 0.06539738173457563], [0.3875163158421219, 0.6124836841578781], [0.21678400736953074, 0.7832159926304693], [0.6037808967100913, 0.39621910328990867], [0.5672894346618251, 0.4327105653381748], [0.6295953425220949, 0.3704046574779051], [0.1707426276431967, 0.8292573723568033], [0.43894655994768517, 0.5610534400523148], [0.2532354367489569, 0.7467645632510431], [0.8954378005102197, 0.1045621994897803], [0.6717468727956378, 0.32825312720436217], [0.20177251602807655, 0.7982274839719234], [0.13562774797492316, 0.8643722520250768], [0.2906751951219383, 0.7093248048780617], [0.4073828204559936, 0.5926171795440064], [0.8933241253043375, 0.10667587469566257], [0.45054085706675784, 0.5494591429332422], [0.4626227444003991, 0.5373772555996009], [0.3579587588089084, 0.6420412411910916], [0.8948306274698407, 0.10516937253015932]]},