{"test": {"ids": ["381", "388", "9", "682", "663", "70", "216", "293", "419", "686", "337", "595", "122", "429", "535", "421", "274", "66", "700", "223", "322", "224", "587", "607", "513", "65", "102", "517", "328", "443", "315", "660", "692", "67", "371", "616", "460", "332", "415", "42", "98", "611", "32", "402", "392", "172", "267", "531", "624", "457", "29", "54", "440", "708", "93", "413", "205", "454", "282", "515", "280", "592", "593", "308", "453", "12", "25", "370", "269", "398", "369", "327", "506", "262", "676", "363", "214", "661", "666", "441", "44", "160", "125", "16", "355", "553", "202", "137", "364", "273", "629", "62", "650", "601", "633", "96", "499", "90", "507", "656", "615", "709", "256", "13", "391", "434", "48", "286", "349", "320", "406", "442", "252", "86", "153", "372", "118", "233", "501", "669", "85", "311", "508", "600", "522", "431", "554", "420", "410", "192", "317", "295", "275", "644", "437", "386", "10", "43", "375", "259", "298"], "labels": [0, 1, 1, 1, 1, 0, 0, 0, 1, 1, 0, 0, 1, 1, 1, 1, 0, 0, 1, 0, 0, 0, 0, 0, 0, 0, 1, 1, 0, 1, 0, 1, 1, 0, 0, 0, 0, 0, 1, 1, 1, 0, 0, 1, 1, 1, 0, 1, 1, 0, 0, 1, 1, 1, 1, 1, 0, 0, 0, 0, 0, 0, 0, 0, 0, 1, 0, 0, 0, 1, 0, 0, 0, 0, 1, 0, 0, 1, 1, 1, 1, 1, 1, 0, 0, 1, 0, 1, 0, 0, 1, 0, 1, 0, 1, 1, 0, 1, 0, 1, 0, 1, 0, 1, 1, 1, 1, 0, 0, 0, 1, 1, 1, 0, 1, 0, 1, 0, 0, 1, 0, 0, 0, 0, 1, 1, 1, 1, 1, 0, 0, 0, 0, 1, 1, 1, 1, 1, 0, 0, 0], "predicted_labels": [0, 0, 0, 1, 1, 1, 0, 0, 0, 0, 0, 1, 0, 0, 0, 0, 0, 0, 1, 0, 0, 0, 0, 0, 1, 0, 0, 0, 1, 1, 1, 1, 1, 1, 0, 0, 0, 0, 0, 1, 0, 0, 1, 1, 1, 0, 1, 0, 0, 0, 0, 0, 0, 0, 0, 1, 0, 0, 0, 0, 0, 0, 0, 0, 0, 0, 1, 1, 0, 0, 1, 0, 0, 0, 0, 0, 0, 0, 0, 0, 1, 1, 1, 0, 0, 0, 0, 0, 1, 1, 0, 0, 0, 0, 0, 0, 0, 1, 0, 0, 0, 1, 0, 0, 0, 0, 1, 0, 0, 0, 0, 1, 1, 1, 1, 1, 1, 0, 0, 0, 1, 0, 0, 0, 1, 1, 0, 1, 0, 0, 0, 0, 0, 1, 0, 1, 0, 1, 0, 0, 0], "confidence_scores": [[0.6351051587301586, 0.3648948412698413], [0.5226562604062603, 0.47734373959373955], [0.568392857142857, 0.4316071428571429], [0.4531608946608946, 0.5468391053391054], [0.49068836718836706, 0.509311632811633], [0.42539792152292155, 0.5746020784770784], [0.5442270923520923, 0.4557729076479076], [0.5451171328671327, 0.4548828671328672], [0.7027996031746031, 0.29720039682539684], [0.5073948412698412, 0.49260515873015875], [0.6289109041543253, 0.37108909584567507], [0.4865830835830838, 0.5134169164169162], [0.5287916666666667, 0.4712083333333333], [0.5092830181514392, 0.49071698184856083], [0.5265055916305916, 0.4734944083694082], [0.5014891774891777, 0.49851082251082235], [0.619457264957265, 0.38054273504273495], [0.5989729437229435, 0.4010270562770565], [0.43544444444444447, 0.5645555555555555], [0.6209305000555001, 0.3790694999444999], [0.6828115079365078, 0.31718849206349203], [0.5977466006216006, 0.40225339937839943], [0.680978354978355, 0.31902164502164504], [0.6132298534798534, 0.38677014652014646], [0.4683849206349206, 0.5316150793650792], [0.5533782467532466, 0.4466217532467534], [0.5487841186591185, 0.4512158813408816], [0.5136556221556221, 0.4863443778443778], [0.4486112359862359, 0.551388764013764], [0.4646325757575759, 0.5353674242424242], [0.4634020562770564, 0.5365979437229437], [0.4819083694083694, 0.5180916305916307], [0.422263052006473, 0.577736947993527], [0.45316576479076476, 0.5468342352092352], [0.5103246753246753, 0.4896753246753247], [0.660873196248196, 0.3391268037518037], [0.6936176046176046, 0.30638239538239537], [0.6185676154985368, 0.38143238450146333], [0.522120879120879, 0.4778791208791209], [0.3850910894660894, 0.6149089105339106], [0.510317821067821, 0.489682178932179], [0.5408083860583861, 0.4591916139416139], [0.44077525252525257, 0.5592247474747475], [0.47540169552669553, 0.5245983044733044], [0.44585515873015874, 0.5541448412698413], [0.6296336580086581, 0.370366341991342], [0.460436507936508, 0.539563492063492], [0.5091540404040404, 0.49084595959595956], [0.5477853535353535, 0.4522146464646465], [0.5606004828504828, 0.4393995171495172], [0.5451818181818182, 0.45481818181818184], [0.515146756021756, 0.4848532439782441], [0.5004836413586417, 0.4995163586413584], [0.5579731379731381, 0.44202686202686203], [0.5173191391941391, 0.4826808608058609], [0.4946235569985569, 0.5053764430014431], [0.6088784271284272, 0.3911215728715727], [0.6526076839826841, 0.3473923160173162], [0.571295634920635, 0.42870436507936505], [0.6692871572871575, 0.3307128427128428], [0.6661053391053392, 0.33389466089466097], [0.6901035353535353, 0.30989646464646464], [0.5602408008658009, 0.43975919913419914], [0.5966300505050505, 0.40336994949494964], [0.5846145382395381, 0.4153854617604618], [0.526722582972583, 0.4732774170274169], [0.497988566988567, 0.5020114330114329], [0.4977635281385282, 0.5022364718614718], [0.6407959956709958, 0.35920400432900423], [0.5395160533910537, 0.46048394660894654], [0.4533281579531579, 0.5466718420468422], [0.6708294760794762, 0.3291705239205238], [0.5664825036075035, 0.43351749639249626], [0.6672839105339108, 0.3327160894660895], [0.5289590548340546, 0.4710409451659452], [0.5830010128760127, 0.4169989871239872], [0.5687839105339105, 0.43121608946608947], [0.5624841269841272, 0.43751587301587286], [0.5407302792237003, 0.45926972077629963], [0.6254626762126763, 0.37453732378732374], [0.33077398989898993, 0.6692260101010102], [0.40831775169275153, 0.5916822483072481], [0.4077590881340881, 0.592240911865912], [0.514140873015873, 0.485859126984127], [0.5590553751803751, 0.4409446248196249], [0.640477813852814, 0.3595221861471862], [0.6021848845598846, 0.3978151154401155], [0.6372234154734155, 0.3627765845265845], [0.4970386002886002, 0.5029613997113997], [0.4725234487734486, 0.5274765512265513], [0.5686051587301586, 0.43139484126984146], [0.5064007936507937, 0.49359920634920634], [0.5356051587301589, 0.4643948412698411], [0.6201073093573095, 0.37989269064269054], [0.5523373015873017, 0.44766269841269846], [0.5232304639804641, 0.4767695360195359], [0.5992918470418469, 0.40070815295815315], [0.47090140415140413, 0.5290985958485959], [0.5076814574314577, 0.49231854256854246], [0.5943457792207792, 0.4056542207792208], [0.6516468253968255, 0.34835317460317455], [0.4571547064047064, 0.5428452935952937], [0.6308526334776337, 0.36914736652236657], [0.5807494588744587, 0.4192505411255412], [0.6481858419358418, 0.3518141580641582], [0.6235431235431236, 0.3764568764568764], [0.36867292429792436, 0.6313270757020757], [0.6282915417915418, 0.3717084582084581], [0.5608060966810966, 0.43919390331890334], [0.5914435425685423, 0.4085564574314576], [0.6718844488844491, 0.32811555111555113], [0.42341883116883106, 0.5765811688311688], [0.48394072594072596, 0.5160592740592738], [0.45949332611832605, 0.540506673881674], [0.42935371572871567, 0.5706462842712844], [0.45134569597069607, 0.5486543040293038], [0.47486209623709624, 0.5251379037629038], [0.5912123015873015, 0.4087876984126984], [0.5818302808302809, 0.4181697191697193], [0.508279637029637, 0.4917203629703631], [0.4442595598845599, 0.5557404401154401], [0.6095455794205794, 0.3904544205794206], [0.662322534190955, 0.33767746580904456], [0.5683892773892776, 0.4316107226107226], [0.4891905316905315, 0.5108094683094684], [0.4522136335886337, 0.5477863664113664], [0.5552873376623377, 0.4447126623376624], [0.4158389249639249, 0.5841610750360751], [0.5910819805194805, 0.4089180194805195], [0.6266116522366522, 0.3733883477633478], [0.6190674603174604, 0.3809325396825397], [0.6456190476190478, 0.35438095238095235], [0.5970330086580088, 0.4029669913419913], [0.4202292568542569, 0.5797707431457432], [0.57408436008436, 0.42591563991564], [0.47356944444444465, 0.5264305555555553], [0.5477999639249641, 0.45220003607503606], [0.3307115800865801, 0.6692884199134199], [0.5824274891774891, 0.41757251082251096], [0.5431898656898658, 0.45681013431013406], [0.6597337662337662, 0.340266233766234]]},