{"test": {"ids": ["580", "462", "592", "566", "627", "274", "244", "703", "47", "532", "146", "284", "680", "14", "664", "459", "128", "390", "88", "418", "83", "89", "72", "61", "692", "625", "287", "325", "174", "106", "374", "342", "340", "630", "309", "286", "445", "513", "143", "648", "416", "575", "66", "375", "384", "93", "652", "163", "159", "323", "540", "536", "642", "436", "341", "32", "669", "306", "616", "38", "166", "453", "360", "348", "332", "491", "308", "265", "250", "155", "447", "530", "608", "84", "545", "69", "104", "709", "370", "542", "205", "585", "195", "299", "167", "288", "558", "241", "191", "43", "629", "281", "432", "544", "578", "279", "304", "363", "188", "666", "499", "472", "228", "621", "478", "571", "393", "60", "31", "148", "275", "73", "514", "451", "238", "71", "357", "297", "594", "98", "243", "691", "296", "99", "615", "65", "22", "328", "338", "53", "485", "708", "173", "58", "221", "0", "234", "371", "154", "100", "361", "694", "316"], "labels": [0, 0, 0, 0, 1, 0, 0, 1, 1, 1, 1, 0, 1, 1, 1, 0, 1, 1, 1, 1, 0, 1, 0, 0, 1, 1, 0, 0, 0, 1, 0, 0, 0, 1, 0, 0, 0, 0, 1, 1, 1, 0, 0, 0, 1, 1, 1, 1, 1, 0, 1, 1, 1, 1, 0, 0, 1, 0, 0, 1, 1, 0, 0, 0, 0, 0, 0, 0, 1, 1, 0, 1, 0, 0, 1, 0, 1, 1, 0, 1, 0, 0, 0, 0, 1, 0, 0, 0, 0, 1, 1, 0, 1, 1, 0, 0, 0, 0, 0, 1, 0, 0, 0, 1, 0, 0, 1, 0, 0, 1, 0, 0, 1, 0, 0, 0, 0, 0, 0, 1, 0, 1, 0, 1, 0, 0, 0, 0, 0, 1, 0, 1, 1, 1, 0, 0, 0, 0, 1, 1, 0, 1, 0], "predicted_labels": [1, 0, 0, 0, 1, 0, 0, 0, 0, 0, 1, 1, 1, 1, 0, 0, 0, 1, 1, 0, 0, 1, 0, 0, 0, 0, 0, 0, 0, 1, 1, 0, 1, 1, 0, 0, 0, 0, 0, 0, 1, 0, 0, 0, 1, 0, 0, 1, 1, 1, 1, 1, 1, 1, 1, 1, 0, 0, 0, 1, 1, 0, 1, 0, 0, 0, 0, 0, 0, 1, 0, 1, 0, 1, 0, 1, 0, 1, 1, 1, 0, 0, 0, 0, 1, 0, 0, 0, 0, 1, 1, 1, 0, 0, 0, 0, 0, 1, 0, 1, 0, 0, 0, 1, 0, 0, 1, 0, 0, 1, 0, 1, 1, 0, 0, 1, 0, 0, 0, 1, 1, 1, 0, 0, 0, 0, 0, 0, 1, 1, 0, 1, 0, 0, 0, 1, 1, 0, 0, 0, 0, 0, 1], "confidence_scores": [[0.43773290043290036, 0.5622670995670996], [0.5208425851925853, 0.4791574148074149], [0.642729947829948, 0.35727005217005214], [0.5697203463203465, 0.4302796536796534], [0.41643484848484846, 0.5835651515151514], [0.5324025252525255, 0.46759747474747454], [0.660332262182262, 0.33966773781773774], [0.5491541158188218, 0.45084588418117816], [0.5188412753912753, 0.4811587246087247], [0.5038077922077919, 0.49619220779220796], [0.4942687312687313, 0.5057312687312686], [0.4769971195471194, 0.5230028804528806], [0.42160296925296914, 0.5783970307470305], [0.49521176046176024, 0.5047882395382397], [0.6073108280608279, 0.3926891719391718], [0.6178376512376513, 0.38216234876234895], [0.5420045454545456, 0.45799545454545443], [0.4326819402819404, 0.5673180597180597], [0.4941868686868688, 0.5058131313131313], [0.5833226384726383, 0.4166773615273614], [0.5220735930735934, 0.4779264069264068], [0.4576888444888443, 0.5423111555111559], [0.5584816239316241, 0.44151837606837585], [0.5507542735042732, 0.4492457264957266], [0.5307031357531359, 0.469296864246864], [0.5086073315573315, 0.4913926684426685], [0.5294708458208456, 0.47052915417915425], [0.5460918026418026, 0.45390819735819726], [0.5553181818181817, 0.4446818181818183], [0.4972878066378068, 0.5027121933621932], [0.45275757020757024, 0.5472424297924298], [0.6024298867798868, 0.397570113220113], [0.4773526640026641, 0.5226473359973358], [0.4301648462648462, 0.5698351537351539], [0.6720441558441557, 0.3279558441558442], [0.5584479797979797, 0.4415520202020202], [0.5733560828060829, 0.42664391719391714], [0.501616847041847, 0.49838315295815305], [0.5051822344322344, 0.4948177655677656], [0.5002494227994231, 0.49975057720057703], [0.4611216616716617, 0.5388783383283383], [0.719278982128982, 0.28072101787101783], [0.5378224747474745, 0.46217752525252526], [0.5279731157731158, 0.47202688422688427], [0.45843275613275614, 0.5415672438672442], [0.5300675824175826, 0.4699324175824174], [0.5155189033189035, 0.4844810966810964], [0.39468679653679656, 0.6053132034632033], [0.3601427128427128, 0.639857287157287], [0.47607725607725593, 0.5239227439227441], [0.4901044344544345, 0.5098955655455655], [0.4646364857364858, 0.5353635142635143], [0.46011519591519606, 0.5398848040848041], [0.38824129530600116, 0.6117587046939988], [0.4713676434676434, 0.5286323565323565], [0.486193600843601, 0.513806399156399], [0.5931885392385394, 0.4068114607614607], [0.5073785492285494, 0.4926214507714506], [0.6202096015096016, 0.37979039849039836], [0.49176018981018993, 0.50823981018981], [0.3626035409035408, 0.6373964590964591], [0.6307898989898991, 0.369210101010101], [0.4604073093573095, 0.5395926906426906], [0.5566052447552449, 0.44339475524475513], [0.5065694139194141, 0.49343058608058576], [0.547070779220779, 0.4529292207792208], [0.5403122632269693, 0.45968773677303104], [0.528367143967144, 0.47163285603285593], [0.5513824675324678, 0.4486175324675325], [0.3742684704184704, 0.6257315295815296], [0.6253453490953492, 0.3746546509046508], [0.47587756132756137, 0.5241224386724387], [0.5730008769008768, 0.4269991230991232], [0.44822909867909855, 0.5517709013209012], [0.5565284992784992, 0.44347150072150066], [0.48094550449550433, 0.5190544955044958], [0.5439252802752803, 0.45607471972471975], [0.47441328393828386, 0.525586716061716], [0.48812904872904883, 0.5118709512709513], [0.4849533910533907, 0.5150466089466093], [0.6842841991341992, 0.315715800865801], [0.5121823953823955, 0.4878176046176046], [0.5380328060828062, 0.46196719391719393], [0.5136819624819625, 0.4863180375180375], [0.41430820290820286, 0.5856917970917973], [0.5079428404928404, 0.49205715950715967], [0.5112452519702518, 0.4887547480297482], [0.526402922077922, 0.4735970779220778], [0.5725485902985901, 0.4274514097014098], [0.3949976245976246, 0.6050023754023756], [0.4775698412698414, 0.5224301587301586], [0.49709350094350097, 0.5029064990564991], [0.63039773004773, 0.36960226995226997], [0.5402343101343102, 0.45976568986568983], [0.763696120546121, 0.2363038794538796], [0.596305633255633, 0.40369436674436693], [0.5194082972582974, 0.4805917027417027], [0.4579360028860029, 0.5420639971139972], [0.6133468808968809, 0.3866531191031191], [0.4785718614718615, 0.5214281385281385], [0.5974611832611831, 0.40253881673881686], [0.5314031385281385, 0.4685968614718615], [0.5677170995670994, 0.4322829004329006], [0.4979067932067933, 0.5020932067932067], [0.5134960650460649, 0.486503934953935], [0.5376988233988235, 0.4623011766011766], [0.4075325396825397, 0.5924674603174603], [0.5921082611832609, 0.40789173881673885], [0.5870468919968918, 0.412953108003108], [0.4471628371628372, 0.552837162837163], [0.5525158730158729, 0.44748412698412715], [0.4868695526695528, 0.5131304473304472], [0.46502409257409255, 0.5349759074259075], [0.6536334387834387, 0.3463665612165612], [0.6234779165279166, 0.37652208347208327], [0.41739189144189154, 0.5826081085581086], [0.5134496780996778, 0.48655032190032205], [0.5082519147519148, 0.49174808524808533], [0.5668147463647463, 0.43318525363525373], [0.48873402708402724, 0.511265972915973], [0.46124675324675324, 0.5387532467532469], [0.47368808413808405, 0.526311915861916], [0.5572465367965367, 0.4427534632034634], [0.5625469086469088, 0.43745309135309113], [0.605020856920857, 0.3949791430791431], [0.6367163752913753, 0.36328362470862463], [0.5276930791430792, 0.4723069208569208], [0.5077310245310246, 0.4922689754689753], [0.43555219780219784, 0.5644478021978023], [0.40183897409779756, 0.5981610259022024], [0.5916100732600733, 0.4083899267399268], [0.4858651515151518, 0.5141348484848481], [0.6528349150849152, 0.347165084915085], [0.5600367021867021, 0.4399632978132979], [0.5564589604839606, 0.4435410395160393], [0.49363223998224004, 0.5063677600177601], [0.4994198412698412, 0.5005801587301588], [0.5502801809301812, 0.4497198190698189], [0.5664945859695858, 0.43350541403041404], [0.55615004995005, 0.4438499500499501], [0.5971090909090908, 0.402890909090909], [0.5688251248751249, 0.4311748751248751], [0.48759928127428115, 0.5124007187257189]]}}