{"test": {"ids": ["282", "455", "108", "4", "517", "590", "28", "413", "467", "233", "660", "426", "374", "552", "154", "182", "685", "681", "457", "657", "296", "341", "42", "33", "440", "263", "702", "217", "604", "443", "173", "128", "41", "83", "501", "211", "468", "614", "1", "615", "550", "462", "70", "586", "523", "354", "365", "352", "669", "430", "498", "283", "396", "674", "618", "236", "177", "237", "682", "171", "353", "279", "57", "422", "285", "451", "55", "337", "206", "398", "72", "40", "135", "160", "431", "355", "642", "134", "291", "300", "320", "701", "600", "699", "178", "482", "126", "639", "113", "591", "574", "404", "67", "53", "627", "207", "273", "520", "691", "65", "496", "580", "663", "38", "170", "51", "48", "209", "322", "85", "349", "147", "212", "109", "382", "525", "250", "5", "562", "194", "293", "286", "622", "441", "220", "361", "486", "390", "348", "350", "214", "303", "284", "676", "547", "315", "526", "675", "325", "532", "122", "677", "513"], "labels": [0, 0, 0, 0, 1, 0, 0, 1, 0, 0, 0, 1, 1, 0, 1, 0, 0, 0, 0, 0, 0, 1, 0, 0, 1, 1, 1, 0, 0, 1, 1, 1, 0, 1, 0, 0, 0, 0, 1, 0, 0, 0, 1, 0, 1, 1, 1, 1, 0, 1, 0, 0, 1, 0, 0, 0, 0, 0, 0, 1, 1, 0, 0, 1, 0, 0, 0, 1, 0, 1, 1, 0, 1, 1, 1, 1, 0, 1, 0, 0, 0, 1, 0, 1, 0, 0, 1, 0, 1, 0, 0, 1, 1, 0, 1, 0, 0, 1, 1, 1, 1, 0, 0, 0, 1, 0, 0, 0, 0, 1, 1, 1, 0, 1, 1, 1, 1, 0, 0, 0, 0, 0, 1, 1, 0, 1, 0, 1, 1, 1, 0, 0, 0, 0, 0, 0, 1, 0, 1, 1, 1, 0, 0], "predicted_labels": [0, 0, 0, 0, 1, 0, 0, 1, 1, 0, 1, 1, 1, 0, 1, 0, 1, 0, 0, 0, 0, 1, 0, 0, 0, 0, 0, 0, 0, 0, 0, 0, 0, 1, 0, 0, 0, 0, 0, 0, 0, 0, 1, 1, 0, 1, 1, 1, 0, 1, 0, 0, 1, 0, 0, 0, 0, 0, 0, 1, 1, 0, 0, 1, 0, 0, 0, 1, 0, 1, 1, 1, 1, 0, 0, 0, 0, 1, 0, 0, 0, 0, 0, 1, 0, 0, 1, 0, 1, 0, 0, 0, 1, 0, 1, 0, 0, 1, 1, 1, 1, 0, 0, 0, 1, 0, 0, 0, 0, 1, 1, 1, 1, 0, 1, 1, 0, 0, 0, 0, 0, 0, 1, 0, 0, 0, 1, 1, 1, 1, 0, 0, 0, 1, 0, 0, 1, 0, 0, 1, 0, 0, 0], "confidence_scores": [[0.8004057269379191, 0.19959427306208088], [0.9871158864210543, 0.012884113578945661], [0.8800246689539369, 0.11997533104606319], [0.9192579600748232, 0.08074203992517696], [0.07396382618406713, 0.9260361738159327], [0.8708032932075795, 0.1291967067924205], [0.9637908286358825, 0.03620917136411748], [0.21028386855386128, 0.7897161314461386], [0.09438335597470018, 0.9056166440253], [0.9532061571676298, 0.04679384283237016], [0.18285375094440717, 0.817146249055593], [0.22995235275853224, 0.7700476472414675], [0.06367666371552261, 0.9363233362844773], [0.9257871482176531, 0.07421285178234699], [0.31228647736507853, 0.6877135226349214], [0.9776468737741556, 0.02235312622584451], [0.15250384485529025, 0.8474961551447098], [0.7596727192654269, 0.240327280734573], [0.9632570095624688, 0.036742990437531216], [0.989854928242796, 0.010145071757204097], [0.8008056588911817, 0.1991943411088183], [0.03524781608228633, 0.9647521839177138], [0.9222615979069172, 0.07773840209308276], [0.8667253607692931, 0.13327463923070704], [0.9510559241254531, 0.04894407587454679], [0.8543695196992497, 0.14563048030075035], [0.7672923382652542, 0.232707661734746], [0.9982808906813692, 0.0017191093186308332], [0.5253962931126165, 0.4746037068873833], [0.9355890522698499, 0.06441094773015005], [0.8254956406847443, 0.17450435931525565], [0.8522971838701523, 0.14770281612984784], [0.9858685320485029, 0.014131467951497084], [0.10543746685144641, 0.8945625331485537], [0.9921402419414117, 0.007859758058588212], [0.9387918366289101, 0.061208163371090016], [0.9693059947870503, 0.030694005212949602], [0.8756396721965439, 0.12436032780345589], [0.6215097117495526, 0.37849028825044734], [0.9979900650129362, 0.002009934987063729], [0.9943057469797469, 0.0056942530202530785], [0.8893727728087802, 0.11062722719121978], [0.0792054066685272, 0.9207945933314728], [0.02121763292579646, 0.9787823670742037], [0.7153359191805385, 0.2846640808194613], [0.41953259770338264, 0.5804674022966174], [0.0938646800314396, 0.9061353199685603], [0.027097260643858874, 0.9729027393561411], [0.7941672286294166, 0.2058327713705834], [0.14173859186006593, 0.858261408139934], [0.8134644470983183, 0.18653555290168158], [0.7984142183202073, 0.2015857816797927], [0.2984242909950361, 0.7015757090049638], [0.8748751904573316, 0.12512480954266833], [0.9977629251214168, 0.002237074878583204], [0.8490485990655956, 0.15095140093440457], [0.8971229807392848, 0.10287701926071513], [0.9098782234251663, 0.09012177657483378], [0.6717178708255886, 0.32828212917441124], [0.23428375149394517, 0.7657162485060549], [0.13613041608022083, 0.8638695839197793], [0.9559966118288127, 0.0440033881711874], [0.8523833014772576, 0.14761669852274226], [0.13975653047762596, 0.8602434695223741], [0.9641990830470376, 0.035800916952962406], [0.9913223090894536, 0.008677690910546387], [0.9625762362076778, 0.03742376379232214], [0.1380130701213712, 0.8619869298786285], [0.9933380793697472, 0.006661920630252922], [0.3102164699831529, 0.689783530016847], [0.44715404882032556, 0.5528459511796745], [0.37263555914030827, 0.6273644408596917], [0.009263422685104128, 0.9907365773148956], [0.5, 0.5], [0.49222901109701667, 0.5077709889029833], [0.7671685116697659, 0.23283148833023412], [0.7673251314745705, 0.23267486852542954], [0.01015871443727933, 0.9898412855627208], [0.6768696310517868, 0.32313036894821345], [0.5961835992688155, 0.4038164007311844], [0.9393776906740505, 0.06062230932594961], [0.6715838382549864, 0.32841616174501365], [0.8893981935953355, 0.11060180640466451], [0.012643891131053773, 0.9873561088689462], [0.6404836240922926, 0.3595163759077073], [0.95777196652567, 0.04222803347433007], [0.0028797026700035345, 0.9971202973299965], [0.5622664607763228, 0.43773353922367714], [0.08172943794872645, 0.9182705620512736], [0.8151780480653539, 0.18482195193464615], [0.9935503507121524, 0.006449649287847662], [0.7248865553788463, 0.27511344462115367], [0.017534038909269935, 0.98246596109073], [0.8573097801107555, 0.14269021988924435], [0.016168705402534924, 0.9838312945974651], [0.965596957034028, 0.03440304296597198], [0.9772852709472495, 0.022714729052750425], [0.13141834264782642, 0.8685816573521737], [0.10800292008502288, 0.8919970799149771], [0.4152547929200114, 0.5847452070799887], [0.3540218039285366, 0.6459781960714635], [0.9383988351667785, 0.06160116483322163], [0.9416936414251633, 0.05830635857483677], [0.8421375124694164, 0.1578624875305837], [2.4732181706794068e-06, 0.9999975267818293], [0.5966535748730923, 0.4033464251269076], [0.7934460276969192, 0.20655397230308087], [0.8924033919913907, 0.10759660800860936], [0.6798988743795031, 0.32010112562049686], [0.08869740330517406, 0.9113025966948259], [0.26841845579041823, 0.7315815442095815], [0.06194006553605431, 0.9380599344639459], [0.08914648570870806, 0.9108535142912918], [0.8688669693187155, 0.13113303068128454], [0.1700620261959778, 0.8299379738040222], [0.2523729584142156, 0.7476270415857845], [0.8812987126801165, 0.11870128731988339], [0.5497615163415029, 0.4502384836584971], [0.9579977812150805, 0.0420022187849195], [0.8593398565445962, 0.1406601434554036], [0.8065395606682378, 0.1934604393317622], [0.787271720218977, 0.21272827978102302], [0.10937564587064347, 0.8906243541293564], [0.6526942850689927, 0.34730571493100715], [0.9430839349876035, 0.056916065012396495], [0.5562533227249871, 0.4437466772750131], [0.2197108234745889, 0.780289176525411], [0.05531903547953521, 0.944680964520465], [0.0521415212338094, 0.9478584787661906], [0.15978233504312672, 0.8402176649568732], [0.9560286064975068, 0.04397139350249313], [0.9680514510078544, 0.03194854899214568], [0.9592100514947358, 0.040789948505264226], [0.07893296458537243, 0.9210670354146274], [0.8039783353418747, 0.1960216646581253], [0.48668496197346484, 0.5133150380265351], [0.33253505673329076, 0.6674649432667092], [0.9822426399698536, 0.017757360030146434], [0.5281800819121429, 0.4718199180878572], [0.14201910891046607, 0.8579808910895339], [0.9026280500907455, 0.09737194990925428], [0.9633432040672517, 0.03665679593274834], [0.9570915551264527, 