{"test": {"ids": ["7", "174", "224", "334", "344", "152", "122", "116", "240", "456", "55", "233", "702", "544", "183", "54", "89", "463", "30", "383", "535", "48", "527", "555", "632", "24", "300", "481", "573", "619", "169", "567", "83", "271", "559", "176", "593", "563", "622", "228", "692", "376", "274", "549", "372", "312", "197", "150", "438", "454", "600", "195", "28", "419", "362", "623", "584", "287", "709", "523", "368", "136", "502", "201", "388", "392", "217", "173", "316", "410", "498", "417", "430", "373", "354", "448", "132", "399", "574", "256", "289", "315", "84", "506", "389", "2", "330", "6", "140", "566", "615", "65", "57", "326", "610", "475", "44", "694", "628", "3", "678", "353", "358", "710", "204", "415", "546", "331", "281", "126", "494", "311", "143", "529", "1", "238", "118", "39", "449", "301", "442", "551", "648", "191", "8", "58", "99", "338", "192", "285", "295", "283", "483", "668", "402", "251", "705", "270", "294", "265", "16", "598", "689"], "labels": [0, 0, 0, 1, 1, 1, 1, 1, 0, 0, 0, 0, 1, 0, 0, 0, 0, 0, 0, 1, 1, 0, 1, 1, 0, 0, 0, 0, 0, 0, 1, 0, 1, 0, 0, 0, 0, 0, 1, 0, 1, 1, 0, 0, 1, 0, 0, 1, 1, 0, 0, 0, 0, 1, 1, 1, 0, 0, 1, 1, 1, 1, 0, 0, 1, 1, 0, 1, 0, 1, 0, 1, 1, 1, 1, 0, 1, 1, 0, 1, 0, 0, 1, 0, 1, 0, 1, 0, 1, 0, 0, 1, 0, 1, 0, 0, 0, 1, 1, 0, 0, 1, 1, 0, 0, 1, 0, 1, 0, 1, 1, 0, 1, 1, 1, 0, 1, 0, 0, 0, 1, 0, 0, 0, 0, 0, 0, 1, 0, 0, 0, 0, 0, 0, 1, 1, 1, 0, 0, 0, 1, 0, 1], "predicted_labels": [0, 0, 0, 1, 1, 1, 0, 1, 0, 1, 0, 1, 0, 1, 1, 1, 0, 0, 1, 0, 0, 0, 1, 0, 0, 0, 1, 0, 1, 0, 1, 0, 1, 0, 0, 1, 0, 0, 1, 0, 0, 1, 0, 1, 0, 1, 0, 1, 1, 1, 0, 1, 0, 0, 1, 0, 0, 0, 1, 1, 1, 1, 0, 0, 1, 1, 0, 0, 0, 1, 0, 0, 1, 1, 1, 0, 1, 1, 0, 1, 0, 1, 1, 1, 1, 0, 1, 0, 1, 0, 0, 1, 1, 1, 0, 0, 0, 0, 1, 0, 1, 1, 1, 0, 0, 1, 0, 1, 0, 1, 0, 0, 0, 1, 0, 0, 0, 0, 0, 0, 0, 0, 1, 0, 1, 1, 1, 1, 0, 0, 1, 0, 0, 0, 0, 1, 1, 0, 1, 1, 1, 0, 1], "confidence_scores": [[0.9999414583144676, 5.854168553248008e-05], [0.9973242395883084, 0.002675760411691638], [0.8163374779102903, 0.18366252208970965], [0.0024903856040762173, 0.9975096143959238], [0.017398810364498418, 0.9826011896355016], [0.00041695934314556204, 0.9995830406568544], [0.9672736610060775, 0.03272633899392249], [1.2524459079843453e-06, 0.999998747554092], [0.9999318716456708, 6.812835432922631e-05], [0.4081944144381998, 0.5918055855618002], [0.9989657050766318, 0.0010342949233681105], [0.21067801606954772, 0.7893219839304523], [0.9730035449678155, 0.026996455032184535], [0.471559138021574, 0.528440861978426], [0.009354796113834052, 0.990645203886166], [0.15506633750791055, 0.8449336624920895], [0.9948546921236028, 0.005145307876397213], [0.9998892587154615, 0.00011074128453848433], [0.035857752340054394, 0.9641422476599456], [0.9842595631309964, 0.015740436869003636], [0.7536762625734463, 0.2463237374265537], [0.9999977357488987, 2.264251101308778e-06], [0.00020003719379668716, 0.9997999628062033], [0.984649384810243, 0.015350615189757005], [0.9547932842202654, 0.045206715779734584], [0.8448615060882398, 0.15513849391176016], [0.004082749998335022, 0.995917250001665], [0.9803784185602261, 0.01962158143977384], [0.26604569448813165, 0.7339543055118684], [0.9977823247595824, 0.00221767524041764], [0.0035339955601172424, 0.9964660044398828], [0.9999026690762709, 9.733092372914354e-05], [7.41109597465206e-05, 0.9999258890402535], [0.9770828237938356, 0.022917176206164368], [0.9975173090495484, 0.002482690950451572], [8.66443408242823e-06, 0.9999913355659176], [0.9999532323781005, 4.676762189951647e-05], [0.9982923601683658, 0.0017076398316342957], [0.26045525506956413, 0.7395447449304359], [0.9868008274312126, 0.013199172568787389], [0.9617307658070618, 0.03826923419293812], [0.08363712125187539, 0.9163628787481246], [0.9997913368012723, 0.00020866319872764598], [8.660189767595305e-05, 0.999913398102324], [0.931006853032991, 0.06899314696700899], [0.31457949995525103, 0.685420500044749], [0.9932791020711236, 0.006720897928876402], [0.027883437593969607, 0.9721165624060304], [0.006952436886413671, 0.9930475631135863], [0.10096320615872278, 0.8990367938412772], [0.987587623871687, 0.012412376128313016], [0.1358039136758411, 0.8641960863241589], [0.9992445974956892, 0.0007554025043108785], [0.9620205354574141, 0.03797946454258594], [2.0408432943597177e-08, 0.9999999795915671], [0.9958765061122529, 0.00412349388774712], [0.9783387583339694, 0.02166124166603053], [0.9990726771619457, 0.0009273228380542647], [0.0011973913467904218, 0.9988026086532096], [0.0003573943982443373, 0.9996426056017557], [0.002634776195946098, 0.9973652238040539], [0.12171314511617493, 0.8782868548838251], [0.9991537443217058, 0.000846255678294256], [0.9753408389839698, 0.0246591610160302], [0.03287092509044065, 0.9671290749095593], [0.2582911415995125, 0.7417088584004875], [0.9999801612774059, 1.9838722594174338e-05], [0.7568737276162874, 0.24312627238371265], [0.9994497391322037, 0.0005502608677962627], [0.14402342862694428, 0.8559765713730557], [0.6689418440960417, 0.33105815590395826], [0.6197533278338699, 0.38024667216613006], [0.024991929056676687, 0.9750080709433233], [2.2427750622111553e-05, 0.9999775722493779], [7.534567710787421e-05, 0.9999246543228921], [0.5622515813428408, 0.43774841865715913], [0.011925370002816127, 0.9880746299971839], [0.00906374715815017, 0.9909362528418498], [0.9942728142445426, 0.005727185755457438], [0.2227795687865295, 0.7772204312134705], [0.9992597236701181, 0.0007402763298819356], [0.0027820375012357346, 0.9972179624987643], [0.01060101027216187, 0.9893989897278381], [0.0038129839414511313, 0.9961870160585489], [0.44245856154052665, 0.5575414384594733], [0.9602929017245532, 0.039707098275446884], [0.006568204120877885, 0.9934317958791221], [0.9807973993761188, 0.019202600623881218], [0.25767493764634164, 0.7423250623536584], [0.9877903893289276, 0.012209610671072377], [0.9999795867171722, 2.0413282827740312e-05], [0.0048431524075950305, 0.995156847592405], [0.11635226195419013, 0.8836477380458099], [5.6901637224049395e-05, 0.999943098362776], [0.999907061510685, 9.293848931507068e-05], [0.9999980443851898, 1.955614810237446e-06], [0.9147017377225648, 0.08529826227743516], [0.7854984426377615, 0.21450155736223855], [0.08260663140934199, 0.917393368590658], [0.8696823607874824, 0.13031763921251763], [0.011680390881648073, 0.9883196091183519], [4.270006825923822e-05, 0.9999572999317408], [0.0199526766861301, 0.9800473233138699], [0.9933858676835253, 0.006614132316474622], [0.9965332332768424, 0.003466766723157569], [0.07415591193182314, 0.9258440880681769], [0.9978679949681958, 0.0021320050318042543], [0.00019885658712537335, 0.9998011434128746], [0.9999000324472597, 9.996755274028171e-05], [0.008311773398525846, 0.9916882266014742], [0.6491309675068024, 0.35086903249319756], [0.9946348575870766, 0.0053651424129233785], [0.9702901819851133, 0.029709818014886664], [0.03223041222171774, 0.9677695877782823], [0.9998253714499457, 0.00017462855005434438], [0.9905692708968278, 0.00943072910317217], [0.6108816542691284, 0.3891183457308716], [0.9879972171955219, 0.012002782804478092], [0.9791838769340079, 0.02081612306599216], [0.9926362501104997, 0.007363749889500307], [0.7047643839118842, 0.29523561608811577], [0.9995760453935619, 0.00042395460643809607], [0.40019911909151484, 0.5998008809084852], [0.9946295858626367, 0.005370414137363261], [0.03947809323566753, 0.9605219067643325], [0.19650326509255844, 0.8034967349074416], [4.16625007341187e-05, 0.9999583374992659], [0.003024097222269928, 0.9969759027777301], [0.9979069625335185, 0.0020930374664814974], [0.9992170706488225, 0.0007829293511774737], [0.008173343875592654, 0.9918266561244073], [0.991652376063229, 0.00834762393677107], [0.8789585554312196, 0.12104144456878047], [0.9988033323112147, 0.0011966676887853582], [0.9997956568523808, 0.00020434314761918798], [0.10603203052705823, 0.8939679694729418], [0.019085369620457815, 0.9809146303795422], [0.7742963895864956, 0.22570361041350437], [0.00014090395545840462, 