{"test": {"ids": ["202", "110", "480", "504", "113", "363", "206", "36", "266", "605", "588", "481", "262", "2", "522", "644", "687", "408", "400", "364", "242", "439", "191", "261", "26", "236", "589", "702", "336", "590", "96", "136", "634", "55", "165", "60", "32", "9", "252", "143", "256", "125", "401", "177", "410", "682", "153", "447", "150", "132", "222", "54", "209", "683", "455", "377", "227", "674", "558", "69", "631", "241", "677", "574", "313", "425", "435", "159", "553", "594", "657", "320", "464", "528", "247", "652", "397", "156", "710", "229", "367", "160", "77", "506", "443", "369", "268", "221", "445", "497", "665", "62", "171", "431", "130", "534", "330", "232", "338", "11", "669", "161", "188", "83", "601", "18", "469", "104", "387", "22", "448", "616", "434", "649"], "labels": [1, 1, 1, 1, 1, 0, 1, 1, 1, 1, 1, 0, 0, 0, 0, 0, 1, 0, 0, 0, 1, 0, 1, 0, 1, 1, 1, 0, 0, 1, 0, 0, 1, 1, 0, 1, 1, 0, 1, 0, 0, 0, 0, 1, 0, 0, 0, 0, 0, 0, 1, 1, 1, 0, 1, 0, 1, 0, 1, 1, 0, 1, 0, 1, 1, 0, 0, 0, 0, 1, 0, 1, 1, 0, 0, 0, 0, 0, 0, 1, 0, 0, 1, 1, 0, 0, 1, 1, 0, 1, 0, 1, 0, 0, 0, 0, 0, 1, 0, 0, 0, 0, 1, 0, 1, 1, 1, 0, 0, 1, 0, 0, 0, 0], "predicted_labels": [1, 0, 1, 1, 1, 0, 1, 1, 1, 0, 1, 1, 0, 0, 1, 1, 1, 0, 1, 1, 1, 0, 1, 1, 1, 1, 1, 1, 1, 1, 0, 1, 1, 0, 0, 0, 1, 1, 0, 0, 0, 1, 0, 1, 0, 0, 1, 0, 1, 0, 1, 0, 1, 0, 1, 0, 1, 1, 0, 1, 1, 1, 1, 1, 0, 0, 0, 1, 1, 1, 1, 1, 1, 0, 1, 1, 0, 0, 0, 0, 0, 0, 0, 1, 1, 1, 1, 0, 0, 1, 1, 1, 0, 0, 1, 1, 0, 1, 0, 1, 1, 0, 1, 0, 0, 1, 0, 0, 0, 0, 1, 1, 0, 0], "confidence_scores": [[0.3699427122389001, 0.6300572877610999], [0.5583877429311268, 0.44161225706887314], [0.3055517708243174, 0.6944482291756826], [0.2683324028077049, 0.7316675971922951], [0.24922829655192769, 0.7507717034480723], [0.8941875367333725, 0.10581246326662755], [0.38592735926414634, 0.6140726407358537], [0.27217678964310754, 0.7278232103568925], [0.2924686395651567, 0.7075313604348433], [0.5618295967068502, 0.4381704032931498], [0.33987848950291666, 0.6601215104970833], [0.012110386640914794, 0.9878896133590852], [0.5140304038411336, 0.4859695961588663], [0.6599467841996927, 0.3400532158003073], [0.3082074248456359, 0.6917925751543641], [0.478070726391418, 0.521929273608582], [0.1258051299582007, 0.8741948700417993], [0.8328446331954756, 0.16715536680452436], [0.18426216334381496, 0.815737836656185], [0.2928431342880725, 0.7071568657119275], [0.10151910366035433, 0.8984808963396457], [0.6139025095906715, 0.3860974904093285], [0.3513853808135582, 0.6486146191864418], [0.4492922407389711, 0.5507077592610289], [0.2316629183678951, 0.7683370816321049], [0.20831941551933053, 0.7916805844806695], [0.10049616284005458, 0.8995038371599454], [0.2059554249718576, 0.7940445750281424], [0.4678991683159702, 0.5321008316840298], [0.25804978420846614, 0.7419502157915339], [0.6324156410411775, 0.36758435895882247], [0.4968756716506175, 0.5031243283493825], [0.33284107771395033, 0.6671589222860497], [0.9270925672409369, 0.07290743275906313], [0.5999170979974714, 0.4000829020025286], [0.8841383156442454, 0.11586168435575461], [0.2388386812855019, 0.7611613187144981], [0.24659470062798827, 0.7534052993720117], [0.7195352719418765, 0.2804647280581235], [0.8516759393105486, 0.1483240606894514], [0.7842162971969032, 0.21578370280309675], [0.19845026788163478, 0.8015497321183652], [0.7799450718018035, 0.22005492819819647], [0.31692613353870636, 0.6830738664612936], [0.5693693594222617, 0.43063064057773826], [0.5718291047900286, 0.4281708952099715], [0.19878614492147784, 0.8012138550785222], [0.7662246943013541, 0.23377530569864588], [0.39811817451885345, 0.6018818254811465], [0.8579277633381963, 0.14207223666180374], [0.2694641388223944, 0.7305358611776056], [0.7883201427721622, 0.2116798572278378], [0.2290459087488309, 0.7709540912511691], [0.6981780083602824, 0.3018219916397176], [0.061631375513835684, 0.9383686244861643], [0.7169456541578182, 0.2830543458421818], [0.2077494744185714, 0.7922505255814286], [0.21900874741466403, 0.780991252585336], [0.6519607390270284, 0.34803926097297155], [0.4191789883559778, 0.5808210116440222], [0.3970757713740368, 0.6029242286259632], [0.2846338390232632, 0.7153661609767368], [0.23070516877547875, 0.7692948312245212], [0.13945291648844238, 0.8605470835115576], [0.9235762852829074, 0.07642371471709264], [0.7845792778729259, 0.21542072212707403], [0.747918357152088, 0.25208164284791207], [0.37012108939448096, 0.629878910605519], [0.2598311940118946, 0.7401688059881054], [0.4202282123328235, 0.5797717876671765], [0.045237665014739026, 0.954762334985261], [0.20007339548109637, 0.7999266045189036], [0.1273191119000946, 0.8726808880999054], [0.5089820244679863, 0.4910179755320137], [0.3231178911303777, 0.6768821088696223], [0.47011574276020685, 0.5298842572397932], [0.7587718006762842, 0.24122819932371575], [0.6296338142519136, 0.3703661857480865], [0.6287073920505524, 0.3712926079494476], [0.7975539069079384, 0.20244609309206163], [0.7828858625193675, 0.21711413748063244], [0.5577774730802644, 0.4422225269197356], [0.6782207181725874, 0.3217792818274126], [0.317097608621977, 0.682902391378023], [0.2146886386966621, 0.7853113613033379], [0.49835955074052196, 0.501640449259478], [0.374031657325839, 0.625968342674161], [0.7490178517658035, 0.25098214823419657], [0.7232014812385054, 0.27679851876149464], [0.0451174423775752, 0.9548825576224248], [0.4965106829923035, 0.5034893170076965], [0.19265483231219616, 0.8073451676878038], [0.5361820446950306, 0.4638179553049694], [0.9561688872314804, 0.04383111276851955], [0.4407975239248191, 0.5592024760751809], [0.3094569757244011, 0.6905430242755989], [0.7427368638429531, 0.2572631361570469], [0.1610663409730294, 0.8389336590269706], [0.8722976417727317, 0.1277023582272683], [0.3821272158749377, 0.6178727841250623], [0.34872455624212395, 0.651275443757876], [0.9721483298843353, 0.027851670115664733], [0.34391844900272384, 0.6560815509972762], [0.7927766419984612, 0.2072233580015388], [0.9453824400515191, 0.05461755994848095], [0.15639909330772728, 0.8436009066922727], [0.7993616338111589, 0.20063836618884115], [0.5968436979850624, 0.4031563020149376], [0.5690236735206278, 0.4309763264793723], [0.7387825589504702, 0.2612174410495299], [0.3620751982142584, 0.6379248017857416], [0.3246641007340103, 0.6753358992659897], [0.6140313429384643, 0.38596865706153577], [0.7419629088705643, 0.25803709112943574]]}, "rewritten": {"ids": ["2", "9", "11", "18", "22", "26", "32", "36", "54", "55", "60", "62", "69", "77", "83", "96", "104", "110", "113", "125", "130", "132", "136", "143", "150", "153", "156", "159", "160", "161", "165", "171", "177", "188", "191", "202", "206", "209", "221", "222", "227", "229", "232", "236", "241", "242", "247", "252", "256", "261", "262", "266", "268", "313", "320", "330", "336", "338", "363", "364", "367", "369", "377", "387", "397", "400", "401", "408", "410", "425", "431", "434", "435", "439", "443", "445", "447", "448", "455", "464", "469", "480", "481", "497", "504", "506", "522", "528", "534", "553", "558", "574", "588", "589", "590", "594", "601", "605", "616", "631", "634", "644", "649", "652", "657", "665", "669", "674", "677", "682", "683", "687", "702", "710"], "labels": [0, 0, 0, 1, 1, 1, 1, 1, 1, 1, 1, 1, 1, 1, 0, 0, 0, 1, 1, 0, 0, 0, 0, 0, 0, 0, 0, 0, 0, 0, 0, 0, 1, 1, 1, 1, 1, 1, 1, 1, 1, 1, 1, 1, 1, 1, 0, 1, 0, 0, 0, 1, 1, 1, 1, 0, 0, 0, 0, 0, 0, 0, 0, 0, 0, 0, 0, 0, 0, 0, 0, 0, 0, 0, 0, 0, 0, 0, 1, 1, 1, 1, 0, 1, 1, 1, 0, 0, 0, 0, 1, 1, 1, 1, 1, 1, 1, 1, 0, 0, 1, 0, 0, 0, 0, 0, 0, 0, 0, 0, 0, 1, 0, 0], "predicted_labels": [0, 0, 1, 1, 0, 1, 1, 1, 0, 0, 0, 0, 1, 0, 0, 1, 1, 0, 1, 0, 1, 0, 0, 0, 1, 1, 0, 1, 1, 0, 1, 0, 1, 1, 1, 1, 1, 1, 0, 1, 1, 1, 1, 1, 1, 1, 0, 0, 0, 0, 0, 1, 0, 0, 0, 0, 1, 0, 0, 1, 0, 0, 0, 0, 1, 0, 1, 0, 1, 0, 0, 1, 1, 0, 1, 1, 0, 1, 1, 1, 1, 1, 1, 1, 1, 1, 1, 1, 1, 1, 1, 0, 0, 1, 1, 0, 0, 0, 1, 0, 1, 1, 1, 1, 1, 1, 1, 1, 1, 0, 1, 1, 0, 1],