{"test": {"ids": ["697", "266", "557", "47", "652", "665", "83", "495", "424", "409", "121", "664", "386", "346", "540", "705", "369", "706", "663", "187", "38", "662", "120", "361", "181", "42", "702", "575", "251", "609", "460", "621", "261", "92", "5", "116", "81", "645", "499", "617", "504", "193", "23", "643", "514", "253", "558", "215", "400", "135", "11", "541", "573", "613", "466", "167", "536", "544", "420", "431", "572", "173", "472", "162", "633", "143", "214", "587", "145", "381", "606", "696", "348", "683", "250", "323", "304", "642", "380", "70", "51", "448", "153", "650", "698", "32", "27", "413", "344", "586", "508", "522", "485", "134", "526", "527", "28", "123", "518", "291", "312", "373", "634", "637", "169", "452", "580", "115", "360", "480", "117", "674", "244", "1", "180", "374", "387", "91", "276", "66", "592", "551", "45", "132", "148", "433", "52", "255", "390", "262", "577", "325", "616", "259", "425", "160", "319", "707", "506", "58", "318", "186", "37"], "labels": [0, 1, 1, 1, 0, 0, 0, 0, 0, 0, 0, 0, 0, 0, 0, 0, 0, 0, 0, 1, 1, 0, 1, 0, 1, 1, 0, 1, 1, 0, 1, 1, 0, 0, 0, 1, 0, 0, 1, 0, 1, 1, 1, 0, 0, 1, 1, 1, 0, 0, 0, 1, 1, 0, 1, 0, 0, 0, 0, 0, 1, 0, 1, 0, 0, 0, 1, 1, 0, 1, 0, 0, 0, 0, 1, 1, 1, 0, 1, 1, 1, 0, 0, 0, 0, 1, 1, 0, 0, 1, 1, 0, 0, 0, 0, 0, 1, 0, 0, 1, 1, 0, 1, 0, 0, 1, 1, 1, 0, 1, 1, 0, 1, 0, 1, 0, 0, 0, 1, 1, 1, 0, 1, 0, 0, 0, 1, 0, 0, 0, 1, 0, 0, 0, 0, 0, 1, 0, 1, 1, 1, 1, 1], "predicted_labels": [0, 1, 1, 1, 0, 1, 0, 0, 0, 0, 1, 0, 0, 0, 0, 0, 0, 0, 1, 0, 0, 0, 1, 1, 1, 1, 0, 1, 1, 1, 1, 0, 1, 1, 0, 0, 0, 0, 1, 0, 1, 1, 1, 0, 0, 1, 1, 1, 1, 0, 1, 0, 0, 0, 1, 1, 1, 0, 0, 0, 1, 1, 1, 0, 0, 0, 1, 0, 0, 0, 1, 0, 0, 0, 1, 1, 1, 1, 0, 0, 1, 1, 0, 1, 1, 0, 1, 0, 0, 1, 0, 0, 1, 1, 1, 0, 0, 0, 0, 0, 1, 0, 1, 1, 1, 1, 1, 1, 0, 1, 1, 1, 1, 0, 1, 0, 0, 0, 0, 0, 1, 0, 0, 0, 0, 0, 0, 1, 0, 0, 1, 0, 1, 1, 0, 0, 1, 1, 1, 0, 1, 1, 0], "confidence_scores": [[0.5228544735638281, 0.47714552643617175], [0.4738283154113966, 0.5261716845886035], [0.23558510250772882, 0.7644148974922711], [0.4211649502225447, 0.5788350497774551], [0.5486253093089772, 0.4513746906910227], [0.47165294227365673, 0.5283470577263433], [0.6785845890946867, 0.32141541090531356], [0.7050511397323399, 0.2949488602676602], [0.5921323263052294, 0.4078676736947705], [0.5628587750090562, 0.4371412249909439], [0.3984651159673438, 0.6015348840326563], [0.5952954283638443, 0.4047045716361557], [0.6878355004803556, 0.3121644995196444], [0.5681538774664728, 0.4318461225335272], [0.6765343273692606, 0.32346567263073955], [0.5291865459219286, 0.4708134540780714], [0.7288518092721906, 0.2711481907278092], [0.694839796845015, 0.3051602031549848], [0.48488853920730013, 0.5151114607926998], [0.526613058568498, 0.47338694143150195], [0.6914962056255011, 0.30850379437449876], [0.5103152192442424, 0.48968478075575755], [0.31891969394489617, 0.681080306055104], [0.3356447131525739, 0.6643552868474261], [0.20522659062031348, 0.7947734093796868], [0.4539246877532189, 0.546075312246781], [0.6766741036562987, 0.32332589634370135], [0.3018948009209302, 0.6981051990790696], [0.4797271097852873, 0.5202728902147128], [0.47640832603540983, 0.5235916739645899], [0.4480983515767477, 0.5519016484232523], [0.5380262007126344, 0.4619737992873657], [0.47537685121821555, 0.5246231487817846], [0.45395807608305494, 0.5460419239169451], [0.575375495309359, 0.424624504690641], [0.5374616453460297, 0.46253835465397036], [0.6598728555150387, 0.3401271444849613], [0.5846861407988059, 0.415313859201194], [0.32491853498830925, 0.6750814650116909], [0.5129775581754513, 0.48702244182454857], [0.37905919872120514, 0.6209408012787948], [0.4800709102497349, 0.5199290897502652], [0.4182141394110176, 0.5817858605889823], [0.5542872926878196, 0.4457127073121804], [0.5078971375828193, 0.4921028624171807], [0.34455725910446977, 0.65544274089553], [0.3402146496821408, 0.6597853503178591], [0.38196875514368295, 0.618031244856317], [0.4733057665384709, 0.526694233461529], [0.6630822997002924, 0.33691770029970775], [0.3663425188269227, 0.6336574811730774], [0.5626523806826763, 0.43734761931732363], [0.5857619385661627, 0.41423806143383746], [0.6940451735621673, 0.30595482643783245], [0.4338022412656814, 0.5661977587343187], [0.4833397772175852, 0.5166602227824149], [0.34806709142780135, 0.6519329085721989], [0.5458992565518906, 0.45410074344810925], [0.5513248820336142, 0.4486751179663859], [0.5810729693430287, 0.4189270306569715], [0.4569147255535239, 0.5430852744464761], [0.1782878459641241, 0.8217121540358763], [0.32843358481500806, 0.6715664151849919], [0.57731166975314, 0.42268833024686003], [0.5255708673784848, 0.4744291326215152], [0.6090526049404642, 0.3909473950595358], [0.41074818893596154, 0.5892518110640385], [0.5577911205557948, 0.4422088794442052], [0.5351062996004897, 0.4648937003995104], [0.5912721682426847, 0.4087278317573155], [0.40203712824404625, 0.5979628717559538], [0.5977495357265207, 0.40225046427347927], [0.6197952763367568, 0.3802047236632432], [0.7155817526753292, 0.284418247324671], [0.2349976681526293, 0.7650023318473705], [0.4202361395155622, 0.5797638604844377], [0.3560401817611949, 0.6439598182388052], [0.44942038205018026, 0.5505796179498198], [0.5311903086139135, 0.4688096913860865], [0.7819724433285069, 0.21802755667149304], [0.32400600190303075, 0.6759939980969694], [0.4158166777481671, 0.584183322251833], [0.5385159695756079, 0.46148403042439207], [0.4755854663925908, 0.5244145336074092], [0.4488404491991981, 0.5511595508008017], [0.550355267246507, 0.4496447327534929], [0.4867193311021835, 0.5132806688978166], [0.5304579948629801, 0.46954200513702], [0.6550761654939657, 0.3449238345060341], [0.41177824641308136, 0.5882217535869185], [0.552026118276504, 0.44797388172349595], [0.5307043491527559, 0.469295650847244], [0.41069038124730645, 0.5893096187526935], [0.41146825820007216, 0.5885317417999278], [0.24621637587988135, 0.7537836241201186], [0.5576720420871222, 0.4423279579128779], [0.5927496031285675, 0.40725039687143244], [0.6238666056600304, 0.37613339433996973], [0.7065724941537839, 0.29342750584621585], [0.6520282039795331, 0.34797179602046685], [0.4900453432660118, 0.5099546567339884], [0.6214455161586342, 0.37855448384136586], [0.34571690910768627, 0.6542830908923138], [0.4245141410182028, 0.5754858589817972], [0.4523671971346382, 0.5476328028653618], [0.4331371246291522, 0.5668628753708479], [0.5, 0.5], [0.48371543188115507, 0.5162845681188449], [0.7749353096493886, 0.2250646903506115], [0.4278714297812835, 0.5721285702187164], [0.34790597546038865, 0.6520940245396115], [0.4215916612467119, 0.5784083387532883], [0.4807040486538849, 0.5192959513461152], [0.6065960988491844, 0.3934039011508157], [0.44678211162617826, 0.5532178883738219], [0.6996909388440202, 0.3003090611559798], [0.557130562650822, 0.4428694373491781], [0.5300588946414432, 0.4699411053585569], [0.6848600733336104, 0.3151399266663896], [0.5401908076250066, 0.4598091923749935], [0.3586310263782839, 0.641368973621716], [0.5090630132435331, 0.49093698675646696], [0.7007615229017568, 0.29923847709824325], [0.6782598545664401, 0.3217401454335596], [0.6168350472347942, 0.38316495276520574], [0.6860233642206155, 0.31397663577938467], [0.5814587702942421, 0.41854122970575774], [0.33278039063886883, 0.6672196093611311], [0.5570980666620307, 0.4429019333379694], [0.6413457213497534, 0.35865427865024657], [0.41071299846861403, 0.589287001531386], [0.7447155175299625, 0.25528448247003765], [0.3352320183487052, 0.664767981651295], [0.4213506480596916, 0.5786493519403083], [0.5298790365758308, 0.4701209634241693], [0.6199552331699221, 0.380044766830078], [0.32292924278299545, 0.6770707572170045], [0.4562366200915293, 0.5437633799084708], [0.33685224727702273, 0.6631477527229772], [0.53643673673964, 0.4635632632603599], [0.28785555386484674, 0.7121444461351533], [0.3133344451934569, 0.686665554806543], [0.5755082982032707, 0.4244917017967291]]},