{"test": {"ids": ["283", "264", "568", "155", "396", "7", "128", "184", "664", "479", "145", "392", "351", "163", "443", "328", "626", "192", "238", "286", "355", "37", "80", "408", "113", "237", "702", "522", "343", "46", "344", "701", "667", "637", "61", "411", "91", "88", "431", "515", "426", "13", "66", "454", "323", "698", "391", "494", "472", "240", "473", "410", "99", "381", "53", "361", "500", "162", "253", "246", "92", "239", "42", "141", "347", "250", "682", "301", "233", "461", "330", "523", "17", "420", "696", "339", "442", "167", "142", "466", "227", "79", "452", "616", "649", "549", "486", "579", "319", "308", "106", "15", "217", "560", "578", "685", "48", "541", "96", "325", "422", "644", "555", "675", "366", "358", "401", "671", "6", "179", "189", "592", "407", "98", "607", "200", "304", "1", "101", "372", "405", "310", "665", "663", "403", "110", "231", "254", "404", "668", "429", "181", "512", "102", "658", "327", "440", "526", "610", "394", "418", "487", "354"], "labels": [1, 1, 1, 0, 0, 0, 0, 1, 0, 1, 0, 0, 0, 0, 0, 0, 1, 1, 1, 1, 0, 1, 1, 0, 1, 1, 0, 0, 0, 1, 0, 0, 0, 0, 1, 0, 0, 0, 0, 0, 0, 0, 1, 1, 1, 0, 0, 0, 1, 1, 1, 0, 0, 1, 1, 0, 1, 0, 1, 0, 0, 1, 1, 0, 0, 1, 0, 1, 1, 1, 0, 0, 0, 0, 0, 0, 0, 0, 0, 1, 1, 1, 1, 0, 0, 0, 0, 1, 1, 1, 0, 0, 1, 1, 1, 1, 1, 1, 0, 0, 0, 0, 1, 0, 0, 0, 0, 0, 0, 1, 1, 1, 0, 0, 0, 1, 1, 0, 0, 0, 0, 1, 0, 0, 0, 1, 1, 1, 0, 0, 0, 1, 1, 0, 0, 0, 0, 0, 0, 0, 0, 0, 0], "predicted_labels": [1, 0, 1, 0, 0, 1, 0, 1, 1, 1, 0, 0, 0, 0, 1, 0, 0, 1, 1, 0, 0, 0, 1, 1, 1, 1, 0, 1, 1, 0, 0, 0, 1, 1, 1, 0, 0, 0, 0, 0, 0, 0, 1, 1, 1, 0, 0, 1, 0, 1, 1, 0, 1, 0, 1, 1, 1, 0, 0, 1, 0, 1, 0, 0, 0, 1, 0, 1, 1, 1, 0, 1, 1, 1, 0, 0, 0, 0, 0, 0, 0, 0, 1, 1, 0, 0, 0, 1, 1, 0, 0, 1, 1, 1, 1, 0, 0, 1, 0, 1, 0, 0, 1, 0, 0, 0, 1, 0, 0, 1, 1, 0, 0, 0, 0, 1, 0, 0, 1, 0, 0, 1, 0, 1, 0, 1, 1, 0, 1, 1, 0, 1, 1, 0, 1, 1, 0, 1, 1, 0, 0, 0, 0], "confidence_scores": [[0.4087941117166014, 0.5912058882833986], [0.7110727541374748, 0.2889272458625252], [0.11490168171293635, 0.8850983182870636], [0.8002309652882581, 0.19976903471174193], [0.9304689406943255, 0.06953105930567452], [0.24510766897538228, 0.7548923310246177], [0.6415441486644771, 0.3584558513355229], [0.2672186940891763, 0.7327813059108237], [0.19318950832705373, 0.8068104916729463], [0.37316576815519176, 0.6268342318448082], [0.6223898325097079, 0.3776101674902921], [0.6870961599497203, 0.31290384005027977], [0.8298973461754605, 0.1701026538245395], [0.6647946588624296, 0.33520534113757033], [0.23416116600102865, 0.7658388339989713], [0.6374849623386833, 0.3625150376613167], [0.5972805080250819, 0.4027194919749181], [0.1402705562316764, 0.8597294437683236], [0.0952154653588081, 0.9047845346411919], [0.5920103611587584, 0.4079896388412417], [0.5030756461681412, 0.4969243538318589], [0.820336913548607, 0.17966308645139292], [0.1146481319375483, 0.8853518680624517], [0.40823200592318876, 0.5917679940768112], [0.02331913854486367, 0.9766808614551363], [0.024590678333377247, 0.9754093216666228], [0.695097515671637, 0.304902484328363], [0.056706743279512084, 0.9432932567204879], [0.4202322541257957, 0.5797677458742043], [0.5236834090038265, 0.4763165909961735], [0.8612506931878451, 0.13874930681215494], [0.8142037333366401, 0.18579626666335988], [0.22390622907326185, 0.7760937709267381], [0.34284063054939995, 0.6571593694506], [0.3182103971150635, 0.6817896028849365], [0.6438339918996159, 0.3561660081003842], [0.8015273693574039, 0.19847263064259618], [0.8784174210064193, 0.12158257899358067], [0.9227509525082563, 0.07724904749174362], [0.7046369522843225, 0.29536304771567745], [0.6932042877381678, 0.3067957122618322], [0.5771786767710791, 0.42282132322892085], [0.07284924704333584, 0.9271507529566642], [0.07966379317102956, 0.9203362068289704], [0.18937411938298443, 0.8106258806170156], [0.640767907679983, 0.359232092320017], [0.8056664660529163, 0.19433353394708378], [0.3886774455749631, 0.6113225544250369], [0.7016708246773007, 0.2983291753226993], [0.16161443163226719, 0.8383855683677328], [0.09163483335190115, 0.9083651666480989], [0.7523137833247981, 0.24768621667520185], [0.4923250333946272, 0.5076749666053728], [0.5722047882087766, 0.4277952117912233], [0.3912613599470858, 0.6087386400529142], [0.15766601988731999, 0.84233398011268], [0.470574266542619, 0.529425733457381], [0.9150323371730593, 0.08496766282694071], [0.5635661042703238, 0.43643389572967617], [0.32075291528550687, 0.6792470847144931], [0.9223225274661623, 0.07767747253383768], [0.4208276887317691, 0.5791723112682309], [0.7402574684001337, 0.2597425315998663], [0.9108795470377409, 0.08912045296225915], [0.8116553018579501, 0.18834469814204988], [0.21156211477069364, 0.7884378852293064], [0.7737976341625094, 0.22620236583749062], [0.4513261760609458, 0.5486738239390542], [0.010288942684883895, 0.9897110573151161], [0.11156990133038236, 0.8884300986696176], [0.7754665688394212, 0.22453343116057875], [0.2132795926025136, 0.7867204073974864], [0.3605513618008164, 0.6394486381991836], [0.48528778828966856, 0.5147122117103314], [0.5366366174313656, 0.4633633825686344], [0.6576070001358107, 0.3423929998641893], [0.6595272512637628, 0.34047274873623723], [0.6601458988082722, 0.3398541011917278], [0.96515911710298, 0.03484088289702003], [0.5686308501337256, 0.4313691498662744], [0.7786680667175602, 0.2213319332824398], [0.7963858821239818, 0.2036141178760182], [0.2120571033513553, 0.7879428966486447], [0.0714682718793126, 0.9285317281206874], [0.6396230160129677, 0.3603769839870323], [0.919312161019499, 0.08068783898050108], [0.8828601387155878, 0.11713986128441226], [0.13625061915666958, 0.8637493808433304], [0.24703628453274262, 0.7529637154672574], [0.5687404067387775, 0.43125959326122254], [0.8520906161490615, 0.14790938385093855], [0.49335027387963803, 0.506649726120362], [0.06125302690241474, 0.9387469730975853], [0.16750705417186462, 0.8324929458281354], [0.48552809574263367, 0.5144719042573663], [0.7819901020219678, 0.21800989797803216], [0.7473459640919481, 0.2526540359080519], [0.14497145770854003, 0.85502854229146], [0.5310934497390698, 0.46890655026093014], [0.430875499091781, 0.569124500908219], [0.7702617947864332, 0.22973820521356686], [0.6850625736310728, 0.3149374263689272], [0.0681428564040718, 0.9318571435959282], [0.9366461143678051, 0.06335388563219496], [0.7999346884109771, 0.20006531158902288], [0.9465804577150194, 0.05341954228498062], [0.1851845857202723, 0.8148154142797277], [0.7265710580551356, 0.27342894194486445], [0.8411092755596292, 0.15889072444037072], [0.25421415318235363, 0.7457858468176464], [0.07874301417823892, 0.9212569858217611], [0.6612472156365231, 0.3387527843634769], [0.8358498151967093, 0.16415018480329074], [0.569799699179289, 0.43020030082071103], [0.8125851907154034, 0.18741480928459667], [0.4900655080392713, 0.5099344919607287], [0.6141483243408015, 0.3858516756591985], [0.7115829575675259, 0.2884170424324741], [0.2885666371986666, 0.7114333628013334], [0.6711996753749915, 0.3288003246250085], [0.8482119120203622, 0.1517880879796379], [0.41885909105535657, 0.5811409089446434], [0.7834569022688969, 0.21654309773110317], [0.2953825432933732, 0.7046174567066268], [0.8125237909852708, 0.18747620901472917], [0.2681229626537496, 0.7318770373462504], [0.256900684168071, 0.743099315831929], [0.5938865530256361, 0.4061134469743639], [0.0662406903990348, 0.9337593096009652], [0.04487075131889984, 0.9551292486811002], [0.6369294532959193, 0.3630705467040807], [0.031098789396815762, 0.9689012106031842], [0.08173811164632139, 0.9182618883536786], [0.8978312145177254, 0.10216878548227454], [0.40047804626016437, 0.5995219537398356], [0.2818541222207912, 0.7181458777792088], [0.7691941490966776, 0.23080585090332237], [0.19201815569580516, 0.8079818443041948], [0.48774126572891396, 0.512258734271086], [0.8001301403560082, 0.19986985964399187], [0.9050973828289144, 0.09490261717108561], [0.6445165067207164, 0.3554834932792837], [0.7092983480618129, 0.2907016519381871]]},