{"test": {"ids": ["555", "671", "158", "94", "148", "391", "93", "326", "89", "684", "426", "529", "16", "102", "197", "491", "384", "154", "697", "418", "121", "600", "709", "591", "468", "273", "407", "52", "497", "234", "487", "151", "37", "265", "366", "51", "91", "691", "304", "411", "592", "521", "229", "136", "679", "661", "179", "153", "496", "214", "266", "434", "202", "241", "500", "437", "133", "289", "674", "484", "516", "466", "119", "337", "387", "523", "585", "566", "88", "361", "82", "673", "124", "423", "282", "390", "526", "424", "364", "0", "538", "125", "686", "33", "681", "462", "656", "140", "425", "690", "342", "185", "419", "499", "371", "12", "207", "131", "470", "501", "75", "224", "557", "634", "40", "467", "428", "212", "269", "415", "219", "458", "156", "489", "421", "86", "64", "473", "270", "636", "344", "117", "413", "619", "67", "588", "247", "329", "551", "81", "178", "710", "552", "201", "195", "222", "138", "490", "589", "630", "165", "242", "570"], "labels": [1, 1, 1, 1, 1, 1, 1, 0, 1, 1, 1, 1, 0, 1, 0, 0, 1, 1, 1, 1, 1, 0, 1, 0, 0, 0, 1, 1, 0, 0, 0, 1, 1, 0, 0, 1, 1, 1, 0, 1, 0, 1, 0, 1, 1, 1, 0, 1, 1, 0, 0, 1, 0, 0, 0, 1, 1, 0, 1, 0, 1, 0, 1, 0, 1, 1, 0, 0, 1, 0, 1, 1, 1, 1, 0, 1, 1, 1, 0, 0, 1, 1, 1, 0, 1, 0, 1, 1, 1, 1, 0, 0, 1, 0, 0, 1, 0, 1, 0, 0, 0, 0, 0, 1, 1, 0, 1, 0, 0, 1, 0, 0, 1, 0, 1, 0, 0, 0, 0, 1, 0, 1, 1, 0, 0, 0, 0, 0, 1, 1, 0, 0, 1, 0, 0, 0, 1, 0, 0, 1, 1, 0, 0], "predicted_labels": [0, 0, 1, 0, 1, 0, 1, 1, 1, 1, 1, 1, 1, 0, 0, 0, 1, 1, 0, 0, 1, 0, 1, 0, 0, 0, 1, 0, 0, 0, 0, 1, 0, 0, 1, 1, 0, 1, 0, 1, 0, 1, 1, 1, 1, 0, 1, 1, 0, 0, 0, 0, 0, 0, 0, 0, 1, 0, 1, 0, 0, 1, 0, 0, 1, 0, 0, 0, 0, 0, 1, 0, 1, 1, 0, 1, 0, 1, 0, 0, 1, 1, 0, 0, 1, 0, 0, 1, 0, 1, 0, 0, 0, 0, 0, 1, 0, 0, 1, 0, 0, 0, 0, 0, 0, 1, 1, 1, 1, 1, 0, 0, 1, 1, 0, 1, 0, 0, 0, 0, 0, 1, 0, 0, 1, 0, 0, 0, 0, 1, 0, 1, 0, 0, 0, 0, 1, 1, 0, 1, 1, 0, 0], "confidence_scores": [[0.558469341239957, 0.441530658760043], [0.6592712065860948, 0.34072879341390516], [0.031710233377414805, 0.968289766622585], [0.7107957722767054, 0.28920422772329474], [0.16112479993507817, 0.8388752000649217], [0.6936694157713942, 0.30633058422860593], [0.11646538693573202, 0.883534613064268], [0.4423496620432575, 0.5576503379567427], [0.32667847854947885, 0.6733215214505212], [0.47985899704553353, 0.5201410029544666], [0.23920870483204082, 0.7607912951679591], [0.3893663462932058, 0.6106336537067941], [0.15500447517735347, 0.8449955248226466], [0.6978175081268828, 0.30218249187311713], [0.8270825877261464, 0.17291741227385346], [0.7746712293443384, 0.22532877065566148], [0.2906281250597446, 0.7093718749402552], [0.12225446715404424, 0.8777455328459558], [0.5864045827980257, 0.4135954172019744], [0.8240572709127195, 0.17594272908728067], [0.019143874823483436, 0.9808561251765168], [0.8263305814189372, 0.17366941858106277], [0.38773536134534997, 0.61226463865465], [0.8859274210371963, 0.11407257896280366], [0.6496772863295387, 0.3503227136704612], [0.578141626178052, 0.42185837382194796], [0.20711174002386668, 0.7928882599761333], [0.8226933694764281, 0.1773066305235718], [0.6523083166634545, 0.3476916833365455], [0.6182091168631649, 0.3817908831368349], [0.9158802008798488, 0.08411979912015108], [0.05074371988333653, 0.9492562801166635], [0.48604269886192314, 0.5139573011380768], [0.6707289757523082, 0.32927102424769183], [0.39461766356026245, 0.6053823364397376], [0.29269003064653665, 0.7073099693534634], [0.5138180524451317, 0.48618194755486827], [0.07326695062829439, 0.9267330493717056], [0.8706986671512523, 0.1293013328487477], [0.29294374566692416, 0.7070562543330757], [0.9381937240684477, 0.06180627593155228], [0.3511477401409478, 0.648852259859052], [0.4308313323643717, 0.5691686676356282], [0.12897627768685818, 0.871023722313142], [0.1501675150549309, 0.8498324849450692], [0.5720310782908475, 0.42796892170915246], [0.3791563213364074, 0.6208436786635926], [0.2909084626690441, 0.7090915373309561], [0.567659227831492, 0.432340772168508], [0.8248555971200424, 0.17514440287995758], [0.9417263392698196, 0.0582736607301803], [0.8843167193231176, 0.11568328067688255], [0.8500347904274903, 0.14996520957250975], [0.6782278444252652, 0.32177215557473526], [0.7193326150752608, 0.2806673849247393], [0.5966665403960366, 0.4033334596039634], [0.2263077811109368, 0.7736922188890633], [0.6345951447773066, 0.3654048552226932], [0.2169074261847504, 0.7830925738152498], [0.6087081715910634, 0.39129182840893656], [0.5900869152213747, 0.40991308477862537], [0.4453952004531481, 0.5546047995468519], [0.9018318469687254, 0.09816815303127471], [0.6185635296257948, 0.3814364703742053], [0.3261111301409605, 0.6738888698590396], [0.639687424087908, 0.360312575912092], [0.9120531371883394, 0.08794686281166085], [0.8758729053527742, 0.12412709464722582], [0.6405038879000914, 0.3594961120999086], [0.8626637492435846, 0.13733625075641542], [0.075340159118299, 0.924659840881701], [0.5382794007612957, 0.46172059923870423], [0.1152597221682877, 0.8847402778317123], [0.14049289913723317, 0.8595071008627669], [0.7577594013279723, 0.24224059867202777], [0.12464631555746243, 0.8753536844425378], [0.7974141966850862, 0.2025858033149137], [0.4460121769450197, 0.5539878230549805], [0.5135912996224824, 0.4864087003775178], [0.5, 0.5], [0.12928776593547225, 0.8707122340645279], [0.017644393982990187, 0.98235560601701], [0.6769680437195553, 0.3230319562804447], [0.6461895256725966, 0.3538104743274035], [0.26931840664819334, 0.7306815933518065], [0.5284072020317183, 0.4715927979682815], [0.6630656760755482, 0.33693432392445183], [0.2808022373073267, 0.7191977626926732], [0.8118337632120485, 0.1881662367879515], [0.1383298266216072, 0.8616701733783926], [0.8766080960825775, 0.1233919039174226], [0.7715040046361784, 0.22849599536382173], [0.860489698963105, 0.13951030103689485], [0.8696282397433769, 0.1303717602566232], [0.6505126569792719, 0.3494873430207281], [0.21115005617155427, 0.7888499438284456], [0.7455815867277059, 0.25441841327229425], [0.7830818773469357, 0.21691812265306432], [0.26333184393633796, 0.736668156063662], [0.7036017747033928, 0.29639822529660725], [0.8670054795370844, 0.13299452046291554], [0.7549206178598041, 0.24507938214019573], [0.9684193819871025, 0.031580618012897514], [0.5941597422997212, 0.40584025770027865], [0.6768198755016849, 0.32318012449831496], [0.07216066120591132, 0.9278393387940886], [0.2675695322197547, 0.7324304677802451], [0.45865978929417683, 0.5413402107058233], [0.29031412582293487, 0.7096858741770651], [0.15489630428786097, 0.8451036957121392], [0.9270641189287463, 0.07293588107125372], [0.6165950639378925, 0.38340493606210746], [0.03539931119154459, 0.9646006888084556], [0.48050545742432227, 0.5194945425756778], [0.49103830775601137, 0.5089616922439885], [0.0853156220873273, 0.9146843779126725], [0.7277563671198783, 0.27224363288012204], [0.4935942073323048, 0.506405792667695], [0.8485176691838395, 0.15148233081616042], [0.5396457451109417, 0.46035425488905846], [0.7136874165816509, 0.28631258341834903], [0.45808633151293987, 0.5419136684870604], [0.5379852307834005, 0.46201476921659945], [0.7971330576500223, 0.2028669423499776], [0.23529241604890389, 0.7647075839510962], [0.5214808952552041, 0.478519104744796], [0.6985230220466161, 0.3014769779533839], [0.583570784375492, 0.41642921562450813], [0.5320363176492315, 0.46796368235076835], [0.43952677149235403, 0.5604732285076461], [0.8565289691563992, 0.14347103084360066], [0.31068348222936387, 0.6893165177706361], [0.7868886900297128, 0.21311130997028702], [0.4922786496633143, 0.5077213503366856], [0.6694657692446698, 0.3305342307553302], [0.9436126802638105, 0.05638731973618951], [0.19940418004895674, 0.8005958199510432], [0.3033719884572214, 0.6966280115427789], [0.6652553047525548, 0.3347446952474453], [0.40286719663260395, 0.5971328033673959], [0.06322218872017915, 0.936777811279821], [0.9213289654540704, 0.07867103454592989], [0.9266848127612188, 0.07331518723878125]]},