{"test": {"ids": ["181", "24", "248", "416", "646", "700", "709", "65", "464", "142", "522", "270", "634", "228", "280", "95", "32", "199", "263", "326", "625", "702", "672", "308", "650", "342", "216", "536", "204", "85", "283", "486", "576", "113", "17", "136", "437", "610", "387", "158", "688", "237", "183", "382", "627", "447", "674", "247", "701", "689", "281", "213", "117", "42", "96", "564", "51", "497", "262", "346", "81", "41", "632", "611", "46", "244", "539", "99", "329", "128", "372", "5", "463", "179", "330", "406", "166", "448", "493", "59", "569", "635", "73", "121", "35", "531", "444", "403", "405", "40", "529", "517", "129", "595", "125", "369", "208", "123", "537", "371", "309", "433", "231", "337", "266", "252", "215", "110", "69", "487", "268", "549", "180", "219"], "labels": [1, 1, 0, 0, 0, 0, 0, 1, 1, 0, 0, 1, 1, 1, 1, 0, 1, 1, 0, 0, 1, 0, 0, 1, 0, 0, 1, 0, 1, 0, 1, 0, 1, 1, 0, 0, 0, 0, 0, 0, 0, 1, 1, 1, 1, 0, 0, 0, 0, 0, 1, 1, 1, 1, 0, 1, 1, 1, 0, 0, 0, 1, 0, 0, 1, 1, 0, 0, 0, 0, 0, 0, 1, 1, 0, 0, 0, 0, 0, 1, 1, 1, 1, 0, 1, 0, 0, 0, 0, 1, 0, 0, 0, 1, 0, 0, 1, 0, 0, 0, 1, 0, 1, 0, 1, 1, 1, 1, 1, 0, 1, 0, 1, 1], "predicted_labels": [1, 1, 1, 0, 1, 0, 0, 0, 1, 0, 1, 1, 1, 1, 0, 0, 1, 1, 1, 0, 1, 1, 0, 1, 0, 1, 1, 1, 1, 0, 1, 0, 0, 1, 1, 0, 1, 0, 1, 0, 0, 1, 1, 0, 0, 0, 1, 0, 1, 0, 0, 1, 1, 0, 1, 0, 1, 1, 0, 1, 0, 0, 1, 1, 0, 1, 1, 1, 1, 0, 0, 1, 1, 0, 0, 0, 0, 1, 0, 1, 0, 1, 1, 0, 1, 1, 1, 0, 0, 0, 0, 1, 0, 1, 0, 1, 1, 0, 0, 0, 1, 0, 1, 0, 1, 0, 1, 0, 0, 1, 1, 1, 1, 1], "confidence_scores": [[0.3793374907796766, 0.6206625092203234], [0.4008311228668162, 0.599168877133184], [0.41500497562679084, 0.584995024373209], [0.5548141473260125, 0.4451858526739874], [0.47177453786894896, 0.5282254621310509], [0.6563007196054896, 0.3436992803945103], [0.50378577490378, 0.4962142250962201], [0.6683624746340834, 0.3316375253659164], [0.3329776947292286, 0.6670223052707712], [0.7256427871431402, 0.2743572128568599], [0.4969852709286503, 0.5030147290713498], [0.49279634243798365, 0.5072036575620161], [0.47760922863986116, 0.5223907713601388], [0.4708449113143072, 0.5291550886856925], [0.583312919429732, 0.41668708057026804], [0.5037631231216291, 0.496236876878371], [0.4227085479180452, 0.5772914520819549], [0.36232011701616224, 0.6376798829838376], [0.49503529445280026, 0.5049647055471997], [0.612332841547313, 0.3876671584526873], [0.40435502512200067, 0.5956449748779993], [0.4484626253500791, 0.551537374649921], [0.519650302875152, 0.4803496971248481], [0.3381716499063103, 0.6618283500936897], [0.5562242324039839, 0.4437757675960161], [0.46641724561113795, 0.533582754388862], [0.4764730939283012, 0.5235269060716988], [0.4822451574024932, 0.5177548425975068], [0.49656306992659344, 0.5034369300734065], [0.5050342385115283, 0.4949657614884717], [0.35559007747617, 0.6444099225238298], [0.7739083956300532, 0.2260916043699474], [0.5158664329368776, 0.4841335670631224], [0.3732941769390207, 0.6267058230609791], [0.4403076347111533, 0.5596923652888467], [0.666293056945745, 0.33370694305425486], [0.4366241154181678, 0.5633758845818321], [0.6441321342568332, 0.355867865743167], [0.4992708077537057, 0.5007291922462942], [0.7520918899350897, 0.2479081100649102], [0.5034451522568105, 0.4965548477431893], [0.44144473137136797, 0.558555268628632], [0.4032854064989219, 0.5967145935010782], [0.5640876907001906, 0.4359123092998095], [0.6489965221272902, 0.3510034778727097], [0.5218180095642738, 0.4781819904357263], [0.4271239098845642, 0.5728760901154357], [0.5343332811272133, 0.46566671887278666], [0.49882994779177353, 0.5011700522082264], [0.5029248699195482, 0.49707513008045184], [0.5151388653053314, 0.4848611346946686], [0.41579013258222736, 0.5842098674177726], [0.39809717426610336, 0.6019028257338964], [0.7284887567052593, 0.2715112432947405], [0.4297609148865314, 0.5702390851134688], [0.5935958784629268, 0.4064041215370733], [0.45930598995862043, 0.5406940100413796], [0.299984566372481, 0.7000154336275191], [0.5940727192757794, 0.4059272807242207], [0.4911741397443734, 0.5088258602556266], [0.5805230214757297, 0.4194769785242704], [0.5270856075238158, 0.4729143924761841], [0.4747867388161793, 0.5252132611838206], [0.42699226410135166, 0.5730077358986481], [0.6914643534282221, 0.3085356465717779], [0.3141451664968118, 0.6858548335031877], [0.32724315893611944, 0.6727568410638806], [0.4478676493086325, 0.5521323506913673], [0.4365915436106728, 0.563408456389327], [0.5057772069536388, 0.4942227930463611], [0.5470524891828505, 0.4529475108171494], [0.4201501164234516, 0.5798498835765483], [0.39292791529955357, 0.6070720847004465], [0.5970614666495742, 0.40293853335042584], [0.5488859037325643, 0.45111409626743587], [0.5416148990511104, 0.45838510094888973], [0.7718107414613731, 0.22818925853862687], [0.4017697719397787, 0.5982302280602213], [0.7023908794281052, 0.29760912057189476], [0.4293244684167874, 0.5706755315832125], [0.5387414542357631, 0.46125854576423675], [0.4809617600810016, 0.5190382399189983], [0.4553327473997505, 0.5446672526002495], [0.6234256208295812, 0.3765743791704192], [0.43313366367080613, 0.5668663363291938], [0.4112453222348333, 0.5887546777651665], [0.47654473354025834, 0.5234552664597417], [0.641773509344023, 0.3582264906559769], [0.683787678110614, 0.31621232188938553], [0.5877039987648949, 0.4122960012351051], [0.598402449504861, 0.4015975504951391], [0.4974654368337106, 0.5025345631662894], [0.6679483576678784, 0.33205164233212153], [0.4421133341399757, 0.5578866658600244], [0.5827598071344208, 0.41724019286557945], [0.43756610427474985, 0.5624338957252502], [0.33644210106893707, 0.6635578989310624], [0.506515508372979, 0.49348449162702096], [0.5232126816487657, 0.4767873183512343], [0.5771648397554653, 0.42283516024453477], [0.490991073464248, 0.509008926535752], [0.6940014218429417, 0.3059985781570582], [0.34275461163051124, 0.6572453883694886], [0.5457302575858604, 0.45426974241413987], [0.43073615587426706, 0.5692638441257327], [0.5923619939915256, 0.4076380060084743], [0.42343305348501487, 0.5765669465149851], [0.5560309058422674, 0.44396909415773256], [0.5312804471216875, 0.4687195528783123], [0.4521397485123646, 0.5478602514876354], [0.49750511073581516, 0.5024948892641848], [0.4346957160419598, 0.5653042839580401], [0.41696149846969627, 0.5830385015303036], [0.48626282538519505, 0.513737174614805]]}, "rewritten": {"ids": ["5", "17", "24", "32", "35", "40", "41", "42", "46", "51", "59", "65", "69", "73", "81", "85", "95", "96", "99", "110", "113", "117", "121", "123", "125", "128", "129", "136", "142", "158", "166", "179", "180", "181", "183", "199", "204", "208", "213", "215", "216", "219", "228", "231", "237", "244", "247", "248", "252", "262", "263", "266", "268", "270", "280", "281", "283", "308", "309", "326", "329", "330", "337", "342", "346", "369", "371", "372", "382", "387", "403", "405", "406", "416", "433", "437", "444", "447", "448", "463", "464", "486", "487", "493", "497", "517", "522", "529", "531", "536", "537", "539", "549", "564", "569", "576", "595", "610", "611", "625", "627", "632", "634", "635", "646", "650", "672", "674", "688", "689", "700", "701", "702", "709"], "labels": [0, 0, 1, 1, 1, 1, 1, 1, 1, 1, 1, 1, 1, 1, 0, 0, 0, 0, 0, 1, 1, 1, 0, 0, 0, 0, 0, 0, 0, 0, 0, 1, 1, 1, 1, 1, 1, 1, 1, 1, 1, 1, 1, 1, 1, 1, 0, 0, 1, 0, 0, 1, 1, 1, 1, 1, 1, 1, 1, 0, 0, 0, 0, 0, 0, 0, 0, 0, 1, 0, 0, 0, 0, 0, 0, 0, 0, 0, 0, 1, 1, 0, 0, 0, 1, 0, 0, 0, 0, 0, 0, 0, 0, 1, 1, 1, 1, 0, 0, 1, 1, 0, 1, 1, 0, 0, 0, 0, 0, 0, 0, 0, 0, 0], "predicted_labels": [1, 1, 1, 1, 1, 0, 0, 0, 0, 1, 1, 0, 1, 0, 1, 1, 1, 1, 1, 1, 1, 1, 0, 1, 0, 1, 0, 0, 0, 0, 0, 1, 1, 1, 1, 1, 0, 1, 1, 1, 1, 1, 1, 1, 0, 1, 0, 1, 1, 1, 0, 1, 0, 0, 1, 1, 1, 1, 1, 1, 1, 0, 1, 0, 1, 0, 0, 0, 0, 0, 1, 0, 1, 1, 0, 0, 0, 0, 1, 1, 1, 0, 0, 0, 1, 1, 1, 1, 1, 1, 1, 1, 0, 1, 1, 1, 1, 0, 0, 0, 0, 0, 1, 1, 1, 0, 1, 1, 1, 0, 0, 0, 0, 1],