{"test": {"ids": ["400", "564", "559", "18", "449", "633", "514", "377", "422", "338", "356", "374", "593", "359", "483", "115", "224", "196", "158", "311", "301", "206", "379", "686", "473", "99", "548", "98", "639", "452", "143", "41", "432", "568", "524", "444", "218", "108", "479", "664", "12", "520", "101", "632", "295", "127", "649", "669", "540", "114", "310", "393", "5", "628", "263", "629", "73", "191", "63", "179", "405", "270", "126", "297", "283", "478", "54", "93", "215", "516", "326", "706", "466", "339", "481", "221", "654", "105", "74", "109", "659", "312", "362", "618", "157", "77", "509", "112", "394", "94", "502", "176", "482", "3", "408", "566", "145", "592", "529", "195", "567", "223", "441", "0", "553", "611", "110", "162", "459", "350", "198", "697", "501", "368", "364", "236", "229", "623", "688", "599", "674", "565", "256", "306", "539", "104", "353", "704", "360", "242", "26", "499", "33", "232", "430", "490", "15", "431", "525", "92", "266", "367", "314"], "labels": [1, 0, 0, 0, 0, 0, 0, 1, 1, 1, 1, 1, 0, 1, 0, 1, 0, 0, 1, 0, 0, 0, 1, 1, 0, 0, 0, 0, 0, 0, 1, 0, 1, 0, 1, 0, 0, 0, 0, 0, 0, 1, 0, 0, 0, 1, 0, 0, 1, 1, 0, 1, 0, 1, 1, 1, 1, 0, 1, 0, 1, 0, 1, 0, 0, 0, 0, 0, 0, 1, 1, 1, 0, 1, 0, 0, 0, 0, 1, 1, 0, 0, 1, 0, 1, 1, 0, 1, 1, 0, 0, 0, 0, 0, 1, 0, 1, 0, 1, 0, 0, 0, 1, 1, 0, 0, 1, 1, 0, 1, 0, 1, 0, 1, 1, 0, 0, 1, 0, 0, 0, 0, 1, 0, 1, 0, 1, 1, 1, 0, 0, 0, 0, 0, 1, 0, 0, 1, 1, 0, 0, 1, 0], "predicted_labels": [0, 0, 0, 1, 0, 0, 0, 1, 0, 1, 1, 1, 0, 1, 0, 0, 0, 0, 1, 0, 0, 0, 0, 1, 0, 0, 0, 1, 0, 0, 1, 0, 0, 0, 1, 0, 0, 0, 1, 0, 0, 0, 1, 1, 0, 0, 0, 0, 1, 0, 0, 0, 0, 0, 0, 1, 1, 0, 0, 0, 0, 0, 1, 0, 0, 0, 1, 1, 0, 1, 1, 0, 1, 0, 0, 0, 0, 1, 1, 0, 0, 0, 1, 0, 0, 0, 0, 0, 1, 1, 0, 1, 0, 0, 1, 1, 1, 0, 0, 0, 0, 0, 0, 0, 0, 0, 0, 0, 0, 1, 1, 0, 0, 1, 1, 0, 0, 0, 0, 0, 0, 0, 0, 0, 0, 0, 1, 0, 1, 0, 0, 0, 0, 0, 0, 0, 0, 0, 1, 0, 0, 0, 0], "confidence_scores": [[0.5916481240981242, 0.4083518759018761], [0.6426013431013431, 0.3573986568986569], [0.6626810744810745, 0.3373189255189255], [0.47417289377289384, 0.5258271062271063], [0.6388602092352091, 0.3611397907647909], [0.5141383893883894, 0.48586161061161065], [0.6842336108336105, 0.3157663891663891], [0.35808275613275625, 0.6419172438672437], [0.5343370129870131, 0.46566298701298703], [0.42380901320901326, 0.5761909867909868], [0.3666484792984794, 0.6333515207015208], [0.4984297480297481, 0.5015702519702518], [0.6782106782106783, 0.3217893217893218], [0.38122135642135646, 0.6187786435786432], [0.6171387889887889, 0.38286121101121084], [0.6198504329004331, 0.3801495670995671], [0.6731588966588966, 0.3268411033411032], [0.6698374125874125, 0.33016258741258725], [0.49336887556887565, 0.5066311244311243], [0.5669011544011544, 0.4330988455988457], [0.6457137307137307, 0.3542862692862693], [0.7676663059163064, 0.23233369408369414], [0.5197795093795093, 0.48022049062049066], [0.36677817182817196, 0.6332218281718286], [0.573696558996559, 0.4263034410034411], [0.5501000055500055, 0.44989999444999446], [0.6411296536796537, 0.35887034632034626], [0.3710613275613275, 0.6289386724386725], [0.5769308802308801, 0.4230691197691198], [0.6612702963702962, 0.33872970362970356], [0.4980650072150073, 0.5019349927849928], [0.5304936230436234, 0.46950637695637676], [0.5685831890331889, 0.43141681096681084], [0.7266826118326118, 0.27331738816738826], [0.4771794372294373, 0.5228205627705629], [0.5502378732378734, 0.44976212676212685], [0.6594867632367633, 0.3405132367632366], [0.5192248695748697, 0.4807751304251303], [0.4966691641691642, 0.5033308358308358], [0.6228768176268179, 0.37712318237318243], [0.6316580586080589, 0.36834194139194143], [0.5453063714063715, 0.45469362859362855], [0.49150086025086026, 0.5084991397491397], [0.4697985514485515, 0.5302014485514485], [0.6296341491841493, 0.37036585081585083], [0.5677512043512049, 0.4322487956487955], [0.754268831168831, 0.24573116883116877], [0.5859740814740816, 0.41402591852591847], [0.45106399711399703, 0.5489360028860032], [0.5010839715839717, 0.4989160284160285], [0.6127339049839048, 0.3872660950160951], [0.5308098124098125, 0.4691901875901875], [0.5959248917748917, 0.40407510822510817], [0.5614213453213455, 0.43857865467865464], [0.5245739704739706, 0.4754260295260296], [0.4431688145188144, 0.5568311854811852], [0.46143932178932157, 0.5385606782106783], [0.6655478354978359, 0.33445216450216453], [0.5027881673881675, 0.4972118326118326], [0.6017953490953487, 0.3982046509046509], [0.5915055638805642, 0.4084944361194358], [0.6403134920634922, 0.3596865079365078], [0.2621631313131313, 0.7378368686868686], [0.700951137751138, 0.29904886224886224], [0.5845761904761906, 0.41542380952380953], [0.5831496170496171, 0.416850382950383], [0.3778390331890333, 0.6221609668109667], [0.48854098124098133, 0.5114590187590187], [0.6478301698301699, 0.3521698301698301], [0.45908458208458225, 0.5409154179154178], [0.4345949494949496, 0.5654050505050501], [0.5587202741702744, 0.44127972582972574], [0.4133783771783774, 0.5866216228216227], [0.5354904428904426, 0.46450955710955744], [0.6036974303474298, 0.39630256965256966], [0.6574957875457876, 0.3425042124542124], [0.5753354256854255, 0.42466457431457444], [0.45651461316461317, 0.5434853868353867], [0.3806825119325122, 0.6193174880674882], [0.578515895215895, 0.42148410478410486], [0.5296941225441227, 0.47030587745587754], [0.5862249139749142, 0.41377508602508606], [0.380977367077367, 0.6190226329226329], [0.7187172438672434, 0.2812827561327562], [0.6186086635586635, 0.3813913364413365], [0.5681629814629816, 0.43183701853701856], [0.5854057054057054, 0.4145942945942944], [0.6643215118215121, 0.33567848817848833], [0.4878826118326117, 0.5121173881673883], [0.48295764790764806, 0.5170423520923519], [0.5515979076479078, 0.4484020923520922], [0.4857126540126541, 0.5142873459873458], [0.6759873015873015, 0.3240126984126984], [0.6255557997557998, 0.3744442002442002], [0.46574413364413375, 0.5342558663558664], [0.46054677544677547, 0.5394532245532246], [0.36388041958041967, 0.6361195804195805], [0.5555828504828503, 0.4444171495171494], [0.6453245809745806, 0.35467541902541894], [0.6236684482184484, 0.3763315517815518], [0.5695214285714286, 0.43047857142857143], [0.681302636252636, 0.3186973637473638], [0.5532805860805858, 0.4467194139194138], [0.5852609390609392, 0.4147390609390608], [0.5665870129870132, 0.4334129870129872], [0.6636156066156066, 0.3363843933843933], [0.6673318903318903, 0.33266810966810983], [0.5847456987456988, 0.4152543012543012], [0.6654963813963817, 0.33450361860361866], [0.42047886002886, 0.5795211399711401], [0.4683029526029525, 0.5316970473970474], [0.5266479215229216, 0.47335207847707833], [0.6485384559884563, 0.35146154401154395], [0.48505988178488163, 0.5149401182151184], [0.3767134587634589, 0.6232865412365411], [0.6413867632367634, 0.35861323676323686], [0.5348792207792209, 0.46512077922077927], [0.690638961038961, 0.30936103896103906], [0.6251462259962262, 0.37485377400377395], [0.5677160894660896, 0.4322839105339106], [0.6397879509379508, 0.36021204906204896], [0.6387455488955488, 0.36125445110445115], [0.5004483627483628, 0.4995516372516372], [0.6887475468975469, 0.3112524531024531], [0.5962734432234431, 0.4037265567765568], [0.632764912864913, 0.36723508713508723], [0.41919593184593185, 0.5808040681540683], [0.5426574037074038, 0.4573425962925963], [0.4183034632034631, 0.5816965367965369], [0.6822707792207791, 0.3177292207792208], [0.5892289765789763, 0.41077102342102373], [0.6459340548340551, 0.35406594516594514], [0.516613564213564, 0.483386435786436], [0.530829315129315, 0.46917068487068486], [0.596402836052836, 0.4035971639471638], [0.502837728937729, 0.4971622710622709], [0.6561948051948049, 0.34380519480519467], [0.5225720185043717, 0.47742798149562815], [0.4986555555555556, 0.5013444444444444], [0.5717709235209234, 0.4282290764790765], [0.7122481851481851, 0.2877518148518147], [0.5318854700854703, 0.4681145299145298], [0.5046529082029082, 0.4953470917970917]]}}