{"test": {"ids": ["5", "301", "239", "446", "584", "221", "35", "546", "70", "65", "516", "331", "423", "126", "100", "434", "104", "212", "572", "395", "205", "85", "199", "508", "17", "700", "93", "198", "73", "337", "309", "422", "15", "666", "631", "366", "673", "1", "529", "236", "657", "194", "24", "183", "136", "44", "632", "612", "504", "304", "404", "123", "633", "363", "703", "187", "94", "707", "321", "683", "74", "80", "709", "398", "102", "298", "447", "145", "374", "154", "636", "280", "394", "530", "429", "23", "615", "180", "623", "564", "286", "421", "659", "391", "560", "470", "592", "290", "614", "458", "419", "682", "306", "686", "611", "231", "159", "185", "18", "220", "542", "250", "150", "308", "383", "690", "259", "376", "684", "191", "314", "511"], "labels": [0, 0, 0, 0, 0, 0, 0, 0, 1, 1, 1, 1, 1, 1, 0, 1, 0, 0, 0, 1, 0, 1, 0, 0, 1, 1, 0, 0, 1, 1, 0, 1, 0, 0, 0, 1, 0, 1, 1, 0, 0, 0, 0, 0, 1, 0, 0, 0, 0, 0, 1, 1, 0, 1, 1, 0, 0, 1, 0, 0, 1, 1, 1, 1, 0, 0, 0, 1, 1, 1, 0, 0, 1, 1, 1, 0, 0, 0, 1, 0, 0, 1, 0, 1, 0, 0, 0, 0, 0, 0, 1, 0, 0, 1, 0, 0, 1, 0, 0, 0, 1, 1, 1, 0, 1, 1, 1, 1, 0, 0, 0, 0], "predicted_labels": [0, 1, 0, 1, 0, 0, 0, 1, 1, 1, 1, 1, 1, 0, 0, 1, 0, 0, 0, 1, 0, 1, 0, 0, 0, 0, 0, 0, 1, 1, 1, 0, 0, 0, 0, 1, 0, 0, 0, 0, 0, 0, 1, 0, 1, 1, 1, 0, 0, 0, 0, 1, 0, 1, 0, 0, 1, 1, 0, 0, 1, 0, 1, 1, 0, 0, 0, 0, 0, 1, 1, 0, 1, 0, 0, 1, 0, 0, 1, 0, 0, 0, 0, 1, 0, 0, 0, 1, 0, 1, 1, 1, 0, 1, 1, 1, 0, 0, 0, 0, 1, 0, 1, 0, 1, 0, 1, 1, 0, 0, 1, 1], "confidence_scores": [[0.5464156140200953, 0.45358438597990464], [0.4078484212438944, 0.5921515787561055], [0.9553061472702021, 0.044693852729797826], [0.42610160494365884, 0.573898395056341], [0.7783372340045184, 0.2216627659954816], [0.5571468602473858, 0.4428531397526143], [0.8952621048428384, 0.10473789515716177], [0.3386176789948552, 0.6613823210051447], [0.29441368146032587, 0.7055863185396741], [0.173474507873325, 0.826525492126675], [0.3821112725166, 0.6178887274834001], [0.40942094587031613, 0.5905790541296839], [0.49358217614670896, 0.506417823853291], [0.6930719295316495, 0.30692807046835036], [0.7377633962944411, 0.26223660370555907], [0.4042473989665807, 0.5957526010334193], [0.5340333315621562, 0.46596666843784396], [0.8452636015139227, 0.15473639848607718], [0.7836525153605656, 0.21634748463943415], [0.45288748880635477, 0.5471125111936451], [0.8957517769457022, 0.10424822305429782], [0.2583955287908997, 0.7416044712091002], [0.5927434151437762, 0.407256584856224], [0.885637720233294, 0.11436227976670625], [0.6308744411422562, 0.3691255588577439], [0.5244959267861452, 0.4755040732138549], [0.7284775752723988, 0.2715224247276012], [0.5582244597946922, 0.44177554020530785], [0.4754169330273711, 0.524583066972629], [0.2802379424424467, 0.7197620575575534], [0.31223536845328387, 0.6877646315467164], [0.5628270150183668, 0.4371729849816334], [0.6097097258906387, 0.3902902741093613], [0.855038836831981, 0.14496116316801896], [0.5461623257419939, 0.45383767425800614], [0.2984610302157367, 0.7015389697842632], [0.745533727789342, 0.25446627221065793], [0.6722488527344769, 0.3277511472655231], [0.5554087895108055, 0.4445912104891946], [0.7888630249895934, 0.21113697501040654], [0.7181692331613256, 0.2818307668386743], [0.6316000443994116, 0.36839995560058847], [0.2993400395019099, 0.7006599604980901], [0.766380976053619, 0.23361902394638082], [0.492227543593723, 0.5077724564062771], [0.3474124989239874, 0.6525875010760127], [0.4254070334766995, 0.5745929665233003], [0.7326585388382373, 0.2673414611617629], [0.5301114793725361, 0.46988852062746395], [0.620184803664014, 0.3798151963359859], [0.7765659305262983, 0.22343406947370184], [0.3660423801974372, 0.6339576198025628], [0.8435538395461397, 0.1564461604538603], [0.26551075868488067, 0.7344892413151194], [0.7229120318113982, 0.2770879681886019], [0.8090849641570435, 0.1909150358429564], [0.19862555116458774, 0.8013744488354122], [0.4622611562836228, 0.5377388437163774], [0.7265465519029366, 0.2734534480970636], [0.8491257933708246, 0.15087420662917514], [0.20807947584984726, 0.7919205241501527], [0.5255911971643529, 0.47440880283564707], [0.4054947606383336, 0.5945052393616664], [0.4318641482260905, 0.5681358517739095], [0.5391281381811132, 0.46087186181888684], [0.8800906260194485, 0.1199093739805516], [0.8844924994579865, 0.11550750054201342], [0.7316149911312242, 0.2683850088687758], [0.5196084518767133, 0.48039154812328644], [0.29620210077985004, 0.7037978992201501], [0.4378475669464951, 0.5621524330535049], [0.7438591787415417, 0.2561408212584584], [0.4770069377353659, 0.5229930622646342], [0.5975343889682455, 0.40246561103175443], [0.6375066266778144, 0.3624933733221855], [0.4857555901362996, 0.5142444098637003], [0.7218758094311788, 0.2781241905688214], [0.7197590810348853, 0.28024091896511455], [0.28229388133363925, 0.7177061186663606], [0.9002000566683919, 0.09979994333160806], [0.6634329642139065, 0.3365670357860936], [0.6292436602536258, 0.3707563397463742], [0.6185655459902196, 0.3814344540097803], [0.41006937955743467, 0.5899306204425654], [0.5838527170109761, 0.4161472829890238], [0.6371489943949948, 0.36285100560500505], [0.6502894698173909, 0.34971053018260917], [0.3935396178116874, 0.6064603821883127], [0.7036758489244282, 0.29632415107557153], [0.4394259746021664, 0.5605740253978336], [0.3263139857484359, 0.673686014251564], [0.3832656554799742, 0.616734344520026], [0.6233092810818588, 0.3766907189181412], [0.20324364778970527, 0.7967563522102946], [0.4647355127027559, 0.535264487297244], [0.3797785680591279, 0.620221431940872], [0.5094287036857142, 0.4905712963142857], [0.5785771268618309, 0.4214228731381689], [0.5363374825281575, 0.4636625174718424], [0.5158303736622698, 0.4841696263377301], [0.49201354972073696, 0.507986450279263], [0.571570526300334, 0.42842947369966594], [0.1495719904700873, 0.8504280095299127], [0.7974478231794145, 0.20255217682058568], [0.47543440655394176, 0.5245655934460582], [0.5510129103837738, 0.44898708961622613], [0.4848795383468357, 0.5151204616531643], [0.20222299316568568, 0.7977770068343143], [0.6418776655393408, 0.3581223344606593], [0.7276050789101403, 0.27239492108985974], [0.4858460186386473, 0.5141539813613526], [0.33554614770698094, 0.664453852293019]]}, "rewritten": {"ids": ["1", "5", "15", "17", "18", "23", "24", "35", "44", "65", "70", "73", "74", "80", "85", "93", "94", "100", "102", "104", "123", "126", "136", "145", "150", "154", "159", "180", "183", "185", "187", "191", "194", "198", "199", "205", "212", "220", "221", "231", "236", "239", "250", "259", "280", "286", "290", "298", "301", "304", "306", "308", "309", "314", "321", "331", "337", "363", "366", "374", "376", "383", "391", "394", "395", "398", "404", "419", "421", "422", "423", "429", "434", "446", "447", "458", "470", "504", "508", "511", "516", "529", "530", "542", "546", "560", "564", "572", "584", "592", "611", "612", "614", "615", "623", "631", "632", "633", "636", "657", "659", "666", "673", "682", "683", "684", "686", "690", "700", "703", "707", "709"], "labels": [1, 0, 0, 1, 0, 0, 0, 0, 0, 1, 1, 1, 1, 1, 1, 0, 0, 0, 0, 0, 1, 1, 1, 1, 1, 1, 1, 0, 0, 0, 0, 0, 0, 0, 0, 0, 0, 0, 0, 0, 0, 0, 1, 1, 0, 0, 0, 0, 0, 0, 0, 0, 0, 0, 0, 1, 1, 1, 1, 1, 1, 1, 1, 1, 1, 1, 1, 1, 1, 1, 1, 1, 1, 0, 0, 0, 0, 0, 0, 0, 1, 1, 1, 1, 0, 0, 0, 0, 0, 0, 0, 0, 0, 0, 1, 0, 0, 0, 0, 0, 0, 0, 0, 0, 0, 0, 1, 1, 1, 1, 1, 1], "predicted_labels": [0, 0, 0, 0, 1, 0, 1, 0, 1, 1, 1, 1, 1, 1, 1, 1, 0, 0, 0, 0, 1, 0, 1, 0, 1, 1, 0, 0, 0, 1, 0, 0, 0, 0, 0, 0, 0, 0, 0, 0, 0, 0, 0, 0, 0, 1, 0, 0, 0, 0, 0, 0, 0, 1, 0, 1, 1, 0, 1, 1, 1, 0, 0, 1, 0, 1, 0, 1, 0, 0, 0, 1, 1, 1, 0, 1, 0, 0, 0, 0, 1, 1, 0, 1, 0, 0, 0, 0, 0, 0, 0, 0, 0, 0, 0, 0, 1, 0, 0, 0, 0, 0, 0, 1, 0, 0, 1, 1, 1, 0, 1, 1],