{"test": {"ids": ["611", "168", "689", "190", "483", "102", "211", "465", "156", "58", "178", "613", "482", "597", "262", "388", "624", "220", "170", "590", "405", "351", "15", "292", "233", "554", "144", "243", "481", "433", "424", "344", "464", "619", "696", "79", "449", "134", "369", "60", "54", "525", "282", "319", "426", "493", "242", "468", "584", "53", "342", "280", "258", "6", "534", "610", "519", "163", "675", "587", "244", "279", "208", "368", "544", "21", "530", "636", "386", "26", "148", "435", "147", "608", "615", "539", "421", "632", "640", "159", "61", "70", "191", "270", "313", "215", "89", "417", "502", "226", "558", "108", "513", "526", "169", "257", "10", "393", "374", "592", "673", "655", "547", "685", "173", "677", "688", "51", "139", "205", "298", "166", "354", "182", "524", "452", "662", "649", "219", "577", "631", "24", "29", "91", "387", "445", "327", "261", "127", "671", "375", "207", "128", "602", "588", "290", "161", "416", "19", "463", "120", "603", "457"], "labels": [0, 1, 1, 0, 0, 1, 0, 0, 1, 1, 0, 0, 0, 0, 0, 1, 1, 0, 1, 0, 1, 0, 1, 0, 0, 1, 1, 0, 0, 1, 1, 0, 0, 0, 1, 0, 0, 1, 0, 0, 1, 1, 0, 0, 1, 1, 0, 0, 0, 1, 0, 0, 0, 1, 1, 0, 1, 1, 1, 0, 0, 0, 0, 0, 1, 0, 1, 1, 1, 0, 1, 1, 1, 0, 0, 1, 1, 1, 1, 1, 0, 0, 0, 0, 0, 0, 1, 1, 0, 0, 0, 1, 0, 1, 1, 0, 1, 1, 0, 0, 1, 1, 1, 0, 1, 1, 0, 1, 1, 0, 0, 1, 0, 0, 1, 0, 1, 1, 0, 0, 1, 0, 0, 1, 1, 0, 0, 0, 1, 1, 0, 0, 1, 0, 0, 0, 1, 1, 0, 0, 1, 0, 0], "predicted_labels": [0, 1, 0, 0, 0, 0, 0, 0, 1, 0, 0, 0, 0, 0, 0, 1, 1, 1, 1, 0, 1, 1, 1, 1, 0, 1, 1, 1, 1, 0, 0, 0, 0, 0, 0, 0, 0, 1, 0, 0, 1, 0, 0, 0, 1, 1, 0, 1, 0, 1, 0, 0, 0, 1, 0, 0, 0, 1, 1, 0, 0, 0, 1, 0, 1, 0, 0, 0, 1, 0, 1, 0, 0, 0, 0, 0, 0, 0, 0, 1, 0, 0, 1, 0, 0, 0, 0, 1, 0, 0, 0, 1, 0, 1, 1, 0, 1, 1, 1, 0, 1, 1, 0, 1, 1, 0, 1, 1, 1, 0, 1, 1, 0, 0, 1, 0, 0, 1, 0, 0, 0, 1, 0, 0, 1, 0, 0, 0, 1, 0, 0, 0, 1, 0, 1, 0, 1, 1, 1, 0, 1, 1, 1], "confidence_scores": [[0.9923305347075776, 0.007669465292422373], [0.005053200293173021, 0.994946799706827], [0.992996679568818, 0.007003320431181982], [0.999498335594304, 0.0005016644056959542], [0.9999997893284198, 2.1067158022560578e-07], [0.9999989778465904, 1.0221534095298837e-06], [0.9999846851105547, 1.531488944523004e-05], [0.9999770428462038, 2.295715379619692e-05], [5.3388864777237366e-05, 0.9999466111352228], [0.9960563932439395, 0.003943606756060549], [0.9999911772353341, 8.82276466588023e-06], [0.9999917819402235, 8.218059776458631e-06], [0.9999986155887708, 1.3844112291916929e-06], [0.9996226038187228, 0.00037739618127724235], [0.6630405667372774, 0.33695943326272265], [9.813326184993088e-08, 0.9999999018667382], [0.0016872640404336225, 0.9983127359595664], [0.11241051346197362, 0.8875894865380264], [0.002447740014158817, 0.9975522599858412], [0.8657925147742243, 0.1342074852257757], [0.19220052348695338, 0.8077994765130466], [0.29612540187265657, 0.7038745981273434], [0.0008259494831023284, 0.9991740505168977], [0.12076293367437896, 0.879237066325621], [0.9883731049430728, 0.011626895056927202], [0.0019212731687928697, 0.9980787268312071], [2.6994352420040002e-08, 0.9999999730056476], [0.31407288515904885, 0.6859271148409511], [0.27306170273447283, 0.7269382972655272], [0.7879613126294978, 0.21203868737050224], [0.5165684858636965, 0.4834315141363034], [0.9830084309759457, 0.016991569024054354], [0.9999997697979117, 2.3020208832675528e-07], [0.9999999023526679, 9.764733210979576e-08], [0.9455722513100145, 0.05442774868998545], [0.9999964047232553, 3.5952767446092734e-06], [0.9950728736523013, 0.004927126347698636], [2.650360523903661e-05, 0.999973496394761], [0.9999710972557322, 2.8902744267858517e-05], [0.9932125879186137, 0.0067874120813863695], [0.008236977476433038, 0.991763022523567], [0.9998552712104203, 0.00014472878957974637], [0.9726722230096746, 0.027327776990325372], [0.9972711189547627, 0.0027288810452372916], [0.05704962120564294, 0.9429503787943571], [0.0024655516679517042, 0.9975344483320483], [0.999999999091853, 9.081470214588981e-10], [0.12514855727305652, 0.8748514427269435], [0.9999601522759591, 3.9847724040833006e-05], [0.0007140140877038847, 0.9992859859122961], [0.9999996980957706, 3.0190422941568635e-07], [0.999999737073274, 2.6292672589918976e-07], [0.9725025136318756, 0.027497486368124453], [0.005258296033363474, 0.9947417039666365], [0.896616915936205, 0.10338308406379498], [0.9998501830672158, 0.00014981693278412985], [0.7743864204074866, 0.2256135795925134], [0.0011471862753872353, 0.9988528137246128], [0.02538622539086932, 0.9746137746091307], [0.9999970531965087, 2.9468034913833484e-06], [0.9999075612130309, 9.243878696906012e-05], [0.9942347658595195, 0.005765234140480414], [0.3803726342331729, 0.6196273657668271], [0.9999428650146037, 5.713498539627404e-05], [0.0039728029266625775, 0.9960271970733374], [0.8753488382437932, 0.12465116175620684], [0.998452072807154, 0.0015479271928460366], [0.9839243330567591, 0.016075666943240884], [3.5467562220503623e-10, 0.9999999996453244], [0.9885084960488931, 0.011491503951106829], [0.0007417471131573317, 0.9992582528868427], [0.8572105771285767, 0.14278942287142327], [0.9569214405841356, 0.04307855941586438], [0.9996629997200653, 0.00033700027993463163], [0.9995917139722007, 0.0004082860277993525], [0.9945054553051926, 0.005494544694807383], [0.5070367150801695, 0.49296328491983055], [0.9998820685982895, 0.00011793140171046801], [0.8897771794978908, 0.11022282050210913], [0.21569515824549557, 0.7843048417545044], [0.9911630197270086, 0.008836980272991412], [0.9427064811352622, 0.05729351886473781], [0.0014448815479386479, 0.9985551184520614], [0.9999433916977546, 5.6608302245407024e-05], [0.9998696278040236, 0.0001303721959764469], [0.9963168626767351, 0.0036831373232648237], [0.8809957843816538, 0.1190042156183462], [0.0026780239759514046, 0.9973219760240486], [0.9726744853396463, 0.027325514660353666], [0.9732292592602311, 0.026770740739768876], [0.5498808236324881, 0.45011917636751186], [0.07225315426267842, 0.9277468457373216], [0.9994083036986233, 0.0005916963013766571], [0.08223878854199573, 0.9177612114580043], [0.10343467613721113, 0.8965653238627889], [0.9998453069167264, 0.00015469308327363768], [0.09148056542195993, 0.9085194345780401], [8.637817632350941e-05, 0.9999136218236765], [0.020329211826808136, 0.9796707881731919], [0.9996308925851564, 0.0003691074148436217], [0.012267849366541683, 0.9877321506334583], [0.3064438941109834, 0.6935561058890166], [0.9950022994894319, 0.004997700510568119], [1.7341148740412926e-05, 0.9999826588512596], [0.0003452518195289356, 0.9996547481804711], [0.68573628465094, 0.31426371534906], [0.00028609499568710284, 0.9997139050043129], [0.12404769574462504, 0.875952304255375], [8.893172165347352e-07, 0.9999991106827835], [0.9999994014728365, 5.985271635154126e-07], [0.2702122885570769, 0.7297877114429231], [3.303591582959342e-06, 0.999996696408417], [0.9196368245879613, 0.08036317541203873], [0.8428020033867691, 0.1571979966132308], [0.01008786295708719, 0.9899121370429128], [0.855713393229023, 0.14428660677097702], [0.7858834735812987, 0.21411652641870124], [0.1821431935476544, 0.8178568064523456], [0.8898220088759943, 0.11017799112400571], [0.9999990304371327, 9.695628672879756e-07], [0.6768749282211762, 0.32312507177882377], [0.0008428942251698102, 0.9991571057748302], [0.8693377691772886, 0.13066223082271142], [0.9739335692838811, 0.026066430716118916], [0.006500520444216784, 0.9934994795557832], [0.999998669894535, 1.3301054649835424e-06], [0.7900223707241115, 0.20997762927588848], [0.9224645912909389, 0.07753540870906106], [0.0019593739388343856, 0.9980406260611656], [0.9996131602024807, 0.00038683979751927446], [0.9926336797090933, 0.0073663202909066425], [0.9837260315533202, 0.01627396844667979], [0.00011501793148371853, 0.9998849820685163], [0.9999599453102854, 4.0054689714567495e-05], [0.22543080145372008, 0.7745691985462799], [0.9833078837278921, 0.016692116272107822], [0.07857698354324771, 0.9214230164567523], [0.01104764808433989, 0.9889523519156601], 