{"test": {"ids": ["353", "689", "646", "160", "124", "81", "599", "630", "705", "161", "201", "170", "693", "356", "648", "286", "421", "202", "417", "106", "15", "238", "471", "468", "575", "119", "580", "175", "140", "660", "458", "549", "641", "363", "173", "542", "491", "594", "223", "99", "428", "389", "259", "401", "433", "118", "662", "29", "643", "213", "590", "300", "625", "3", "581", "185", "89", "136", "230", "659", "631", "503", "344", "678", "180", "709", "381", "1", "284", "603", "405", "19", "181", "573", "584", "382", "31", "441", "219", "32", "697", "365", "282", "629", "684", "644", "535", "449", "518", "710", "583", "687", "293", "343", "215", "24", "387", "75", "148", "70", "675", "93", "186", "444", "393", "101", "117", "16", "543", "499", "319", "166", "243", "554", "220", "566", "692", "287", "651", "582", "505", "450", "112", "303", "304", "329", "530", "359", "253", "337", "36", "240", "162", "17", "14", "331", "309", "280", "218", "513", "664", "256", "137"], "labels": [1, 1, 1, 1, 1, 1, 0, 1, 1, 1, 0, 1, 1, 1, 1, 0, 1, 0, 1, 1, 1, 0, 0, 0, 0, 1, 0, 0, 1, 1, 0, 0, 1, 1, 1, 1, 0, 0, 0, 1, 1, 1, 0, 1, 1, 1, 1, 0, 1, 0, 0, 0, 1, 0, 0, 0, 1, 1, 0, 1, 0, 0, 1, 1, 0, 1, 1, 1, 0, 0, 1, 0, 0, 0, 0, 1, 0, 1, 0, 0, 1, 1, 0, 1, 1, 1, 0, 0, 1, 1, 0, 0, 0, 1, 0, 0, 1, 0, 1, 0, 1, 1, 0, 0, 1, 1, 1, 1, 1, 0, 0, 1, 0, 1, 0, 0, 1, 0, 1, 0, 0, 0, 1, 0, 0, 1, 0, 1, 1, 1, 1, 0, 1, 1, 1, 1, 0, 0, 0, 0, 1, 0, 1], "predicted_labels": [1, 1, 1, 1, 1, 1, 0, 1, 1, 1, 1, 1, 1, 1, 1, 0, 1, 0, 0, 1, 0, 0, 0, 0, 0, 0, 0, 0, 1, 1, 0, 0, 1, 1, 1, 1, 0, 0, 0, 0, 1, 0, 0, 0, 1, 0, 1, 1, 1, 0, 0, 0, 0, 0, 0, 0, 0, 1, 0, 1, 0, 1, 0, 1, 0, 1, 1, 0, 0, 0, 1, 0, 0, 0, 1, 1, 0, 0, 0, 1, 0, 1, 0, 0, 0, 1, 0, 0, 1, 0, 0, 0, 0, 1, 0, 0, 1, 0, 1, 1, 1, 1, 0, 0, 1, 0, 0, 1, 1, 0, 0, 1, 0, 0, 0, 0, 0, 0, 1, 0, 0, 1, 0, 0, 0, 1, 0, 1, 1, 1, 1, 0, 1, 0, 1, 1, 0, 0, 0, 1, 1, 1, 0], "confidence_scores": [[0.018470966977531506, 0.9815290330224686], [0.03772648704455509, 0.9622735129554448], [0.0370377254152426, 0.9629622745847575], [0.1088574014930686, 0.8911425985069313], [0.021816945069424745, 0.9781830549305753], [0.16510942848913318, 0.8348905715108668], [0.9821118267634195, 0.01788817323658048], [0.22923468895821306, 0.7707653110417869], [0.09269253989134435, 0.9073074601086558], [0.3994219584621728, 0.6005780415378272], [0.25141066273551704, 0.7485893372644828], [0.004558518466365367, 0.9954414815336347], [0.1322666791268969, 0.8677333208731032], [0.454271716483745, 0.545728283516255], [0.054629892719509444, 0.9453701072804905], [0.7401141650248818, 0.2598858349751183], [0.18619083727665994, 0.8138091627233399], [0.5876989524709612, 0.4123010475290389], [0.832906760407013, 0.16709323959298739], [0.3152749898512118, 0.6847250101487882], [0.7034749357098216, 0.29652506429017844], [0.9100811781865434, 0.08991882181345658], [0.9579841620017399, 0.04201583799826012], [0.8907178515600276, 0.10928214843997221], [0.9995404460212457, 0.0004595539787543327], [0.7815097681911951, 0.2184902318088045], [0.6138229156420705, 0.3861770843579294], [0.9066064379164641, 0.0933935620835361], [0.27352910117028345, 0.7264708988297164], [0.011005366933559413, 0.9889946330664406], [0.6855153119341303, 0.3144846880658699], [0.8763794678403539, 0.12362053215964619], [0.17294729895822827, 0.8270527010417719], [0.015955425148210783, 0.9840445748517892], [0.42396144487058984, 0.5760385551294104], [0.2526727834403207, 0.7473272165596793], [0.7893726716802688, 0.21062732831973108], [0.9467040461948094, 0.05329595380519065], [0.9810184492887166, 0.018981550711283317], [0.8205532348424162, 0.1794467651575839], [0.07984080998338362, 0.9201591900166165], [0.9145715008518721, 0.08542849914812789], [0.7934555308918314, 0.20654446910816873], [0.848594418873756, 0.15140558112624408], [0.006868636767579145, 0.9931313632324212], [0.487405214296528, 0.5125947857034721], [0.25549121457567003, 0.7445087854243299], [0.17570525050401758, 0.8242947494959822], [0.04007843615797403, 0.959921563842026], [0.7087112544750516, 0.29128874552494854], [0.9399456984271246, 0.060054301572875286], [0.698154208613301, 0.30184579138669904], [0.9221836872492201, 0.07781631275077999], [0.9546945229090679, 0.0453054770909321], [0.9962557584671979, 0.003744241532801971], [0.5791510994700575, 0.4208489005299426], [0.8768962291302004, 0.12310377086979968], [0.07799435500135916, 0.9220056449986408], [0.9885497204388296, 0.011450279561170326], [0.21697599415179158, 0.7830240058482085], [0.8317623878205197, 0.16823761217948027], [0.1055336853236417, 0.8944663146763583], [0.635803996504953, 0.36419600349504694], [0.02603626970652294, 0.973963730293477], [0.9663328793571299, 0.03366712064287009], [0.3247249729402635, 0.6752750270597363], [0.03756492530129473, 0.9624350746987053], [0.7233090981539849, 0.2766909018460149], [0.6716319197175231, 0.3283680802824768], [0.89932909604816, 0.10067090395184003], [0.24477012312237192, 0.7552298768776281], [0.8934935202414973, 0.10650647975850268], [0.9136779197540954, 0.0863220802459044], [0.7871763777915578, 0.21282362220844214], [0.4356211028827265, 0.5643788971172735], [0.05573136256025988, 0.9442686374397399], [0.8826749887583915, 0.11732501124160843], [0.5113040703245637, 0.48869592967543635], [0.7140300456815404, 0.2859699543184599], [0.36318200514063426, 0.6368179948593657], [0.7819093315813443, 0.21809066841865576], [0.17571866965034608, 0.8242813303496537], [0.8503926806732904, 0.1496073193267096], [0.5525110250065357, 0.4474889749934642], [0.7451497709041186, 0.254850229095881], [0.4264637616485288, 0.5735362383514714], [0.9643297540586472, 0.03567024594135296], [0.8652896895743687, 0.13471031042563147], [0.10801413166139576, 0.8919858683386042], [0.5057293485389509, 0.4942706514610493], [0.7121643567240081, 0.287835643275992], [0.5256060973082753, 0.4743939026917247], [0.9101696074209062, 0.08983039257909388], [0.038817618377815416, 0.9611823816221848], [0.8949268952522542, 0.10507310474774595], [0.7865472315279711, 0.21345276847202924], [0.118255206541432, 0.8817447934585682], [0.9610008337876933, 0.038999166212306716], [0.20890674304733547, 0.7910932569526644], [0.31126150506973, 0.68873849493027], [0.37597533515324966, 0.6240246648467503], [0.021100105338302068, 0.978899894661698], [0.632941645792977, 0.36705835420702304], [0.952002194323005, 0.04799780567699491], [0.2753067847050873, 0.7246932152949125], [0.4668558445165769, 0.533144155483423], [0.7698647031556362, 0.23013529684436387], [0.041425124471692644, 0.9585748755283073], [0.13043637826946117, 0.8695636217305387], [0.8909055134503299, 0.10909448654967023], [0.9536891231005326, 0.046310876899467446], [0.06597598173183675, 0.9340240182681632], [0.7161155902385525, 0.28388440976144746], [0.9247738212296909, 0.07522617877030903], [0.7983202246798892, 0.20167977532011075], [0.861816257781191, 0.13818374221880927], [0.5676921344388397, 0.43230786556116024], [0.9380360095929742, 0.06196399040702567], [0.03851240289631222, 0.9614875971036876], [0.9209949795544378, 0.07900502044556204], [0.5310321184522626, 0.4689678815477371], [0.21267607138892083, 0.7873239286110792], [0.9618532188560874, 0.03814678114391251], [0.9266180704710257, 0.07338192952897424], [0.8126377894387292, 0.18736221056127075], [0.15659924898020444, 0.8434007510197955], [0.6288728451704768, 0.3711271548295232], [0.07991944984152281, 0.9200805501584771], [0.4494346849963239, 0.5505653150036762], [0.09244597437679737, 0.9075540256232026], [0.06821440988425254, 0.9317855901157474], [0.4818937569120093, 0.5181062430879906], [0.030932598307537876, 0.9690674016924621], [0.9311976499274185, 0.06880235007258129], [0.2823647507226919, 0.7176352492773082], [0.07606596648883915, 0.923934033511161], [0.9814739961668418, 0.01852600383315801], [0.9547353265270564, 0.045264673472943565], [0.7931486995661973, 0.20685130043380257], [0.026906119047662297, 0.9730938809523376], [0.12695998089101576, 0.8730400191089844], [0.09123404468201103, 0.908765955317989], [0.636761896238192, 