{"test": {"ids": ["562", "519", "248", "263", "542", "418", "514", "171", "47", "42", "132", "310", "406", "521", "114", "578", "319", "626", "688", "503", "337", "700", "68", "570", "285", "475", "558", "423", "255", "125", "31", "134", "469", "78", "164", "7", "529", "185", "296", "117", "507", "653", "493", "614", "496", "249", "563", "449", "500", "129", "515", "565", "186", "212", "253", "74", "289", "272", "348", "295", "398", "102", "108", "552", "299", "238", "247", "162", "122", "476", "555", "454", "157", "706", "620", "227", "298", "201", "566", "304", "575", "110", "607", "143", "592", "330", "335", "133", "458", "512", "546", "38", "99", "17", "581", "510", "204", "549", "267", "198", "492", "340", "48", "205", "151", "388", "361", "51", "251", "665", "618", "210", "309", "367", "161", "244", "710", "421", "260", "96", "91", "701", "222", "20", "11", "65", "450", "438", "465", "612", "195", "608", "173", "327", "219", "518", "692", "89", "491", "163", "145", "231", "680"], "labels": [0, 1, 0, 0, 1, 1, 1, 1, 1, 1, 1, 0, 1, 1, 1, 0, 0, 1, 0, 0, 0, 1, 0, 0, 0, 0, 0, 1, 0, 1, 0, 1, 0, 0, 1, 1, 1, 0, 0, 1, 0, 1, 1, 0, 1, 1, 0, 0, 0, 1, 0, 0, 0, 0, 1, 0, 0, 0, 0, 0, 1, 1, 1, 1, 0, 0, 0, 1, 1, 0, 1, 0, 1, 1, 0, 0, 0, 0, 0, 0, 0, 1, 0, 1, 0, 0, 0, 1, 0, 0, 1, 1, 1, 1, 0, 0, 0, 1, 0, 0, 0, 0, 1, 0, 1, 1, 0, 1, 1, 1, 0, 0, 0, 0, 1, 0, 0, 1, 0, 1, 1, 1, 0, 0, 1, 0, 0, 1, 0, 0, 0, 0, 1, 0, 0, 1, 1, 1, 0, 1, 1, 0, 1], "predicted_labels": [0, 0, 0, 1, 1, 0, 0, 1, 1, 1, 1, 0, 0, 0, 0, 0, 0, 0, 1, 1, 0, 0, 0, 0, 0, 0, 1, 0, 0, 1, 0, 1, 0, 0, 0, 0, 0, 0, 0, 1, 1, 1, 1, 0, 0, 0, 0, 0, 0, 1, 1, 0, 1, 0, 1, 0, 0, 0, 0, 0, 0, 1, 0, 0, 0, 0, 0, 1, 0, 0, 0, 0, 1, 1, 0, 0, 0, 0, 0, 0, 0, 0, 0, 0, 0, 0, 0, 0, 0, 0, 1, 0, 0, 0, 0, 0, 0, 0, 0, 0, 1, 0, 1, 0, 1, 1, 0, 1, 0, 0, 0, 0, 0, 0, 1, 0, 0, 0, 1, 1, 0, 0, 0, 0, 0, 0, 0, 1, 0, 0, 0, 0, 0, 0, 0, 0, 0, 1, 0, 1, 1, 0, 0], "confidence_scores": [[0.5958549284049283, 0.4041450715950716], [0.5965791264291265, 0.40342087357087353], [0.5232778277278278, 0.4767221722721723], [0.3703287878787879, 0.6296712121212121], [0.48648088023088026, 0.5135191197691198], [0.5983363802863805, 0.4016636197136197], [0.58194222999223, 0.41805777000777017], [0.4410315896693605, 0.5589684103306392], [0.4770807359307361, 0.5229192640692641], [0.31391392496392484, 0.6860860750360747], [0.4152776334776335, 0.5847223665223666], [0.5706359695859696, 0.4293640304140303], [0.5786693473193472, 0.4213306526806529], [0.5537373737373738, 0.44626262626262614], [0.5948290043290043, 0.4051709956709956], [0.6591217171717173, 0.34087828282828286], [0.577996734637911, 0.422003265362089], [0.5438332667332668, 0.45616673326673346], [0.4235537560478737, 0.5764462439521262], [0.48460571650571643, 0.5153942834942835], [0.6532876623376623, 0.34671233766233756], [0.511236047286047, 0.4887639527139529], [0.5889921134421133, 0.41100788655788667], [0.6319558386058387, 0.3680441613941614], [0.6614302086802089, 0.33856979131979137], [0.6318322925612401, 0.36816770743876004], [0.4760631313131313, 0.5239368686868688], [0.526841414141414, 0.473158585858586], [0.6294120490620492, 0.370587950937951], [0.3184380952380953, 0.6815619047619045], [0.5403693737634914, 0.4596306262365086], [0.42306204906204914, 0.5769379509379509], [0.5222143800643803, 0.4777856199356198], [0.5720728216228217, 0.42792717837717825], [0.5361664557664558, 0.4638335442335442], [0.610668686868687, 0.3893313131313132], [0.5852041125541128, 0.41479588744588736], [0.5540432733932731, 0.44595672660672675], [0.5903552225552228, 0.40964477744477756], [0.48270945165945156, 0.5172905483405484], [0.4694526016467192, 0.5305473983532809], [0.4441545676545677, 0.5558454323454323], [0.32987464202464195, 0.6701253579753578], [0.537968759018759, 0.46203124098124093], [0.5061964035964035, 0.49380359640359656], [0.5125927461427463, 0.48740725385725375], [0.6426269119769122, 0.35737308802308815], [0.5677589188589188, 0.43224108114108123], [0.558142673992674, 0.441857326007326], [0.3211074148074148, 0.6788925851925849], [0.4870113331113332, 0.5129886668886667], [0.5961357309357308, 0.4038642690642692], [0.4693388167388167, 0.5306611832611833], [0.5285731601731601, 0.47142683982683986], [0.4353396603396602, 0.5646603396603396], [0.5835469363969366, 0.41645306360306356], [0.5676176101676099, 0.43238238983239], [0.628998118548118, 0.3710018814518815], [0.5705697136197138, 0.4294302863802864], [0.527532101232101, 0.472467898767899], [0.5738443500943501, 0.4261556499056499], [0.48493292263292276, 0.5150670773670772], [0.5653285492285492, 0.4346714507714509], [0.5450761127761126, 0.4549238872238872], [0.5839308802308806, 0.4160691197691199], [0.6509427572427577, 0.349057242757243], [0.5493641414141414, 0.4506358585858587], [0.45039831834831834, 0.5496016816516818], [0.595758422133422, 0.40424157786657805], [0.5807157120657119, 0.41928428793428807], [0.5855165938636524, 0.4144834061363473], [0.6449088744588743, 0.3550911255411255], [0.4814422383172384, 0.5185577616827616], [0.42600357420357426, 0.5739964257964261], [0.60094715007215, 0.39905284992785006], [0.6052211566211565, 0.3947788433788434], [0.5838742972713563, 0.4161257027286438], [0.5290699134199134, 0.4709300865800866], [0.6163448773448774, 0.38365512265512297], [0.5908965589965589, 0.4091034410034411], [0.7006342046842049, 0.29936579531579544], [0.5701386779886783, 0.42986132201132193], [0.5171294871794871, 0.48287051282051285], [0.5699268315018317, 0.43007316849816835], [0.6402923076923074, 0.3597076923076923], [0.5677720057720056, 0.43222799422799435], [0.5307585858585857, 0.4692414141414144], [0.5011390331890331, 0.49886096681096687], [0.570090959040959, 0.42990904095904103], [0.5902822871572873, 0.40971771284271286], [0.45026431346431334, 0.5497356865356868], [0.5645234210234209, 0.43547657897657904], [0.5598671717171716, 0.44013282828282835], [0.6373841547341549, 0.3626158452658454], [0.639868614718615, 0.36013138528138533], [0.5450819902319901, 0.45491800976800995], [0.56377582972583, 0.4362241702741702], [0.5552954656454653, 0.44470453435453455], [0.5248892496392494, 0.4751107503607505], [0.533608263958264, 0.4663917360417361], [0.3815133477633478, 0.6184866522366519], [0.5402835719835719, 0.4597164280164279], [0.4360315517815516, 0.563968448218448], [0.6557981684981685, 0.34420183150183176], [0.34407808302808296, 0.6559219169719169], [0.42254935064935073, 0.5774506493506493], [0.5969040404040401, 0.40309595959595956], [0.4846108225108225, 0.5153891774891776], [0.5051643301143303, 0.49483566988566974], [0.5193107448107448, 0.4806892551892553], [0.597770967920968, 0.4022290320790321], [0.5675352258852259, 0.43246477411477413], [0.6721696969696972, 0.3278303030303031], [0.5315120268620269, 0.4684879731379731], [0.4072238816738817, 0.5927761183261185], [0.6744696803196805, 0.32553031968031976], [0.5667901515151516, 0.43320984848484845], [0.5417214285714285, 0.4582785714285715], [0.4790397324897324, 0.5209602675102676], [0.41732272727272746, 0.5826772727272728], [0.554948088023088, 0.445051911976912], [0.560941341991342, 0.43905865800865806], [0.5838471861471864, 0.41615281385281383], [0.5021595959595959, 0.497840404040404], [0.6061271228771229, 0.39387287712287694], [0.59343885003885, 0.40656114996115006], [0.5279854478854479, 0.47201455211455223], [0.48196897546897544, 0.5180310245310247], [0.6291659071320835, 0.37083409286791624], [0.5895678932178933, 0.4104321067821066], [0.5427527417027416, 0.4572472582972584], [0.606468892218892, 0.3935311077811077], [0.500604473304473, 0.49939552669552695], [0.6557486346986345, 0.3442513653013653], [0.5899837045307632, 0.4100162954692364], [0.582247041847042, 0.4177529581529582], [0.5229906926406929, 0.47700930735930724], [0.45681633921633896, 0.543183660783661], [0.5402240426240426, 0.4597759573759574], [0.4286074425574426, 0.5713925574425575], [0.3289200724112488, 0.6710799275887508], [0.6213527139527136, 0.37864728604728604], [0.5429953546453549, 0.4570046453546455]]}}