{"test": {"ids": ["591", "296", "582", "115", "15", "341", "564", "472", "414", "342", "635", "391", "683", "575", "194", "557", "75", "381", "292", "228", "181", "524", "604", "79", "276", "440", "135", "365", "51", "116", "137", "676", "210", "325", "64", "252", "470", "237", "234", "464", "174", "466", "678", "609", "694", "220", "672", "167", "530", "171", "111", "427", "595", "673", "474", "338", "359", "52", "34", "382", "10", "36", "476", "640", "517", "574", "161", "409", "487", "452", "533", "479", "250", "675", "108", "312", "233", "213", "200", "657", "46", "366", "639", "159", "475", "433", "172", "455", "24", "508", "326", "145", "155", "289", "368", "301", "124", "112", "667", "489", "665", "494", "257", "260", "438", "589", "503", "208", "375", "538", "663", "92", "190", "539", "613", "287", "8", "456", "543", "31", "346", "195", "288", "351", "370", "590", "178", "352", "418", "300", "447", "176", "344", "506", "599", "121", "53", "271", "93", "584", "336", "44", "86"], "labels": [0, 0, 0, 1, 1, 0, 0, 0, 1, 0, 1, 1, 1, 0, 0, 0, 0, 0, 0, 0, 0, 1, 0, 0, 0, 1, 1, 0, 1, 1, 1, 1, 0, 0, 0, 1, 0, 0, 0, 0, 0, 0, 1, 0, 1, 0, 1, 1, 1, 1, 1, 1, 0, 1, 0, 0, 0, 1, 0, 0, 1, 1, 0, 1, 1, 0, 1, 1, 0, 0, 1, 0, 1, 1, 1, 0, 0, 0, 0, 1, 1, 0, 1, 1, 0, 1, 1, 0, 0, 0, 0, 1, 1, 0, 0, 0, 1, 1, 1, 0, 1, 0, 0, 0, 1, 0, 0, 0, 0, 1, 1, 1, 0, 1, 0, 0, 1, 0, 1, 0, 0, 0, 0, 0, 0, 0, 0, 0, 1, 0, 0, 0, 0, 0, 0, 1, 1, 0, 1, 0, 0, 1, 0], "predicted_labels": [1, 0, 0, 0, 1, 0, 0, 1, 0, 1, 0, 0, 1, 0, 0, 0, 0, 1, 0, 0, 0, 1, 0, 1, 0, 0, 1, 1, 1, 1, 1, 0, 0, 0, 1, 1, 0, 0, 0, 0, 0, 1, 1, 1, 1, 0, 1, 1, 1, 1, 1, 1, 0, 1, 1, 0, 1, 0, 0, 1, 1, 0, 1, 0, 1, 0, 0, 1, 0, 0, 0, 1, 0, 1, 1, 0, 1, 1, 0, 1, 1, 1, 1, 1, 0, 1, 0, 0, 1, 0, 1, 1, 1, 1, 0, 0, 1, 1, 1, 1, 1, 0, 0, 0, 0, 1, 0, 0, 0, 0, 0, 0, 0, 0, 0, 0, 0, 0, 1, 1, 0, 0, 0, 1, 0, 0, 0, 0, 0, 1, 0, 0, 0, 1, 1, 1, 0, 0, 1, 0, 1, 1, 0], "confidence_scores": [[0.38868447573943143, 0.6113155242605686], [0.6550811246910664, 0.34491887530893367], [0.6071414438821812, 0.3928585561178189], [0.6326644632880534, 0.3673355367119466], [0.4260425592387953, 0.5739574407612047], [0.572316317888837, 0.42768368211116303], [0.9163852042609677, 0.0836147957390323], [0.45504249096322724, 0.5449575090367728], [0.5062361094914358, 0.49376389050856423], [0.481929151752428, 0.518070848247572], [0.5188467476555001, 0.48115325234449996], [0.6209522037435056, 0.3790477962564945], [0.21195606486869645, 0.7880439351313036], [0.8681467862849755, 0.13185321371502448], [0.5476416719196495, 0.4523583280803505], [0.5288753785001902, 0.4711246214998098], [0.6538364773951715, 0.3461635226048285], [0.483343160684512, 0.516656839315488], [0.6499564434412142, 0.35004355655878583], [0.7852318454236046, 0.2147681545763954], [0.8156098548831997, 0.1843901451168003], [0.24074909407471112, 0.7592509059252889], [0.8558251762435282, 0.1441748237564718], [0.2399539621343466, 0.7600460378656534], [0.5459330325860792, 0.45406696741392083], [0.6142977313979168, 0.3857022686020833], [0.18621640523910676, 0.8137835947608932], [0.27213506008258226, 0.7278649399174177], [0.33620513747580705, 0.663794862524193], [0.46277944260549564, 0.5372205573945044], [0.3723395488608223, 0.6276604511391777], [0.7705308305007683, 0.2294691694992317], [0.8430597687704855, 0.15694023122951456], [0.7400677977052803, 0.2599322022947197], [0.3892953980285849, 0.6107046019714151], [0.341772131046999, 0.658227868953001], [0.5315519096292043, 0.46844809037079566], [0.8601861271935162, 0.13981387280648383], [0.7567608385230856, 0.24323916147691438], [0.6402003140725039, 0.35979968592749606], [0.7948987279724133, 0.20510127202758666], [0.3559377444784715, 0.6440622555215285], [0.20974009016389494, 0.7902599098361051], [0.47025643929429084, 0.5297435607057092], [0.4089862210702575, 0.5910137789297425], [0.8644783656166403, 0.13552163438335973], [0.4137556654294593, 0.5862443345705407], [0.31375642087415934, 0.6862435791258407], [0.291254210320259, 0.708745789679741], [0.33304899228124707, 0.6669510077187529], [0.3028568026582651, 0.6971431973417349], [0.40664533303236194, 0.5933546669676381], [0.8151124458580989, 0.18488755414190108], [0.4771677650898646, 0.5228322349101354], [0.453254205200055, 0.546745794799945], [0.5657254403367233, 0.43427455966327666], [0.30915836749026704, 0.690841632509733], [0.6170764543867793, 0.3829235456132207], [0.5847128749159175, 0.4152871250840825], [0.1616758116943957, 0.8383241883056043], [0.3462853115118213, 0.6537146884881787], [0.52271011689446, 0.47728988310554], [0.42279550009457934, 0.5772044999054207], [0.7119914402174431, 0.2880085597825569], [0.2408585080423301, 0.7591414919576699], [0.9051193634603175, 0.09488063653968244], [0.6585810618915322, 0.3414189381084678], [0.48479315181289806, 0.5152068481871019], [0.5886078121258728, 0.41139218787412724], [0.7913602359489514, 0.20863976405104853], [0.6867053915962669, 0.3132946084037331], [0.48284939366428015, 0.5171506063357199], [0.7574706235681584, 0.2425293764318416], [0.34629947495654145, 0.6537005250434585], [0.4896396314056707, 0.5103603685943293], [0.5778948897174649, 0.42210511028253506], [0.4802179994058251, 0.5197820005941749], [0.21460150422105073, 0.7853984957789493], [0.5219464813797463, 0.47805351862025364], [0.4629649673847386, 0.5370350326152614], [0.27111728832801907, 0.7288827116719809], [0.26239627313685254, 0.7376037268631475], [0.42719842575937894, 0.5728015742406211], [0.2673464574434602, 0.7326535425565398], [0.6208055674810935, 0.3791944325189065], [0.32384196909797336, 0.6761580309020266], [0.7404624343351636, 0.2595375656648365], [0.7494964720513748, 0.2505035279486252], [0.4979182133506923, 0.5020817866493077], [0.7522320010207371, 0.2477679989792629], [0.48607360490949947, 0.5139263950905005], [0.37214152528103606, 0.6278584747189639], [0.2290918442932235, 0.7709081557067765], [0.3873188613053966, 0.6126811386946034], [0.8220138598005953, 0.17798614019940467], [0.7063430098928551, 0.2936569901071449], [0.382103606860009, 0.617896393139991], [0.39364567449018084, 0.6063543255098192], [0.2885634699102312, 0.7114365300897688], [0.2933767307900663, 0.7066232692099337], [0.1426167350782367, 0.8573832649217633], [0.8960597119456963, 0.10394028805430368], [0.6020397137836988, 0.39796028621630125], [0.781293109351317, 0.218706890648683], [0.5680402464194607, 0.4319597535805393], [0.3471766636972978, 0.6528233363027022], [0.5029696751824835, 0.49703032481751647], [0.8389012153183103, 0.1610987846816897], [0.6204280289619915, 0.3795719710380085], [0.5107468102700046, 0.4892531897299955], [0.6754216375598479, 0.3245783624401522], [0.5450258562557567, 0.4549741437442433], [0.8893828254853957, 0.11061717451460429], [0.8936320973007853, 0.10636790269921473], [0.8609783275084311, 0.1390216724915689], [0.579392673666243, 0.42060732633375697], [0.6450964275569265, 0.35490357244307347], [0.7390543902009736, 0.2609456097990264], [0.23669104555790554, 0.7633089544420945], [0.34821178089192606, 0.6517882191080739], [0.5018592712532703, 0.4981407287467296], [0.6840843122763307, 0.31591568772366924], [0.8430279358838695, 0.15697206411613054], [0.41384161026989086, 0.5861583897301091], [0.6655920840509889, 0.3344079159490111], [0.7489279484552275, 0.2510720515447725], [0.8978513077633418, 0.1021486922366582], [0.6295308366715597, 0.37046916332844027], [0.6285206766190219, 0.37147932338097805], [0.23961527892698475, 0.7603847210730152], [0.7144842000922561, 0.2855157999077439], [0.5265866610098404, 0.47341333899015964], [0.6389176121219757, 0.3610823878780243], [0.47205777393757187, 0.5279422260624281], [0.3636556243310942, 0.6363443756689058], [0.2599612635023685, 0.7400387364976315], [0.7331887630261515, 0.2668112369738484], [0.887542042145217, 0.11245795785478294], [0.4531395370022063, 0.5468604629977937], [0.7414419069156128, 0.2585580930843871], [0.4546082482990065, 0.5453917517009935], [0.2229000227585527, 0.7770999772414473], [0.7773862401244526, 0.22261375987554746]]}}