{"test": {"ids": ["31", "179", "692", "78", "509", "231", "625", "556", "637", "708", "592", "438", "609", "252", "306", "474", "618", "161", "606", "96", "172", "273", "643", "250", "560", "656", "271", "510", "261", "276", "123", "542", "122", "298", "65", "162", "88", "184", "23", "9", "39", "390", "584", "676", "54", "581", "115", "568", "235", "267", "629", "675", "544", "405", "178", "382", "588", "260", "585", "242", "367", "265", "409", "533", "180", "229", "233", "116", "85", "396", "433", "193", "105", "240", "117", "268", "548", "357", "379", "378", "512", "281", "272", "475", "707", "576", "209", "83", "532", "1", "21", "213", "257", "147", "580", "186", "159", "149", "435", "249", "11", "670", "290", "317", "185", "651", "563", "360", "287", "621", "215", "414", "667", "29", "370", "460", "426", "666", "314", "269", "190", "617", "693", "328", "559", "395", "50", "262", "468", "496", "586", "594", "467", "101", "304", "226", "418", "536", "497", "477", "393", "394", "369"], "labels": [0, 0, 1, 0, 0, 0, 1, 0, 1, 1, 0, 1, 0, 1, 0, 0, 0, 1, 0, 1, 1, 0, 1, 1, 0, 1, 0, 0, 0, 0, 1, 1, 1, 0, 0, 1, 1, 0, 0, 1, 1, 1, 0, 1, 0, 0, 1, 0, 0, 0, 1, 1, 0, 1, 0, 1, 0, 0, 0, 0, 1, 0, 1, 0, 0, 0, 0, 1, 1, 1, 1, 0, 1, 0, 1, 0, 0, 1, 1, 1, 0, 0, 0, 0, 1, 0, 0, 1, 0, 1, 0, 0, 0, 1, 0, 0, 1, 1, 1, 0, 1, 1, 0, 0, 0, 1, 0, 1, 0, 1, 0, 1, 1, 0, 1, 0, 1, 1, 0, 0, 0, 0, 1, 1, 0, 1, 0, 0, 0, 1, 0, 0, 0, 1, 0, 0, 1, 0, 0, 0, 1, 1, 1], "predicted_labels": [0, 0, 1, 0, 0, 0, 0, 0, 1, 1, 0, 1, 1, 1, 0, 0, 0, 1, 0, 1, 1, 0, 1, 1, 0, 0, 0, 0, 1, 1, 1, 1, 0, 0, 0, 1, 1, 0, 0, 0, 0, 1, 0, 1, 0, 0, 1, 0, 0, 0, 1, 1, 1, 0, 0, 1, 0, 1, 0, 0, 1, 1, 0, 0, 0, 1, 0, 0, 1, 1, 1, 0, 1, 0, 0, 0, 0, 1, 0, 1, 0, 0, 0, 0, 1, 0, 0, 1, 0, 0, 1, 0, 0, 1, 0, 0, 1, 1, 1, 1, 0, 1, 0, 1, 0, 1, 0, 1, 0, 1, 0, 0, 1, 1, 1, 0, 0, 0, 0, 1, 1, 0, 1, 1, 0, 1, 0, 1, 0, 0, 1, 0, 1, 1, 0, 1, 1, 0, 0, 0, 1, 1, 1], "confidence_scores": [[0.8778819078132094, 0.12211809218679053], [0.6136736688151392, 0.3863263311848608], [0.3458305229158271, 0.6541694770841727], [0.6405597330331468, 0.3594402669668532], [0.9947639827682517, 0.005236017231748291], [0.6530104949218444, 0.3469895050781557], [0.9464760924903218, 0.053523907509678136], [0.9973087381860054, 0.0026912618139944408], [0.044597280796731927, 0.955402719203268], [0.08004548103400398, 0.9199545189659959], [0.9706027711783929, 0.029397228821607047], [0.2920422642351825, 0.7079577357648176], [0.32860407846242945, 0.6713959215375706], [0.13121866229066795, 0.868781337709332], [0.9457589055186783, 0.05424109448132189], [0.916414425182631, 0.08358557481736896], [0.9910833759328198, 0.008916624067180181], [0.40575218435057286, 0.5942478156494271], [0.596374494926713, 0.40362550507328704], [0.44316612499967495, 0.556833875000325], [0.23152066931327386, 0.7684793306867261], [0.960354939164774, 0.03964506083522596], [0.18217257095325481, 0.8178274290467452], [0.25110802633359625, 0.7488919736664039], [0.9450998856219115, 0.054900114378088664], [0.9475737885455261, 0.05242621145447404], [0.9977621277980208, 0.002237872201979265], [0.6945978219196505, 0.3054021780803495], [0.2809266857877937, 0.7190733142122064], [0.4279787187059007, 0.5720212812940993], [0.00930838738674939, 0.9906916126132507], [0.0969673284436533, 0.9030326715563466], [0.8321047425877804, 0.1678952574122197], [0.7971422421484206, 0.20285775785157947], [0.690098807457418, 0.309901192542582], [0.03905024164915133, 0.9609497583508486], [0.046139190603642126, 0.9538608093963575], [0.9668247885563316, 0.033175211443668404], [0.5555804322231542, 0.4444195677768456], [0.9204337410475947, 0.07956625895240552], [0.9407591236833486, 0.059240876316651314], [0.008518568529926768, 0.9914814314700734], [0.5315950279709277, 0.46840497202907216], [0.026017158336349315, 0.9739828416636506], [0.5199884618874913, 0.4800115381125087], [0.9891975930560293, 0.010802406943970739], [0.4203362826170169, 0.5796637173829832], [0.9817330640682012, 0.01826693593179893], [0.9929361890927123, 0.007063810907287784], [0.7826636853371922, 0.21733631466280767], [0.26000415762846263, 0.7399958423715375], [0.34927541967400033, 0.6507245803259998], [0.18969307085396955, 0.8103069291460305], [0.7026607394069363, 0.2973392605930636], [0.9792566616857512, 0.020743338314248707], [0.05156813440579704, 0.9484318655942029], [0.767509451879888, 0.232490548120112], [0.3888078412078561, 0.6111921587921441], [0.5755786589634728, 0.42442134103652707], [0.9940627680609488, 0.005937231939051317], [0.18907646604584544, 0.8109235339541545], [0.3652733400439968, 0.6347266599560032], [0.803189425790751, 0.19681057420924897], [0.9172900971394439, 0.08270990286055614], [0.9823784604277449, 0.017621539572255124], [0.22760904468969934, 0.772390955310301], [0.7746579041188735, 0.22534209588112655], [0.80721218606922, 0.19278781393077993], [0.18975525877961386, 0.8102447412203859], [0.005379980233233877, 0.9946200197667661], [0.020102432738578955, 0.979897567261421], [0.9968968200997859, 0.0031031799002141707], [0.1499154317602116, 0.8500845682397882], [0.6579238919054478, 0.3420761080945523], [0.8092814392453168, 0.19071856075468321], [0.6260365913814591, 0.37396340861854105], [0.9855832728559105, 0.014416727144089496], [0.08973248660612246, 0.9102675133938776], [0.9756832169588904, 0.02431678304110953], [0.07643046541412286, 0.9235695345858772], [0.9344696293809569, 0.06553037061904313], [0.938284805304993, 0.06171519469500696], [0.879307271814044, 0.12069272818595586], [0.9602513645810369, 0.03974863541896326], [0.454266198222896, 0.545733801777104], [0.9652311662554651, 0.03476883374453497], [0.9732317503297686, 0.02676824967023138], [0.48490500790492214, 0.5150949920950779], [0.8574210474370454, 0.1425789525629546], [0.8368015388990946, 0.16319846110090547], [0.12144562024343532, 0.8785543797565648], [0.9100847469105128, 0.0899152530894872], [0.8712914091100812, 0.12870859088991865], [0.28668620371987147, 0.7133137962801285], [0.8852876870641083, 0.11471231293589182], [0.6912035373958995, 0.30879646260410065], [0.41964549728520517, 0.5803545027147947], [0.0708461521995319, 0.9291538478004681], [0.13243376768107942, 0.8675662323189206], [0.04764524777898708, 0.9523547522210127], [0.5909434458006122, 0.40905655419938786], [0.015820215341797752, 0.9841797846582021], [0.5203606037231538, 0.47963939627684626], [0.46176991894581093, 0.5382300810541892], [0.7549467676094321, 0.2450532323905679], [0.011763422750079808, 0.9882365772499204], [0.9776073101550093, 0.022392689844990557], [0.28167830462874355, 0.7183216953712566], [0.9947601176213925, 0.005239882378607613], [0.02765283724756854, 0.9723471627524317], [0.870192987571247, 0.1298070124287528], [0.9404006063053534, 0.059599393694646514], [0.057355304929746505, 0.9426446950702535], [0.10834635592663293, 0.891653644073367], [0.014386526320174065, 0.9856134736798257], [0.9157188015106025, 0.08428119848939761], [0.5217460611413454, 0.4782539388586546], [0.8736036340000221, 0.12639636599997803], [0.9285690843426117, 0.07143091565738846], [0.29321220985320906, 0.7067877901467908], [0.4258975755663412, 0.5741024244336589], [0.9857020231468011, 0.01429797685319894], [0.07716280992253947, 0.9228371900774605], [0.0666118477503066, 0.9333881522496933], [0.9902384753667737, 0.009761524633226418], [0.01902477584659384, 0.9809752241534061], [0.9611739052158441, 0.038826094784155885], [0.4443392133043526, 0.5556607866956472], [0.885682995211678, 0.11431700478832188], [0.5508449652570704, 0.4491550347429298], [0.3923946102084623, 0.6076053897915377], [0.9232609328918513, 0.07673906710814862], [0.019636039664288774, 0.9803639603357113], [0.3064687953450764, 0.6935312046549236], [0.9539613970277443, 0.04603860297225578], [0.43716515231900593, 0.5628348476809942], [0.08443374695427429, 0.9155662530457259], [0.9572098581017678, 0.04279014189823226], [0.8842045132743417, 0.1157954867256584], [0.9468747781460722, 0.05312522185392766], [0.04895610809997081, 0.9510438919000292], [0.11449107784351502, 0.8855089221564851], 