{"test": {"ids": ["111", "144", "505", "28", "584", "441", "433", "323", "386", "4", "49", "611", "683", "481", "206", "274", "353", "324", "646", "557", "497", "484", "204", "63", "90", "708", "88", "345", "454", "421", "307", "169", "19", "217", "109", "315", "6", "702", "104", "78", "128", "461", "677", "504", "326", "218", "314", "653", "531", "312", "228", "164", "577", "574", "645", "507", "430", "668", "85", "588", "528", "233", "468", "544", "291", "553", "237", "87", "474", "172", "406", "385", "380", "81", "351", "659", "590", "325", "709", "162", "342", "562", "139", "662", "344", "358", "251", "656", "440", "153", "436", "192", "79", "73", "389", "558", "12", "365", "600", "698", "629", "494", "77", "399", "498", "125", "606", "99", "377", "642", "311", "359", "275", "0", "213", "171", "61", "239", "259", "122", "76", "458", "112", "568", "254", "404", "667", "477", "289", "560", "637", "409", "305", "340", "34", "298", "397", "432", "224", "250", "539", "564", "542"], "labels": [1, 0, 1, 1, 1, 0, 0, 1, 0, 0, 1, 0, 0, 0, 1, 1, 0, 0, 0, 1, 1, 0, 1, 1, 0, 0, 0, 0, 1, 0, 1, 0, 1, 1, 1, 1, 0, 0, 0, 1, 0, 1, 0, 1, 0, 1, 1, 0, 0, 1, 1, 0, 1, 1, 0, 1, 0, 0, 0, 1, 0, 1, 1, 0, 1, 0, 1, 0, 1, 0, 0, 0, 1, 0, 0, 0, 1, 0, 0, 0, 0, 1, 0, 0, 0, 0, 1, 0, 0, 0, 0, 1, 1, 1, 0, 1, 0, 0, 1, 0, 1, 0, 1, 0, 1, 0, 0, 0, 0, 0, 1, 0, 1, 0, 1, 0, 1, 1, 0, 0, 1, 1, 1, 1, 1, 0, 0, 1, 1, 1, 0, 0, 1, 0, 1, 1, 0, 0, 1, 1, 0, 1, 1], "predicted_labels": [0, 0, 1, 1, 1, 1, 0, 1, 0, 1, 0, 1, 0, 0, 1, 1, 0, 0, 0, 1, 1, 0, 0, 0, 0, 0, 0, 0, 1, 0, 0, 0, 1, 1, 1, 1, 0, 0, 1, 0, 0, 0, 0, 1, 0, 1, 1, 0, 1, 0, 1, 0, 0, 1, 0, 0, 1, 1, 0, 1, 1, 1, 1, 0, 0, 1, 1, 0, 1, 1, 0, 0, 0, 0, 0, 1, 1, 1, 0, 0, 0, 1, 0, 1, 0, 0, 0, 0, 0, 0, 0, 1, 0, 0, 0, 1, 0, 0, 0, 1, 0, 0, 0, 0, 1, 0, 1, 0, 0, 1, 0, 0, 0, 0, 1, 0, 0, 1, 0, 0, 0, 0, 0, 1, 0, 1, 0, 1, 0, 0, 0, 0, 0, 0, 1, 1, 0, 1, 1, 1, 1, 1, 0], "confidence_scores": [[0.7738918081877194, 0.22610819181228062], [0.7402380936109307, 0.2597619063890692], [0.34350402517039025, 0.6564959748296098], [0.4558499116977788, 0.5441500883022212], [0.32673647963994557, 0.6732635203600544], [0.17807040932180007, 0.8219295906781999], [0.5702841629307087, 0.42971583706929134], [0.3934882890663268, 0.6065117109336732], [0.5551627403186792, 0.4448372596813208], [0.3167794511797394, 0.6832205488202606], [0.6135356019981876, 0.3864643980018124], [0.28240776403053536, 0.7175922359694646], [0.6525244029446315, 0.3474755970553685], [0.6795108517401185, 0.3204891482598815], [0.09477531028720276, 0.9052246897127972], [0.30998262300789814, 0.6900173769921019], [0.7338139923676934, 0.26618600763230654], [0.6590409503302622, 0.3409590496697378], [0.7818185218339468, 0.2181814781660532], [0.32836583531266206, 0.6716341646873379], [0.3763310579781426, 0.6236689420218574], [0.8834878300872342, 0.11651216991276582], [0.7127430149051475, 0.2872569850948526], [0.6813638667469137, 0.3186361332530862], [0.5721350554625844, 0.4278649445374157], [0.6755164523453205, 0.3244835476546794], [0.7665284271270871, 0.2334715728729129], [0.7277931194228402, 0.27220688057715986], [0.1593232142894464, 0.8406767857105536], [0.5017843977055312, 0.4982156022944689], [0.5156322173733774, 0.4843677826266226], [0.7605330987364335, 0.23946690126356654], [0.20689345967310546, 0.7931065403268945], [0.13911792145609958, 0.8608820785439004], [0.4308792510954015, 0.5691207489045985], [0.17016570826596855, 0.8298342917340314], [0.644186599027956, 0.35581340097204395], [0.753777132852444, 0.24622286714755606], [0.45536736064688343, 0.5446326393531166], [0.5318238721856869, 0.468176127814313], [0.6078460333478092, 0.3921539666521908], [0.5265814898676828, 0.4734185101323171], [0.6869667279757082, 0.31303327202429176], [0.4727402579861031, 0.5272597420138969], [0.7288146375636273, 0.2711853624363727], [0.43637785937082907, 0.5636221406291709], [0.14332433117758236, 0.8566756688224176], [0.7985782207820677, 0.20142177921793222], [0.20196327394078195, 0.798036726059218], [0.5142734959219979, 0.48572650407800205], [0.24720640282182782, 0.7527935971781722], [0.5875270175180121, 0.412472982481988], [0.5134218304482933, 0.48657816955170674], [0.22478254612301263, 0.7752174538769874], [0.5825905630730911, 0.4174094369269089], [0.7114658196882815, 0.28853418031171857], [0.4164294061812749, 0.5835705938187251], [0.35891709575140207, 0.6410829042485979], [0.7303649407923789, 0.26963505920762104], [0.3143354573200813, 0.6856645426799187], [0.3669685172042645, 0.6330314827957355], [0.13928437374581204, 0.860715626254188], [0.12234685642669296, 0.877653143573307], [0.6046057173030212, 0.39539428269697885], [0.6740899314338136, 0.3259100685661865], [0.2415062646449988, 0.7584937353550012], [0.18198282699916357, 0.8180171730008364], [0.6240541112056545, 0.37594588879434554], [0.4106632686429784, 0.5893367313570216], [0.3662542684918939, 0.6337457315081061], [0.6526493356272314, 0.34735066437276857], [0.7974980812539149, 0.20250191874608517], [0.7109695337701574, 0.2890304662298427], [0.5773495190450652, 0.42265048095493485], [0.7755741941539778, 0.2244258058460222], [0.47861540437764816, 0.5213845956223518], [0.4813178886258548, 0.5186821113741452], [0.47125428566820116, 0.5287457143317988], [0.7318830875502914, 0.2681169124497086], [0.7191039592515502, 0.28089604074844976], [0.7407219479157676, 0.2592780520842324], [0.3943859833652674, 0.6056140166347326], [0.7255155547849383, 0.2744844452150617], [0.4968583085400725, 0.5031416914599275], [0.6228199812800292, 0.3771800187199708], [0.7431428909867975, 0.25685710901320247], [0.6510834493168706, 0.34891655068312943], [0.6675954685862922, 0.3324045314137079], [0.5755253689193207, 0.42447463108067934], [0.7617309558448787, 0.23826904415512126], [0.7040540067007998, 0.29594599329920024], [0.1993459516249233, 0.8006540483750767], [0.7056886984335717, 0.2943113015664282], [0.6658910613399166, 0.3341089386600834], [0.6447697748201345, 0.35523022517986547], [0.3420110743142116, 0.6579889256857884], [0.6469303940612395, 0.35306960593876047], [0.8108512002139163, 0.18914879978608362], [0.6683218647517299, 0.33167813524827006], [0.3716508667471984, 0.6283491332528016], [0.6774627062248962, 0.32253729377510376], [0.6634245357516461, 0.33657546424835394], [0.6796990911844123, 0.3203009088155877], [0.5080372542013488, 0.4919627457986512], [0.2090643995836099, 0.7909356004163901], [0.8020002986219997, 0.19799970137800024], [0.2691661443087673, 0.7308338556912327], [0.5034570461707115, 0.4965429538292884], [0.602527577050314, 0.39747242294968604], [0.4330046845195642, 0.5669953154804358], [0.7505461676538933, 0.24945383234610674], [0.6106301754934065, 0.3893698245065935], [0.6809070876637018, 0.31909291233629816], [0.8441524628752317, 0.15584753712476826], [0.45304637123695934, 0.5469536287630407], [0.8855339912816289, 0.11446600871837107], [0.5022370077472896, 0.49776299225271037], [0.19658550857120227, 0.8034144914287977], [0.6808084184319871, 0.31919158156801286], [0.6560491645400991, 0.3439508354599009], [0.6728409676571634, 0.32715903234283655], [0.6086654713800018, 0.3913345286199982], [0.6639112121910512, 0.3360887878089488], [0.28734037023769754, 0.7126596297623025], [0.6267854469690032, 0.3732145530309968], [0.29599195052361993, 0.7040080494763801], [0.5662808174634204, 0.43371918253657965], [0.2795553032040413, 0.7204446967959587], [0.6514342797000218, 0.34856572029997823], [0.5717209021989216, 0.42827909780107837], [0.6816471088693837, 0.31835289113061627], [0.6641826879315668, 0.33581731206843324], [0.5850665502825592, 0.41493344971744084], [0.7502433116408329, 0.24975668835916706], [0.2387204433222626, 0.7612795566777374], [0.19836182695712978, 0.8016381730428702], [0.6557451338261208, 0.34425486617387924], [0.43798033275934223, 0.5620196672406578], [0.3416435695258285, 0.6583564304741715], [0.2850487164652319, 0.7149512835347681], [0.16237580544439456, 0.8376241945556054], [0.13473307566550308, 0.8652669243344969], [0.6615756933603952, 0.33842430663960477]]}}