{"test": {"ids": ["665", "498", "173", "546", "385", "38", "336", "144", "348", "557", "159", "504", "437", "540", "32", "124", "199", "529", "688", "40", "25", "685", "414", "388", "633", "146", "374", "105", "91", "677", "186", "252", "183", "418", "636", "309", "393", "602", "473", "260", "675", "202", "565", "525", "210", "492", "313", "64", "244", "383", "380", "122", "169", "273", "231", "167", "328", "248", "468", "543", "298", "275", "466", "518", "637", "134", "692", "327", "142", "646", "321", "31", "689", "574", "209", "219", "322", "4", "250", "506", "554", "560", "0", "445", "362", "335", "50", "698", "662", "320", "10", "440", "125", "577", "113", "296", "163", "623", "74", "45", "185", "512", "629", "192", "639", "24", "535", "331", "352", "60", "425", "188"], "labels": [1, 0, 1, 0, 1, 1, 1, 1, 1, 0, 1, 0, 1, 0, 0, 1, 0, 0, 0, 1, 0, 0, 1, 1, 0, 1, 1, 1, 1, 1, 0, 1, 0, 1, 0, 0, 1, 0, 0, 0, 1, 0, 0, 1, 0, 0, 0, 0, 0, 1, 1, 1, 1, 0, 0, 1, 1, 0, 0, 1, 0, 0, 0, 1, 1, 1, 1, 1, 1, 1, 0, 0, 1, 0, 0, 0, 0, 0, 1, 0, 1, 0, 1, 0, 1, 1, 0, 1, 1, 0, 1, 1, 1, 0, 1, 0, 1, 1, 0, 0, 0, 0, 1, 0, 1, 0, 0, 1, 1, 0, 1, 0], "predicted_labels": [0, 0, 1, 1, 1, 1, 1, 1, 1, 0, 1, 1, 1, 0, 0, 0, 1, 0, 0, 1, 1, 1, 1, 0, 0, 1, 1, 0, 1, 0, 0, 0, 0, 0, 1, 1, 1, 0, 0, 0, 0, 0, 0, 0, 0, 1, 0, 1, 0, 0, 1, 0, 1, 1, 0, 0, 1, 1, 0, 0, 0, 0, 0, 1, 0, 1, 0, 0, 1, 0, 0, 1, 0, 0, 0, 0, 1, 0, 1, 1, 0, 0, 1, 0, 1, 1, 1, 0, 0, 0, 1, 0, 1, 0, 0, 0, 1, 1, 1, 1, 0, 1, 0, 0, 1, 1, 1, 1, 1, 1, 1, 0], "confidence_scores": [[0.5218181906714583, 0.4781818093285416], [0.7537013139221391, 0.24629868607786093], [0.4687622278454471, 0.5312377721545529], [0.4014333489639393, 0.5985666510360607], [0.24656170373777972, 0.7534382962622203], [0.46118564404392975, 0.5388143559560702], [0.42885242542353447, 0.5711475745764656], [0.37813524672590326, 0.6218647532740966], [0.31773416753537925, 0.6822658324646209], [0.6679870076115956, 0.3320129923884043], [0.36775460954910677, 0.6322453904508933], [0.5089456955561632, 0.49105430444383663], [0.4395018576744772, 0.5604981423255228], [0.5727354819622577, 0.42726451803774224], [0.7144397998520677, 0.2855602001479323], [0.6250668532103693, 0.3749331467896308], [0.5, 0.5], [0.5649862663528435, 0.43501373364715645], [0.5153789576141585, 0.4846210423858416], [0.26927282426420873, 0.7307271757357912], [0.5103379163066039, 0.4896620836933958], [0.4253843941044133, 0.5746156058955867], [0.5, 0.5], [0.5468081500411158, 0.453191849958884], [0.5908766621619332, 0.4091233378380667], [0.3818716864420815, 0.6181283135579185], [0.4290560614626639, 0.570943938537336], [0.5468984205794589, 0.45310157942054113], [0.4916302200150068, 0.5083697799849932], [0.5259844010466485, 0.47401559895335144], [0.7604519804586138, 0.23954801954138633], [0.6382404496765062, 0.3617595503234939], [0.7456348506307925, 0.2543651493692074], [0.5302367217412669, 0.469763278258733], [0.42199192228808424, 0.5780080777119158], [0.43426105552406846, 0.5657389444759315], [0.3173370459799286, 0.6826629540200715], [0.6950346955001689, 0.304965304499831], [0.5507616677953504, 0.4492383322046497], [0.5950370704506974, 0.40496292954930263], [0.5217013576775954, 0.4782986423224046], [0.7122273617093803, 0.2877726382906197], [0.5197175356740107, 0.4802824643259894], [0.6350003550719133, 0.36499964492808673], [0.740124380381462, 0.2598756196185381], [0.46651752714210803, 0.5334824728578922], [0.6550857944544654, 0.34491420554553465], [0.42661593240124646, 0.5733840675987534], [0.6882111543274233, 0.3117888456725767], [0.6050714820890515, 0.3949285179109484], [0.35213766661623763, 0.6478623333837623], [0.5845168906601211, 0.41548310933987875], [0.25534119190918314, 0.7446588080908169], [0.5107018977705523, 0.4892981022294476], [0.5622185677136853, 0.4377814322863148], [0.6823907213916668, 0.31760927860833316], [0.32563097472609837, 0.6743690252739014], [0.3513171906089255, 0.6486828093910744], [0.7827560469286456, 0.21724395307135416], [0.5391320903453246, 0.4608679096546752], [0.7409483172672987, 0.2590516827327012], [0.7125534397844547, 0.28744656021554527], [0.5620975436865625, 0.4379024563134375], [0.4259511004284666, 0.5740488995715335], [0.582645548714192, 0.4173544512858078], [0.5, 0.5], [0.5580229350931605, 0.4419770649068395], [0.7005390493157152, 0.29946095068428463], [0.19980066006444264, 0.8001993399355576], [0.5282872182322009, 0.4717127817677989], [0.6679764453198365, 0.33202355468016354], [0.3782134509424927, 0.6217865490575073], [0.5437464886371645, 0.4562535113628356], [0.7591343225571339, 0.24086567744286608], [0.6149491215871917, 0.3850508784128082], [0.6180237186946795, 0.3819762813053203], [0.47516145282844063, 0.5248385471715593], [0.5513728922936293, 0.4486271077063707], [0.5069842799504952, 0.4930157200495046], [0.3668650402699778, 0.6331349597300223], [0.8047134840382196, 0.19528651596178018], [0.7604850576867718, 0.23951494231322815], [0.4012143547811787, 0.5987856452188215], [0.7350523543606537, 0.26494764563934625], [0.22188837952941629, 0.7781116204705837], [0.3518534256483123, 0.6481465743516877], [0.4193111778327278, 0.5806888221672721], [0.5177913177639454, 0.4822086822360543], [0.6913257561222644, 0.3086742438777352], [0.6311294335894663, 0.36887056641053384], [0.48032115389187774, 0.5196788461081222], [0.7235655594451498, 0.2764344405548503], [0.3478759967325853, 0.6521240032674145], [0.5757008025428062, 0.4242991974571939], [0.5977832040759254, 0.4022167959240745], [0.5990616554709993, 0.4009383445290006], [0.5, 0.5], [0.40316384592979665, 0.5968361540702033], [0.3708598915747746, 0.6291401084252254], [0.31782871869475077, 0.682171281305249], [0.5909775385165724, 0.40902246148342764], [0.506717349970801, 0.493282650029199], [0.5942554533743504, 0.40574454662564957], [0.6032877123320425, 0.39671228766795746], [0.4453139349698278, 0.554686065030172], [0.2948662297682509, 0.7051337702317493], [0.5, 0.5], [0.3659078878638445, 0.6340921121361557], [0.5084293151160282, 0.49157068488397165], [0.34898258189159903, 0.6510174181084007], [0.48598115107364587, 0.5140188489263542], [0.7356611941585283, 0.2643388058414718]]}, "rewritten": {"ids": ["0", "4", "10", "24", "25", "31", "32", "38", "40", "45", "50", "60", "64", "74", "91", "105", "113", "122", "124", "125", "134", "142", "144", "146", "159", "163", "167", "169", "173", "183", "185", "186", "188", "192", "199", "202", "209", "210", "219", "231", "244", "248", "250", "252", "260", "273", "275", "296", "298", "309", "313", "320", "321", "322", "327", "328", "331", "335", "336", "348", "352", "362", "374", "380", "383", "385", "388", "393", "414", "418", "425", "437", "440", "445", "466", "468", "473", "492", "498", "504", "506", "512", "518", "525", "529", "535", "540", "543", "546", "554", "557", "560", "565", "574", "577", "602", "623", "629", "633", "636", "637", "639", "646", "662", "665", "675", "677", "685", "688", "689", "692", "698"], "labels": [1, 0, 1, 0, 0, 0, 0, 1, 1, 0, 0, 0, 0, 0, 1, 1, 1, 1, 1, 1, 1, 1, 1, 1, 1, 1, 1, 1, 1, 0, 0, 0, 0, 0, 0, 0, 0, 0, 0, 0, 0, 0, 1, 1, 0, 0, 0, 0, 0, 0, 0, 0, 0, 0, 1, 1, 1, 1, 1, 1, 1, 1, 1, 1, 1, 1, 1, 1, 1, 1, 1, 1, 1, 0, 0, 0, 0, 0, 0, 0, 0, 0, 1, 1, 0, 0, 0, 1, 0, 1, 0, 0, 0, 0, 0, 0, 1, 1, 0, 0, 1, 1, 1, 1, 1, 1, 1, 0, 0, 1, 1, 1], "predicted_labels": [1, 0, 0, 1, 1, 0, 0, 1, 1, 0, 1, 1, 0, 1, 1, 0, 0, 1, 0, 1, 1, 1, 0, 0, 1, 1, 0, 1, 0, 0, 0, 0, 0, 0, 0, 0, 0, 0, 0, 1, 0, 1, 0, 0, 1, 0, 0, 0, 0, 1, 0, 0, 0, 0, 0, 0, 0, 1, 1, 1, 1, 1, 1, 1, 0, 1, 1, 1, 1, 1, 1, 1, 0, 0, 1, 0, 1, 0, 0, 0, 1, 1, 1, 0, 0, 0, 0, 0, 1, 0, 0, 0, 0, 1, 0, 0, 1, 0, 0, 0, 0, 0, 0, 1, 0, 1, 0, 1, 0, 0, 1, 1],