{"test": {"ids": ["458", "302", "461", "129", "406", "18", "645", "562", "538", "602", "162", "423", "534", "358", "93", "240", "23", "658", "209", "473", "664", "446", "706", "642", "89", "391", "409", "110", "134", "205", "172", "580", "265", "496", "379", "274", "5", "148", "221", "415", "476", "211", "376", "576", "79", "198", "491", "101", "113", "185", "460", "86", "686", "636", "633", "118", "685", "324", "375", "310", "159", "76", "661", "608", "410", "149", "381", "405", "434", "492", "470", "693", "690", "327", "298", "257", "493", "663", "52", "189", "345", "627", "673", "235", "507", "225", "220", "577", "605", "486", "698", "168", "699", "223", "561", "477", "244", "292", "701", "268", "647", "139", "256", "280", "317", "204", "601", "130", "404", "694", "456", "311", "109", "611", "575", "248", "4", "617", "150", "44", "146", "655", "542", "21", "368", "436", "449", "183", "626", "200", "335", "258", "485", "684", "71", "530", "132", "153", "241", "418", "583", "308", "553"], "labels": [0, 0, 0, 1, 1, 0, 0, 0, 1, 0, 1, 1, 1, 1, 0, 0, 0, 0, 0, 0, 0, 0, 1, 0, 0, 1, 1, 1, 1, 0, 1, 0, 0, 1, 1, 0, 0, 1, 0, 1, 0, 0, 1, 0, 1, 0, 0, 0, 1, 0, 0, 0, 1, 0, 0, 1, 0, 1, 1, 0, 1, 1, 0, 0, 1, 1, 1, 1, 1, 0, 0, 1, 1, 1, 0, 1, 1, 0, 0, 0, 1, 1, 0, 0, 0, 0, 0, 0, 0, 0, 1, 1, 1, 0, 0, 0, 0, 0, 1, 0, 0, 1, 1, 0, 0, 0, 0, 1, 1, 1, 0, 0, 1, 0, 0, 1, 0, 0, 1, 0, 1, 0, 1, 0, 1, 1, 0, 0, 1, 0, 1, 1, 0, 0, 1, 1, 1, 1, 0, 1, 0, 0, 0], "predicted_labels": [1, 0, 0, 1, 1, 1, 1, 0, 1, 0, 1, 1, 0, 1, 1, 0, 0, 0, 0, 0, 0, 1, 1, 0, 1, 1, 1, 0, 1, 0, 0, 0, 0, 0, 1, 0, 1, 1, 0, 0, 0, 0, 0, 0, 1, 1, 1, 1, 1, 0, 0, 0, 1, 1, 1, 1, 1, 1, 1, 0, 1, 0, 0, 0, 1, 1, 0, 1, 1, 0, 1, 1, 1, 0, 0, 0, 1, 0, 1, 0, 0, 1, 0, 0, 0, 0, 0, 0, 0, 1, 1, 1, 1, 0, 0, 1, 0, 0, 0, 0, 0, 1, 1, 0, 0, 0, 0, 1, 1, 1, 0, 0, 0, 0, 0, 1, 0, 0, 1, 0, 0, 0, 1, 0, 1, 1, 0, 1, 0, 0, 1, 1, 0, 0, 1, 1, 1, 0, 1, 1, 0, 0, 0], "confidence_scores": [[0.455980448633893, 0.5440195513661071], [0.8999167803533341, 0.10008321964666564], [0.798607098562636, 0.2013929014373641], [0.014259388595309539, 0.9857406114046903], [0.40379458460812623, 0.5962054153918739], [0.45010314053001943, 0.5498968594699806], [0.21759432519639496, 0.7824056748036051], [0.867335242027694, 0.13266475797230584], [0.27612448535864936, 0.7238755146413506], [0.7129556581629167, 0.2870443418370833], [0.36435198532176355, 0.6356480146782365], [0.16617175512506116, 0.8338282448749388], [0.9275493096725419, 0.0724506903274581], [0.028802167588237736, 0.9711978324117624], [0.22539223886528434, 0.7746077611347155], [0.9629870462119994, 0.03701295378800062], [0.4815431467084824, 0.5184568532915175], [0.9190529325133513, 0.0809470674866485], [0.8248981218317928, 0.17510187816820727], [0.6520046505044289, 0.3479953494955711], [0.8139758992418831, 0.18602410075811704], [0.4751123236645014, 0.5248876763354986], [0.31604769753102, 0.6839523024689798], [0.8473739335665813, 0.15262606643341853], [0.36311612589799125, 0.6368838741020088], [0.39940508309959166, 0.6005949169004082], [0.43079489770105256, 0.5692051022989475], [0.8482882984614045, 0.15171170153859534], [0.07010478018471081, 0.9298952198152891], [0.9205870878571808, 0.0794129121428192], [0.7000644965693186, 0.2999355034306813], [0.8458453414533456, 0.15415465854665467], [0.7631925387675778, 0.23680746123242222], [0.7745838084608844, 0.22541619153911555], [0.31677081870096174, 0.683229181299038], [0.9726935935890851, 0.02730640641091488], [0.183714935912864, 0.8162850640871359], [0.0777538640129477, 0.9222461359870523], [0.7857058287509658, 0.2142941712490341], [0.5255520433413208, 0.47444795665867917], [0.9391639839705869, 0.0608360160294131], [0.9275153374323002, 0.07248466256769981], [0.6003950392487851, 0.399604960751215], [0.90232587977263, 0.09767412022736982], [0.34323201453877933, 0.6567679854612206], [0.17706457635674855, 0.8229354236432516], [0.3954611776968214, 0.6045388223031786], [0.2953817136316685, 0.7046182863683313], [0.11276501312279705, 0.8872349868772029], [0.9254065529631738, 0.07459344703682638], [0.9938628729811819, 0.006137127018818179], [0.5350086814923019, 0.4649913185076981], [0.035161581874582015, 0.9648384181254179], [0.2847579842063253, 0.7152420157936745], [0.16643864464957192, 0.833561355350428], [0.25610328458736153, 0.7438967154126385], [0.31828358615117847, 0.6817164138488216], [0.4719163727460313, 0.5280836272539686], [0.07373889475382017, 0.9262611052461801], [0.7278593866353962, 0.2721406133646039], [0.1215429147036499, 0.87845708529635], [0.5686996442398602, 0.43130035576013986], [0.8149277948180519, 0.18507220518194809], [0.8033335904133083, 0.19666640958669168], [0.22193877015847363, 0.778061229841526], [0.42710526138615224, 0.5728947386138478], [0.7642980972993124, 0.23570190270068747], [0.25734955436635903, 0.742650445633641], [0.26155067272910776, 0.7384493272708921], [0.745345226444544, 0.25465477355545585], [0.24884362422969894, 0.7511563757703008], [0.12276910613152395, 0.8772308938684761], [0.0576002949453751, 0.9423997050546249], [0.6256372663497689, 0.374362733650231], [0.9068861718617878, 0.0931138281382122], [0.9680854730597646, 0.03191452694023548], [0.08059085800201013, 0.9194091419979897], [0.8315850399453828, 0.1684149600546172], [0.044913874475903746, 0.955086125524096], [0.8740535779513604, 0.12594642204863965], [0.5073857846518598, 0.4926142153481401], [0.0493143203927247, 0.9506856796072752], [0.9225651888642106, 0.07743481113578922], [0.9498814434057735, 0.05011855659422655], [0.8951467099916212, 0.10485329000837891], [0.7340616183870445, 0.26593838161295535], [0.7982879631323727, 0.20171203686762731], [0.9525888244558368, 0.04741117554416322], [0.8342276645528826, 0.16577233544711742], [0.24030136746324632, 0.7596986325367535], [0.062275459445841744, 0.9377245405541581], [0.19851434315539457, 0.8014856568446055], [0.013519883729422432, 0.9864801162705775], [0.9635925313702505, 0.036407468629749494], [0.9802451106178686, 0.01975488938213137], [0.19722901732925044, 0.8027709826707494], [0.9882634634853472, 0.011736536514652663], [0.7645553662728187, 0.2354446337271813], [0.7032609008481098, 0.29673909915189045], [0.9191466153305476, 0.08085338466945244], [0.7534676966636564, 0.2465323033363437], [0.0621583845932862, 0.9378416154067136], [0.31380137363742655, 0.6861986263625733], [0.7062814594437512, 0.29371854055624913], [0.9183292467418314, 0.0816707532581686], [0.9826150123320876, 0.01738498766791246], [0.8045099158125203, 0.19549008418747982], [0.06082171682156855, 0.9391782831784315], [0.29245554826767306, 0.707544451732327], [0.3412040082362754, 0.6587959917637244], [0.4804530319189272, 0.5195469680810728], [0.8287253436225898, 0.1712746563774101], [0.668553857046006, 0.33144614295399394], [0.9552099812780345, 0.04479001872196566], [0.996643737289461, 0.0033562627105390517], [0.0821938878027946, 0.9178061121972053], [0.8437757232862481, 0.15622427671375202], [0.823934414873349, 0.17606558512665113], [0.03085360166481516, 0.9691463983351848], [0.831023715753323, 0.1689762842466768], [0.487437179179676, 0.5125628208203241], [0.8607110502537739, 0.139288949746226], [0.28100741098697907, 0.7189925890130208], [0.5057090631892316, 0.4942909368107682], [0.17279555182202794, 0.8272044481779722], [0.330630078029204, 0.669369921970796], [0.9445640530289944, 0.05543594697100567], [0.37746012061809603, 0.6225398793819038], [0.8135117923289205, 0.18648820767107943], [0.9195262051606047, 0.08047379483939528], [0.06204384843925183, 0.9379561515607482], [0.2947386801780994, 0.7052613198219007], [0.8126680069152581, 0.1873319930847419], [0.8002719903090234, 0.1997280096909768], [0.12480958463188944, 0.8751904153681106], [0.2731137864898647, 0.7268862135101353], [0.10587367879498617, 0.8941263212050137], [0.5, 0.5], [0.3468020677513008, 0.653197932248699], [0.0997984498841728, 0.9002015501158273], [0.9491687942385049, 0.050831205761495225], [0.9203564540849418, 0.0796435459150581], [0.5710067812450447, 0.42899321875495533]]},