{"test": {"ids": ["665", "342", "153", "24", "642", "490", "551", "237", "438", "661", "290", "284", "416", "0", "365", "675", "693", "504", "197", "621", "232", "421", "478", "289", "128", "663", "303", "396", "78", "671", "172", "658", "482", "459", "144", "233", "429", "223", "281", "133", "186", "164", "109", "275", "689", "494", "111", "39", "349", "173", "561", "177", "643", "498", "204", "19", "182", "682", "681", "43", "646", "14", "454", "126", "83", "13", "217", "601", "580", "426", "492", "589", "115", "113", "291", "210", "513", "591", "174", "202", "587", "575", "31", "94", "168", "384", "199", "419", "358", "374", "229", "501", "75", "691", "195", "668", "706", "187", "114", "250", "613", "327", "66", "655", "434", "325", "367", "167", "511", "379", "191", "617", "90", "221", "401", "159", "119", "687", "226", "392", "703", "479", "436", "269", "32", "707", "293", "697", "604", "335", "25", "567", "130", "328", "408", "659", "581", "150", "413", "265", "499", "701", "340"], "labels": [0, 1, 1, 0, 0, 0, 0, 0, 1, 0, 0, 0, 1, 1, 1, 0, 1, 0, 0, 1, 0, 1, 0, 0, 1, 0, 0, 1, 1, 0, 1, 0, 0, 0, 1, 0, 1, 0, 0, 1, 0, 1, 1, 0, 1, 1, 1, 0, 1, 1, 0, 0, 0, 0, 0, 0, 0, 0, 0, 0, 0, 0, 0, 1, 1, 0, 0, 0, 0, 1, 0, 0, 1, 1, 0, 0, 0, 0, 0, 0, 0, 0, 0, 0, 1, 1, 0, 1, 1, 1, 0, 0, 1, 1, 0, 0, 1, 0, 1, 1, 0, 1, 1, 0, 1, 1, 1, 1, 0, 1, 0, 0, 0, 0, 1, 1, 1, 1, 0, 1, 1, 0, 1, 0, 0, 1, 0, 1, 0, 1, 0, 0, 1, 1, 1, 0, 0, 1, 1, 0, 0, 1, 1], "predicted_labels": [0, 1, 0, 1, 0, 0, 0, 0, 1, 0, 1, 1, 1, 1, 1, 1, 0, 0, 0, 0, 0, 1, 0, 1, 0, 0, 0, 1, 0, 0, 1, 0, 1, 0, 1, 0, 1, 0, 0, 1, 0, 1, 1, 0, 1, 0, 0, 1, 1, 1, 0, 0, 0, 0, 0, 0, 0, 0, 0, 1, 1, 0, 0, 1, 1, 0, 0, 0, 0, 1, 1, 0, 0, 0, 0, 0, 0, 0, 0, 0, 0, 0, 1, 0, 0, 1, 0, 1, 1, 1, 0, 0, 1, 0, 0, 0, 0, 0, 0, 0, 0, 1, 0, 0, 1, 1, 1, 0, 0, 1, 0, 1, 0, 1, 1, 0, 0, 0, 0, 1, 1, 0, 0, 0, 0, 1, 0, 0, 0, 1, 1, 1, 1, 1, 1, 0, 0, 0, 1, 0, 0, 1, 1], "confidence_scores": [[0.7649236044876291, 0.23507639551237092], [0.09467805475680025, 0.9053219452431998], [0.6097444703537017, 0.3902555296462983], [0.33850907811157216, 0.6614909218884278], [0.7364814374569858, 0.2635185625430142], [0.9196828452875087, 0.08031715471249135], [0.9802626435849655, 0.019737356415034536], [0.9954299174785681, 0.004570082521431829], [0.13716274370968307, 0.8628372562903169], [0.9799148731567773, 0.02008512684322276], [0.4039700160561631, 0.5960299839438369], [0.24133783206045367, 0.7586621679395463], [0.025228536467955975, 0.974771463532044], [0.29100037187387684, 0.7089996281261232], [0.09849031428699451, 0.9015096857130055], [0.2905112530489504, 0.7094887469510496], [0.5101668823422063, 0.4898331176577937], [0.9591143964515886, 0.04088560354841138], [0.9741137559633046, 0.025886244036695417], [0.9195813818065265, 0.08041861819347348], [0.6442830894164353, 0.35571691058356475], [0.48444920664440616, 0.5155507933555938], [0.9949539520518043, 0.005046047948195766], [0.07429683912069684, 0.9257031608793032], [0.6445304312178531, 0.35546956878214686], [0.9961416272569209, 0.0038583727430791244], [0.9894330101071633, 0.010566989892836663], [0.033437629108785005, 0.966562370891215], [0.9863654366057549, 0.013634563394245066], [0.9947860619856032, 0.005213938014396829], [0.28426113033918843, 0.7157388696608116], [0.9987518166940063, 0.0012481833059936921], [0.013692643270758698, 0.9863073567292413], [0.977321604984407, 0.022678395015592982], [0.20265846476292304, 0.797341535237077], [0.9927067394342663, 0.007293260565733687], [0.47601547350394735, 0.5239845264960526], [0.997797580857743, 0.0022024191422570236], [0.9972089527743979, 0.0027910472256020597], [0.39656485625749527, 0.6034351437425047], [0.9876192142316124, 0.012380785768387683], [0.19988332004276133, 0.8001166799572387], [0.01661001599705536, 0.9833899840029446], [0.9824696663914044, 0.017530333608595555], [0.14506269252220982, 0.8549373074777902], [0.7580114328759802, 0.24198856712401987], [0.988254276251033, 0.011745723748966956], [0.18181564963162877, 0.8181843503683712], [0.036301894192982576, 0.9636981058070174], [0.48494344766874253, 0.5150565523312575], [0.9764406628783449, 0.0235593371216552], [0.8000632706632839, 0.19993672933671613], [0.9921419939042017, 0.007858006095798304], [0.9156064881663144, 0.08439351183368558], [0.9612775289384629, 0.0387224710615371], [0.9728798649221723, 0.02712013507782776], [0.9369235588218636, 0.06307644117813639], [0.7019532130374007, 0.29804678696259934], [0.9262356404873135, 0.0737643595126865], [0.18653473083691285, 0.8134652691630871], [0.36667086203417265, 0.6333291379658273], [0.9836639589971089, 0.01633604100289107], [0.9967604479225605, 0.003239552077439569], [0.3611513491428302, 0.6388486508571698], [0.013082552869740027, 0.98691744713026], [0.5851562357269496, 0.41484376427305036], [0.9905952591357883, 0.009404740864211709], [0.9940469517538755, 0.005953048246124529], [0.9809663205073045, 0.01903367949269557], [0.009765413254531508, 0.9902345867454685], [0.3730162928151829, 0.6269837071848171], [0.9796636191483091, 0.02033638085169084], [0.9942143936142449, 0.005785606385755069], [0.9963801508050627, 0.0036198491949372895], [0.9865948800828714, 0.013405119917128519], [0.9640449718142892, 0.03595502818571079], [0.9680201302874515, 0.03197986971254856], [0.7770562775632162, 0.22294372243678384], [0.9711061637633696, 0.02889383623663044], [0.9192202316179356, 0.08077976838206437], [0.7456542796700698, 0.25434572032993014], [0.9986521126520448, 0.0013478873479552535], [0.015231547377130505, 0.9847684526228695], [0.8086816213694368, 0.19131837863056317], [0.5556459228475487, 0.44435407715245134], [0.23267647922376977, 0.7673235207762302], [0.9593228716062524, 0.040677128393747645], [0.0020854539360383173, 0.9979145460639617], [0.058385294597636084, 0.9416147054023639], [0.005354604671404917, 0.9946453953285951], [0.6970838767770389, 0.30291612322296113], [0.9844005939852222, 0.015599406014777852], [0.41301033832859624, 0.5869896616714038], [0.9814560014692213, 0.018543998530778722], [0.9853133890010237, 0.014686610998976288], [0.9958435301352544, 0.0041564698647456036], [0.866068292009754, 0.13393170799024598], [0.9854775168628097, 0.014522483137190338], [0.974557974179904, 0.02544202582009603], [0.91033188325518, 0.08966811674482003], [0.9817886673383939, 0.018211332661606097], [0.3977809275708567, 0.6022190724291433], [0.8863502407927342, 0.11364975920726579], [0.8453940284538749, 0.1546059715461251], [0.05639516821106538, 0.9436048317889346], [0.09743820989364882, 0.9025617901063512], [0.002295571388086337, 0.9977044286119137], [0.9624972207030247, 0.03750277929697533], [0.7720377605519987, 0.22796223944800134], [0.0024928039097785737, 0.9975071960902214], [0.9833371368012386, 0.016662863198761455], [0.3533835996441371, 0.6466164003558629], [0.996074726980175, 0.003925273019825029], [0.20543173973167472, 0.7945682602683253], [0.3647286997466489, 0.6352713002533511], [0.5798778907348929, 0.42012210926510707], [0.988351087852564, 0.011648912147436], [0.9148587275800375, 0.08514127241996244], [0.5530543618253125, 0.4469456381746874], [0.10212327275086464, 0.8978767272491354], [0.060994541900213806, 0.9390054580997862], [0.5430505678794881, 0.4569494321205118], [0.7426813719596694, 0.25731862804033057], [0.7652441241957781, 0.23475587580422183], [0.9736171407184647, 0.026382859281535297], [0.05413543289733691, 0.9458645671026631], [0.9998776609298256, 0.0001223390701743998], [0.7429853331384295, 0.2570146668615705], [0.9533581421394862, 0.046641857860513815], [0.3444260557636951, 0.6555739442363049], [0.006852074953141329, 0.9931479250468587], [0.14095372816394014, 0.8590462718360599], [0.0927759316437271, 0.9072240683562729], [0.08223518902393356, 0.9177648109760664], [0.0008525468223088417, 0.9991474531776912], [0.7679393671347821, 0.2320606328652179], [0.9001878034596956, 0.09981219654030438], [0.9110398573792227, 0.08896014262077734], [0.30858925085821765, 0.6914107491417824], [0.945403565618798, 0.05459643438120195], [0.7405191732316881, 