{"test": {"ids": ["393", "418", "179", "374", "282", "671", "133", "407", "98", "67", "466", "46", "31", "91", "622", "425", "584", "602", "341", "284", "157", "17", "596", "89", "512", "224", "586", "485", "82", "62", "195", "73", "588", "569", "468", "273", "112", "579", "312", "695", "532", "108", "701", "184", "623", "394", "291", "313", "277", "501", "541", "38", "131", "245", "453", "598", "462", "515", "323", "550", "594", "286", "455", "687", "416", "6", "86", "492", "548", "240", "448", "294", "646", "520", "95", "499", "446", "467", "578", "85", "537", "547", "316", "116", "292", "159", "668", "392", "109", "658", "522", "421", "173", "385", "69", "570", "167", "119", "229", "287", "521", "526", "585", "489", "660", "573", "111", "642", "189", "365", "285", "384", "220", "517", "314", "2", "104", "114", "481", "533", "357", "617", "303", "307", "169", "252", "77", "121", "555", "361", "334", "652", "433", "545", "129", "30", "469", "338", "528", "150", "430", "460", "706"], "labels": [1, 1, 0, 1, 0, 1, 1, 1, 1, 0, 0, 0, 0, 1, 1, 1, 0, 0, 1, 0, 1, 1, 0, 1, 0, 0, 0, 0, 1, 0, 0, 0, 0, 0, 0, 0, 1, 0, 0, 1, 0, 0, 1, 0, 1, 1, 0, 0, 0, 0, 1, 1, 1, 0, 0, 0, 0, 0, 0, 0, 0, 0, 0, 0, 1, 1, 0, 0, 0, 0, 0, 0, 1, 1, 1, 0, 0, 0, 0, 1, 0, 0, 0, 1, 0, 1, 1, 1, 1, 1, 1, 1, 1, 1, 0, 0, 1, 1, 0, 0, 1, 1, 0, 0, 1, 0, 1, 1, 0, 1, 0, 1, 0, 1, 0, 0, 1, 1, 0, 0, 1, 0, 0, 0, 1, 1, 0, 1, 1, 1, 1, 1, 1, 0, 1, 0, 0, 1, 0, 1, 1, 0, 1], "predicted_labels": [1, 1, 0, 1, 0, 1, 0, 0, 0, 0, 1, 1, 0, 0, 1, 0, 0, 0, 1, 1, 1, 0, 0, 1, 0, 0, 1, 0, 0, 1, 0, 0, 0, 0, 0, 0, 1, 0, 1, 0, 1, 1, 0, 0, 1, 0, 0, 0, 0, 0, 0, 1, 1, 0, 0, 0, 1, 0, 0, 0, 0, 1, 0, 0, 0, 1, 0, 1, 0, 0, 1, 0, 1, 1, 0, 0, 0, 1, 0, 1, 1, 0, 0, 1, 0, 1, 0, 1, 1, 1, 1, 1, 1, 1, 0, 0, 0, 1, 1, 0, 1, 1, 0, 1, 0, 0, 0, 1, 0, 1, 0, 1, 0, 1, 0, 0, 0, 0, 0, 0, 0, 0, 0, 0, 1, 1, 0, 1, 0, 1, 0, 0, 1, 1, 1, 1, 0, 0, 0, 0, 1, 0, 1], "confidence_scores": [[0.10553027236291547, 0.8944697276370844], [0.273248748682959, 0.7267512513170411], [0.6012549072593419, 0.39874509274065806], [0.40897931510172836, 0.5910206848982718], [0.7346722982399468, 0.26532770176005327], [0.3153936691629607, 0.6846063308370395], [0.7474676205230456, 0.2525323794769543], [0.8059398434552655, 0.19406015654473452], [0.5845323771348157, 0.41546762286518424], [0.6803636195601173, 0.31963638043988296], [0.49004143816925183, 0.5099585618307484], [0.10750125030810224, 0.8924987496918977], [0.6117104364472224, 0.3882895635527777], [0.5239588031685126, 0.4760411968314875], [0.3521554308344252, 0.647844569165575], [0.8121426873523442, 0.1878573126476559], [0.8460044384222256, 0.1539955615777744], [0.9083930382767893, 0.09160696172321074], [0.04204741987882371, 0.9579525801211765], [0.2713868461583841, 0.7286131538416158], [0.42973889496945533, 0.5702611050305447], [0.6444807741951697, 0.35551922580483025], [0.5257631876131525, 0.4742368123868472], [0.41356651936324756, 0.5864334806367525], [0.6532279949171654, 0.3467720050828345], [0.7756679530889687, 0.22433204691103134], [0.1240081350763477, 0.8759918649236523], [0.7251410653085665, 0.27485893469143347], [0.8148408268490179, 0.185159173150982], [0.4555120685644525, 0.5444879314355475], [0.8533231050520678, 0.14667689494793226], [0.6040373695440748, 0.39596263045592506], [0.6705548424662838, 0.32944515753371617], [0.7869277352007293, 0.21307226479927052], [0.8028355157427608, 0.1971644842572393], [0.5608211242217037, 0.43917887577829634], [0.2966522321551407, 0.7033477678448593], [0.7733213781680395, 0.2266786218319605], [0.25857385165738433, 0.7414261483426156], [0.8051835695613393, 0.1948164304386608], [0.4834636411718311, 0.516536358828169], [0.21084851671092927, 0.7891514832890706], [0.5587982941384292, 0.441201705861571], [0.9299309284420912, 0.07006907155790879], [0.5059026794573854, 0.49409732054261474], [0.5224740434461804, 0.4775259565538193], [0.5999548420291486, 0.4000451579708514], [0.9298348175801195, 0.07016518241988037], [0.8411087648442157, 0.15889123515578443], [0.885035924381004, 0.11496407561899627], [0.6090834959231988, 0.3909165040768013], [0.032601746026952545, 0.9673982539730475], [0.32080250369971564, 0.6791974963002844], [0.9026739665643844, 0.09732603343561547], [0.965168092235822, 0.03483190776417808], [0.9759201057034058, 0.02407989429659413], [0.40086911401557407, 0.5991308859844261], [0.6087922296285044, 0.39120777037149557], [0.9274045667047879, 0.07259543329521204], [0.7564067712737542, 0.243593228726246], [0.878721475698931, 0.12127852430106904], [0.44862394928400284, 0.5513760507159972], [0.9794608447861951, 0.020539155213804824], [0.843249839823478, 0.15675016017652207], [0.6223897895326305, 0.3776102104673695], [0.3611680944981075, 0.6388319055018924], [0.8803074780078297, 0.11969252199217034], [0.29027163650382876, 0.7097283634961712], [0.8069114681941829, 0.19308853180581698], [0.8438619943635891, 0.1561380056364108], [0.47821743588598237, 0.5217825641140176], [0.9159486322951889, 0.08405136770481113], [0.21669094558622784, 0.7833090544137721], [0.46542988215484854, 0.5345701178451515], [0.7821886641971076, 0.21781133580289253], [0.7869469940285847, 0.21305300597141544], [0.5969862174949437, 0.40301378250505643], [0.43625949040222334, 0.5637405095977767], [0.8223034015126021, 0.1776965984873978], [0.21980475248978668, 0.7801952475102133], [0.29765001391059565, 0.7023499860894044], [0.8589228063900745, 0.14107719360992532], [0.6573037131559691, 0.342696286844031], [0.4684239767363197, 0.5315760232636803], [0.8435280497264167, 0.15647195027358307], [0.22309998401184244, 0.7769000159881574], [0.5953404277678528, 0.40465957223214705], [0.5, 0.5], [0.26448355234843557, 0.7355164476515642], [0.2801808391059109, 0.7198191608940891], [0.43246471636003153, 0.5675352836399685], [0.46498105547709256, 0.5350189445229072], [0.4316988751778096, 0.5683011248221904], [0.24748789195903656, 0.7525121080409635], [0.5407307568238067, 0.4592692431761936], [0.7360681752840591, 0.26393182471594095], [0.8318806987028967, 0.16811930129710345], [0.4680210912192466, 0.5319789087807533], [0.3005824466379403, 0.6994175533620597], [0.9126739311718716, 0.0873260688281284], [0.31096914713926704, 0.6890308528607331], [0.3806390776279572, 0.6193609223720427], [0.8055878287749114, 0.1944121712250885], [0.1521590004436748, 0.8478409995563251], [0.7472098678350061, 0.2527901321649939], [0.9062457826947681, 0.09375421730523205], [0.589726429797373, 0.410273570202627], [0.33217626267820766, 0.6678237373217923], [0.8262133644697403, 0.1737866355302598], [0.06802581619092003, 0.9319741838090798], [0.792547706781358, 0.20745229321864211], [0.24385954072419108, 0.7561404592758089], [0.6480618588771736, 0.3519381411228264], [0.40430762024982203, 0.5956923797501782], [0.6686522077462396, 0.3313477922537605], [0.7218592935358885, 0.2781407064641115], [0.5721477748437026, 0.4278522251562974], [0.7448090923974121, 0.2551909076025879], [0.6397709647506342, 0.3602290352493657], [0.6163131758240487, 0.3836868241759514], [0.5202016599915587, 0.47979834000844124], [0.5687526764353741, 0.43124732356462603], [0.7502390826223955, 0.24976091737760459], [0.5987412933629502, 0.40125870663704954], [0.35857000878331247, 0.6414299912166875], [0.4552560598638864, 0.5447439401361136], [0.5546892437270796, 0.4453107562729202], [0.226953696290634, 0.7730463037093658], [0.8737726217160192, 0.12622737828398062], [0.5, 0.5], [0.6030391003313182, 0.39696089966868175], [0.5600443672024281, 0.4399556327975718], [0.19936379220568815, 0.8006362077943117], [0.42308448757529477, 0.5769155124247052], [0.22750755589891514, 0.7724924441010849], [0.4070413360278506, 0.5929586639721495], [0.826360546988206, 0.1736394530117937], [0.6057135732134463, 0.39428642678655373], [0.6711242177979183, 0.3288757822020818], [0.534346954618765, 0.4656530453812352], [0.2861681696961327, 0.7138318303038673], [0.9241276941612528, 0.07587230583874713], [0.32721591104115394, 0.672784088958846]]}}