{"test": {"ids": ["140", "352", "48", "272", "195", "422", "98", "509", "9", "175", "371", "299", "505", "349", "344", "334", "601", "557", "564", "12", "445", "294", "15", "215", "549", "676", "330", "305", "691", "432", "166", "613", "29", "671", "586", "382", "33", "550", "597", "373", "606", "255", "507", "263", "398", "641", "264", "433", "592", "424", "455", "708", "642", "379", "529", "551", "131", "10", "408", "472", "293", "44", "674", "77", "137", "561", "182", "6", "450", "620", "260", "280", "605", "172", "37", "663", "394", "461", "607", "67", "699", "534", "315", "682", "132", "687", "53", "133", "616", "11", "537", "483", "545", "477", "357", "531", "473", "460", "269", "61", "578", "146", "327", "1", "259", "99", "666", "26", "703", "130", "365", "283", "465", "427", "413", "681", "16", "25", "599", "225", "157", "430", "660", "525", "164", "248", "696", "261", "374", "52", "97", "573", "496", "638", "406", "633", "341", "617", "227", "100", "452", "262", "387"], "labels": [0, 0, 1, 1, 1, 0, 0, 1, 0, 1, 0, 1, 1, 0, 0, 0, 1, 1, 1, 0, 0, 1, 0, 1, 0, 0, 0, 1, 0, 0, 0, 0, 1, 0, 1, 1, 1, 0, 1, 0, 0, 0, 1, 0, 0, 0, 1, 0, 1, 0, 1, 0, 0, 1, 0, 0, 0, 0, 0, 1, 1, 1, 0, 1, 0, 1, 1, 0, 0, 0, 0, 1, 1, 0, 1, 0, 0, 1, 0, 1, 0, 0, 1, 0, 0, 1, 1, 0, 0, 0, 0, 0, 0, 1, 0, 0, 1, 1, 1, 1, 1, 0, 0, 0, 0, 0, 0, 1, 0, 0, 0, 1, 1, 0, 0, 0, 1, 1, 1, 1, 0, 0, 0, 0, 0, 0, 0, 0, 0, 1, 0, 1, 0, 0, 0, 0, 0, 0, 1, 0, 1, 0, 0], "predicted_labels": [0, 0, 0, 1, 1, 0, 0, 1, 1, 1, 0, 0, 1, 0, 0, 0, 0, 1, 1, 1, 1, 1, 1, 1, 0, 0, 0, 1, 0, 0, 0, 0, 1, 0, 0, 0, 1, 1, 1, 0, 1, 0, 1, 0, 1, 0, 0, 1, 0, 0, 1, 1, 1, 0, 0, 1, 1, 1, 0, 0, 1, 0, 1, 0, 0, 1, 1, 0, 1, 0, 0, 1, 0, 1, 0, 0, 1, 1, 1, 1, 0, 1, 1, 1, 0, 0, 0, 1, 1, 0, 0, 0, 0, 1, 1, 1, 1, 1, 1, 0, 1, 1, 1, 0, 1, 0, 0, 1, 0, 0, 0, 1, 1, 0, 1, 0, 0, 0, 0, 1, 0, 0, 1, 0, 0, 0, 1, 0, 0, 0, 0, 1, 0, 1, 1, 1, 0, 0, 0, 1, 1, 1, 1], "confidence_scores": [[0.5620383458114045, 0.43796165418859545], [0.5307159462840526, 0.46928405371594745], [0.6282665092053482, 0.3717334907946516], [0.17234835510582408, 0.8276516448941758], [0.13836979229870525, 0.8616302077012948], [0.703359318411221, 0.2966406815887791], [0.5521271716692052, 0.4478728283307947], [0.30795834253721704, 0.6920416574627828], [0.2818326961799422, 0.7181673038200577], [0.3550709478023991, 0.6449290521976011], [0.5657615228261914, 0.43423847717380853], [0.7159177245867387, 0.28408227541326114], [0.35864247520556974, 0.6413575247944303], [0.7133386204496612, 0.28666137955033855], [0.65427504057803, 0.34572495942197], [0.9204943342166503, 0.0795056657833499], [0.694018446084483, 0.3059815539155167], [0.4249119895632845, 0.5750880104367154], [0.06352314392265544, 0.9364768560773447], [0.43831996071457685, 0.5616800392854231], [0.3066648552473379, 0.6933351447526622], [0.03383025752839875, 0.9661697424716011], [0.476415568374095, 0.5235844316259051], [0.3640940946500801, 0.6359059053499199], [0.7755259815433264, 0.2244740184566734], [0.5530225701030572, 0.44697742989694283], [0.7639764355274928, 0.2360235644725073], [0.13559650990133992, 0.86440349009866], [0.7003466150616544, 0.2996533849383456], [0.6643786758203483, 0.33562132417965174], [0.5283701768178333, 0.47162982318216684], [0.5252499059770892, 0.47475009402291074], [0.34409025566791396, 0.655909744332086], [0.7523796234189977, 0.24762037658100244], [0.8671551902505651, 0.13284480974943494], [0.6348551055302214, 0.3651448944697787], [0.26023375121703957, 0.7397662487829604], [0.3700398146973618, 0.6299601853026383], [0.3781288665029404, 0.6218711334970595], [0.8250955040315325, 0.1749044959684674], [0.33485028710981746, 0.6651497128901825], [0.8771417698850642, 0.12285823011493564], [0.4835308125292932, 0.5164691874707069], [0.6210722241383363, 0.37892777586166365], [0.43173264379477627, 0.5682673562052237], [0.8519511607281343, 0.1480488392718657], [0.5608851731689686, 0.4391148268310316], [0.44271856541458476, 0.5572814345854151], [0.5583912160611282, 0.44160878393887193], [0.6309058360362582, 0.3690941639637419], [0.2514823979030663, 0.7485176020969335], [0.2038907232435318, 0.7961092767564686], [0.25147819501672264, 0.7485218049832771], [0.9134728833699961, 0.08652711663000412], [0.5742190184060627, 0.4257809815939372], [0.35284292185386906, 0.6471570781461309], [0.3538481816817672, 0.6461518183182328], [0.2511150033986115, 0.7488849966013884], [0.6324669315444194, 0.3675330684555806], [0.5436676441505883, 0.45633235584941156], [0.03298834540082173, 0.9670116545991781], [0.8444586371579413, 0.15554136284205863], [0.16977748543390406, 0.830222514566096], [0.6996082377379872, 0.30039176226201286], [0.7391436677480219, 0.2608563322519782], [0.2543350498507738, 0.7456649501492261], [0.27183789778973216, 0.7281621022102678], [0.6819177521038907, 0.3180822478961094], [0.22409636373474393, 0.775903636265256], [0.7905661047024151, 0.20943389529758505], [0.7742954418591047, 0.22570455814089524], [0.08551400698773398, 0.914485993012266], [0.6791831242202138, 0.32081687577978624], [0.4289401880346274, 0.5710598119653725], [0.8176548927903681, 0.1823451072096321], [0.5377831167926005, 0.4622168832073995], [0.4604524643059162, 0.5395475356940839], [0.15409043698011662, 0.8459095630198833], [0.38350753518909714, 0.6164924648109028], [0.4670815851803826, 0.5329184148196172], [0.6688031289962872, 0.3311968710037128], [0.20921884718441977, 0.7907811528155805], [0.09759645093897919, 0.9024035490610208], [0.3517448889726746, 0.6482551110273255], [0.8124198875219479, 0.18758011247805195], [0.6852760125094046, 0.3147239874905956], [0.6309191495693769, 0.3690808504306232], [0.18623289945733185, 0.8137671005426681], [0.3030001728933637, 0.6969998271066364], [0.6353847872809067, 0.36461521271909336], [0.6898449377352802, 0.3101550622647198], [0.5538700665588316, 0.4461299334411683], [0.65642645127511, 0.34357354872489], [0.3073817973693708, 0.6926182026306293], [0.46804140964833, 0.53195859035167], [0.2220441613881677, 0.7779558386118324], [0.4905314929373105, 0.5094685070626893], [0.26063152839358267, 0.7393684716064173], [0.23043058589013835, 0.7695694141098615], [0.5823993112685805, 0.4176006887314197], [0.33804607213452886, 0.6619539278654711], [0.384448326577314, 0.615551673422686], [0.20377288168615246, 0.7962271183138473], [0.5611575804366171, 0.43884241956338277], [0.47173627971177096, 0.528263720288229], [0.5989269692217705, 0.4010730307782296], [0.5822141203076385, 0.4177858796923616], [0.26997396796225076, 0.7300260320377494], [0.7493633187800742, 0.250636681219926], [0.9120909648281166, 0.08790903517188342], [0.7244937533398679, 0.27550624666013196], [0.13977750485513687, 0.8602224951448633], [0.4534755632370303, 0.5465244367629696], [0.5911055951075516, 0.4088944048924483], [0.29513407522316465, 0.7048659247768355], [0.7199582014092633, 0.2800417985907367], [0.8089939200461034, 0.1910060799538965], [0.8820501262420501, 0.11794987375794981], [0.7115262363352157, 0.28847376366478444], [0.3876257862385921, 0.6123742137614079], [0.7228271884702996, 0.2771728115297002], [0.6103508759578857, 0.3896491240421143], [0.38608007221634205, 0.613919927783658], [0.5626900211551322, 0.4373099788448676], [0.7841971285031705, 0.21580287149682964], [0.8408969859501468, 0.15910301404985314], [0.44381254789784585, 0.5561874521021543], [0.7398737622157308, 0.26012623778426913], [0.6375334397949627, 0.3624665602050373], [0.7778150166698689, 0.22218498333013126], [0.7588260214351088, 0.24117397856489123], [0.2996738000774728, 0.7003261999225274], [0.8802578528742846, 0.11974214712571529], [0.26981404841069984, 0.7301859515893], [0.44182281792358624, 0.5581771820764139], [0.2543182159122832, 0.7456817840877169], [0.6909535997916489, 0.3090464002083509], [0.5799156120055927, 0.42008438799440717], [0.524807780592009, 0.47519221940799106], [0.28138069658235976, 0.7186193034176402], [0.3697495140687676, 0.6302504859312322], [0.24049853605229646, 0.7595014639477036], [0.48232595769526954, 0.5176740423047302]]}}