{"test": {"ids": ["320", "96", "706", "88", "393", "382", "33", "454", "375", "36", "125", "4", "661", "674", "340", "522", "469", "422", "204", "520", "369", "656", "673", "592", "221", "583", "423", "461", "349", "196", "573", "614", "710", "247", "649", "157", "80", "23", "480", "161", "119", "70", "654", "616", "435", "115", "213", "202", "541", "10", "391", "11", "308", "703", "30", "624", "199", "450", "401", "581", "352", "323", "233", "209", "173", "563", "19", "69", "32", "502", "368", "179", "559", "57", "426", "641", "677", "219", "652", "201", "18", "236", "20", "598", "618", "318", "463", "602", "364", "367", "291", "175", "489", "699", "133", "580", "374", "493", "237", "556", "205", "297", "437", "523", "365", "472", "141", "532", "384", "337", "387", "488", "149", "305", "322", "400", "512", "48", "566", "192", "346", "298", "66", "606", "126", "680", "380", "707", "587", "412", "500", "120", "93", "629", "467", "676", "357", "403", "482", "498", "417"], "labels": [0, 1, 1, 1, 1, 0, 0, 0, 0, 1, 1, 0, 1, 1, 0, 1, 0, 1, 0, 1, 0, 1, 1, 0, 0, 0, 1, 0, 0, 0, 0, 0, 0, 0, 1, 1, 0, 0, 0, 1, 1, 0, 1, 0, 1, 1, 0, 0, 1, 1, 1, 1, 0, 1, 0, 1, 0, 0, 1, 0, 0, 0, 0, 0, 1, 0, 0, 0, 0, 0, 0, 0, 0, 1, 1, 1, 1, 0, 1, 0, 0, 0, 0, 0, 0, 0, 0, 0, 0, 0, 0, 0, 0, 1, 1, 0, 0, 1, 0, 0, 0, 0, 1, 1, 0, 0, 1, 1, 1, 0, 1, 0, 1, 0, 0, 1, 0, 1, 0, 0, 0, 0, 0, 0, 1, 1, 1, 1, 0, 1, 0, 1, 1, 1, 0, 1, 0, 1, 0, 0, 1], "predicted_labels": [1, 0, 1, 0, 1, 1, 0, 1, 0, 0, 1, 1, 1, 0, 1, 0, 0, 1, 0, 0, 0, 1, 1, 0, 1, 0, 1, 0, 0, 0, 0, 1, 1, 0, 0, 0, 1, 0, 1, 1, 0, 0, 1, 0, 1, 0, 0, 0, 0, 1, 0, 0, 0, 0, 0, 0, 0, 1, 0, 0, 0, 1, 1, 1, 1, 0, 0, 1, 1, 0, 0, 1, 0, 1, 1, 0, 0, 0, 1, 0, 0, 1, 0, 0, 1, 0, 0, 0, 0, 1, 0, 0, 1, 1, 0, 1, 0, 1, 0, 0, 0, 0, 1, 0, 0, 1, 1, 0, 1, 0, 1, 0, 1, 0, 0, 0, 1, 1, 0, 0, 0, 0, 0, 0, 0, 1, 0, 1, 0, 1, 1, 1, 1, 1, 1, 1, 0, 0, 1, 0, 0], "confidence_scores": [[0.34860784536356537, 0.6513921546364346], [0.9471258243548654, 0.052874175645134684], [0.05381698674968427, 0.9461830132503157], [0.5143250405486282, 0.4856749594513719], [0.15108276731464765, 0.8489172326853524], [0.15755735366030255, 0.8424426463396975], [0.5534912965013918, 0.4465087034986081], [0.09071607749960753, 0.9092839225003925], [0.9939324707833308, 0.006067529216669244], [0.6823553387065985, 0.3176446612934015], [0.08963420692093005, 0.91036579307907], [0.2872713462678339, 0.7127286537321661], [0.3036509415748613, 0.6963490584251387], [0.8934518102695769, 0.10654818973042315], [0.13060065252321884, 0.8693993474767812], [0.9429015391740089, 0.05709846082599111], [0.9023378401223878, 0.09766215987761216], [0.2242677315511894, 0.7757322684488106], [0.9932601202712354, 0.006739879728764566], [0.9188138139792617, 0.08118618602073836], [0.7551315006285764, 0.2448684993714236], [0.12118714991511526, 0.8788128500848847], [0.08198603372865865, 0.9180139662713414], [0.9957398714407063, 0.004260128559293738], [0.29027458077134083, 0.7097254192286592], [0.8551230572933559, 0.1448769427066441], [0.28954155844636964, 0.7104584415536304], [0.9998028360661206, 0.00019716393387941315], [0.9972400982123094, 0.0027599017876906245], [0.9973072708600235, 0.002692729139976497], [0.6790735767389819, 0.3209264232610181], [0.3873514566969323, 0.6126485433030677], [0.2869260727492621, 0.7130739272507379], [0.7877006250359768, 0.21229937496402318], [0.6881255391052974, 0.31187446089470255], [0.6049174390159346, 0.3950825609840653], [0.004665462256202568, 0.9953345377437974], [0.9967286058981062, 0.0032713941018937633], [0.3096368947407825, 0.6903631052592175], [0.1727642344276421, 0.8272357655723579], [0.9910415973251891, 0.008958402674810835], [0.6311477432578687, 0.3688522567421313], [0.019866567592531914, 0.9801334324074681], [0.8316221827365475, 0.1683778172634524], [0.0033983174849746556, 0.9966016825150253], [0.9821604295091863, 0.017839570490813722], [0.8107778702142681, 0.1892221297857319], [0.9022610917852681, 0.0977389082147319], [0.9722674388611492, 0.027732561138850757], [0.4588013395364534, 0.5411986604635466], [0.9975987441505496, 0.0024012558494504125], [0.8412869994209189, 0.15871300057908114], [0.6911269497065229, 0.3088730502934771], [0.9261512401500326, 0.07384875984996746], [0.9948067989419316, 0.005193201058068443], [0.9080633809552756, 0.09193661904472437], [0.995098504886046, 0.004901495113953947], [0.3445472882447558, 0.6554527117552442], [0.9308154014570559, 0.06918459854294413], [0.7739918970954183, 0.2260081029045817], [0.5640187894684037, 0.43598121053159633], [0.03547588032865634, 0.9645241196713437], [0.34784941655128643, 0.6521505834487136], [0.29467631601750777, 0.7053236839824922], [0.02758953306123879, 0.9724104669387612], [0.9831135883938508, 0.01688641160614919], [0.9665063987486028, 0.03349360125139719], [0.09394290077319234, 0.9060570992268077], [0.0024279634061058486, 0.9975720365938942], [0.601260194099176, 0.3987398059008241], [0.9712315985101375, 0.028768401489862525], [0.052532494639916605, 0.9474675053600834], [0.8167169120662239, 0.18328308793377607], [0.007336393851913536, 0.9926636061480865], [0.1402083462690965, 0.8597916537309035], [0.8538741086508603, 0.14612589134913967], [0.6398305458625226, 0.3601694541374774], [0.9912346775375261, 0.008765322462473904], [0.0017993801282243371, 0.9982006198717757], [0.961092871606843, 0.03890712839315703], [0.966221100858817, 0.033778899141183046], [0.3904871906736428, 0.6095128093263572], [0.9465718325797545, 0.05342816742024542], [0.9996064056738645, 0.00039359432613548655], [0.14401454861037322, 0.8559854513896268], [0.967033717931171, 0.03296628206882896], [0.9975501131190594, 0.0024498868809406174], [0.7628834438737887, 0.2371165561262113], [0.7267141821977967, 0.27328581780220323], [0.3801587440919547, 0.6198412559080453], [0.9768619434169575, 0.023138056583042414], [0.9466498299695575, 0.05335017003044253], [0.014372506106514527, 0.9856274938934855], [0.03274398932261624, 0.9672560106773838], [0.8979345308334575, 0.10206546916654251], [0.12291584134596933, 0.8770841586540307], [0.7474643924590001, 0.25253560754099985], [0.025230342434277797, 0.9747696575657222], [0.9972160883033124, 0.0027839116966875267], [0.9986232481017199, 0.0013767518982800817], [0.9883498397422734, 0.01165016025772658], [0.7317818010337171, 0.2682181989662829], [0.11991897105486227, 0.8800810289451377], [0.8780986660414022, 0.12190133395859784], [0.9997519576005554, 0.0002480423994446361], [0.04331304423238924, 0.9566869557676108], [0.1102725300945786, 0.8897274699054214], [0.6143027568244892, 0.38569724317551085], [0.00971656073335303, 0.990283439266647], [0.853648580996003, 0.14635141900399692], [0.24268053382339716, 0.7573194661766028], [0.9306819807195177, 0.06931801928048237], [0.01377043233600972, 0.9862295676639903], [0.972485747790146, 0.02751425220985407], [0.9903416631012888, 0.009658336898711166], [0.9942800940209944, 0.005719905979005618], [0.3906001422887476, 0.6093998577112524], [0.02408759143921968, 0.9759124085607803], [0.9646618384697162, 0.03533816153028379], [0.9963701318937362, 0.003629868106263776], [0.5050351057895213, 0.4949648942104788], [0.9992943247601903, 0.000705675239809638], [0.987188627226034, 0.01281137277396608], [0.9979574930722747, 0.0020425069277253786], [0.6722123027624178, 0.3277876972375822], [0.07221247655430119, 0.9277875234456988], [0.9731496265817955, 0.026850373418204537], [0.20148287394070397, 0.798517126059296], [0.9978280092252411, 0.0021719907747589657], [0.026501524004052146, 0.9734984759959479], [0.23564894837869543, 0.7643510516213046], [0.00845869800143606, 0.9915413019985639], [0.010575576126509167, 0.9894244238734908], [0.07515673252708732, 0.9248432674729127], [0.46880157396990385, 0.5311984260300961], [0.01767457125790972, 0.9823254287420903], [0.8851032920676566, 0.1148967079323434], [0.9554553165942635, 0.04454468340573649], [0.06336441529180747, 0.9366355847081925], [0.619041960491331, 0.380958039508669], [0.6788945375141556, 0.3211054624858444]]},