{"test": {"ids": ["619", "521", "319", "145", "285", "520", "560", "50", "670", "189", "378", "33", "547", "585", "41", "591", "327", "138", "300", "246", "595", "8", "541", "461", "685", "490", "298", "584", "61", "641", "563", "150", "669", "621", "111", "472", "332", "307", "308", "231", "338", "586", "129", "535", "455", "296", "460", "649", "217", "146", "698", "600", "639", "659", "258", "674", "551", "183", "38", "114", "257", "139", "305", "487", "165", "544", "48", "205", "389", "279", "452", "131", "608", "443", "569", "214", "275", "220", "282", "244", "66", "249", "29", "524", "46", "297", "278", "416", "523", "425", "697", "435", "167", "89", "142", "412", "397", "663", "10", "542", "505", "483", "567", "17", "353", "105", "481", "365", "616", "423", "666", "302", "191", "223", "107", "28", "432", "168", "459", "148", "592", "115", "309", "622", "72", "367", "117", "36", "462", "581", "3", "611", "504", "474", "321", "13", "699", "4", "437", "181", "201", "554", "289"], "labels": [0, 1, 0, 1, 0, 1, 0, 0, 0, 0, 1, 0, 0, 0, 0, 0, 1, 1, 0, 1, 0, 0, 1, 0, 0, 0, 0, 0, 1, 0, 0, 1, 0, 1, 1, 0, 1, 0, 0, 0, 1, 0, 1, 1, 0, 0, 0, 0, 0, 1, 1, 0, 0, 0, 1, 0, 0, 0, 0, 1, 1, 1, 0, 0, 1, 0, 0, 0, 1, 0, 0, 1, 0, 1, 0, 0, 0, 0, 0, 0, 1, 1, 0, 1, 0, 0, 0, 1, 1, 1, 1, 1, 1, 0, 1, 1, 1, 0, 0, 1, 0, 0, 0, 1, 1, 0, 0, 1, 0, 1, 0, 0, 0, 0, 1, 0, 1, 1, 0, 1, 0, 1, 0, 1, 1, 1, 1, 0, 0, 0, 0, 0, 0, 0, 0, 0, 1, 0, 1, 0, 0, 1, 0], "predicted_labels": [0, 1, 0, 1, 0, 1, 0, 1, 0, 0, 0, 0, 0, 0, 1, 1, 0, 0, 1, 1, 0, 1, 0, 0, 0, 0, 0, 0, 1, 0, 0, 1, 0, 0, 0, 1, 1, 0, 0, 0, 1, 1, 1, 0, 0, 1, 0, 0, 0, 1, 0, 0, 0, 1, 0, 0, 0, 0, 1, 0, 1, 1, 0, 0, 1, 0, 1, 0, 1, 0, 0, 0, 1, 0, 0, 0, 0, 0, 1, 0, 0, 0, 1, 1, 1, 0, 1, 1, 1, 0, 0, 0, 0, 0, 1, 1, 1, 0, 0, 1, 0, 0, 1, 0, 1, 1, 0, 1, 0, 1, 0, 0, 0, 0, 1, 0, 1, 0, 0, 1, 0, 0, 0, 1, 0, 1, 0, 0, 1, 0, 1, 0, 0, 0, 0, 0, 1, 0, 1, 0, 0, 1, 0], "confidence_scores": [[0.6848387527254217, 0.31516124727457845], [0.2772746094819594, 0.7227253905180405], [0.8978230559275344, 0.10217694407246572], [0.25139772720238523, 0.748602272797615], [0.9589216243403674, 0.04107837565963253], [0.2409973793915072, 0.759002620608493], [0.8270585429623895, 0.17294145703761052], [0.037471152336495235, 0.9625288476635047], [0.9300165927830485, 0.06998340721695137], [0.8222798236013351, 0.17772017639866478], [0.5, 0.5], [0.8325848758014037, 0.16741512419859625], [0.8958639437149718, 0.10413605628502828], [0.957249065634449, 0.04275093436555098], [0.12493207286034211, 0.8750679271396581], [0.44093574188126194, 0.559064258118738], [0.5579081812466085, 0.4420918187533916], [0.5801929890922218, 0.4198070109077781], [0.3181386929367535, 0.6818613070632467], [0.269627233127712, 0.730372766872288], [0.7556930459424205, 0.24430695405757963], [0.38129294823814075, 0.6187070517618591], [0.8654808653045172, 0.13451913469548285], [0.7145717803615931, 0.285428219638407], [0.6032431592898853, 0.39675684071011486], [0.6192501471619211, 0.38074985283807894], [0.9483726761988627, 0.05162732380113737], [0.611584430889939, 0.3884155691100611], [0.47922128996389163, 0.5207787100361082], [0.8269859221300757, 0.17301407786992437], [0.9233195603666883, 0.07668043963331182], [0.34938639501483054, 0.6506136049851696], [0.9434499936864285, 0.05655000631357155], [0.9156039012818958, 0.0843960987181044], [0.8230886858732291, 0.1769113141267708], [0.12566375567463658, 0.8743362443253635], [0.04729910251839539, 0.9527008974816045], [0.8628997875338112, 0.13710021246618873], [0.8300362921297331, 0.16996370787026693], [0.70726652477534, 0.2927334752246598], [0.4704507905810675, 0.5295492094189327], [0.22623380610507013, 0.7737661938949298], [0.07343953825785235, 0.9265604617421478], [0.9025600069133866, 0.09743999308661364], [0.9569702758888452, 0.04302972411115482], [0.440843886077893, 0.5591561139221068], [0.8836243313649431, 0.11637566863505704], [0.8975873594969824, 0.10241264050301757], [0.9674223391649955, 0.03257766083500442], [0.34770467182834736, 0.6522953281716526], [0.7319462490303406, 0.26805375096965944], [0.5225445777279453, 0.47745542227205445], [0.8360604734877758, 0.1639395265122242], [0.2730707022296353, 0.7269292977703646], [0.7481796565230161, 0.25182034347698384], [0.989631036080948, 0.010368963919051838], [0.9740205250483608, 0.025979474951639204], [0.5471047623145993, 0.45289523768540074], [0.14760515389986992, 0.8523948461001302], [0.6165745644714654, 0.38342543552853453], [0.22368559137580532, 0.7763144086241948], [0.09949160609661158, 0.9005083939033885], [0.8503286818150055, 0.14967131818499413], [0.8805514102844759, 0.119448589715524], [0.3141715774184107, 0.6858284225815893], [0.8418407179666649, 0.15815928203333504], [0.4289108198832829, 0.571089180116717], [0.7577476627782322, 0.24225233722176773], [0.4404424175678875, 0.5595575824321124], [0.888453381050318, 0.1115466189496819], [0.6357248374266371, 0.36427516257336284], [0.5257051288152792, 0.4742948711847208], [0.2482885730166192, 0.7517114269833809], [0.5, 0.5], [0.840964182886718, 0.15903581711328185], [0.9499685924693203, 0.050031407530679806], [0.8573567322266372, 0.14264326777336284], [0.812167316464348, 0.1878326835356519], [0.41752927712852017, 0.5824707228714797], [0.9155539882979191, 0.08444601170208106], [0.72056423134662, 0.27943576865337993], [0.5799036663856398, 0.42009633361436016], [0.22265248614127267, 0.7773475138587274], [0.2295002743775421, 0.770499725622458], [0.09989150516851511, 0.9001084948314849], [0.9318576231972467, 0.06814237680275317], [0.48468717091192265, 0.5153128290880773], [0.27222876952771585, 0.7277712304722839], [0.0866764997692285, 0.9133235002307715], [0.5, 0.5], [0.7847158465639148, 0.21528415343608528], [0.8703182364327557, 0.12968176356724428], [0.5824529387669521, 0.41754706123304797], [0.77339543193309, 0.22660456806690996], [0.05925120364763083, 0.9407487963523692], [0.5, 0.5], [0.19796348521011548, 0.8020365147898848], [0.9798369271069372, 0.020163072893062753], [0.7593769185461363, 0.24062308145386374], [0.359564807484747, 0.6404351925152529], [0.7401422816679432, 0.25985771833205695], [0.717919090662169, 0.2820809093378307], [0.13744453745587573, 0.8625554625441242], [0.8011069225994466, 0.19889307740055334], [0.05441205455757605, 0.9455879454424239], [0.18633717466268457, 0.8136628253373156], [0.5593493972577265, 0.44065060274227363], [0.1552842629726241, 0.8447157370273758], [0.8180712541071837, 0.1819287458928164], [0.2012919812919396, 0.7987080187080605], [0.7328618974348454, 0.26713810256515436], [0.886016132742174, 0.1139838672578261], [0.9617113957733363, 0.03828860422666364], [0.9476438989685082, 0.052356101031491666], [0.15829956951464147, 0.8417004304853585], [0.7379440291828728, 0.2620559708171272], [0.38168836988684746, 0.6183116301131525], [0.5984042993543792, 0.40159570064562083], [0.9406105973726374, 0.059389402627362683], [0.02796046488410932, 0.9720395351158908], [0.8312847001441991, 0.16871529985580097], [0.7556827850992157, 0.24431721490078437], [0.9242961969170348, 0.07570380308296518], [0.4918796598125821, 0.508120340187418], [0.7151507537784662, 0.2848492462215338], [0.0497636876148619, 0.950236312385138], [0.575448047769205, 0.42455195223079484], [0.9563156674922415, 0.043684332507758404], [0.4882836711401432, 0.5117163288598569], [0.8392741572678258, 0.16072584273217416], [0.38301262086152166, 0.6169873791384785], [0.7403439354350919, 0.25965606456490803], [0.8460742435480719, 0.153925756451928], [0.9149799108520087, 0.08502008914799118], [0.7208619602693573, 0.2791380397306428], [0.5534247096774322, 0.44657529032256776], [0.1842738288844516, 0.8157261711155485], [0.8614550288838632, 0.13854497111613664], [0.2610115217721707, 0.7389884782278292], [0.8322439299598309, 0.16775607004016904], [0.6992379220299948, 0.30076207797000515], [0.3384279150861965, 0.6615720849138035], [0.6870110777901334, 0.31298892220986635]]}}