{"test": {"ids": ["468", "391", "461", "349", "221", "67", "702", "394", "83", "180", "177", "493", "0", "87", "65", "563", "179", "146", "423", "205", "396", "477", "207", "623", "216", "497", "230", "633", "620", "232", "509", "632", "262", "518", "388", "55", "283", "418", "374", "95", "404", "304", "657", "582", "575", "92", "184", "672", "688", "233", "217", "583", "191", "251", "409", "158", "469", "696", "676", "411", "538", "557", "597", "364", "675", "201", "199", "505", "615", "574", "572", "605", "228", "281", "705", "57", "467", "498", "12", "249", "131", "516", "710", "513", "125", "101", "691", "317", "478", "32", "454", "593", "570", "447", "286", "204", "297", "69", "375", "313", "665", "590", "174", "266", "321", "243", "438", "401", "175", "41", "660", "130", "586", "339", "651", "122", "209", "133", "58", "237", "507", "358", "459", "453", "379", "10", "120", "587", "52", "61", "694", "681", "241", "110", "421", "460", "638", "27", "444"], "labels": [0, 1, 0, 1, 0, 1, 1, 1, 1, 0, 0, 1, 1, 0, 1, 0, 0, 1, 1, 0, 1, 0, 0, 1, 0, 0, 0, 0, 0, 0, 0, 0, 1, 1, 1, 0, 0, 1, 1, 0, 1, 0, 0, 0, 0, 0, 0, 0, 0, 0, 0, 0, 0, 1, 1, 1, 0, 1, 0, 1, 1, 0, 0, 1, 0, 0, 0, 0, 0, 0, 0, 0, 0, 0, 1, 0, 0, 0, 0, 1, 1, 1, 0, 0, 1, 0, 1, 0, 0, 0, 0, 0, 0, 0, 0, 0, 0, 1, 1, 0, 0, 0, 0, 0, 0, 0, 1, 1, 0, 0, 0, 1, 0, 1, 0, 1, 0, 1, 0, 0, 0, 1, 0, 0, 1, 0, 1, 0, 0, 1, 1, 0, 0, 1, 1, 0, 0, 0, 0], "predicted_labels": [0, 0, 0, 0, 0, 1, 0, 1, 1, 0, 0, 1, 0, 0, 0, 0, 0, 1, 0, 0, 0, 1, 0, 0, 0, 0, 0, 1, 1, 0, 0, 1, 0, 1, 0, 0, 0, 0, 1, 0, 1, 0, 0, 0, 0, 1, 0, 0, 1, 0, 0, 0, 1, 0, 0, 0, 0, 1, 0, 0, 1, 0, 0, 1, 0, 1, 0, 0, 0, 0, 1, 1, 0, 0, 1, 0, 1, 0, 0, 1, 1, 1, 1, 0, 1, 0, 1, 0, 1, 1, 0, 0, 0, 0, 1, 0, 0, 0, 0, 0, 0, 1, 0, 1, 0, 1, 1, 0, 1, 0, 1, 0, 1, 0, 0, 0, 1, 0, 1, 0, 0, 1, 0, 0, 1, 0, 0, 0, 1, 1, 0, 0, 0, 0, 0, 0, 0, 1, 0], "confidence_scores": [[0.5455103392282459, 0.4544896607717541], [0.5542406629419822, 0.4457593370580178], [0.7242231143351832, 0.275776885664817], [0.7089196258782481, 0.291080374121752], [0.5865204873700345, 0.41347951262996546], [0.45855349351559677, 0.5414465064844033], [0.6619327721750908, 0.33806722782490917], [0.5062354196892379, 0.493764580310762], [0.30818162782125047, 0.6918183721787493], [0.6853987905738675, 0.31460120942613234], [0.5267695382017951, 0.47323046179820494], [0.5104511618677324, 0.4895488381322675], [0.6582827476185982, 0.3417172523814018], [0.6498033866818248, 0.35019661331817525], [0.6467630932340502, 0.35323690676594977], [0.6939999137577484, 0.3060000862422516], [0.6577100385365398, 0.34228996146346036], [0.490904085210686, 0.5090959147893142], [0.5340636578396513, 0.4659363421603487], [0.6013556236427391, 0.39864437635726085], [0.6214565339948249, 0.37854346600517513], [0.447885657187623, 0.5521143428123769], [0.724769642943324, 0.27523035705667576], [0.7167184010328057, 0.28328159896719435], [0.6458545452878397, 0.35414545471216025], [0.6506960177589113, 0.34930398224108883], [0.6686578536942688, 0.3313421463057313], [0.41185252249741633, 0.5881474775025836], [0.37061373985485346, 0.6293862601451465], [0.6649512905155912, 0.33504870948440885], [0.6769548623095109, 0.32304513769048937], [0.3947019193525126, 0.6052980806474875], [0.7277031257142812, 0.2722968742857189], [0.35831667331365064, 0.6416833266863494], [0.5966662377270243, 0.4033337622729755], [0.6401369592546816, 0.35986304074531833], [0.6783345859759763, 0.3216654140240237], [0.5255770366103393, 0.4744229633896608], [0.4277637276816817, 0.5722362723183183], [0.6858735738271515, 0.3141264261728485], [0.4061819796253694, 0.5938180203746306], [0.7989552424963527, 0.2010447575036474], [0.7093312286495022, 0.2906687713504979], [0.7103408117219938, 0.2896591882780061], [0.794113662269252, 0.2058863377307481], [0.4085323886304306, 0.5914676113695695], [0.5506324672453944, 0.4493675327546057], [0.5484759616640944, 0.4515240383359057], [0.506090425272989, 0.493909574727011], [0.6967054791292419, 0.30329452087075826], [0.7798723627357813, 0.2201276372642187], [0.7285482566776733, 0.27145174332232697], [0.45199976956388094, 0.548000230436119], [0.6842534949051607, 0.31574650509483926], [0.5697278425328748, 0.4302721574671253], [0.5577958932986153, 0.44220410670138477], [0.6876122704838953, 0.31238772951610455], [0.5234492186677185, 0.47655078133228135], [0.5590239464336744, 0.44097605356632574], [0.563613111606719, 0.43638688839328094], [0.39997615989235863, 0.6000238401076413], [0.5532425310775105, 0.44675746892248946], [0.677753337736015, 0.3222466622639851], [0.43410317573393997, 0.5658968242660601], [0.7034902881427568, 0.2965097118572432], [0.3897596241158039, 0.6102403758841962], [0.5479424109986104, 0.4520575890013894], [0.7770244462454211, 0.22297555375457878], [0.686548612949096, 0.31345138705090403], [0.5871497245042598, 0.41285027549574016], [0.510658078601876, 0.48934192139812405], [0.46023424398426754, 0.5397657560157324], [0.5243965274790069, 0.47560347252099333], [0.5426953864339441, 0.45730461356605573], [0.3829285336362625, 0.6170714663637374], [0.626800762068876, 0.3731992379311241], [0.32249501520862944, 0.6775049847913703], [0.5917766247166653, 0.4082233752833348], [0.5250652363294465, 0.4749347636705537], [0.37760505339671213, 0.6223949466032879], [0.44563890477962254, 0.5543610952203774], [0.46743698541527573, 0.5325630145847244], [0.5114056926463851, 0.4885943073536148], [0.617802790697829, 0.382197209302171], [0.4176943198935106, 0.5823056801064895], [0.5818391279748601, 0.41816087202513974], [0.48153004872703575, 0.5184699512729642], [0.5312491422178888, 0.4687508577821113], [0.3934612870613127, 0.6065387129386873], [0.49331137472527153, 0.5066886252747285], [0.5823221043430334, 0.41767789565696645], [0.5773488543618556, 0.4226511456381443], [0.5546891560308432, 0.44531084396915654], [0.6597291551984213, 0.34027084480157876], [0.5, 0.5], [0.6024588904349241, 0.3975411095650759], [0.6185713547557355, 0.38142864524426445], [0.5571097692521779, 0.4428902307478222], [0.6104597226450337, 0.3895402773549663], [0.7232713571697077, 0.27672864283029247], [0.5815459309785893, 0.41845406902141064], [0.46969284846981735, 0.5303071515301826], [0.5601303296525904, 0.4398696703474098], [0.40566308672104806, 0.5943369132789519], [0.6101186687966708, 0.38988133120332913], [0.49270450741182364, 0.5072954925881763], [0.42700052452068027, 0.5729994754793197], [0.6359720489913174, 0.36402795100868257], [0.4090009138791951, 0.5909990861208049], [0.6965068396778394, 0.3034931603221605], [0.45496045178777667, 0.5450395482122236], [0.6597398430839818, 0.34026015691601813], [0.3855373429769256, 0.6144626570230743], [0.731896055097557, 0.26810394490244316], [0.6816602455021774, 0.3183397544978226], [0.5329042747420359, 0.4670957252579642], [0.5126307301282863, 0.4873692698717138], [0.7108774502538165, 0.2891225497461836], [0.46279150055383067, 0.5372084994461692], [0.6259323650041323, 0.37406763499586776], [0.5631853683072975, 0.4368146316927024], [0.4224321394360105, 0.5775678605639896], [0.643781659198394, 0.3562183408016059], [0.6101508539046893, 0.38984914609531085], [0.4605911644159517, 0.5394088355840483], [0.5302051538209159, 0.46979484617908424], [0.6078571264488103, 0.3921428735511896], [0.6782053273300039, 0.32179467266999606], [0.29315749432972393, 0.7068425056702761], [0.3294473525041437, 0.6705526474958564], [0.6088689078458256, 0.39113109215417424], [0.710667038189614, 0.28933296181038615], [0.5407519661707431, 0.4592480338292571], [0.7163031145403171, 0.2836968854596826], [0.6527827423494668, 0.3472172576505332], [0.7128536134705767, 0.28714638652942304], [0.5424874789760841, 0.45751252102391593], [0.46991818071201114, 0.5300818192879889], [0.5743953162660707, 0.4256046837339294]]},