{"test": {"ids": ["225", "50", "416", "18", "72", "407", "589", "273", "539", "446", "213", "136", "346", "52", "139", "546", "99", "323", "382", "703", "246", "338", "53", "478", "47", "270", "525", "61", "704", "619", "433", "327", "59", "365", "351", "102", "243", "265", "280", "208", "667", "291", "146", "456", "656", "295", "470", "436", "559", "445", "160", "508", "530", "426", "558", "458", "393", "168", "125", "38", "349", "304", "556", "616", "252", "186", "482", "495", "159", "670", "684", "179", "232", "8", "474", "467", "699", "348", "189", "681", "586", "97", "240", "354", "278", "395", "21", "283", "74", "184", "228", "342", "582", "306", "660", "363", "696", "107", "708", "292", "688", "682", "88", "343", "466", "449", "95", "1", "153", "494", "664", "626", "511", "397", "4", "223", "216", "581", "75", "630", "479", "42", "173", "30", "80", "399", "654", "410", "284", "121", "517", "188", "557", "461", "101", "402", "69", "211", "57", "149", "401", "629", "44"], "labels": [0, 0, 1, 0, 1, 1, 0, 0, 1, 0, 0, 1, 1, 0, 1, 0, 0, 0, 1, 1, 1, 1, 0, 0, 0, 0, 1, 1, 1, 0, 1, 1, 1, 1, 1, 0, 0, 0, 0, 0, 0, 0, 1, 0, 0, 0, 0, 1, 0, 0, 1, 0, 1, 1, 0, 0, 1, 1, 1, 0, 1, 0, 0, 0, 1, 0, 0, 1, 1, 0, 0, 0, 0, 0, 0, 0, 1, 1, 0, 0, 0, 0, 0, 1, 0, 1, 0, 0, 1, 0, 0, 1, 0, 0, 0, 1, 1, 1, 1, 0, 0, 0, 1, 1, 0, 0, 0, 1, 1, 1, 0, 1, 0, 1, 0, 0, 0, 0, 1, 1, 0, 0, 1, 0, 1, 1, 0, 1, 0, 1, 1, 0, 0, 0, 0, 1, 1, 0, 0, 1, 1, 1, 0], "predicted_labels": [0, 1, 0, 1, 0, 0, 0, 0, 0, 0, 0, 1, 1, 1, 1, 0, 0, 0, 0, 0, 1, 1, 0, 0, 1, 0, 0, 1, 0, 0, 1, 0, 0, 1, 1, 1, 0, 1, 0, 0, 0, 0, 1, 0, 0, 0, 0, 0, 0, 0, 0, 0, 0, 1, 0, 0, 0, 1, 1, 0, 1, 0, 0, 0, 0, 0, 0, 0, 1, 0, 0, 0, 0, 0, 0, 1, 1, 1, 0, 0, 1, 0, 0, 1, 0, 0, 0, 0, 1, 0, 0, 1, 0, 0, 1, 1, 0, 0, 0, 0, 0, 1, 1, 1, 1, 0, 0, 0, 0, 0, 0, 0, 0, 0, 0, 0, 0, 0, 0, 1, 0, 1, 0, 0, 1, 0, 0, 1, 0, 1, 1, 0, 0, 0, 1, 0, 0, 0, 1, 0, 0, 0, 1], "confidence_scores": [[0.6126580222753705, 0.38734197772462964], [0.4825065141982624, 0.5174934858017375], [0.5149066805139676, 0.4850933194860324], [0.4134190363729839, 0.5865809636270162], [0.6048561193015078, 0.39514388069849216], [0.5382166302703374, 0.4617833697296628], [0.5202835502207445, 0.4797164497792554], [0.6232223661299354, 0.3767776338700645], [0.6012517727444388, 0.3987482272555614], [0.5059769835869716, 0.4940230164130284], [0.6593657178635496, 0.34063428213645025], [0.45655934900092343, 0.5434406509990766], [0.4748886938291658, 0.5251113061708341], [0.30587456498651333, 0.6941254350134868], [0.48333324567741554, 0.5166667543225845], [0.56791327055769, 0.43208672944230997], [0.6017136645448702, 0.39828633545513], [0.5631504055530868, 0.43684959444691307], [0.5786899697186692, 0.42131003028133074], [0.5904408641218033, 0.40955913587819653], [0.46661654579199535, 0.5333834542080047], [0.4312307020421319, 0.5687692979578682], [0.5226599519591879, 0.47734004804081215], [0.573934246835713, 0.4260657531642869], [0.48728859928198304, 0.5127114007180169], [0.6518763516741279, 0.3481236483258721], [0.5417807926200783, 0.45821920737992167], [0.48950525256080596, 0.5104947474391941], [0.590441136583984, 0.40955886341601583], [0.6839647645800885, 0.3160352354199112], [0.4790232194833226, 0.5209767805166775], [0.6016608213003621, 0.39833917869963775], [0.5331255014074033, 0.4668744985925965], [0.4237293948420398, 0.5762706051579602], [0.4388444256123163, 0.5611555743876836], [0.4748906954461324, 0.5251093045538677], [0.6996429942470483, 0.30035700575295166], [0.44599927125526456, 0.5540007287447355], [0.6134443534881199, 0.38655564651188], [0.6123437386808943, 0.38765626131910563], [0.5977619419579283, 0.4022380580420719], [0.563503203586711, 0.4364967964132889], [0.4896362308957885, 0.5103637691042114], [0.5928897114461228, 0.4071102885538773], [0.6745921898551255, 0.3254078101448744], [0.6238055266400891, 0.3761944733599107], [0.5618214904222969, 0.4381785095777031], [0.5179444761279365, 0.48205552387206346], [0.7187192521364595, 0.2812807478635404], [0.6032636169154649, 0.39673638308453496], [0.5816454028227904, 0.4183545971772096], [0.5577532846908921, 0.4422467153091078], [0.607444677213668, 0.3925553227863317], [0.49487669743173035, 0.5051233025682698], [0.581123486984947, 0.4188765130150531], [0.5140636420591596, 0.48593635794084045], [0.5670724438837597, 0.4329275561162406], [0.48605151366887, 0.51394848633113], [0.31406742626048884, 0.6859325737395112], [0.5045078480046646, 0.49549215199533525], [0.47105642838377554, 0.5289435716162246], [0.7172968181433916, 0.2827031818566085], [0.7245529058496101, 0.27544709415038987], [0.6636195633496409, 0.336380436650359], [0.5405864335371514, 0.4594135664628486], [0.6478403558364519, 0.3521596441635479], [0.6703843818136112, 0.32961561818638885], [0.5753671608454385, 0.42463283915456157], [0.4825301013070109, 0.517469898692989], [0.5633779156508036, 0.43662208434919636], [0.6645194368394343, 0.33548056316056574], [0.533276964008103, 0.4667230359918969], [0.5725797152217649, 0.42742028477823496], [0.5475143933538805, 0.45248560664611953], [0.6202867202211231, 0.3797132797788767], [0.45514283331556976, 0.5448571666844303], [0.34533315218565946, 0.6546668478143406], [0.47557865895550444, 0.5244213410444954], [0.6014868358648595, 0.3985131641351403], [0.5534192052282818, 0.44658079477171825], [0.4677948684460702, 0.5322051315539297], [0.5288097086158384, 0.47119029138416146], [0.731709745870001, 0.26829025412999924], [0.462673732201944, 0.5373262677980561], [0.6316803714433677, 0.3683196285566322], [0.5293967540909584, 0.47060324590904157], [0.5331376613409177, 0.46686233865908244], [0.5884031437597437, 0.41159685624025644], [0.37992187209151496, 0.6200781279084849], [0.7683426124078713, 0.23165738759212925], [0.6265746837181301, 0.3734253162818701], [0.38308582167408806, 0.616914178325912], [0.5436107274845332, 0.4563892725154669], [0.6623512925911454, 0.3376487074088546], [0.48075517104867566, 0.5192448289513244], [0.42284059599265034, 0.5771594040073496], [0.5968198269198866, 0.40318017308011334], [0.6288245879099131, 0.37117541209008686], [0.5254175394348746, 0.47458246056512543], [0.6071011243199889, 0.39289887568001125], [0.5922639813070351, 0.407736018692965], [0.4724674004231027, 0.5275325995768972], [0.4333786300226726, 0.5666213699773274], [0.41303213027673225, 0.5869678697232676], [0.4688392821438596, 0.5311607178561403], [0.6324768053075477, 0.36752319469245237], [0.6128611868541324, 0.3871388131458676], [0.570526831287411, 0.42947316871258906], [0.5315836871124298, 0.4684163128875701], [0.5112372532289293, 0.4887627467710707], [0.6013604199323906, 0.39863958006760924], [0.710828774945641, 0.289171225054359], [0.6216358267037595, 0.3783641732962403], [0.5515115898894646, 0.4484884101105353], [0.6197706357197201, 0.38022936428028], [0.7013080999479153, 0.29869190005208457], [0.6451167431295443, 0.35488325687045574], [0.6874751027789275, 0.31252489722107224], [0.60058211627397, 0.39941788372603004], [0.4408578772969255, 0.5591421227030746], [0.5664089050132486, 0.43359109498675147], [0.4529425940493001, 0.5470574059506997], [0.5494932955458761, 0.4505067044541239], [0.5419644181738127, 0.45803558182618737], [0.4485901123970884, 0.5514098876029115], [0.5545327839599579, 0.44546721604004225], [0.6149192710377931, 0.3850807289622068], [0.4455414044805337, 0.5544585955194663], [0.6585797378148319, 0.3414202621851682], [0.42289515501732455, 0.5771048449826754], [0.4986553498881795, 0.5013446501118205], [0.6557213823070992, 0.34427861769290075], [0.6958830572979962, 0.3041169427020042], [0.6626952417682129, 0.337304758231787], [0.4176533484763254, 0.5823466515236746], [0.5124822243845103, 0.48751777561548965], [0.5390478653992373, 0.46095213460076256], [0.6555739733443708, 0.344426026655629], [0.49724275714743854, 0.5027572428525615], [0.5220414092754959, 0.47795859072450414], [0.6278749172934079, 0.37212508270659195], [0.5847401468517195, 0.4152598531482805], [0.4678754157909516, 0.5321245842090484]]},