{"test": {"ids": ["208", "519", "276", "146", "169", "194", "386", "399", "163", "607", "59", "111", "583", "389", "239", "451", "561", "606", "655", "430", "285", "92", "296", "222", "557", "682", "124", "554", "441", "258", "73", "260", "406", "464", "476", "539", "322", "212", "679", "523", "612", "13", "49", "709", "53", "65", "577", "446", "99", "463", "340", "427", "241", "667", "72", "420", "588", "16", "356", "468", "689", "104", "175", "665", "216", "672", "447", "469", "186", "517", "250", "198", "54", "280", "499", "126", "542", "397", "21", "641", "540", "509", "640", "108", "238", "144", "536", "402", "634", "421", "190", "162", "385", "543", "415", "306", "659", "644", "365", "334", "695", "19", "387", "460", "22", "521", "266", "564", "90", "165", "168", "477", "692", "690", "491", "434", "265", "204", "271", "274", "98", "396", "652", "286", "341", "505", "248", "213", "294", "137", "48", "228", "398", "66", "62", "86", "330", "12", "26", "348", "277", "541", "229"], "labels": [0, 1, 0, 1, 1, 0, 1, 1, 1, 0, 0, 1, 0, 1, 0, 0, 0, 0, 1, 1, 0, 1, 0, 0, 0, 1, 1, 1, 1, 0, 0, 0, 1, 0, 0, 1, 0, 0, 1, 1, 0, 1, 1, 1, 1, 0, 0, 0, 1, 0, 0, 1, 0, 1, 0, 1, 0, 0, 0, 0, 1, 1, 0, 1, 0, 1, 0, 0, 0, 1, 1, 0, 1, 0, 0, 1, 1, 1, 0, 1, 1, 0, 1, 1, 0, 1, 1, 1, 1, 1, 0, 1, 1, 1, 1, 0, 1, 1, 0, 0, 1, 0, 1, 0, 0, 1, 0, 0, 1, 1, 1, 0, 1, 1, 0, 1, 0, 0, 0, 0, 1, 1, 1, 0, 0, 0, 0, 0, 0, 1, 1, 0, 1, 0, 0, 0, 0, 1, 0, 0, 0, 1, 0], "predicted_labels": [1, 0, 0, 0, 0, 0, 1, 1, 1, 0, 1, 1, 0, 1, 1, 0, 0, 0, 1, 1, 0, 1, 1, 0, 0, 1, 1, 0, 0, 0, 1, 1, 0, 0, 1, 0, 0, 1, 0, 0, 1, 0, 0, 1, 0, 1, 0, 0, 1, 0, 0, 1, 1, 0, 0, 1, 1, 1, 1, 0, 1, 1, 0, 1, 1, 1, 0, 0, 0, 0, 1, 0, 1, 1, 0, 0, 1, 0, 0, 1, 1, 0, 0, 0, 0, 1, 0, 1, 0, 1, 0, 1, 0, 0, 0, 0, 1, 1, 0, 0, 0, 0, 0, 0, 1, 0, 0, 0, 0, 1, 0, 0, 1, 0, 0, 1, 1, 0, 0, 0, 0, 1, 1, 0, 0, 0, 0, 0, 0, 1, 0, 0, 0, 0, 0, 0, 0, 0, 1, 0, 0, 0, 1], "confidence_scores": [[0.17979602040490827, 0.8202039795950917], [0.6018790845599575, 0.3981209154400425], [0.6383693787770732, 0.3616306212229267], [0.5839506064490398, 0.4160493935509602], [0.7828412445004818, 0.21715875549951827], [0.5753927613229122, 0.4246072386770879], [0.4173420697332991, 0.5826579302667009], [0.21504430774075767, 0.7849556922592423], [0.22405019048702568, 0.7759498095129743], [0.6146265492275158, 0.3853734507724842], [0.1518877165770064, 0.8481122834229936], [0.17536439847120744, 0.8246356015287926], [0.949469535676916, 0.05053046432308396], [0.28523713924249705, 0.714762860757503], [0.07517513233295048, 0.9248248676670495], [0.93626242283814, 0.06373757716185999], [0.5203978465663703, 0.4796021534336297], [0.9825249529739066, 0.01747504702609334], [0.440086408037095, 0.559913591962905], [0.18318825201444422, 0.8168117479855558], [0.8241089310945139, 0.1758910689054861], [0.14350281953496014, 0.8564971804650399], [0.3334165757332077, 0.6665834242667923], [0.526867589365848, 0.473132410634152], [0.9782912555508192, 0.021708744449180858], [0.06316601763232255, 0.9368339823676775], [0.04571635532280682, 0.9542836446771932], [0.7314013975417086, 0.2685986024582914], [0.9609419532017175, 0.03905804679828255], [0.8894379740142874, 0.11056202598571264], [0.13241461287644263, 0.8675853871235574], [0.2793025429802337, 0.7206974570197663], [0.988763840504536, 0.011236159495463947], [0.9775078323042936, 0.022492167695706444], [0.4814455374917289, 0.5185544625082711], [0.7858191702511145, 0.2141808297488855], [0.9661082034828447, 0.03389179651715537], [0.1453517996638195, 0.8546482003361805], [0.5652659878236093, 0.43473401217639074], [0.6004425113700225, 0.39955748862997753], [0.37206830105490485, 0.6279316989450952], [0.8528887233542072, 0.14711127664579285], [0.6121836012071168, 0.3878163987928832], [0.2004860917704464, 0.7995139082295536], [0.986694204092399, 0.013305795907600991], [0.4326887514958908, 0.5673112485041092], [0.5980789159223049, 0.4019210840776951], [0.8180849987376722, 0.18191500126232782], [0.3536408611409686, 0.6463591388590314], [0.9750777241765972, 0.024922275823402763], [0.6922733010417078, 0.3077266989582922], [0.2225723251424634, 0.7774276748575366], [0.4062338988197828, 0.5937661011802172], [0.7119995486772335, 0.2880004513227665], [0.6342158101770137, 0.3657841898229863], [0.1137426940277596, 0.8862573059722404], [0.4953767527447861, 0.5046232472552139], [0.007242603773976675, 0.9927573962260233], [0.4710559248205832, 0.5289440751794168], [0.6893642056365736, 0.3106357943634263], [0.31983944769918404, 0.680160552300816], [0.05881730535116314, 0.9411826946488369], [0.6267587580024565, 0.3732412419975435], [0.01626728429203439, 0.9837327157079656], [0.17442693133626486, 0.8255730686637351], [0.12750736619658254, 0.8724926338034175], [0.9860594720154052, 0.013940527984594768], [0.7206063405734696, 0.2793936594265304], [0.9824716936367226, 0.01752830636327739], [0.7536285449036425, 0.2463714550963575], [0.06483044952472339, 0.9351695504752766], [0.617118208047251, 0.3828817919527489], [0.05841213583460425, 0.9415878641653957], [0.4213737687991702, 0.5786262312008298], [0.8548842046511488, 0.14511579534885125], [0.985866126511851, 0.01413387348814901], [0.4185613801332535, 0.5814386198667465], [0.592390261547945, 0.40760973845205495], [0.7617129892705361, 0.23828701072946384], [0.16365721402239852, 0.8363427859776015], [0.10029114980048648, 0.8997088501995135], [0.8683389997587523, 0.13166100024124777], [0.5854545000007118, 0.41454549999928825], [0.9795736932922512, 0.020426306707748847], [0.9202875617980598, 0.07971243820194014], [0.016036482265011198, 0.9839635177349888], [0.6357433080456717, 0.3642566919543283], [0.14772197760120354, 0.8522780223987965], [0.5525438015357611, 0.44745619846423884], [0.11117895270126743, 0.8888210472987326], [0.9164482402731161, 0.0835517597268839], [0.16076348632220583, 0.8392365136777942], [0.5923099437684881, 0.4076900562315119], [0.8414635120808309, 0.1585364879191691], [0.8980368238450739, 0.10196317615492609], [0.93947011272125, 0.06052988727875], [0.04069390498877723, 0.9593060950112228], [0.19900348165147907, 0.8009965183485209], [0.7014691370903312, 0.2985308629096688], [0.8705483243713149, 0.12945167562868506], [0.9331318070621634, 0.06686819293783665], [0.8641673330763474, 0.13583266692365256], [0.8818232053015057, 0.11817679469849432], [0.830034813864432, 0.16996518613556805], [0.3848885213958265, 0.6151114786041735], [0.741473377618713, 0.25852662238128704], [0.5972376798526711, 0.40276232014732893], [0.9895510237504532, 0.010448976249546786], [0.8045441293335451, 0.1954558706664548], [0.010115499841961695, 0.9898845001580383], [0.6856775922743737, 0.31432240772562625], [0.8333149039042597, 0.16668509609574036], [0.0037789688943867805, 0.9962210311056132], [0.7175844214819835, 0.2824155785180164], [0.6022146069862646, 0.39778539301373533], [0.04151448180302553, 0.9584855181969745], [0.2853909101382218, 0.7146090898617782], [0.9784068800393472, 0.02159311996065288], [0.9656918741927895, 0.03430812580721055], [0.9848453280685983, 0.015154671931401697], [0.8994548998424637, 0.10054510015753625], [0.0958790317822199, 0.9041209682177801], [0.33291429595523825, 0.6670857040447618], [0.962878430340937, 0.03712156965906298], [0.7712516838582463, 0.22874831614175375], [0.7830032258305915, 0.21699677416940852], [0.5458929718928698, 0.4541070281071302], [0.7231681811157045, 0.27683181888429553], [0.6612647696085636, 0.3387352303914363], [0.3318362487477473, 0.6681637512522527], [0.9017785068782501, 0.09822149312174984], [0.9518497818830572, 0.04815021811694276], [0.7558050717906373, 0.24419492820936278], [0.9549541709229081, 0.0450458290770919], [0.5121388754789762, 0.4878611245210238], [0.9009593381781347, 0.09904066182186527], [0.9238159828779541, 0.07618401712204595], [0.8125568774291987, 0.18744312257080128], [0.17364059498014095, 0.826359405019859], [0.555355598120973, 0.44464440187902704], [0.9498665697395714, 0.05013343026042864], [0.9460807853304013, 0.05391921466959875], [0.25273383600752886, 0.7472661639924711]]},