{"test": {"ids": ["78", "6", "117", "442", "100", "208", "469", "487", "128", "245", "323", "707", "67", "16", "646", "456", "604", "204", "284", "464", "670", "118", "36", "684", "599", "19", "175", "52", "205", "607", "528", "515", "211", "556", "345", "92", "312", "339", "577", "141", "246", "348", "337", "566", "512", "93", "654", "710", "569", "440", "428", "252", "60", "228", "42", "626", "304", "138", "484", "164", "157", "357", "45", "156", "563", "526", "347", "358", "598", "140", "663", "608", "497", "447", "249", "353", "576", "163", "359", "482", "71", "196", "148", "424", "124", "105", "343", "514", "12", "96", "363", "301", "227", "630", "661", "318", "14", "689", "543", "150", "198", "458", "129", "351", "300", "80", "373", "7", "159", "616", "340", "77", "656", "694", "158", "610", "678", "603", "559", "90", "135", "277", "82", "270", "313", "434", "326", "412", "104", "94", "349", "657", "342", "438", "181", "200", "405", "391", "507", "201", "109"], "labels": [0, 1, 1, 1, 1, 0, 0, 0, 1, 0, 0, 1, 0, 0, 1, 0, 0, 0, 0, 0, 1, 1, 1, 1, 0, 0, 0, 1, 0, 0, 1, 0, 0, 0, 0, 1, 0, 0, 0, 1, 0, 0, 0, 0, 0, 1, 1, 0, 0, 1, 1, 1, 0, 0, 1, 1, 0, 1, 0, 1, 1, 0, 1, 1, 0, 1, 0, 0, 0, 1, 1, 0, 0, 0, 1, 0, 0, 1, 0, 0, 0, 0, 1, 1, 1, 1, 0, 1, 1, 1, 0, 0, 0, 1, 1, 0, 1, 1, 1, 1, 0, 0, 1, 0, 0, 0, 0, 1, 1, 0, 0, 0, 1, 1, 1, 0, 1, 0, 0, 1, 1, 0, 1, 0, 0, 1, 0, 1, 1, 1, 0, 1, 0, 1, 0, 0, 1, 1, 0, 0, 1], "predicted_labels": [0, 1, 1, 0, 1, 0, 0, 1, 1, 0, 0, 1, 0, 1, 1, 0, 0, 1, 1, 1, 1, 0, 1, 1, 0, 0, 1, 1, 0, 0, 0, 0, 1, 0, 1, 0, 1, 0, 0, 0, 0, 1, 0, 0, 0, 1, 0, 1, 0, 1, 1, 0, 0, 0, 1, 0, 0, 0, 1, 1, 0, 0, 1, 1, 1, 0, 0, 0, 0, 0, 1, 0, 0, 1, 0, 0, 0, 0, 0, 1, 1, 1, 0, 0, 1, 1, 1, 1, 1, 1, 0, 0, 0, 1, 0, 0, 1, 1, 0, 1, 1, 0, 0, 1, 0, 0, 0, 0, 1, 0, 1, 0, 0, 1, 0, 0, 1, 0, 0, 1, 1, 1, 1, 0, 1, 1, 0, 0, 0, 1, 0, 1, 1, 0, 1, 0, 1, 0, 1, 0, 0], "confidence_scores": [[0.5933743637602332, 0.40662563623976644], [0.4044796837407516, 0.5955203162592483], [0.43041212515367844, 0.5695878748463216], [0.514035996549659, 0.485964003450341], [0.4248823582076678, 0.575117641792332], [0.5422599015266601, 0.4577400984733397], [0.6091963686760442, 0.3908036313239565], [0.39706190581161843, 0.6029380941883817], [0.40070481196739594, 0.5992951880326044], [0.6595903984903987, 0.3404096015096014], [0.744811560051576, 0.2551884399484246], [0.43697102088104994, 0.56302897911895], [0.6415025111237306, 0.3584974888762691], [0.48716140193140195, 0.512838598068598], [0.45940964555740116, 0.5405903544425991], [0.858875936141154, 0.14112406385884646], [0.7146449800199799, 0.28535501998001966], [0.48792575202575206, 0.512074247974248], [0.467306189690942, 0.5326938103090582], [0.4886425562398447, 0.5113574437601554], [0.4297514517181247, 0.5702485482818752], [0.5858534219136855, 0.41414657808631444], [0.49219091198619064, 0.5078090880138094], [0.4077244779469842, 0.5922755220530163], [0.5173942109919664, 0.48260578900803364], [0.5035274314064561, 0.49647256859354394], [0.41278298972269567, 0.5872170102773043], [0.48866089883292413, 0.5113391011670758], [0.5623264411437735, 0.43767355885622633], [0.7025429583861944, 0.2974570416138057], [0.625309867909868, 0.3746901320901322], [0.7240448051948053, 0.27595519480519487], [0.4541927758660952, 0.545807224133905], [0.5164817414698195, 0.48351825853018043], [0.3463634716960403, 0.6536365283039605], [0.5698590975244225, 0.43014090247557746], [0.4129586475272236, 0.5870413524727772], [0.6321638571573356, 0.36783614284266447], [0.8099540348540354, 0.19004596514596517], [0.6580790364863893, 0.3419209635136104], [0.5673731795033011, 0.43262682049669876], [0.4015325219636873, 0.5984674780363128], [0.6371069107569419, 0.3628930892430584], [0.7972860513200926, 0.20271394867990786], [0.6279530748491279, 0.3720469251508727], [0.3452966432604206, 0.6547033567395796], [0.6688663059163057, 0.33113369408369403], [0.30161340157686345, 0.6983865984231371], [0.7053582898985075, 0.29464171010149265], [0.43238017047629446, 0.5676198295237057], [0.4800788434860043, 0.5199211565139955], [0.5973426978724417, 0.4026573021275582], [0.6619808441558441, 0.3380191558441559], [0.7301282059529737, 0.2698717940470262], [0.4594578828666735, 0.5405421171333267], [0.7511780753346767, 0.24882192466532327], [0.5853309066193192, 0.41466909338068103], [0.5204280220850027, 0.4795719779149973], [0.3454927791478103, 0.6545072208521902], [0.4688553476709052, 0.5311446523290947], [0.5749239209277137, 0.4250760790722865], [0.6768984324534142, 0.3231015675465857], [0.47421665483639186, 0.5257833451636084], [0.42022191301621525, 0.5797780869837845], [0.3669954654626318, 0.6330045345373684], [0.5149635243082095, 0.4850364756917905], [0.5883203534572847, 0.41167964654271527], [0.7903905300581769, 0.20960946994182286], [0.6192151844745204, 0.38078481552548066], [0.5554199399483083, 0.44458006005169165], [0.48102355686968695, 0.5189764431303131], [0.6113700164214876, 0.38862998357851297], [0.5670569505225954, 0.4329430494774042], [0.4830595821876786, 0.5169404178123215], [0.5697297321741446, 0.43027026782585603], [0.5577487113966637, 0.4422512886033368], [0.6967740430364268, 0.303225956963573], [0.5286095007729792, 0.4713904992270208], [0.6257114047511352, 0.3742885952488648], [0.44949993788885445, 0.5505000621111458], [0.46380852901574127, 0.5361914709842589], [0.37738836197870873, 0.6226116380212913], [0.6961824360997432, 0.30381756390025655], [0.5648562152416423, 0.43514378475835785], [0.35912454513233294, 0.6408754548676674], [0.4385922510071705, 0.5614077489928297], [0.33846853150252354, 0.6615314684974771], [0.4069877176089449, 0.5930122823910552], [0.41468933685300335, 0.5853106631469964], [0.4019401471456708, 0.5980598528543288], [0.5467441270202107, 0.45325587297978936], [0.7367830086580086, 0.2632169913419912], [0.6291724143645501, 0.37082758563545004], [0.47984788135840745, 0.5201521186415927], [0.5282719613719612, 0.47172803862803886], [0.6792607921348328, 0.32073920786516696], [0.38166400693800734, 0.6183359930619925], [0.4977652113823468, 0.502234788617653], [0.514557951908052, 0.48544204809194796], [0.3217565920874619, 0.6782434079125386], [0.42962344493924615, 0.5703765550607546], [0.6146369558404089, 0.38536304415959177], [0.6851976662226662, 0.31480233377733363], [0.488849433316119, 0.5111505666838809], [0.5927984700414494, 0.40720152995855086], [0.5008443967256028, 0.4991556032743973], [0.5860536710824882, 0.4139463289175116], [0.7236606227106224, 0.2763393772893774], [0.4587376845376847, 0.5412623154623155], [0.6548155566655572, 0.34518444333444365], [0.45031819165716, 0.54968180834284], [0.5947224867724864, 0.4052775132275132], [0.5213833518705314, 0.4786166481294688], [0.4333105291295656, 0.5666894708704345], [0.6624737116587118, 0.3375262883412883], [0.652421218160924, 0.3475787818390759], [0.4069737768215843, 0.593026223178416], [0.6349268969592499, 0.3650731030407501], [0.7755667166167172, 0.22443328338328336], [0.2944843342794118, 0.7055156657205884], [0.3410979212730255, 0.6589020787269741], [0.38300348904965004, 0.61699651095035], [0.3819932574466526, 0.6180067425533475], [0.5931420725645188, 0.40685792743548155], [0.46841377477206425, 0.5315862252279356], [0.49539204616940874, 0.5046079538305912], [0.5051651376023912, 0.4948348623976087], [0.5235207430770119, 0.47647925692298787], [0.6828324475491357, 0.31716755245086453], [0.44588780257380556, 0.5541121974261941], [0.5233803350244526, 0.4766196649755474], [0.4065260779038644, 0.5934739220961351], [0.47341420604485124, 0.5265857939551487], [0.7360332551865061, 0.263966744813494], [0.4627128985050038, 0.5372871014949963], [0.5814308559390052, 0.4185691440609945], [0.4818864594005923, 0.5181135405994076], [0.7666450771450767, 0.23335492285492282], [0.371232349585399, 0.628767650414601], [0.5185928121586016, 0.4814071878413983], [0.6342005249077808, 0.3657994750922191]]},