{"test": {"ids": ["383", "172", "251", "473", "301", "710", "337", "677", "14", "425", "684", "87", "288", "401", "347", "278", "160", "124", "70", "506", "199", "439", "108", "510", "307", "367", "442", "641", "397", "339", "461", "93", "601", "268", "632", "449", "584", "5", "341", "28", "353", "622", "329", "0", "600", "27", "390", "252", "571", "130", "112", "595", "698", "436", "57", "594", "296", "453", "164", "238", "282", "109", "233", "374", "491", "48", "570", "104", "652", "407", "521", "105", "470", "195", "336", "402", "650", "645", "308", "155", "178", "522", "547", "156", "499", "683", "529", "334", "228", "295", "37", "300", "235", "208", "689", "332", "638", "81", "514", "169", "183", "206", "438", "219", "676", "624", "59", "484", "697", "173", "338", "215", "285", "279", "96", "623", "620", "56", "321", "55", "82", "132", "445", "540", "490", "573", "226", "111", "221", "1", "289", "53", "385", "655", "342", "366", "665", "577", "62", "379", "197", "561", "429"], "labels": [1, 1, 1, 0, 0, 1, 1, 1, 1, 1, 1, 0, 0, 1, 1, 0, 1, 1, 0, 0, 0, 1, 0, 0, 0, 1, 1, 1, 1, 1, 0, 1, 0, 0, 0, 0, 0, 1, 1, 0, 1, 1, 1, 1, 0, 0, 1, 1, 0, 1, 1, 0, 1, 1, 0, 0, 0, 0, 1, 0, 0, 1, 0, 1, 0, 0, 0, 1, 1, 1, 1, 1, 0, 0, 1, 1, 1, 1, 0, 1, 0, 1, 0, 1, 0, 1, 0, 1, 0, 0, 1, 0, 0, 0, 1, 1, 1, 1, 1, 1, 0, 0, 1, 0, 1, 1, 0, 0, 1, 1, 1, 0, 0, 0, 1, 1, 0, 0, 0, 0, 1, 1, 0, 0, 0, 0, 0, 1, 0, 1, 0, 0, 1, 1, 1, 1, 1, 0, 0, 1, 0, 0, 1], "predicted_labels": [0, 0, 0, 1, 0, 0, 1, 0, 1, 0, 0, 1, 1, 0, 0, 0, 1, 1, 1, 0, 0, 1, 1, 0, 0, 1, 1, 1, 1, 0, 0, 1, 0, 0, 0, 0, 0, 1, 1, 0, 1, 1, 1, 1, 0, 0, 1, 1, 0, 1, 0, 0, 1, 1, 0, 0, 0, 0, 1, 0, 0, 0, 0, 1, 0, 0, 0, 0, 1, 1, 1, 1, 1, 0, 1, 0, 1, 1, 0, 1, 0, 1, 0, 1, 0, 0, 0, 1, 0, 0, 1, 0, 0, 0, 1, 1, 0, 1, 0, 1, 0, 0, 1, 0, 1, 0, 0, 0, 1, 0, 1, 0, 0, 0, 1, 1, 0, 0, 0, 0, 1, 1, 0, 0, 0, 0, 0, 0, 1, 0, 0, 0, 0, 1, 0, 0, 1, 0, 1, 0, 0, 0, 0], "confidence_scores": [[0.5291147139716932, 0.4708852860283068], [0.5270298579670178, 0.4729701420329822], [0.5, 0.5], [0.41675805311532876, 0.5832419468846713], [0.8898686600610867, 0.11013133993891323], [0.6401793340278502, 0.3598206659721498], [0.26453899491004773, 0.7354610050899522], [0.6121952441337172, 0.3878047558662828], [0.20566404143295938, 0.7943359585670405], [0.7660893902924275, 0.23391060970757263], [0.6901699106346904, 0.3098300893653097], [0.40689861538647254, 0.5931013846135275], [0.35520222754641484, 0.6447977724535852], [0.8685885224176461, 0.13141147758235389], [0.5343484325426091, 0.4656515674573909], [0.9769489839323353, 0.023051016067664645], [0.1224129428576562, 0.8775870571423439], [0.1300505264273616, 0.8699494735726385], [0.4311589749918212, 0.5688410250081788], [0.7558432388273323, 0.24415676117266763], [0.8913328719610069, 0.1086671280389932], [0.34477159283906833, 0.6552284071609318], [0.4364728763318664, 0.5635271236681335], [0.7069136226481144, 0.2930863773518856], [0.8950301334903505, 0.10496986650964932], [0.4102000521401066, 0.5897999478598933], [0.09617235387504833, 0.9038276461249515], [0.13925917456883222, 0.8607408254311677], [0.17753793840382634, 0.8224620615961737], [0.5932387503669566, 0.40676124963304333], [0.8550868039927246, 0.14491319600727529], [0.1133164708537395, 0.8866835291462605], [0.8763483890425945, 0.12365161095740552], [0.6187453450472833, 0.38125465495271676], [0.785597125437763, 0.21440287456223694], [0.9020435873704818, 0.09795641262951808], [0.5075713404738689, 0.492428659526131], [0.3136339453345413, 0.6863660546654586], [0.43305567158592184, 0.5669443284140783], [0.6974227107254999, 0.3025772892745], [0.12860636884356866, 0.8713936311564313], [0.09909682933164479, 0.9009031706683553], [0.223083470574572, 0.7769165294254278], [0.44327343270737646, 0.5567265672926235], [0.8528847145655073, 0.14711528543449265], [0.5833217234823346, 0.4166782765176654], [0.07643759596376408, 0.9235624040362358], [0.4674152904803588, 0.5325847095196412], [0.6817668089556901, 0.3182331910443102], [0.00664254548420438, 0.9933574545157956], [0.8154619836589705, 0.18453801634102948], [0.6440711171116932, 0.3559288828883068], [0.09897584676343278, 0.9010241532365673], [0.06280040719419608, 0.9371995928058038], [0.8928146897985142, 0.10718531020148572], [0.9683545471815932, 0.031645452818406666], [0.930936318562263, 0.0690636814377371], [0.8124768881405846, 0.1875231118594155], [0.204578823478171, 0.795421176521829], [0.9198468954901098, 0.08015310450989006], [0.8126744625911427, 0.1873255374088572], [0.5419716797760595, 0.4580283202239405], [0.610806902258888, 0.3891930977411121], [0.23167247373034583, 0.7683275262696541], [0.7886241464328869, 0.2113758535671133], [0.8191541229695375, 0.18084587703046237], [0.9875895728248759, 0.012410427175124078], [0.719525494740061, 0.28047450525993894], [0.18050236381711876, 0.8194976361828812], [0.09597661764880043, 0.9040233823511993], [0.4806177326739681, 0.5193822673260318], [0.181579912447466, 0.8184200875525341], [0.4215918350498892, 0.5784081649501107], [0.7131730066760118, 0.2868269933239882], [0.09496633011816477, 0.9050336698818352], [0.6718954151769786, 0.32810458482302124], [0.2598799975546207, 0.7401200024453791], [0.022696919021081556, 0.9773030809789184], [0.624502608429712, 0.37549739157028805], [0.11525033249557061, 0.8847496675044294], [0.9152520325067383, 0.08474796749326169], [0.09581006410898395, 0.904189935891016], [0.7294911799877605, 0.2705088200122395], [0.037681400233982074, 0.9623185997660177], [0.7535581771331672, 0.246441822866833], [0.5557414264341339, 0.44425857356586596], [0.6039453390428193, 0.3960546609571807], [0.06106435284227708, 0.9389356471577232], [0.8832954506890947, 0.11670454931090517], [0.9191688805864557, 0.08083111941354446], [0.37598463292794604, 0.6240153670720541], [0.8952140369059997, 0.10478596309400016], [0.9838815146034617, 0.016118485396538255], [0.9342776558688446, 0.06572234413115531], [0.048958540574522015, 0.951041459425478], [0.48571740518469225, 0.5142825948153076], [0.7295888891092313, 0.270411110890769], [0.19328519125635144, 0.8067148087436484], [0.7351366519262229, 0.2648633480737771], [0.03214134075618288, 0.9678586592438172], [0.8287310038256206, 0.1712689961743794], [0.9912211812102149, 0.00877881878978511], [0.3388522414103424, 0.6611477585896576], [0.7172139266384379, 0.2827860733615623], [0.26076860947963854, 0.7392313905203615], [0.7137331956308335, 0.28626680436916646], [0.7128048794716493, 0.28719512052835056], [0.5134673691234469, 0.48653263087655313], [0.3546859879285382, 0.6453140120714618], [0.5430101979539654, 0.45698980204603473], [0.20608088869169833, 0.7939191113083015], [0.8838678243330756, 0.11613217566692408], [0.9503300629294871, 0.04966993707051302], [0.9786718991373993, 0.021328100862600625], [0.3268500672541438, 0.6731499327458563], [0.32065217712002575, 0.6793478228799743], [0.939943078901696, 0.06005692109830397], [0.9875566787569404, 0.012443321243059573], [0.8903950231330525, 0.10960497686694753], [0.9579166298663578, 0.0420833701336421], [0.22786288247240782, 0.7721371175275923], [0.257326459408208, 0.742673540591792], [0.6838505646659665, 0.31614943533403334], [0.5, 0.5], [0.535783800048869, 0.4642161999511308], [0.7237115114439886, 0.2762884885560114], [0.6508730018840274, 0.34912699811597275], [0.6449360519850676, 0.35506394801493224], [0.4713137369782572, 0.5286862630217428], [0.8093546208043294, 0.19064537919567062], [0.9808750680699369, 0.01912493193006317], [0.9426792369378071, 0.05732076306219295], [0.6323684847304942, 0.3676315152695058], [0.48771501375789084, 0.5122849862421093], [0.6368850582539607, 0.36311494174603914], [0.6674045372470309, 0.33259546275296914], [0.07824260354510498, 0.921757396454895], [0.8711263535184055, 0.12887364648159455], [0.32009085881858046, 0.6799091411814195], [0.9216758847933324, 0.07832411520666745], [0.9032682427094363, 0.0967317572905638], [0.9754681833870984, 0.024531816612901644], [0.5, 0.5]]},