{"test": {"ids": ["110", "452", "291", "623", "646", "270", "235", "699", "368", "662", "475", "580", "161", "643", "5", "289", "22", "476", "564", "700", "118", "344", "406", "158", "90", "442", "661", "77", "659", "440", "215", "380", "204", "149", "316", "285", "29", "584", "360", "386", "574", "64", "355", "181", "664", "148", "616", "546", "297", "44", "516", "85", "593", "32", "309", "230", "206", "611", "228", "134", "94", "365", "24", "296", "288", "347", "329", "614", "525", "351", "333", "681", "551", "364", "577", "11", "249", "379", "310", "311", "708", "496", "599", "244", "202", "263", "422", "504", "691", "627", "511", "341", "423", "693", "530", "651", "469", "18", "56", "479", "398", "49", "89", "217", "190", "632", "447", "678", "177", "312", "492", "81", "403", "431", "216", "697", "143", "231", "339", "15", "52", "115", "78", "464", "55", "451", "399", "74", "100", "586", "543", "367", "540", "69", "139", "408", "354", "668", "19", "490", "73", "76", "676"], "labels": [1, 0, 0, 1, 0, 0, 0, 1, 1, 0, 0, 0, 1, 0, 0, 0, 0, 0, 0, 1, 1, 1, 1, 1, 0, 1, 0, 1, 0, 1, 0, 1, 0, 1, 0, 0, 0, 0, 1, 1, 0, 1, 1, 0, 0, 1, 0, 0, 0, 0, 1, 1, 0, 0, 0, 0, 0, 0, 0, 1, 0, 1, 0, 0, 0, 1, 1, 0, 1, 1, 1, 0, 0, 1, 0, 0, 1, 1, 0, 0, 1, 1, 0, 0, 0, 1, 1, 0, 1, 1, 0, 1, 1, 1, 1, 0, 0, 0, 0, 0, 1, 0, 0, 0, 0, 0, 0, 0, 0, 0, 0, 1, 1, 1, 0, 1, 1, 0, 1, 0, 0, 1, 1, 0, 0, 0, 1, 1, 0, 0, 1, 1, 1, 1, 1, 1, 1, 0, 0, 0, 1, 1, 0], "predicted_labels": [0, 0, 1, 1, 1, 0, 0, 1, 1, 0, 0, 0, 1, 0, 1, 0, 0, 0, 0, 1, 1, 1, 1, 1, 0, 1, 0, 1, 0, 0, 0, 1, 0, 1, 0, 0, 1, 0, 1, 1, 0, 1, 0, 0, 0, 1, 0, 0, 0, 0, 1, 1, 0, 1, 0, 0, 0, 0, 0, 1, 1, 1, 1, 0, 0, 0, 1, 0, 1, 1, 1, 0, 0, 1, 0, 0, 1, 1, 0, 0, 1, 0, 0, 0, 0, 0, 1, 0, 1, 1, 0, 1, 1, 1, 0, 0, 0, 0, 0, 0, 1, 1, 1, 0, 1, 1, 0, 0, 0, 0, 0, 0, 1, 0, 0, 1, 0, 0, 1, 0, 1, 0, 1, 0, 0, 0, 1, 1, 0, 1, 1, 0, 1, 1, 1, 1, 1, 0, 0, 1, 1, 0, 1], "confidence_scores": [[0.8445996663927109, 0.15540033360728903], [0.8981937294605545, 0.10180627053944542], [0.42835204869317495, 0.571647951306825], [0.2886744390341821, 0.711325560965818], [0.3388322206858235, 0.6611677793141765], [0.8855360700401536, 0.11446392995984639], [0.9020928465946133, 0.09790715340538678], [0.024699185246719855, 0.9753008147532802], [0.23105276121421195, 0.7689472387857881], [0.8274997096020078, 0.17250029039799214], [0.8995094161606526, 0.10049058383934735], [0.8461325699199111, 0.15386743008008877], [0.03956024252961635, 0.9604397574703836], [0.9692988734162268, 0.030701126583773195], [0.21138851627272645, 0.7886114837272736], [0.6704372622062877, 0.3295627377937123], [0.7249063610300204, 0.27509363896997957], [0.9018423842788026, 0.09815761572119759], [0.8575342066093561, 0.14246579339064397], [0.268588746047574, 0.7314112539524262], [0.29034184664595875, 0.7096581533540414], [0.1699969652822311, 0.8300030347177688], [0.435350388350662, 0.5646496116493381], [0.07293023988180015, 0.9270697601181999], [0.8295243875976009, 0.17047561240239914], [0.20883835388872815, 0.7911616461112722], [0.8690140778007304, 0.1309859221992698], [0.3243068126782577, 0.6756931873217424], [0.7616819859377525, 0.23831801406224765], [0.8798362497508443, 0.12016375024915574], [0.8589668002035027, 0.14103319979649742], [0.0276407225960672, 0.9723592774039328], [0.9878184367434544, 0.012181563256545708], [0.23337171608423168, 0.7666282839157684], [0.9732489014607894, 0.0267510985392105], [0.9059355199824428, 0.09406448001755718], [0.24892234171239852, 0.7510776582876016], [0.6938434986827472, 0.30615650131725297], [0.0912960033961613, 0.9087039966038388], [0.255868212673482, 0.7441317873265181], [0.9192628167191865, 0.08073718328081349], [0.4061136129373824, 0.5938863870626179], [0.47388399236736173, 0.5261160076326383], [0.5859664353564715, 0.41403356464352853], [0.860616383188793, 0.1393836168112072], [0.011913208248534082, 0.988086791751466], [0.8751745422287993, 0.12482545777120059], [0.8969775278545316, 0.10302247214546852], [0.9761741771328569, 0.02382582286714305], [0.895300221404771, 0.10469977859522896], [0.12432084022047096, 0.8756791597795289], [0.12145851950296395, 0.8785414804970361], [0.9072311591485773, 0.09276884085142274], [0.29754231914809226, 0.7024576808519075], [0.9100584429175428, 0.08994155708245707], [0.8712197509735883, 0.12878024902641175], [0.9599304122012257, 0.040069587798774314], [0.9522389470210251, 0.04776105297897498], [0.7421656422413885, 0.2578343577586114], [0.023882578608933277, 0.9761174213910666], [0.20152176577037215, 0.7984782342296282], [0.1414574244979103, 0.8585425755020899], [0.3372779342007651, 0.6627220657992348], [0.8891603276365315, 0.11083967236346828], [0.9197598417519882, 0.08024015824801162], [0.5610652638785036, 0.4389347361214963], [0.1338148826937581, 0.8661851173062417], [0.8966918109536791, 0.10330818904632061], [0.32566417151068516, 0.6743358284893147], [0.08013533885264508, 0.9198646611473548], [0.17311254591321568, 0.8268874540867843], [0.775829600284164, 0.22417039971583608], [0.9657394441760916, 0.03426055582390854], [0.1358471832399887, 0.8641528167600112], [0.9471114284545047, 0.05288857154549523], [0.6712344279755612, 0.32876557202443873], [0.24979693269933953, 0.7502030673006604], [0.1847888439502132, 0.8152111560497869], [0.7248444177503856, 0.27515558224961445], [0.4883140645079938, 0.5116859354920061], [0.30671165048483173, 0.6932883495151682], [0.6145178374526743, 0.3854821625473256], [0.8550457798578548, 0.14495422014214496], [0.9892573870356053, 0.010742612964394641], [0.9517931698660399, 0.04820683013395999], [0.6266112234990597, 0.37338877650094027], [0.09751342989294827, 0.9024865701070515], [0.8349925694827288, 0.165007430517271], [0.10713153087705225, 0.8928684691229477], [0.02559298586663063, 0.9744070141333694], [0.8977489763349396, 0.10225102366506045], [0.06335335745091084, 0.9366466425490892], [0.21622265171438868, 0.7837773482856115], [0.3355047896622016, 0.6644952103377986], [0.6551600634831874, 0.34483993651681266], [0.7480773477060504, 0.2519226522939499], [0.7835790412276316, 0.21642095877236842], [0.5, 0.5], [0.9003128648711265, 0.09968713512887335], [0.7700094203794627, 0.22999057962053732], [0.14810192811689546, 0.8518980718831045], [0.21948926499888238, 0.7805107350011176], [0.3602212219140668, 0.6397787780859331], [0.9953558190429486, 0.004644180957051276], [0.39548905214800245, 0.6045109478519974], [0.32089615307211805, 0.6791038469278818], [0.8751465487374148, 0.12485345126258507], [0.6060507458917234, 0.3939492541082766], [0.7321050826257886, 0.2678949173742113], [0.739753101400992, 0.26024689859900774], [0.7885371665599041, 0.2114628334400962], [0.4805170545226918, 0.5194829454773084], [0.10528007148729505, 0.8947199285127049], [0.5693488286655402, 0.4306511713344599], [0.9782352619410978, 0.021764738058902208], [0.3979531900218492, 0.6020468099781507], [0.5453637552277221, 0.45463624477227793], [0.8662209795158872, 0.13377902048411291], [0.3259718957874714, 0.6740281042125288], [0.506416360847979, 0.49358363915202075], [0.042108021332152655, 0.9578919786678471], [0.8712602777746834, 0.1287397222253166], [0.3270946427427476, 0.6729053572572523], [0.9943473877335023, 0.005652612266497829], [0.9009204627686747, 0.09907953723132537], [0.9513244761945212, 0.04867552380547877], [0.2019308999629818, 0.798069100037018], [0.04285384630522448, 0.9571461536947755], [0.6419116654302466, 0.3580883345697535], [0.2769162627314763, 0.7230837372685237], [0.1620618014103637, 0.8379381985896364], [0.5989275774800134, 0.40107242251998665], [0.34706077791702744, 0.6529392220829726], [0.42167890029427085, 0.5783210997057291], [0.02723524807031669, 0.9727647519296834], [0.0420748893826436, 0.9579251106173566], [0.11810108403283293, 0.8818989159671669], [0.8926338833357692, 0.10736611666423082], [0.8872943810296021, 0.11270561897039784], [0.42521346574913527, 0.5747865342508647], [0.20708525041608628, 0.7929147495839136], [0.5283299512004755, 0.4716700487995245], [0.2488799551012512, 0.7511200448987487]]},