{"test": {"ids": ["0", "1", "2", "6", "11", "17", "20", "24", "30", "34", "41", "65", "92", "93", "95", "104", "110", "113", "114", "126", "129", "130", "132", "145", "148", "153", "155", "160", "162", "169", "174", "175", "177", "178", "186", "188", "190", "192", "195", "198", "206", "212", "216", "238", "242", "243", "248", "254", "258", "261", "264", "265", "267", "274", "277", "292", "300", "304", "307", "308", "310", "314", "317", "318", "334", "337", "341", "344", "353", "359", "360", "366", "367", "379", "386", "410", "412", "413", "417", "422", "423", "424", "428", "431", "432", "435", "438", "442", "446", "451", "462", "468", "488", "489", "504", "510", "511", "516", "518", "521", "525", "531", "544", "555", "557", "560", "561", "563", "570", "578", "580", "587", "589", "598", "610", "613", "616", "624", "627", "630", "643", "647", "650", "652", "656", "661", "662", "670", "683", "685", "691", "693", "695", "700", "701", "708"], "labels": [1, 1, 0, 1, 1, 1, 0, 0, 0, 0, 0, 0, 1, 1, 1, 1, 1, 1, 1, 1, 1, 1, 1, 1, 1, 1, 1, 1, 1, 1, 0, 0, 0, 0, 0, 0, 0, 0, 0, 0, 0, 0, 0, 0, 0, 0, 0, 1, 0, 0, 0, 0, 0, 0, 0, 0, 0, 0, 0, 0, 0, 0, 0, 0, 1, 1, 1, 1, 1, 1, 1, 1, 1, 1, 1, 1, 1, 1, 1, 1, 1, 1, 1, 1, 1, 1, 1, 1, 0, 0, 0, 0, 0, 0, 0, 0, 0, 1, 1, 1, 1, 0, 0, 1, 0, 0, 0, 0, 0, 0, 0, 0, 0, 0, 0, 0, 0, 1, 1, 1, 1, 1, 1, 1, 1, 1, 1, 1, 1, 0, 1, 1, 1, 1, 1, 1], "predicted_labels": [1, 0, 0, 1, 0, 0, 1, 0, 0, 1, 0, 0, 1, 1, 1, 1, 1, 1, 0, 1, 1, 1, 1, 1, 1, 1, 1, 1, 1, 1, 0, 0, 0, 0, 0, 0, 1, 0, 0, 1, 0, 0, 0, 0, 0, 0, 1, 1, 1, 1, 0, 0, 0, 0, 0, 0, 0, 0, 0, 0, 0, 0, 0, 0, 1, 1, 1, 1, 1, 1, 1, 1, 1, 1, 0, 1, 0, 1, 1, 1, 1, 0, 1, 1, 1, 1, 1, 1, 1, 0, 0, 0, 0, 0, 0, 0, 0, 1, 1, 1, 0, 0, 1, 1, 0, 0, 0, 0, 0, 0, 0, 0, 0, 0, 0, 0, 0, 1, 1, 1, 1, 1, 1, 1, 1, 1, 1, 1, 0, 1, 1, 1, 1, 1, 1, 1], "confidence_scores": [[-0.2987512946128845, 0.45036932826042175], [1.5863559246063232, -1.8981248140335083], [0.5781534314155579, -0.4934362471103668], [-0.731920063495636, 1.1065536737442017], [0.7939991354942322, -0.44101330637931824], [0.1256159394979477, -0.10136721283197403], [0.03251532465219498, 0.19721879065036774], [0.36120325326919556, -0.1808176189661026], [0.6484969854354858, -0.36934855580329895], [-1.095808506011963, 1.4407504796981812], [2.2322072982788086, -2.3480794429779053], [2.145871877670288, -2.4546468257904053], [-0.7076826095581055, 0.8463208079338074], [-0.7504135966300964, 0.8621334433555603], [-1.2589110136032104, 1.5476117134094238], [-0.017408190295100212, 0.21972128748893738], [-0.26087236404418945, 0.5943268537521362], [-1.0551691055297852, 1.4175033569335938], [0.23739035427570343, -0.11529244482517242], [-1.4367681741714478, 1.6825910806655884], [-1.5086215734481812, 1.7647336721420288], [-1.4267218112945557, 1.7863094806671143], [-1.2837281227111816, 1.6070029735565186], [-1.2910170555114746, 1.5433026552200317], [-1.37872314453125, 1.719200849533081], [-0.8995747566223145, 1.3806335926055908], [-1.3742365837097168, 1.61221182346344], [-1.3104819059371948, 1.5857946872711182], [-1.1456842422485352, 1.5439869165420532], [-1.4202784299850464, 1.7188999652862549], [0.7287342548370361, -0.5492857098579407], [1.3956156969070435, -1.6545659303665161], [0.779350996017456, -0.5598985552787781], [0.9776544570922852, -1.1159127950668335], [1.3576912879943848, -1.2811046838760376], [1.6012059450149536, -1.5346871614456177], [-0.4488166868686676, 0.8133087754249573], [1.3298304080963135, -1.179662823677063], [0.5166594386100769, -0.3416423499584198], [-1.0286298990249634, 1.522051215171814], [1.4899425506591797, -1.2645046710968018], [0.12240669876337051, 0.06970302760601044], [1.2614940404891968, -1.3455332517623901], [1.4838804006576538, -1.3563148975372314], [1.5621308088302612, -1.414341688156128], [1.0030221939086914, -0.7490110397338867], [-1.41041100025177, 1.5820322036743164], [-0.7453974485397339, 1.0142521858215332], [0.05709569901227951, 0.20588013529777527], [-0.4515843391418457, 0.8439664244651794], [2.1391735076904297, -2.4458656311035156], [1.546777606010437, -1.8457136154174805], [2.1862952709198, -2.5022342205047607], [2.029740571975708, -2.3951416015625], [2.0431032180786133, -2.3723866939544678], [2.131871461868286, -2.5353105068206787], [2.1385040283203125, -2.4765818119049072], [2.039670467376709, -2.403007984161377], [2.0521864891052246, -2.4045891761779785], [2.0182745456695557, -2.3946712017059326], [2.0042736530303955, -2.2218968868255615], [2.136651039123535, -2.455949544906616], [2.136896848678589, -2.4609079360961914], [2.0550146102905273, -2.3271703720092773], [-1.3447250127792358, 1.6088780164718628], [-1.2758228778839111, 1.5326184034347534], [-1.4099053144454956, 1.617369532585144], [-1.010156273841858, 1.1893110275268555], [-1.3857868909835815, 1.7307205200195312], [-1.5292452573776245, 1.6870512962341309], [-1.3194119930267334, 1.415022850036621], [-1.2426908016204834, 1.3499765396118164], [-1.2239885330200195, 1.5692373514175415], [-0.16914069652557373, 0.3202252984046936], [0.6067955493927002, -0.2983230948448181], [-1.121644139289856, 1.4984095096588135], [0.28477248549461365, -0.3546808063983917], [-1.1111139059066772, 1.332192063331604], [-0.5457786917686462, 0.8061981797218323], [-0.7249336242675781, 1.0994147062301636], [-1.1536574363708496, 1.3997076749801636], [0.589156448841095, -0.3454478979110718], [-0.2541547417640686, 0.30270421504974365], [-1.0661242008209229, 1.3966186046600342], [-0.8476657867431641, 1.148882508277893], [-1.1610171794891357, 1.3713372945785522], [0.2576388120651245, 0.2800200283527374], [-1.2210103273391724, 1.5637320280075073], [-0.3599962592124939, 0.3783581554889679], [1.5691536664962769, -1.540179967880249], [1.1378508806228638, -0.9950665831565857], [1.1887798309326172, -1.1994518041610718], [0.7813226580619812, -0.48415663838386536], [1.0595556497573853, -0.7973698973655701], [1.4337975978851318, -1.71662175655365], [1.0571883916854858, -0.9969858527183533], [1.337227463722229, -1.0182121992111206], [-0.5757961273193359, 0.9160996675491333], [-0.8784968256950378, 1.3447068929672241], [-0.4444478452205658, 0.794547975063324], [0.3529176414012909, -0.34654006361961365], [0.8869419097900391, -0.7177955508232117], [-0.9139341115951538, 1.2420597076416016], [-0.5097628831863403, 0.7414318919181824], [2.129701614379883, -2.496544361114502], [2.0054755210876465, -2.370351791381836], [1.9490808248519897, -2.402479410171509], [1.9954192638397217, -2.4211835861206055], [2.0203168392181396, -2.4681389331817627], [2.133251905441284, -2.4310290813446045], [1.9902336597442627, -2.3435001373291016], [1.9992156028747559, -2.4439494609832764], [1.9491217136383057, -2.3403890132904053], [2.11961030960083, -2.482201337814331], [2.0921895503997803, -2.4150960445404053], [1.7497344017028809, -2.121424436569214], [1.9210339784622192, -2.209900379180908], [0.09597284346818924, 0.23932722210884094], [-1.1558583974838257, 1.4495919942855835], [-1.3988487720489502, 1.7219144105911255], [-1.1762218475341797, 1.4360233545303345], [-1.3435554504394531, 1.613322377204895], [-1.2055630683898926, 1.505191445350647], [-0.7790721654891968, 1.1123920679092407], [-0.859365701675415, 1.1665514707565308], [-0.6241902112960815, 0.9935941696166992], [-1.2563285827636719, 1.5762869119644165], [-1.043190360069275, 1.3794869184494019], [0.17752227187156677, -0.08337073773145676], [-1.2665390968322754, 1.5858455896377563], [-1.3648085594177246, 1.6616029739379883], [-1.3246116638183594, 1.6601097583770752], [-1.376746654510498, 1.510759711265564], [-1.1836907863616943, 1.4814040660858154], [-1.1015490293502808, 1.3119769096374512], [-0.0849449411034584, 0.1454814225435257]]},