{"test": {"ids": ["696", "175", "393", "108", "447", "706", "465", "258", "348", "462", "334", "302", "377", "105", "515", "672", "428", "630", "526", "159", "563", "604", "51", "311", "655", "343", "415", "528", "124", "362", "637", "680", "324", "345", "692", "17", "664", "454", "206", "449", "93", "444", "703", "621", "170", "117", "37", "80", "360", "496", "514", "336", "370", "205", "242", "685", "156", "236", "597", "355", "257", "578", "119", "649", "425", "398", "654", "39", "660", "307", "113", "282", "510", "475", "144", "22", "435", "129", "180", "149", "588", "354", "507", "577", "92", "253", "128", "702", "209", "694", "653", "406", "84", "591", "300", "107", "613", "321", "210", "95", "47", "201", "646", "263", "243", "474", "708", "440", "182", "252", "619", "502", "565", "675", "96", "442", "589", "652", "290", "66", "73", "35", "611", "326", "323", "669", "570", "346", "371", "265", "351", "468", "123", "189", "385", "339", "27", "534", "480", "364", "493"], "labels": [1, 0, 1, 1, 0, 1, 0, 0, 0, 0, 0, 0, 0, 1, 0, 1, 1, 1, 1, 1, 0, 0, 1, 0, 1, 0, 1, 1, 1, 0, 1, 1, 0, 0, 1, 1, 1, 0, 0, 0, 1, 0, 1, 1, 1, 1, 1, 0, 0, 1, 1, 0, 0, 0, 0, 0, 1, 0, 0, 0, 0, 0, 1, 1, 1, 1, 1, 1, 1, 0, 1, 0, 0, 0, 1, 0, 1, 1, 0, 1, 0, 0, 0, 0, 1, 1, 1, 1, 0, 1, 1, 1, 0, 0, 0, 1, 0, 0, 0, 1, 1, 0, 1, 0, 0, 0, 1, 1, 0, 1, 0, 0, 0, 1, 1, 1, 0, 1, 0, 0, 0, 0, 0, 0, 0, 1, 0, 0, 0, 0, 0, 0, 1, 0, 1, 0, 0, 1, 0, 0, 1], "predicted_labels": [0, 0, 1, 0, 1, 0, 0, 0, 0, 0, 1, 0, 1, 0, 0, 1, 1, 1, 0, 1, 1, 0, 1, 0, 0, 1, 0, 0, 0, 0, 0, 0, 0, 0, 1, 0, 1, 0, 0, 0, 0, 0, 0, 1, 1, 1, 1, 1, 0, 1, 1, 0, 1, 0, 0, 1, 1, 0, 0, 0, 0, 0, 0, 0, 0, 1, 0, 0, 1, 1, 1, 0, 0, 0, 1, 0, 1, 0, 0, 0, 1, 1, 0, 0, 0, 0, 1, 0, 1, 0, 1, 0, 1, 0, 1, 0, 0, 0, 0, 1, 0, 1, 1, 1, 1, 0, 1, 0, 0, 1, 0, 0, 1, 0, 1, 1, 1, 1, 0, 0, 1, 1, 1, 1, 0, 1, 0, 1, 1, 0, 0, 0, 1, 0, 1, 0, 1, 0, 0, 1, 1], "confidence_scores": [[0.5708443223443223, 0.42915567765567764], [0.6102599206349205, 0.3897400793650794], [0.4403846153846154, 0.5596153846153844], [0.5280580808080809, 0.471941919191919], [0.48377976190476224, 0.5162202380952378], [0.5139664502164504, 0.4860335497835496], [0.715265873015873, 0.284734126984127], [0.6282460317460319, 0.37175396825396834], [0.5482655857214681, 0.45173441427853184], [0.6798768037518036, 0.3201231962481963], [0.4011713425463427, 0.5988286574536574], [0.5462162698412698, 0.4537837301587302], [0.2997815656565656, 0.7002184343434346], [0.5574089105339106, 0.4425910894660894], [0.7290718448218446, 0.2709281551781552], [0.4860099206349206, 0.5139900793650793], [0.3934565018315018, 0.6065434981684981], [0.39801172438672433, 0.6019882756132758], [0.5188259379509379, 0.4811740620490621], [0.3370761183261184, 0.6629238816738817], [0.44345819458319463, 0.5565418054168054], [0.5268654401154401, 0.4731345598845598], [0.42875775613275613, 0.571242243867244], [0.6675443722943722, 0.33245562770562775], [0.6884576118326116, 0.31154238816738816], [0.44040800865800855, 0.5595919913419916], [0.5101212676212675, 0.4898787323787325], [0.6424108946608947, 0.35758910533910515], [0.5360138888888889, 0.4639861111111111], [0.6016002886002888, 0.39839971139971125], [0.5942904040404041, 0.405709595959596], [0.5857361111111111, 0.4142638888888887], [0.5368551448551449, 0.4631448551448551], [0.5686866883116882, 0.43131331168831166], [0.4391587301587302, 0.5608412698412699], [0.6334787157287157, 0.36652128427128433], [0.4568024336774337, 0.5431975663225663], [0.6298297674547674, 0.37017023254523257], [0.6681512099012097, 0.33184879009879], [0.6501589105339103, 0.3498410894660895], [0.5610642135642137, 0.43893578643578635], [0.5350159285159285, 0.46498407148407145], [0.5142425907425907, 0.4857574092574093], [0.4792446581196581, 0.5207553418803418], [0.3802045177045177, 0.6197954822954823], [0.4288350122100123, 0.5711649877899877], [0.4610125707625707, 0.5389874292374293], [0.32387806637806643, 0.6761219336219338], [0.5090297619047618, 0.49097023809523804], [0.4097788918597742, 0.5902211081402258], [0.46050559163059157, 0.5394944083694087], [0.5330526695526695, 0.46694733044733056], [0.3940734681984682, 0.6059265318015318], [0.6790482572982574, 0.3209517427017427], [0.643690712065712, 0.3563092879342878], [0.41904401154401166, 0.5809559884559884], [0.4189819624819624, 0.5810180375180376], [0.5624478715728717, 0.4375521284271284], [0.6090975829725829, 0.39090241702741707], [0.554916847041847, 0.4450831529581531], [0.6464016955266954, 0.35359830447330454], [0.7751863136863136, 0.22481368631368628], [0.6832617798867799, 0.3167382201132201], [0.6733790237540237, 0.3266209762459762], [0.5362634032634029, 0.46373659673659695], [0.45491462703962704, 0.5450853729603731], [0.6514772727272725, 0.3485227272727272], [0.5828556443556445, 0.4171443556443557], [0.4653654401154401, 0.5346345598845599], [0.4564970446220446, 0.5435029553779553], [0.47196001221001227, 0.5280399877899877], [0.5688372322122321, 0.43116276778776785], [0.619880321067821, 0.3801196789321789], [0.6720256826506825, 0.3279743173493175], [0.42325796833885065, 0.5767420316611492], [0.5978315018315018, 0.40216849816849815], [0.4678905677655678, 0.5321094322344322], [0.6063622904872904, 0.39363770951270965], [0.5998551587301586, 0.40014484126984134], [0.5883852258852261, 0.41161477411477404], [0.43552337939837926, 0.5644766206016205], [0.47125577200577196, 0.5287442279942279], [0.5312349733599734, 0.4687650266400265], [0.5685555555555557, 0.4314444444444444], [0.6089933677433678, 0.3910066322566322], [0.5673900405150405, 0.4326099594849594], [0.45116865079365076, 0.5488313492063494], [0.5836461593961593, 0.4163538406038406], [0.4264502164502166, 0.5735497835497835], [0.5094928751803752, 0.4905071248196248], [0.40327747252747265, 0.5967225274725273], [0.6292525252525253, 0.37074747474747477], [0.4235750915750915, 0.5764249084249083], [0.6164532828282827, 0.38354671717171707], [0.48053607503607504, 0.5194639249639249], [0.605780067155067, 0.39421993284493284], [0.6211465756465755, 0.3788534243534244], [0.5554384920634922, 0.44456150793650795], [0.5402100122100123, 0.4597899877899877], [0.473315281940282, 0.5266847180597182], [0.516971146908647, 0.4830288530913531], [0.4958048756798758, 0.5041951243201241], [0.4238174603174605, 0.5761825396825395], [0.3212658036408037, 0.6787341963591964], [0.4994898781773783, 0.5005101218226218], [0.6820552780552778, 0.3179447219447219], [0.47208014208014204, 0.5279198579198581], [0.558897546897547, 0.44110245310245305], [0.5914064407814409, 0.40859355921855917], [0.46516708291708275, 0.5348329170829171], [0.5772857142857143, 0.4227142857142857], [0.5139629675879678, 0.4860370324120323], [0.4438659812409813, 0.5561340187590187], [0.6560281385281383, 0.34397186147186143], [0.4671378066378065, 0.5328621933621934], [0.44495475766063997, 0.5550452423393599], [0.4335324675324675, 0.5664675324675326], [0.3638178210678211, 0.636182178932179], [0.5933318903318903, 0.4066681096681096], [0.6029893023643023, 0.3970106976356977], [0.4246415945165946, 0.5753584054834053], [0.4440661976911979, 0.5559338023088022], [0.4702561327561328, 0.5297438672438672], [0.48676884920634933, 0.5132311507936506], [0.5824333028083027, 0.4175666971916973], [0.47612680375180355, 0.5238731962481964], [0.645737678987679, 0.3542623210123211], [0.44223489010989014, 0.5577651098901097], [0.4853333333333332, 0.5146666666666667], [0.5798427405927407, 0.42015725940725934], [0.559276098901099, 0.440723901098901], [0.6031624625374625, 0.39683753746253747], [0.4526585497835498, 0.5473414502164502], [0.5296626984126984, 0.4703373015873016], [0.4474834609834609, 0.552516539016539], [0.5846037157287158, 0.4153962842712843], [0.41844841269841276, 0.5815515873015871], [0.6383959235209233, 0.3616040764790766], [0.6943144078144077, 0.3056855921855922], [0.4509819665628489, 0.549018033437151], [0.3518351370851372, 0.648164862914863]]},