{"test": {"ids": ["460", "687", "81", "531", "608", "588", "656", "316", "341", "130", "244", "351", "260", "706", "120", "566", "337", "465", "589", "444", "612", "681", "645", "89", "505", "96", "377", "23", "16", "522", "648", "190", "484", "422", "596", "134", "528", "586", "70", "67", "98", "353", "574", "272", "271", "276", "3", "44", "521", "498", "137", "312", "401", "419", "247", "398", "689", "502", "172", "661", "251", "270", "623", "690", "231", "245", "4", "676", "463", "543", "626", "345", "129", "167", "155", "429", "185", "501", "641", "230", "363", "459", "650", "548", "259", "496", "651", "417", "507", "63", "336", "261", "654", "243", "607", "606", "213", "296", "225", "186", "604", "390", "320", "58", "491", "73", "476", "692", "228", "529", "510", "27", "237", "202", "545", "136", "117", "594", "161", "31", "384", "348", "598", "278", "416", "217", "527", "447", "695", "205", "95", "581", "575", "170", "590", "628", "636", "322", "252", "629", "281", "284", "675"], "labels": [0, 0, 1, 0, 0, 0, 1, 0, 1, 1, 0, 1, 0, 1, 1, 0, 1, 0, 0, 0, 0, 1, 1, 1, 0, 1, 1, 0, 1, 1, 1, 0, 0, 1, 0, 1, 0, 0, 0, 0, 1, 1, 0, 0, 0, 0, 0, 0, 1, 0, 1, 0, 1, 1, 0, 1, 1, 0, 1, 1, 1, 0, 1, 1, 0, 0, 0, 1, 0, 1, 1, 1, 1, 1, 1, 1, 0, 0, 1, 0, 1, 0, 1, 0, 0, 1, 1, 1, 0, 0, 1, 0, 1, 0, 0, 0, 0, 0, 0, 0, 0, 1, 0, 0, 0, 0, 0, 1, 0, 0, 0, 0, 0, 0, 0, 1, 1, 0, 1, 0, 1, 1, 0, 0, 1, 0, 0, 0, 1, 0, 1, 0, 0, 1, 0, 1, 0, 0, 1, 1, 0, 0, 1], "predicted_labels": [0, 0, 1, 0, 1, 0, 1, 0, 1, 1, 0, 1, 1, 1, 1, 1, 1, 1, 0, 0, 0, 1, 0, 0, 1, 1, 1, 0, 1, 1, 1, 0, 1, 0, 0, 1, 0, 1, 1, 0, 0, 1, 0, 0, 0, 0, 0, 1, 1, 0, 1, 1, 0, 1, 0, 0, 0, 1, 0, 1, 1, 0, 1, 1, 0, 0, 0, 1, 0, 1, 1, 1, 1, 0, 1, 0, 0, 0, 1, 0, 1, 0, 1, 0, 1, 1, 1, 1, 1, 1, 1, 1, 1, 0, 0, 0, 0, 0, 1, 0, 0, 1, 0, 0, 1, 0, 0, 1, 0, 0, 1, 0, 0, 1, 0, 1, 0, 0, 0, 1, 1, 1, 0, 0, 0, 0, 1, 1, 0, 0, 0, 0, 0, 1, 0, 0, 1, 0, 0, 1, 0, 1, 1], "confidence_scores": [[0.8854088054158813, 0.1145911945841189], [0.7829736696852366, 0.2170263303147635], [0.09345769094765648, 0.9065423090523435], [0.7845145810385246, 0.2154854189614753], [0.35383466019768084, 0.646165339802319], [0.7702683894893417, 0.22973161051065813], [0.28110776410504396, 0.718892235894956], [0.6336787303118309, 0.3663212696881692], [0.06933129446438102, 0.9306687055356189], [0.07197809280048707, 0.928021907199513], [0.922132812622251, 0.07786718737774898], [0.32664349536579446, 0.6733565046342055], [0.5, 0.5], [0.2206897522259856, 0.7793102477740147], [0.2265243198025662, 0.7734756801974338], [0.11204905121368272, 0.8879509487863173], [0.20587456862003284, 0.7941254313799673], [0.4183449601373226, 0.5816550398626773], [0.5955348006216067, 0.4044651993783932], [0.5994873410162966, 0.4005126589837032], [0.8914037310276506, 0.10859626897234947], [0.37936249948285766, 0.6206375005171424], [0.5114657503288339, 0.48853424967116615], [0.5754011277886135, 0.4245988722113864], [0.4045287339857066, 0.5954712660142933], [0.4484208959979183, 0.5515791040020818], [0.07857683958600106, 0.921423160413999], [0.5496284630324132, 0.450371536967587], [0.19608710606801336, 0.8039128939319867], [0.36225036337638095, 0.637749636623619], [0.11909194191822872, 0.8809080580817712], [0.8309323391656515, 0.1690676608343486], [0.35600870737214907, 0.6439912926278508], [0.6323496306197172, 0.3676503693802828], [0.5616316667006389, 0.43836833329936115], [0.21754447026831802, 0.782455529731682], [0.6549151713884455, 0.3450848286115545], [0.11508490641118478, 0.8849150935888153], [0.2315309905519923, 0.7684690094480079], [0.5345746105716064, 0.46542538942839357], [0.7433378419948563, 0.2566621580051439], [0.13525434969561714, 0.8647456503043828], [0.9262908902984354, 0.07370910970156484], [0.811685375082094, 0.1883146249179061], [0.8017465875226433, 0.19825341247735676], [0.7770880739895886, 0.22291192601041157], [0.7904641999913874, 0.20953580000861272], [0.2200962204020164, 0.7799037795979836], [0.30086521396258825, 0.6991347860374116], [0.9808450240261053, 0.019154975973894813], [0.3552164308679864, 0.6447835691320137], [0.27702782611020205, 0.7229721738897981], [0.7224077853718616, 0.2775922146281383], [0.22520820219190113, 0.7747917978080988], [0.58774587897089, 0.4122541210291099], [0.5963442852592132, 0.4036557147407869], [0.6197859456144885, 0.38021405438551165], [0.5, 0.5], [0.6789961891452146, 0.3210038108547852], [0.35478354520008143, 0.6452164547999186], [0.4883335540701909, 0.511666445929809], [0.5377766194527872, 0.4622233805472127], [0.2578918638456073, 0.7421081361543928], [0.3385100778645825, 0.6614899221354174], [0.9281475954630303, 0.07185240453696966], [0.9029638954293703, 0.09703610457062979], [0.921029208735257, 0.07897079126474323], [0.37654006827339437, 0.6234599317266056], [0.6448545449914667, 0.3551454550085332], [0.5, 0.5], [0.38252307648739836, 0.6174769235126016], [0.30491719900090103, 0.6950828009990988], [0.3014465524644595, 0.6985534475355403], [0.7757859360346804, 0.2242140639653197], [0.16884500867023172, 0.8311549913297681], [0.6373590098456746, 0.3626409901543254], [0.5701917258853414, 0.42980827411465866], [0.8535127078381064, 0.14648729216189357], [0.20914024752700705, 0.790859752472993], [0.8102126512319676, 0.18978734876803224], [0.16902803478843148, 0.8309719652115687], [0.8979095061393315, 0.10209049386066843], [0.20963172107021114, 0.7903682789297889], [0.7761398049587642, 0.22386019504123583], [0.40769724079674, 0.59230275920326], [0.20495843720017706, 0.7950415627998229], [0.34898976592659176, 0.6510102340734081], [0.23314685804060029, 0.7668531419593999], [0.37778693081658593, 0.622213069183414], [0.5, 0.5], [0.09303328943407618, 0.9069667105659238], [0.2324441072401925, 0.7675558927598074], [0.3037885079967058, 0.6962114920032945], [0.7735903929689655, 0.22640960703103466], [0.6459827083511337, 0.3540172916488663], [0.6114885167536214, 0.3885114832463787], [0.7918959100513495, 0.20810408994865043], [0.7368986099543513, 0.26310139004564864], [0.28933444719882, 0.7106655528011797], [0.8313809315443657, 0.16861906845563435], [0.7342229396953412, 0.2657770603046587], [0.37919154438026753, 0.6208084556197325], [0.7196145546350252, 0.28038544536497445], [0.8836555711696754, 0.11634442883032448], [0.06155689910055043, 0.9384431008994494], [0.7045144363111501, 0.29548556368885], [0.6890699574015959, 0.31093004259840396], [0.17132714030735063, 0.8286728596926494], [0.9397908406528951, 0.06020915934710485], [0.6043738987873195, 0.39562610121268044], [0.33777840803448966, 0.6622215919655104], [0.7447944661601527, 0.2552055338398472], [0.9790538310782212, 0.02094616892177894], [0.42419005812612764, 0.5758099418738725], [0.5854081133171876, 0.41459188668281244], [0.1446310543437413, 0.8553689456562587], [0.8284213677692956, 0.17157863223070416], [0.7441777909230295, 0.25582220907697045], [0.7376711281141278, 0.26232887188587206], [0.31861501243242535, 0.6813849875675744], [0.24898448183141061, 0.7510155181685894], [0.07318176685464417, 0.9268182331453559], [0.8691109971752653, 0.13088900282473473], [0.6224761125779847, 0.37752388742201515], [0.5610877502397009, 0.43891224976029924], [0.9392996770165823, 0.06070032298341786], [0.4384533193376747, 0.5615466806623255], [0.47741371127574483, 0.5225862887242553], [0.5839253756126627, 0.4160746243873375], [0.7060245319226154, 0.2939754680773845], [0.7175695443600549, 0.28243045563994507], [0.8772402438612104, 0.12275975613878992], [0.8740706040377999, 0.12592939596220004], [0.07636232202598407, 0.9236376779740159], [0.8260457763634941, 0.17395422363650598], [0.6416391277013066, 0.35836087229869346], [0.40757213383396873, 0.5924278661660313], [0.9161250055870732, 0.08387499441292696], [0.6225966426440678, 0.3774033573559323], [0.4054161535165589, 0.5945838464834412], [0.952970663535245, 0.047029336464755093], [0.31309659711309856, 0.6869034028869014], [0.2779400673009052, 0.7220599326990946]]}}