{"test": {"ids": ["260", "172", "462", "304", "262", "532", "475", "432", "627", "12", "448", "233", "287", "380", "480", "390", "334", "256", "97", "692", "473", "211", "466", "440", "391", "315", "540", "327", "384", "147", "19", "291", "186", "234", "493", "702", "192", "563", "214", "405", "284", "490", "433", "586", "494", "25", "467", "342", "216", "94", "61", "371", "561", "126", "232", "655", "511", "158", "132", "638", "592", "350", "246", "589", "62", "653", "673", "348", "55", "259", "550", "594", "474", "314", "297", "548", "661", "688", "336", "31", "704", "558", "272", "545", "187", "248", "691", "325", "102", "504", "296", "354", "159", "80", "472", "631", "531", "201", "503", "67", "519", "560", "699", "680", "88", "687", "152", "339", "614", "321", "56", "629", "277", "611", "51", "514", "394", "358", "24", "547", "549", "207", "580", "149", "521", "665", "607", "42", "565", "555", "2", "333", "679", "701", "52", "381", "302", "556", "481", "363", "498", "429", "249"], "labels": [1, 1, 0, 0, 1, 1, 0, 1, 1, 0, 0, 0, 0, 1, 0, 1, 1, 1, 0, 1, 0, 0, 0, 1, 1, 0, 1, 1, 1, 1, 0, 0, 0, 0, 1, 1, 0, 0, 0, 1, 0, 0, 1, 0, 1, 0, 0, 1, 0, 0, 1, 1, 0, 1, 0, 0, 0, 1, 1, 0, 0, 1, 1, 0, 1, 0, 0, 1, 0, 1, 0, 0, 0, 0, 0, 0, 0, 0, 1, 0, 1, 0, 0, 0, 0, 1, 1, 1, 0, 0, 0, 1, 1, 1, 0, 0, 1, 0, 0, 1, 1, 0, 1, 0, 1, 1, 1, 1, 0, 0, 0, 1, 0, 0, 0, 0, 1, 1, 0, 0, 0, 0, 0, 1, 1, 0, 0, 0, 0, 1, 0, 1, 0, 1, 0, 1, 0, 0, 0, 1, 0, 1, 1], "predicted_labels": [1, 0, 0, 0, 1, 0, 0, 1, 1, 0, 0, 1, 0, 1, 0, 1, 1, 1, 0, 1, 0, 0, 1, 0, 0, 1, 1, 0, 1, 1, 1, 1, 0, 1, 1, 0, 0, 0, 0, 1, 0, 1, 0, 1, 1, 1, 1, 1, 0, 1, 1, 1, 0, 1, 1, 0, 0, 1, 1, 0, 0, 1, 1, 1, 0, 0, 0, 1, 0, 1, 0, 0, 0, 1, 0, 0, 1, 0, 1, 1, 0, 1, 0, 0, 0, 1, 1, 1, 0, 0, 0, 1, 1, 1, 1, 0, 0, 0, 0, 1, 1, 0, 1, 0, 1, 1, 1, 1, 0, 0, 0, 1, 0, 1, 0, 0, 1, 1, 1, 0, 1, 0, 0, 1, 1, 0, 1, 0, 0, 0, 0, 1, 0, 0, 0, 1, 0, 0, 0, 1, 1, 1, 1], "confidence_scores": [[0.24136589737300584, 0.7586341026269942], [0.9969563369735985, 0.00304366302640152], [0.964307110875694, 0.03569288912430607], [0.9722120626807355, 0.027787937319264506], [0.0094657685603452, 0.9905342314396548], [0.9357647383309214, 0.06423526166907852], [0.9999449478193714, 5.5052180628621477e-05], [0.32539408581604334, 0.6746059141839567], [0.0009540392845122092, 0.9990459607154878], [0.9994419177258628, 0.0005580822741372319], [0.8005846932247486, 0.1994153067752514], [0.174384710270592, 0.825615289729408], [0.9952227963643843, 0.004777203635615702], [0.04616973531150381, 0.9538302646884962], [0.6862612459699274, 0.31373875403007256], [0.012757352211061668, 0.9872426477889383], [0.01971658685089206, 0.9802834131491079], [0.22324282180118016, 0.7767571781988198], [0.9697672900701464, 0.030232709929853656], [0.23514093035914108, 0.7648590696408589], [0.8350986307482038, 0.16490136925179616], [0.9718697591678664, 0.02813024083213361], [0.006409878202981001, 0.993590121797019], [0.9989725884060674, 0.0010274115939325674], [0.7264790459908609, 0.2735209540091391], [0.012634435761017304, 0.9873655642389827], [0.4498735235669258, 0.5501264764330742], [0.770865422546415, 0.229134577453585], [0.0012955032287160773, 0.9987044967712839], [0.11325770316693862, 0.8867422968330614], [0.43004969872971643, 0.5699503012702836], [0.3577999927304789, 0.6422000072695211], [0.6416688576910596, 0.3583311423089404], [0.1647185687973155, 0.8352814312026845], [0.01321315367529785, 0.9867868463247021], [0.8523695187308753, 0.14763048126912467], [0.9969674116227755, 0.003032588377224537], [0.9727812323622279, 0.02721876763777214], [0.9971333017699259, 0.002866698230074129], [0.05270070064858634, 0.9472992993514137], [0.999808517521904, 0.00019148247809598197], [0.10952395222391242, 0.8904760477760876], [0.9853160949603952, 0.014683905039604773], [0.03456109759136061, 0.9654389024086394], [0.4590612851436606, 0.5409387148563394], [0.001782375862943053, 0.998217624137057], [0.03846832942439604, 0.961531670575604], [0.07602327271075648, 0.9239767272892435], [0.9999682103253288, 3.178967467118437e-05], [0.32939135489715266, 0.6706086451028473], [0.48810912072786516, 0.5118908792721348], [0.01012593746934709, 0.9898740625306529], [0.9987778187616675, 0.0012221812383324685], [0.08121949125634764, 0.9187805087436524], [0.24694756793088912, 0.7530524320691109], [0.9950538465053692, 0.004946153494630764], [0.9903924151943585, 0.009607584805641452], [0.03447153362294286, 0.9655284663770571], [0.49079748728740147, 0.5092025127125985], [0.9989247937510971, 0.0010752062489028926], [0.9735895548369018, 0.026410445163098154], [0.02401611241399315, 0.9759838875860068], [0.07105213811303457, 0.9289478618869654], [0.010796506181967924, 0.9892034938180321], [0.9648811450260015, 0.0351188549739985], [0.9055564684412906, 0.09444353155870948], [0.9998551588983583, 0.00014484110164172538], [0.03803516646762617, 0.9619648335323738], [0.8550785513521363, 0.14492144864786372], [0.009886093979153188, 0.9901139060208468], [0.9989587020152263, 0.001041297984773709], [0.9988710935429053, 0.0011289064570947245], [0.5432264303265841, 0.4567735696734159], [0.4353827273545734, 0.5646172726454266], [0.998351285182361, 0.001648714817638994], [0.8157952731121725, 0.18420472688782752], [0.19525966872091016, 0.8047403312790898], [0.6868619151537755, 0.3131380848462245], [0.028634450241639464, 0.9713655497583605], [0.1904165871442306, 0.8095834128557694], [0.7213790434664984, 0.27862095653350166], [0.12252475377744765, 0.8774752462225524], [0.9318513568124294, 0.06814864318757059], [0.9784997559638154, 0.02150024403618454], [0.9760455488369769, 0.023954451163023045], [0.06006802024418034, 0.9399319797558197], [0.006635606261767402, 0.9933643937382326], [0.04940994652676589, 0.9505900534732341], [0.702224528520513, 0.297775471479487], [0.9819198831412643, 0.018080116858735704], [0.9886032878925518, 0.011396712107448203], [0.00848668641163608, 0.9915133135883639], [0.22896730111956654, 0.7710326988804335], [0.009768508242432694, 0.9902314917575673], [0.35416577058317544, 0.6458342294168246], [0.9018064675386543, 0.09819353246134567], [0.988234372813479, 0.011765627186520912], [0.8539224788999014, 0.1460775211000987], [0.9718871040307561, 0.028112895969243892], [0.0007116425657330838, 0.9992883574342669], [0.009687228540781967, 0.990312771459218], [0.922742775770996, 0.07725722422900407], [0.0004242938220396786, 0.9995757061779603], [0.6332617652311924, 0.3667382347688076], [0.012424106612282548, 0.9875758933877175], [0.4891782699322984, 0.5108217300677016], [0.007472969553619868, 0.9925270304463801], [0.23917790479414103, 0.760822095205859], [0.7750646968976695, 0.2249353031023305], [0.9940033659455267, 0.005996634054473287], [0.9999288326798297, 7.116732017034995e-05], [0.05512915483694725, 0.9448708451630528], [0.9913413412640786, 0.008658658735921476], [0.27271770891506086, 0.7272822910849391], [0.932267282829281, 0.06773271717071902], [0.9477631511123585, 0.052236848887641435], [0.1657202909033475, 0.8342797090966525], [0.011854618170372588, 0.9881453818296274], [0.17240803223923362, 0.8275919677607664], [0.8628646995726343, 0.1371353004273656], [0.021075515522129162, 0.9789244844778708], [0.9888071961000319, 0.01119280389996811], [0.8236731508370745, 0.1763268491629255], [0.005751574629971445, 0.9942484253700286], [0.006889965046117497, 0.9931100349538825], [0.9411310471660682, 0.058868952833931815], [0.2726317516853831, 0.7273682483146169], [0.8483544491144842, 0.15164555088551582], [0.9986006017334826, 0.00139939826651731], [0.9955590967008727, 0.004440903299127316], [0.9366317731598499, 0.06336822684015013], [0.0006753339953070592, 0.9993246660046929], [0.9617278555080087, 0.03827214449199133], [0.7585469836800975, 0.2414530163199024], [0.8425723901554957, 0.15742760984450435], [0.25316478383404206, 0.7468352161659579], [0.8401093066694396, 0.15989069333056036], [0.9991658144154768, 0.0008341855845231498], [0.8497667147957066, 0.15023328520429338], [0.001616502932005548, 0.9983834970679945], [0.19296466450766703, 