{"test": {"ids": ["334", "62", "423", "629", "518", "57", "468", "20", "485", "12", "636", "259", "445", "134", "553", "146", "166", "144", "641", "342", "85", "277", "125", "516", "561", "313", "382", "648", "295", "136", "176", "27", "17", "692", "402", "200", "594", "378", "141", "704", "175", "649", "450", "272", "32", "628", "400", "322", "576", "474", "243", "617", "461", "592", "381", "411", "401", "391", "279", "502", "575", "232", "7", "383", "564", "607", "230", "282", "325", "94", "59", "610", "51", "307", "407", "567", "54", "343", "537", "91", "275", "122", "161", "263", "72", "548", "245", "11", "185", "46", "588", "583", "532", "308", "597", "655", "281", "430", "621", "223", "708", "635", "611", "398", "707", "301", "118", "13", "96", "417", "184", "454", "466", "70", "427", "41", "163", "437", "661", "274", "374", "19", "145", "503", "513", "570", "262", "38", "658", "441", "520", "501", "491", "390", "434", "202", "1", "358", "130", "287", "24", "197", "172"], "labels": [1, 1, 1, 1, 1, 0, 0, 0, 0, 0, 0, 1, 0, 1, 0, 1, 1, 1, 0, 1, 1, 0, 1, 1, 0, 0, 1, 0, 0, 1, 0, 0, 1, 1, 1, 0, 0, 1, 1, 1, 0, 0, 0, 0, 0, 1, 1, 0, 0, 0, 0, 0, 0, 0, 1, 1, 1, 1, 0, 0, 0, 0, 0, 1, 0, 0, 0, 0, 1, 0, 1, 0, 0, 0, 1, 0, 0, 1, 1, 0, 0, 1, 1, 1, 1, 0, 0, 0, 0, 0, 0, 0, 1, 0, 0, 0, 0, 1, 1, 0, 1, 0, 0, 1, 1, 0, 1, 0, 0, 1, 0, 0, 0, 1, 1, 0, 1, 1, 0, 0, 1, 0, 1, 0, 0, 0, 1, 0, 0, 1, 1, 0, 0, 1, 1, 0, 1, 1, 1, 0, 0, 0, 1], "predicted_labels": [1, 1, 0, 0, 1, 1, 0, 0, 0, 0, 0, 1, 0, 1, 0, 1, 1, 1, 0, 0, 0, 0, 1, 0, 0, 0, 1, 0, 0, 1, 1, 1, 0, 1, 1, 0, 0, 0, 1, 0, 0, 0, 0, 0, 0, 0, 0, 0, 0, 0, 0, 0, 0, 0, 1, 1, 0, 0, 0, 1, 0, 0, 0, 1, 0, 1, 0, 0, 0, 0, 1, 0, 1, 0, 0, 0, 1, 1, 0, 0, 0, 0, 1, 0, 0, 0, 0, 0, 1, 1, 0, 0, 0, 0, 0, 0, 0, 0, 1, 0, 1, 0, 0, 0, 1, 0, 0, 0, 0, 0, 0, 1, 1, 1, 1, 0, 1, 1, 0, 0, 1, 0, 1, 0, 1, 0, 0, 1, 0, 0, 1, 1, 1, 0, 1, 0, 1, 1, 1, 0, 0, 0, 0], "confidence_scores": [[0.31237869179996447, 0.6876213082000355], [0.23543886309910633, 0.7645611369008937], [0.5049439465859851, 0.49505605341401493], [0.5765195423740657, 0.42348045762593434], [0.25581100972845083, 0.7441889902715492], [0.28153887285139323, 0.7184611271486068], [0.6793978188886567, 0.32060218111134337], [0.6150880270814412, 0.3849119729185589], [0.7115563888971401, 0.2884436111028599], [0.6885258665013252, 0.3114741334986748], [0.590718180754555, 0.4092818192454451], [0.3413434827538778, 0.6586565172461222], [0.7232586338656201, 0.27674136613437994], [0.44117998435004124, 0.5588200156499588], [0.7595281905232215, 0.2404718094767785], [0.2576529631215342, 0.7423470368784658], [0.4368640320497945, 0.5631359679502055], [0.48900138755920086, 0.5109986124407991], [0.791884763124563, 0.20811523687543698], [0.5030525247113387, 0.49694747528866134], [0.6146540497613597, 0.3853459502386402], [0.8592324063584253, 0.14076759364157465], [0.15985836969182554, 0.8401416303081745], [0.6294686253858821, 0.37053137461411784], [0.7297197739816456, 0.27028022601835444], [0.6591451448201227, 0.3408548551798774], [0.49563845037195164, 0.5043615496280484], [0.565516179943915, 0.43448382005608505], [0.5648789457877786, 0.43512105421222136], [0.1478108793113696, 0.8521891206886304], [0.2573042949540779, 0.7426957050459221], [0.481795941976529, 0.518204058023471], [0.5273693617707103, 0.47263063822928975], [0.38189589510290456, 0.6181041048970954], [0.45475193198094166, 0.5452480680190583], [0.8066729481878715, 0.19332705181212848], [0.7478785066157989, 0.2521214933842011], [0.6372726820738939, 0.3627273179261062], [0.30614753850235055, 0.6938524614976495], [0.7843045229256727, 0.21569547707432737], [0.5281282716040292, 0.4718717283959708], [0.8371939144372349, 0.16280608556276505], [0.6982859538944473, 0.3017140461055528], [0.8256849456275972, 0.17431505437240283], [0.7150851989549796, 0.2849148010450204], [0.6867934503795644, 0.3132065496204356], [0.6246726485228786, 0.3753273514771213], [0.8007473587474359, 0.1992526412525642], [0.8510896420887748, 0.14891035791122523], [0.7366972203762183, 0.2633027796237817], [0.825306255520839, 0.17469374447916095], [0.768719297786975, 0.23128070221302494], [0.8249101333037205, 0.17508986669627952], [0.8200848958198329, 0.17991510418016707], [0.3120379314255618, 0.6879620685744382], [0.3955120554692584, 0.6044879445307416], [0.6556810086316263, 0.3443189913683737], [0.5048676423171294, 0.4951323576828706], [0.5648059671796231, 0.4351940328203769], [0.2373106992083367, 0.7626893007916633], [0.8319890826584553, 0.16801091734154477], [0.8343843338130291, 0.16561566618697088], [0.6494491771834358, 0.35055082281656424], [0.44525624569346167, 0.5547437543065383], [0.7082960960579134, 0.2917039039420865], [0.35499075495821675, 0.6450092450417833], [0.7749872244807308, 0.22501277551926924], [0.5918046171742705, 0.40819538282572954], [0.6365424827535551, 0.3634575172464449], [0.7791035927284721, 0.22089640727152796], [0.31753667860132206, 0.6824633213986779], [0.6757717306999002, 0.32422826930009985], [0.30280478614227835, 0.6971952138577217], [0.5612952000756419, 0.438704799924358], [0.5096859489862021, 0.4903140510137979], [0.6730224432613063, 0.3269775567386936], [0.18318923377554697, 0.816810766224453], [0.4874963445138982, 0.5125036554861018], [0.7828676695412762, 0.21713233045872385], [0.7868607604908191, 0.21313923950918087], [0.5875267165499709, 0.4124732834500291], [0.6205641155396764, 0.37943588446032356], [0.33127037024515327, 0.6687296297548467], [0.7721551415181359, 0.2278448584818641], [0.5936293257097182, 0.40637067429028184], [0.7573443321923059, 0.2426556678076941], [0.5595823568238224, 0.4404176431761776], [0.72472473359487, 0.27527526640513], [0.3715435706866359, 0.6284564293133641], [0.449944671666054, 0.550055328333946], [0.7894056278482562, 0.21059437215174376], [0.8626861439568594, 0.13731385604314056], [0.7825195774563738, 0.21748042254362618], [0.8436243605113547, 0.15637563948864525], [0.6403933802009951, 0.35960661979900493], [0.8202646620423789, 0.1797353379576211], [0.738633210907282, 0.261366789092718], [0.6230615894981786, 0.37693841050182136], [0.4899601201219205, 0.5100398798780795], [0.8168480578850057, 0.18315194211499436], [0.30257306693944763, 0.6974269330605524], [0.8245446006484086, 0.1754553993515914], [0.6568938292223527, 0.34310617077764727], [0.7232249606493664, 0.2767750393506336], [0.3262098186127139, 0.6737901813872861], [0.8097360427320992, 0.19026395726790082], [0.6931763132234907, 0.3068236867765093], [0.6588136628512198, 0.3411863371487802], [0.6997024772993463, 0.30029752270065374], [0.6894974442067874, 0.31050255579321256], [0.5946461526358631, 0.4053538473641369], [0.4413045410217934, 0.5586954589782066], [0.3786087829287895, 0.6213912170712105], [0.4107358209358485, 0.5892641790641515], [0.3311275238646775, 0.6688724761353225], [0.523530433279316, 0.476469566720684], [0.4152473717170886, 0.5847526282829114], [0.4313192637785802, 0.5686807362214198], [0.7189661916442665, 0.2810338083557336], [0.8347128407937825, 0.16528715920621748], [0.4295933123851772, 0.5704066876148228], [0.5618750487455222, 0.43812495125447776], [0.25840970246621997, 0.74159029753378], [0.6173907541640948, 0.3826092458359051], [0.4148010319716343, 0.5851989680283657], [0.757634416511572, 0.242365583488428], [0.6601369649412718, 0.3398630350587281], [0.4039453458431095, 0.5960546541568905], [0.7825092158838198, 0.2174907841161802], [0.7609676683051014, 0.23903233169489857], [0.26746067936874773, 0.7325393206312523], [0.4559511068217642, 0.5440488931782358], [0.3427397006453964, 0.6572602993546036], [0.5649205062087137, 0.4350794937912863], [0.11403137883220094, 0.8859686211677991], [0.8348909218608, 0.16510907813919992], [0.41253395714250785, 0.5874660428574922], [0.11705665563739087, 0.8829433443626091], [0.1934143189483658, 0.8065856810516342], [0.8034297492577204, 0.1965702507422796], [0.6193304434518281, 0.380669556548172], [0.5697170119773418, 0.43028298802265813], [0.7732828390869143, 0.2267171609130857]]},