{"test": {"ids": ["541", "648", "293", "334", "89", "526", "56", "38", "489", "17", "208", "344", "577", "593", "364", "155", "677", "405", "432", "22", "493", "464", "173", "545", "383", "568", "607", "58", "649", "392", "701", "137", "553", "308", "218", "229", "124", "92", "174", "265", "119", "690", "519", "43", "102", "157", "51", "146", "613", "55", "141", "475", "640", "705", "172", "62", "486", "192", "508", "588", "249", "275", "345", "1", "111", "90", "166", "100", "248", "64", "302", "33", "237", "499", "669", "481", "496", "106", "590", "597", "427", "601", "162", "331", "74", "661", "291", "368", "101", "433", "480", "277", "39", "656", "85", "110", "301", "382", "118", "321", "40", "527", "219", "627", "323", "488", "412", "296", "604", "643", "436", "276", "167", "557", "199", "289", "316", "238", "451", "485", "236", "655", "142", "280", "195", "338", "674", "170", "121", "340", "560", "9", "7", "29", "574", "454", "356", "228", "339", "161", "700"], "labels": [1, 0, 1, 0, 0, 0, 1, 1, 0, 0, 1, 0, 1, 1, 0, 0, 0, 0, 0, 1, 0, 1, 0, 0, 1, 1, 0, 1, 0, 0, 0, 0, 0, 1, 1, 1, 0, 0, 1, 1, 1, 0, 0, 1, 0, 0, 1, 0, 0, 1, 0, 1, 0, 0, 0, 1, 0, 1, 1, 1, 1, 1, 0, 0, 1, 0, 0, 0, 0, 1, 1, 1, 1, 1, 0, 0, 0, 0, 1, 1, 0, 1, 0, 0, 1, 0, 1, 0, 0, 0, 1, 1, 1, 0, 0, 1, 1, 1, 1, 1, 1, 0, 1, 1, 1, 0, 0, 1, 1, 0, 0, 1, 0, 1, 1, 1, 1, 1, 1, 0, 1, 0, 0, 1, 1, 0, 0, 0, 0, 0, 1, 0, 0, 1, 1, 1, 0, 1, 0, 0, 0], "predicted_labels": [1, 0, 0, 0, 0, 0, 1, 0, 0, 1, 1, 1, 0, 0, 0, 0, 0, 0, 1, 0, 0, 1, 0, 1, 0, 1, 1, 1, 1, 0, 1, 0, 1, 1, 0, 0, 0, 0, 1, 1, 0, 0, 0, 1, 0, 1, 1, 0, 1, 1, 0, 1, 1, 0, 0, 0, 0, 0, 0, 0, 0, 1, 0, 0, 0, 0, 0, 0, 0, 0, 0, 0, 1, 1, 0, 1, 0, 0, 0, 0, 0, 1, 0, 0, 0, 1, 1, 0, 0, 0, 1, 0, 1, 1, 0, 0, 1, 0, 0, 0, 0, 0, 1, 0, 1, 0, 0, 1, 0, 0, 0, 1, 0, 1, 1, 1, 0, 1, 1, 1, 0, 0, 0, 1, 1, 0, 0, 0, 0, 0, 1, 1, 0, 0, 0, 1, 0, 1, 0, 0, 0], "confidence_scores": [[0.379246291668601, 0.620753708331399], [0.5955962065212269, 0.4044037934787729], [0.5324067545846811, 0.46759324541531905], [0.6048232515211532, 0.39517674847884665], [0.5579561880200716, 0.4420438119799282], [0.5587966041619514, 0.4412033958380486], [0.3630629053060403, 0.6369370946939593], [0.6107226479826262, 0.38927735201737385], [0.5508895860444265, 0.4491104139555734], [0.4868015140768343, 0.5131984859231656], [0.4979373810034662, 0.5020626189965338], [0.49938632565962304, 0.500613674340377], [0.5756963954354668, 0.4243036045645335], [0.5128871157982945, 0.4871128842017056], [0.6152807228679856, 0.3847192771320143], [0.5389586619268443, 0.46104133807315567], [0.5933933851509553, 0.4066066148490447], [0.5169466982109506, 0.48305330178904937], [0.49405023770000805, 0.505949762299992], [0.5421134461168275, 0.4578865538831725], [0.6958590155645455, 0.304140984435455], [0.3793209189888658, 0.6206790810111341], [0.503272023071139, 0.496727976928861], [0.4514028527221544, 0.5485971472778454], [0.5959095035272345, 0.4040904964727654], [0.4338371701031661, 0.5661628298968336], [0.4601119906253503, 0.5398880093746499], [0.4880089255415575, 0.5119910744584425], [0.4184483212241609, 0.5815516787758391], [0.5908749524159728, 0.40912504758402696], [0.45648519852925756, 0.5435148014707422], [0.5229936568363609, 0.47700634316363927], [0.40751664444236896, 0.5924833555576312], [0.46847002885085354, 0.5315299711491466], [0.5363132872472779, 0.46368671275272233], [0.5273274404805519, 0.4726725595194483], [0.5372234559301928, 0.46277654406980734], [0.5102818454277048, 0.48971815457229506], [0.3915767557237489, 0.6084232442762509], [0.47254661203009307, 0.527453387969907], [0.636656595298387, 0.36334340470161286], [0.681584110105428, 0.31841588989457204], [0.5238229210330734, 0.4761770789669264], [0.4712812008250537, 0.5287187991749464], [0.6141272966150468, 0.3858727033849533], [0.4774392499734123, 0.5225607500265876], [0.44170525248413406, 0.5582947475158658], [0.5934219826004684, 0.4065780173995321], [0.4627255765733007, 0.5372744234266992], [0.37213259962182, 0.6278674003781801], [0.636737475996761, 0.3632625240032396], [0.47160312225058015, 0.5283968777494197], [0.42681563256533955, 0.5731843674346601], [0.6132683022213944, 0.3867316977786056], [0.576834685557299, 0.4231653144427009], [0.5898088984092424, 0.4101911015907577], [0.6914486079790414, 0.30855139202095866], [0.5594977787970331, 0.44050222120296706], [0.5900615076017839, 0.409938492398216], [0.5147661006338998, 0.4852338993661004], [0.6423688384713364, 0.3576311615286642], [0.46249719102594977, 0.53750280897405], [0.5463608702690327, 0.4536391297309674], [0.5710348975901535, 0.42896510240984653], [0.5719203507932844, 0.4280796492067156], [0.5437930748009258, 0.45620692519907435], [0.7284185801186808, 0.2715814198813198], [0.6462337067849917, 0.3537662932150083], [0.5917407755033671, 0.40825922449663266], [0.5648814002231074, 0.4351185997768925], [0.5407514847096984, 0.45924851529030186], [0.5607447405795939, 0.43925525942040633], [0.47716511590749267, 0.5228348840925073], [0.3716333965678438, 0.6283666034321558], [0.5361501687948121, 0.46384983120518797], [0.39220568739659517, 0.6077943126034048], [0.5000983203128544, 0.49990167968714555], [0.5328852284802439, 0.4671147715197561], [0.5185585541498193, 0.48144144585018067], [0.5206944143023992, 0.4793055856976008], [0.5560543909803234, 0.4439456090196769], [0.48610375361653324, 0.5138962463834668], [0.6262532753011313, 0.37374672469886855], [0.655645356680664, 0.34435464331933635], [0.5366342027024905, 0.4633657972975096], [0.4783607512884663, 0.5216392487115337], [0.44296584099930647, 0.5570341590006934], [0.5507274880104189, 0.44927251198958096], [0.5852551866512475, 0.41474481334875224], [0.6875350901159599, 0.3124649098840403], [0.40338694846139844, 0.5966130515386018], [0.5527869765785884, 0.4472130234214116], [0.41204163656278886, 0.587958363437211], [0.49759103516470743, 0.5024089648352925], [0.5778561812787222, 0.422143818721278], [0.525520719044943, 0.47447928095505687], [0.493911275280143, 0.506088724719857], [0.5542021866970935, 0.44579781330290635], [0.5297212690636703, 0.4702787309363299], [0.5268585682441398, 0.47314143175586054], [0.5371318067960381, 0.462868193203962], [0.522194036912556, 0.4778059630874442], [0.4980306277118918, 0.5019693722881081], [0.5383736640637945, 0.46162633593620556], [0.40014560661711873, 0.5998543933828814], [0.5604815874424157, 0.43951841255758395], [0.6445399369094378, 0.3554600630905622], [0.4735381935819438, 0.5264618064180562], [0.5904502968673362, 0.4095497031326638], [0.5165183255911139, 0.4834816744088862], [0.6458121974944854, 0.3541878025055146], [0.4957201949203578, 0.5042798050796423], [0.5807640625193179, 0.41923593748068266], [0.4847498675143344, 0.5152501324856654], [0.40056611480195586, 0.5994338851980441], [0.45037260713874233, 0.5496273928612575], [0.5223833379625106, 0.47761666203748937], [0.47829475174870834, 0.5217052482512918], [0.45225838711664285, 0.5477416128833569], [0.45504742991950925, 0.5449525700804908], [0.5078310420688265, 0.4921689579311735], [0.5109957159479621, 0.4890042840520379], [0.5930042615807589, 0.4069957384192414], [0.47798253167106663, 0.5220174683289334], [0.4369065155740555, 0.5630934844259446], [0.6226639590893274, 0.3773360409106729], [0.5040238743014962, 0.4959761256985038], [0.7399519052592883, 0.26004809474071144], [0.7224920772915602, 0.2775079227084396], [0.5999879374995136, 0.4000120625004866], [0.4092399864856578, 0.5907600135143424], [0.48957763656404185, 0.510422363435958], [0.5243236560448387, 0.47567634395516145], [0.5843431305885853, 0.41565686941141466], [0.5511047512817376, 0.44889524871826264], [0.4367289304394691, 0.5632710695605311], [0.6057726432307344, 0.3942273567692656], [0.4648599623687174, 0.5351400376312827], [0.5348333721955019, 0.46516662780449797], [0.6012841413948223, 0.39871585860517805], [0.6505254169755734, 0.34947458302442647]]},