{"test": {"ids": ["153", "375", "211", "501", "76", "449", "11", "669", "129", "527", "273", "645", "601", "235", "577", "192", "710", "439", "19", "699", "372", "286", "564", "396", "608", "397", "133", "512", "95", "530", "41", "600", "609", "513", "417", "494", "484", "515", "624", "610", "262", "653", "708", "163", "96", "305", "49", "387", "2", "488", "389", "430", "588", "402", "516", "148", "585", "200", "437", "358", "629", "539", "43", "570", "575", "58", "413", "123", "587", "703", "284", "124", "354", "280", "614", "642", "303", "278", "353", "336", "100", "611", "102", "477", "337", "514", "620", "606", "16", "347", "83", "599", "92", "549", "114", "65", "31", "627", "373", "656", "615", "297", "467", "593", "470", "681", "206", "225", "156", "562", "369", "209", "583", "462", "425", "345", "187", "276", "300", "569", "476", "292", "481", "321", "33", "75", "165", "89", "128", "348", "228", "9", "390", "188", "592", "671", "240", "170", "343", "87", "690", "500", "452"], "labels": [1, 1, 0, 0, 0, 0, 1, 1, 1, 0, 0, 1, 0, 0, 0, 0, 1, 1, 0, 1, 1, 0, 0, 1, 0, 1, 1, 0, 1, 0, 0, 0, 0, 0, 1, 1, 0, 0, 1, 0, 0, 1, 1, 1, 1, 0, 0, 1, 0, 0, 1, 1, 0, 1, 1, 1, 0, 0, 1, 1, 1, 0, 0, 0, 0, 0, 1, 1, 0, 1, 0, 1, 1, 0, 0, 1, 0, 0, 1, 1, 1, 0, 1, 0, 1, 1, 0, 0, 1, 1, 1, 0, 1, 0, 1, 0, 0, 1, 1, 1, 0, 0, 0, 0, 0, 1, 0, 0, 1, 0, 1, 0, 0, 0, 1, 1, 0, 0, 0, 0, 0, 0, 0, 0, 0, 0, 1, 1, 1, 1, 0, 1, 1, 0, 0, 1, 0, 1, 1, 0, 1, 0, 0], "predicted_labels": [1, 1, 0, 0, 0, 1, 0, 0, 1, 1, 1, 1, 0, 0, 1, 0, 0, 1, 1, 1, 1, 1, 0, 1, 1, 1, 1, 0, 1, 1, 0, 0, 1, 1, 0, 0, 1, 1, 1, 0, 0, 1, 1, 1, 0, 0, 0, 1, 1, 1, 1, 1, 0, 0, 1, 1, 0, 0, 1, 1, 1, 0, 1, 0, 0, 0, 1, 1, 1, 0, 0, 1, 1, 0, 0, 1, 0, 0, 0, 1, 0, 0, 0, 0, 1, 0, 0, 0, 1, 1, 1, 1, 0, 1, 1, 1, 1, 0, 1, 1, 0, 0, 1, 0, 1, 1, 0, 0, 0, 0, 1, 0, 0, 1, 1, 1, 1, 0, 1, 0, 0, 0, 0, 0, 0, 1, 1, 1, 1, 0, 0, 0, 1, 0, 1, 1, 0, 1, 1, 1, 1, 1, 0], "confidence_scores": [[0.4624612575997491, 0.5375387424002509], [0.39887657252502784, 0.6011234274749722], [0.6573344987025611, 0.3426655012974389], [0.5218000167474746, 0.4781999832525254], [0.5760656335608354, 0.4239343664391646], [0.44381016110357163, 0.5561898388964284], [0.7500835683209133, 0.2499164316790867], [0.7526786261291376, 0.24732137387086237], [0.28771811835582495, 0.712281881644175], [0.46463225254116747, 0.5353677474588325], [0.48184857623531485, 0.5181514237646851], [0.41460487672840907, 0.5853951232715909], [0.7608092659834675, 0.2391907340165325], [0.7759297360197261, 0.22407026398027388], [0.48184857623531485, 0.5181514237646851], [0.7110784699657063, 0.28892153003429366], [0.7388600535491433, 0.2611399464508567], [0.38287991801957333, 0.6171200819804267], [0.44381016110357163, 0.5561898388964284], [0.3911856807203059, 0.6088143192796941], [0.3127607046011457, 0.6872392953988543], [0.46463225254116747, 0.5353677474588325], [0.6980728803301282, 0.3019271196698719], [0.4499893777006745, 0.5500106222993255], [0.4979774794583025, 0.5020225205416975], [0.4340708550394399, 0.5659291449605601], [0.4789998864722578, 0.5210001135277422], [0.5029948888622456, 0.49700511113775436], [0.44213850677023947, 0.5578614932297605], [0.4789998864722578, 0.5210001135277422], [0.5114992251061299, 0.48850077489387006], [0.5274947037336393, 0.4725052962663607], [0.47145419549087, 0.52854580450913], [0.429297298296314, 0.570702701703686], [0.7388600535491433, 0.2611399464508567], [0.6970054497239615, 0.3029945502760385], [0.30022006789546674, 0.6997799321045333], [0.3145788154443059, 0.6854211845556941], [0.4608179347229824, 0.5391820652770176], [0.5378741741297075, 0.46212582587029255], [0.6042835522725922, 0.3957164477274077], [0.3333114399580688, 0.6666885600419312], [0.40788255716291555, 0.5921174428370845], [0.2982549834848559, 0.7017450165151441], [0.7388600535491433, 0.2611399464508567], [0.7886426054094093, 0.2113573945905907], [0.5375217029765974, 0.4624782970234026], [0.38263253353688076, 0.6173674664631192], [0.4202921281041545, 0.5797078718958455], [0.4979774794583025, 0.5020225205416975], [0.3895072420536909, 0.6104927579463091], [0.4868610777810892, 0.5131389222189108], [0.5127262099102512, 0.48727379008974886], [0.5619295647527625, 0.4380704352472375], [0.4734748514810191, 0.5265251485189809], [0.2757786649188404, 0.7242213350811596], [0.5329385946618186, 0.4670614053381814], [0.743576882995961, 0.2564231170040389], [0.429297298296314, 0.570702701703686], [0.3127607046011457, 0.6872392953988543], [0.39323526515466767, 0.6067647348453323], [0.6596593765360161, 0.3403406234639838], [0.32994678899976926, 0.6700532110002307], [0.5035150098707043, 0.4964849901292957], [0.648280390628763, 0.35171960937123703], [0.5127262099102512, 0.48727379008974886], [0.29311568516078, 0.70688431483922], [0.38933457592314524, 0.6106654240768548], [0.38287991801957333, 0.6171200819804267], [0.6291724721397238, 0.37082752786027623], [0.7407621645011131, 0.25923783549888685], [0.37540075091655867, 0.6245992490834413], [0.3229902153197508, 0.6770097846802492], [0.6932779050811333, 0.30672209491886676], [0.6862074019009488, 0.3137925980990512], [0.4646357944866657, 0.5353642055133343], [0.5127262099102512, 0.48727379008974886], [0.7500835683209133, 0.2499164316790867], [0.612161607563431, 0.38783839243656903], [0.3127607046011457, 0.6872392953988543], [0.5127262099102512, 0.48727379008974886], [0.5619295647527625, 0.4380704352472375], [0.6970009938023012, 0.3029990061976988], [0.6153038447903691, 0.3846961552096309], [0.28158112117055845, 0.7184188788294416], [0.6245905558798386, 0.37540944412016136], [0.7721007057749961, 0.2278992942250039], [0.5453622969994871, 0.4546377030005128], [0.34309838974634355, 0.6569016102536565], [0.39105111301693973, 0.6089488869830603], [0.4789863741749665, 0.5210136258250335], [0.4789998864722578, 0.5210001135277422], [0.7401122097006398, 0.2598877902993601], [0.30022006789546674, 0.6997799321045333], [0.4567380579879772, 0.5432619420120228], [0.2201663691025133, 0.7798336308974867], [0.35847078521517917, 0.6415292147848208], [0.6256536524740344, 0.3743463475259657], [0.3278309105542295, 0.6721690894457705], [0.3127607046011457, 0.6872392953988543], [0.5151937253116652, 0.4848062746883348], [0.5619295647527625, 0.4380704352472375], [0.45516670080783184, 0.5448332991921682], [0.5127262099102512, 0.48727379008974886], [0.48820360594190215, 0.5117963940580978], [0.3127607046011457, 0.6872392953988543], [0.7763121583365081, 0.2236878416634919], [0.742713839550107, 0.2572861604498931], [0.5207033003282064, 0.47929669967179356], [0.7312448995146977, 0.26875510048530227], [0.3705506576415347, 0.6294493423584653], [0.7078135840798705, 0.2921864159201295], [0.7121659567754359, 0.28783404322456413], [0.4965921394681375, 0.5034078605318625], [0.4605170014296526, 0.5394829985703474], [0.42584504403781953, 0.5741549559621805], [0.482050935422234, 0.517949064577766], [0.5127262099102512, 0.48727379008974886], [0.44381016110357163, 0.5561898388964284], [0.5113836273622719, 0.48861637263772806], [0.6981435785128903, 0.30185642148710967], [0.5470213941161131, 0.452978605883887], [0.5371604181088722, 0.46283958189112784], [0.7790748962394096, 0.22092510376059032], [0.5127262099102512, 0.48727379008974886], [0.47318358821837214, 0.5268164117816279], [0.45255688266592486, 0.5474431173340751], [0.34309838974634355, 0.6569016102536565], [0.44778829420132693, 0.5522117057986731], [0.5402756021346322, 0.45972439786536784], [0.7668727875281267, 0.23312721247187324], [0.5127262099102512, 0.48727379008974886], [0.45516670080783184, 0.5448332991921682], [0.7280634748751522, 0.27193652512484784], [0.48292352464964383, 0.5170764753503562], [0.41460487672840907, 0.5853951232715909], [0.7850980192822881, 0.21490198071771194], [0.32426052657003646, 0.6757394734299635], [0.32989283921784907, 0.6701071607821509], [0.48184857623531485, 0.5181514237646851], [0.4930924896391854, 0.5069075103608146], [0.429297298296314, 0.570702701703686], [0.7886426054094093, 0.2113573945905907]]},