{"test": {"ids": ["473", "519", "17", "200", "702", "165", "346", "163", "180", "181", "128", "193", "2", "557", "317", "646", "272", "623", "446", "466", "42", "155", "420", "538", "687", "161", "488", "632", "395", "86", "659", "35", "4", "65", "683", "25", "131", "549", "412", "126", "458", "33", "642", "595", "442", "146", "152", "301", "518", "34", "669", "145", "91", "653", "401", "502", "56", "38", "226", "405", "332", "104", "206", "307", "385", "546", "282", "328", "463", "188", "469", "459", "490", "461", "701", "613", "157", "666", "194", "20", "406", "411", "186", "241", "116", "427", "45", "604", "668", "423", "556", "138", "21", "175", "656", "59", "348", "621", "280", "242", "452", "190", "426", "470", "674", "51", "89", "221", "453", "166", "260", "178", "620", "688"], "labels": [0, 1, 1, 0, 1, 1, 1, 1, 0, 0, 1, 0, 0, 0, 0, 1, 0, 1, 0, 0, 0, 1, 1, 0, 0, 1, 0, 0, 1, 0, 1, 0, 0, 0, 1, 0, 1, 0, 1, 1, 0, 0, 1, 0, 1, 1, 1, 0, 1, 0, 1, 1, 1, 1, 1, 0, 0, 1, 0, 1, 1, 1, 0, 0, 1, 0, 0, 1, 0, 0, 0, 0, 0, 0, 1, 0, 1, 1, 0, 0, 1, 1, 0, 0, 1, 1, 0, 0, 1, 1, 0, 1, 0, 0, 1, 0, 1, 1, 0, 0, 0, 0, 1, 0, 1, 0, 1, 0, 0, 1, 0, 0, 0, 0], "predicted_labels": [0, 1, 1, 0, 0, 1, 0, 1, 0, 0, 1, 0, 0, 0, 1, 1, 0, 0, 0, 1, 1, 1, 0, 1, 0, 1, 0, 0, 0, 0, 0, 0, 0, 1, 0, 1, 0, 0, 0, 1, 1, 1, 0, 0, 0, 1, 1, 1, 1, 1, 0, 1, 0, 1, 0, 0, 0, 1, 0, 0, 0, 0, 0, 0, 0, 0, 0, 1, 0, 0, 0, 0, 1, 0, 0, 0, 0, 0, 0, 0, 0, 0, 0, 0, 0, 1, 1, 1, 1, 1, 0, 1, 0, 1, 0, 1, 1, 0, 1, 0, 0, 1, 1, 0, 0, 1, 1, 0, 0, 1, 0, 0, 0, 0], "confidence_scores": [[0.5950555207069966, 0.40494447929300337], [0.426917045906821, 0.573082954093179], [0.49785220080061093, 0.502147799199389], [0.5397309539589944, 0.4602690460410056], [0.533404515753815, 0.466595484246185], [0.36077117699871947, 0.6392288230012805], [0.555098258386441, 0.44490174161355917], [0.3986861734608535, 0.6013138265391464], [0.5212564083698712, 0.47874359163012875], [0.6537461559283816, 0.34625384407161824], [0.4298898976227492, 0.5701101023772508], [0.6717988010458167, 0.32820119895418315], [0.6088948663633983, 0.3911051336366016], [0.5391907390879731, 0.460809260912027], [0.48233714098878605, 0.517662859011214], [0.4408593710416525, 0.5591406289583475], [0.6364235769475068, 0.36357642305249316], [0.6592749488402967, 0.3407250511597033], [0.5530643966817766, 0.4469356033182234], [0.46961668542335927, 0.5303833145766407], [0.3897074262294635, 0.6102925737705364], [0.452774463342988, 0.547225536657012], [0.5479769140266749, 0.452023085973325], [0.45174782944235836, 0.5482521705576416], [0.5854387907667659, 0.4145612092332343], [0.43839262195735673, 0.5616073780426433], [0.5610707394641048, 0.43892926053589515], [0.5133110003770399, 0.4866889996229602], [0.5314073407981322, 0.46859265920186777], [0.5335105350671362, 0.46648946493286386], [0.551632577041481, 0.448367422958519], [0.5863802347422193, 0.4136197652577808], [0.6452276510716515, 0.35477234892834864], [0.4707297609295238, 0.5292702390704761], [0.5409720066130865, 0.4590279933869135], [0.40369003325177033, 0.5963099667482298], [0.6070200177948769, 0.392979982205123], [0.6013171758199999, 0.39868282418000023], [0.5259035588851956, 0.47409644111480437], [0.3433136835731899, 0.65668631642681], [0.487717712895786, 0.512282287104214], [0.4977327633043667, 0.5022672366956331], [0.5052383009439328, 0.49476169905606715], [0.5122824176223254, 0.4877175823776745], [0.5932871837052062, 0.4067128162947939], [0.47677609261277004, 0.5232239073872299], [0.41239953335295565, 0.5876004666470442], [0.41599986948859263, 0.5840001305114072], [0.4696209068549726, 0.5303790931450273], [0.4716495837866795, 0.5283504162133206], [0.5529104756277148, 0.4470895243722853], [0.45233639567586664, 0.5476636043241333], [0.5541816988754603, 0.44581830112453974], [0.48231152539850314, 0.5176884746014969], [0.5207388889933179, 0.47926111100668206], [0.512016396675768, 0.48798360332423196], [0.6971727563955424, 0.30282724360445723], [0.4632593442934803, 0.5367406557065197], [0.6134509490147123, 0.3865490509852878], [0.5350874409013877, 0.4649125590986124], [0.5351001769350207, 0.46489982306497935], [0.6506195924106792, 0.3493804075893206], [0.7132480348428625, 0.28675196515713763], [0.5567854523386212, 0.44321454766137874], [0.6043920772223825, 0.39560792277761747], [0.5127085633913221, 0.4872914366086779], [0.5652785414097026, 0.4347214585902973], [0.4674436532924959, 0.5325563467075042], [0.5314359864909671, 0.46856401350903293], [0.5286475955123671, 0.4713524044876328], [0.5094195512244808, 0.4905804487755192], [0.5454105969143963, 0.4545894030856038], [0.4279788547878504, 0.5720211452121496], [0.5618650397322272, 0.4381349602677728], [0.517698301472567, 0.48230169852743304], [0.66774120246862, 0.3322587975313801], [0.6478362664417919, 0.3521637335582082], [0.5809100688076807, 0.41908993119231935], [0.5804906836643885, 0.4195093163356116], [0.623297878608746, 0.3767021213912541], [0.5883279305366276, 0.41167206946337237], [0.5888699510696204, 0.4111300489303797], [0.6224954983493309, 0.377504501650669], [0.5480036245318636, 0.4519963754681364], [0.6064596594041228, 0.3935403405958773], [0.45342872276762564, 0.5465712772323743], [0.40041707150719835, 0.5995829284928017], [0.4940775471145795, 0.5059224528854205], [0.3774278478105715, 0.6225721521894285], [0.4996185552722677, 0.5003814447277324], [0.5606972469994376, 0.4393027530005623], [0.4653459338613882, 0.5346540661386119], [0.5224312605310548, 0.4775687394689452], [0.4642672821666036, 0.5357327178333963], [0.706324797100645, 0.2936752028993545], [0.4475831954026529, 0.5524168045973471], [0.49502503199465997, 0.50497496800534], [0.5181844233875827, 0.4818155766124174], [0.4457365476332591, 0.5542634523667411], [0.6291748186365346, 0.3708251813634654], [0.6592693455396713, 0.340730654460329], [0.44195902878906784, 0.5580409712109321], [0.46344572306913207, 0.5365542769308679], [0.556278288928387, 0.44372171107161296], [0.5752908899500723, 0.42470911004992773], [0.49715446213074066, 0.5028455378692593], [0.46204352956565786, 0.5379564704343422], [0.5306788010595082, 0.4693211989404917], [0.5523110343165759, 0.44768896568342414], [0.3575962468472951, 0.6424037531527048], [0.5476492800894011, 0.4523507199105989], [0.5265290729213581, 0.47347092707864197], [0.5543163449319187, 0.4456836550680813], [0.5144969637906172, 0.4855030362093828]]}, "rewritten": {"ids": ["2", "4", "17", "20", "21", "25", "33", "34", "35", "38", "42", "45", "51", "56", "59", "65", "86", "89", "91", "104", "116", "126", "128", "131", "138", "145", "146", "152", "155", "157", "161", "163", "165", "166", "175", "178", "180", "181", "186", "188", "190", "193", "194", "200", "206", "221", "226", "241", "242", "260", "272", "280", "282", "301", "307", "317", "328", "332", "346", "348", "385", "395", "401", "405", "406", "411", "412", "420", "423", "426", "427", "442", "446", "452", "453", "458", "459", "461", "463", "466", "469", "470", "473", "488", "490", "502", "518", "519", "538", "546", "549", "556", "557", "595", "604", "613", "620", "621", "623", "632", "642", "646", "653", "656", "659", "666", "668", "669", "674", "683", "687", "688", "701", "702"], "labels": [0, 0, 1, 0, 0, 0, 0, 0, 0, 1, 0, 0, 0, 0, 0, 0, 0, 1, 1, 1, 1, 1, 1, 1, 1, 1, 1, 1, 1, 1, 1, 1, 1, 1, 0, 0, 0, 0, 0, 0, 0, 0, 0, 0, 0, 0, 0, 0, 0, 0, 0, 0, 0, 0, 0, 0, 1, 1, 1, 1, 1, 1, 1, 1, 1, 1, 1, 1, 1, 1, 1, 1, 0, 0, 0, 0, 0, 0, 0, 0, 0, 0, 0, 0, 0, 0, 1, 1, 0, 0, 0, 0, 0, 0, 0, 0, 0, 1, 1, 0, 1, 1, 1, 1, 1, 1, 1, 1, 1, 1, 0, 0, 1, 1], "predicted_labels": [0, 0, 1, 0, 1, 1, 1, 1, 0, 1, 1, 1, 0, 0, 1, 1, 0, 1, 0, 0, 0, 1, 1, 0, 0, 1, 0, 1, 1, 0, 1, 1, 1, 1, 0, 0, 0, 0, 0, 0, 1, 0, 0, 0, 0, 0, 0, 1, 0, 0, 0, 1, 0, 1, 0, 1, 1, 1, 0, 0, 0, 0, 0, 0, 0, 0, 1, 0, 0, 0, 1, 0, 0, 0, 0, 0, 0, 0, 0, 1, 0, 1, 0, 0, 1, 0, 1, 1, 1, 0, 0, 0, 0, 1, 1, 0, 0, 1, 0, 0, 1, 1, 1, 0, 1, 0, 1, 0, 1, 0, 0, 0, 0, 1],