{"test": {"ids": ["587", "525", "336", "521", "371", "144", "168", "24", "120", "98", "384", "249", "195", "429", "665", "281", "77", "155", "427", "493", "617", "171", "640", "704", "359", "6", "526", "657", "512", "219", "129", "76", "114", "600", "486", "468", "541", "602", "631", "232", "173", "560", "162", "335", "393", "206", "25", "189", "285", "257", "567", "248", "309", "710", "126", "283", "294", "64", "471", "470", "332", "187", "352", "488", "93", "231", "339", "459", "182", "367", "565", "378", "696", "443", "709", "641", "623", "456", "53", "402", "65", "368", "418", "669", "268", "353", "55", "306", "39", "271", "124", "19", "22", "73", "527", "613", "302", "259", "552", "40", "42", "534", "629", "21", "293", "531", "224", "235", "449", "61", "92", "118", "282", "414", "398", "35", "453", "66", "457", "606", "266", "174", "270", "611", "395", "476", "472", "291", "391", "621", "462", "582", "499", "520", "671", "434", "701", "423", "416", "180", "100", "250", "23"], "labels": [0, 1, 1, 1, 1, 1, 1, 0, 1, 0, 1, 1, 0, 1, 0, 0, 1, 1, 1, 1, 0, 1, 0, 1, 1, 0, 1, 0, 0, 0, 1, 1, 1, 0, 0, 0, 1, 0, 0, 0, 1, 0, 1, 1, 1, 0, 0, 0, 0, 1, 0, 1, 0, 0, 1, 0, 0, 1, 0, 0, 1, 0, 1, 0, 0, 0, 1, 0, 0, 1, 0, 1, 1, 1, 1, 0, 1, 0, 0, 1, 1, 1, 1, 0, 0, 1, 0, 0, 0, 0, 1, 0, 0, 1, 1, 0, 0, 1, 0, 0, 0, 1, 1, 0, 0, 1, 0, 0, 0, 1, 0, 1, 0, 1, 1, 0, 0, 1, 0, 0, 0, 0, 0, 0, 1, 0, 0, 0, 1, 1, 0, 0, 0, 1, 0, 1, 1, 1, 1, 0, 0, 1, 0], "predicted_labels": [0, 0, 1, 1, 1, 1, 1, 1, 1, 1, 1, 1, 0, 1, 0, 0, 0, 1, 1, 0, 0, 1, 0, 0, 1, 0, 1, 0, 0, 0, 1, 0, 0, 0, 1, 0, 0, 0, 1, 0, 0, 0, 1, 1, 1, 0, 1, 0, 0, 1, 1, 1, 0, 0, 1, 0, 0, 1, 0, 0, 1, 0, 1, 0, 0, 0, 0, 0, 0, 1, 0, 0, 0, 1, 1, 0, 1, 0, 1, 0, 1, 1, 1, 0, 0, 1, 1, 0, 0, 0, 0, 0, 0, 1, 1, 0, 0, 0, 0, 0, 1, 0, 1, 0, 0, 0, 0, 0, 0, 1, 0, 0, 0, 1, 0, 0, 0, 1, 0, 0, 0, 0, 0, 0, 1, 0, 0, 1, 1, 0, 0, 0, 0, 1, 0, 1, 0, 0, 1, 0, 0, 0, 0], "confidence_scores": [[0.5856866808114485, 0.41431331918855147], [0.5404165833741995, 0.4595834166258007], [0.3518490546490543, 0.6481509453509448], [0.4820874147255359, 0.5179125852744644], [0.26118522187247767, 0.7388147781275225], [0.4282076088943738, 0.5717923911056261], [0.3462842190489251, 0.6537157809510751], [0.470893854047569, 0.5291061459524311], [0.45033113227128235, 0.5496688677287178], [0.4084673274661357, 0.5915326725338645], [0.3853299820886558, 0.6146700179113439], [0.4063459928959928, 0.5936540071040068], [0.6966211382185065, 0.30337886178149337], [0.4628345163240014, 0.5371654836759986], [0.7830703076608114, 0.21692969233918885], [0.7288798955842917, 0.2711201044157081], [0.527118108891334, 0.47288189110866596], [0.28995547300921537, 0.7100445269907848], [0.38546703984010516, 0.6145329601598951], [0.5196482284552617, 0.4803517715447382], [0.6595685741932651, 0.34043142580673535], [0.3276072652463825, 0.6723927347536175], [0.8168012169117437, 0.18319878308825682], [0.6237030245726068, 0.3762969754273934], [0.3449244827068356, 0.6550755172931645], [0.6384387417169262, 0.3615612582830737], [0.32589051108128286, 0.674109488918716], [0.8854116550116552, 0.11458834498834505], [0.6599272547352892, 0.34007274526471126], [0.7896614771701729, 0.21033852282982732], [0.24938215424066815, 0.7506178457593318], [0.5290397901604087, 0.4709602098395912], [0.6060382354155173, 0.39396176458448295], [0.6100020489786012, 0.3899979510213987], [0.29359251069707715, 0.7064074893029229], [0.7562522886091049, 0.24374771139089493], [0.623356048772175, 0.37664395122782524], [0.6956880707024762, 0.3043119292975239], [0.44664878352641535, 0.553351216473585], [0.7142981197766807, 0.2857018802233198], [0.6484673239625866, 0.35153267603741273], [0.7949417613081192, 0.20505823869188047], [0.4586024246513721, 0.541397575348628], [0.3383581830163874, 0.6616418169836125], [0.46175248344351055, 0.5382475165564896], [0.8269062577944926, 0.17309374220550694], [0.44503305994422354, 0.5549669400557766], [0.678895351870352, 0.3211046481296482], [0.8065335742912056, 0.19346642570879413], [0.4889769842941042, 0.5110230157058958], [0.40642747895379494, 0.5935725210462051], [0.404670979175623, 0.5953290208243769], [0.7148046317717373, 0.28519536822826286], [0.5425730943249476, 0.4574269056750523], [0.411021999079352, 0.5889780009206482], [0.7101702708592272, 0.28982972914077276], [0.6939507254510195, 0.3060492745489805], [0.393553584473662, 0.6064464155263384], [0.679749053852924, 0.3202509461470761], [0.6218121853778503, 0.3781878146221495], [0.2837723856552805, 0.7162276143447198], [0.6878280716016015, 0.3121719283983992], [0.26187812015126244, 0.7381218798487373], [0.5562919345731564, 0.4437080654268429], [0.5267065898154136, 0.4732934101845864], [0.6592944269357419, 0.34070557306425775], [0.5262327694707015, 0.4737672305292984], [0.7287916573484989, 0.27120834265150046], [0.6947651590472321, 0.305234840952768], [0.201924313431293, 0.7980756865687071], [0.663027484038205, 0.3369725159617949], [0.6769379906385322, 0.3230620093614674], [0.5864129997779997, 0.4135870002220004], [0.4981482290313177, 0.5018517709686824], [0.31489581421330654, 0.6851041857866936], [0.7676900167839822, 0.23230998321601773], [0.4531480055032685, 0.5468519944967316], [0.5393322624795975, 0.46066773752040274], [0.29497011681129326, 0.7050298831887071], [0.5763489628870705, 0.4236510371129293], [0.23796520394809878, 0.7620347960519015], [0.335372596847597, 0.6646274031524033], [0.2209546858370388, 0.779045314162961], [0.8551341588150413, 0.1448658411849588], [0.8407320979673922, 0.15926790203260804], [0.3290639301874599, 0.6709360698125404], [0.3419779968823447, 0.6580220031176552], [0.7334633698636517, 0.26653663013634904], [0.515504229511907, 0.484495770488093], [0.9046795126098535, 0.09532048739014687], [0.7581157755625269, 0.2418842244374726], [0.6039465364557471, 0.3960534635442531], [0.6227350619822216, 0.3772649380177785], [0.45985565789746363, 0.5401443421025364], [0.4990006114600018, 0.5009993885399981], [0.6676120676546052, 0.332387932345395], [0.7779502654122623, 0.22204973458773766], [0.5593784729937111, 0.44062152700628876], [0.6792268896222455, 0.3207731103777545], [0.5799893175960003, 0.4200106824039994], [0.36566277088924126, 0.6343372291107585], [0.7404850037591718, 0.2595149962408282], [0.30214677773207177, 0.6978532222679279], [0.5864541091347593, 0.4135458908652407], [0.8104574085412801, 0.18954259145872052], [0.7339731129973657, 0.2660268870026342], [0.7502338857221214, 0.24976611427787915], [0.6556655329603316, 0.3443344670396682], [0.6026859440408681, 0.39731405595913233], [0.3379669244986779, 0.6620330755013225], [0.7009443486252313, 0.2990556513747691], [0.5350519747246217, 0.4649480252753783], [0.6421682165684334, 0.35783178343156674], [0.431210906930217, 0.5687890930697833], [0.6412712946406582, 0.3587287053593422], [0.7632039165409752, 0.23679608345902475], [0.757772871864977, 0.24222712813502306], [0.4872349172250478, 0.5127650827749521], [0.5543797821975359, 0.4456202178024636], [0.6718145062127415, 0.3281854937872584], [0.9281781052281057, 0.07182189477189477], [0.7719043589451483, 0.22809564105485167], [0.7959814324134756, 0.20401856758652423], [0.7233912215004152, 0.27660877849958476], [0.4440035952609483, 0.5559964047390518], [0.6427523938479821, 0.3572476061520178], [0.5033521799562668, 0.49664782004373326], [0.33765963808853805, 0.6623403619114617], [0.4468855722339605, 0.5531144277660391], [0.7250179166606112, 0.2749820833393889], [0.6465034686753995, 0.35349653132460046], [0.769147110783953, 0.23085288921604719], [0.7872117866229631, 0.21278821337703718], [0.32373352724677784, 0.6762664727532223], [0.8706238650238656, 0.129376134976135], [0.39035690294323033, 0.60964309705677], [0.5570482754134385, 0.44295172458656135], [0.5540130763543301, 0.4459869236456697], [0.38857204922491084, 0.611427950775089], [0.7184175023669144, 0.28158249763308607], [0.561502653667282, 0.4384973463327179], [0.7518575981208335, 0.24814240187916664], [0.5684131935058407, 0.43158680649415954]]}}