{"test": {"ids": ["540", "266", "187", "107", "283", "41", "519", "148", "710", "365", "74", "642", "618", "217", "547", "235", "75", "254", "698", "487", "331", "569", "368", "661", "282", "334", "175", "581", "436", "177", "493", "488", "496", "69", "291", "497", "218", "184", "233", "280", "252", "106", "54", "342", "349", "77", "132", "686", "65", "314", "101", "419", "257", "374", "417", "225", "214", "52", "134", "413", "580", "212", "688", "198", "675", "528", "694", "8", "90", "130", "118", "492", "339", "251", "167", "453", "450", "635", "348", "430", "587", "648", "263", "529", "512", "420", "287", "504", "559", "416", "50", "337", "304", "660", "422", "534", "373", "169", "185", "645", "86", "386", "584", "691", "275", "471", "57", "329", "49", "73", "505", "242", "376", "641", "708", "37", "371", "182", "320", "443", "570", "388", "6", "149", "556", "81", "395", "643", "28", "535", "140", "56", "85", "600", "237", "380", "229", "145", "532", "387", "29", "630", "563"], "labels": [1, 0, 0, 1, 0, 0, 1, 1, 0, 1, 1, 0, 0, 0, 0, 0, 1, 1, 1, 0, 1, 0, 1, 0, 0, 1, 0, 0, 1, 0, 1, 0, 1, 1, 0, 0, 0, 0, 0, 0, 1, 1, 0, 1, 1, 1, 1, 1, 1, 0, 0, 1, 1, 1, 1, 0, 0, 0, 1, 1, 0, 0, 0, 0, 0, 1, 1, 0, 0, 1, 1, 0, 1, 1, 1, 0, 0, 0, 1, 1, 0, 0, 1, 1, 0, 1, 0, 0, 0, 1, 0, 1, 0, 0, 1, 1, 1, 1, 0, 0, 0, 1, 0, 1, 0, 0, 0, 1, 0, 1, 0, 0, 1, 0, 1, 0, 1, 0, 0, 1, 0, 1, 0, 1, 0, 1, 1, 0, 0, 1, 1, 0, 1, 0, 0, 1, 0, 1, 1, 1, 0, 1, 0], "predicted_labels": [1, 0, 0, 1, 0, 1, 0, 1, 0, 1, 1, 0, 0, 0, 0, 0, 1, 0, 0, 0, 1, 0, 1, 0, 1, 1, 0, 0, 0, 0, 0, 0, 0, 0, 0, 0, 0, 0, 0, 0, 0, 1, 1, 1, 1, 0, 1, 1, 1, 0, 1, 1, 1, 1, 1, 1, 0, 1, 0, 1, 0, 0, 0, 0, 0, 0, 1, 0, 0, 1, 1, 1, 0, 1, 0, 0, 0, 0, 1, 1, 0, 0, 0, 0, 1, 1, 0, 0, 0, 1, 1, 0, 0, 0, 0, 0, 1, 1, 1, 0, 0, 0, 0, 0, 0, 0, 1, 0, 1, 1, 0, 0, 1, 0, 0, 0, 1, 0, 0, 0, 0, 0, 0, 0, 0, 1, 1, 0, 0, 0, 0, 1, 1, 0, 0, 1, 1, 0, 1, 0, 1, 1, 0], "confidence_scores": [[0.08651025140366464, 0.9134897485963354], [0.9539946512478962, 0.04600534875210385], [0.9654979945500161, 0.03450200544998396], [0.11555241091317237, 0.8844475890868276], [0.948269950895564, 0.051730049104436], [0.11300474211553702, 0.886995257884463], [0.5530531485474564, 0.4469468514525437], [0.03803526891197195, 0.961964731088028], [0.9575044997445967, 0.04249550025540323], [0.07843192609746852, 0.9215680739025315], [0.02875366488372899, 0.971246335116271], [0.8625666962630288, 0.13743330373697119], [0.7338359308336874, 0.26616406916631263], [0.9914135466108823, 0.008586453389117676], [0.9981724684423482, 0.001827531557651844], [0.782438121342499, 0.217561878657501], [0.4168869348365476, 0.5831130651634524], [0.9592305298340691, 0.040769470165930924], [0.7302398308818671, 0.26976016911813294], [0.8083425300230379, 0.19165746997696212], [0.2349088570651655, 0.7650911429348345], [0.670678032994805, 0.329321967005195], [0.22356482231969965, 0.7764351776803003], [0.9075730594138265, 0.09242694058617357], [0.4219254891118178, 0.5780745108881822], [0.03697519779646974, 0.9630248022035303], [0.9808077072335678, 0.019192292766432143], [0.8062625711362911, 0.1937374288637089], [0.5542206579462174, 0.4457793420537825], [0.7712676795818696, 0.22873232041813046], [0.5998809343015882, 0.4001190656984118], [0.7272735095949241, 0.2727264904050759], [0.6606252801208623, 0.33937471987913764], [0.5530029482951773, 0.44699705170482273], [0.8519308130543709, 0.14806918694562912], [0.9742940285156964, 0.02570597148430362], [0.5111433301712698, 0.48885666982873016], [0.9592754383307064, 0.04072456166929361], [0.978385468910602, 0.021614531089398054], [0.7920352470545241, 0.20796475294547592], [0.6562727881871471, 0.34372721181285293], [0.18691331295302915, 0.8130866870469708], [0.06753083238411395, 0.932469167615886], [0.02526007069886871, 0.9747399293011313], [0.10228351583448947, 0.8977164841655105], [0.5395476573890684, 0.4604523426109316], [0.09820535308324896, 0.901794646916751], [0.11398537327313074, 0.8860146267268693], [0.014201447244173715, 0.9857985527558263], [0.8966232876943367, 0.10337671230566331], [0.020122552446523723, 0.9798774475534763], [0.021598069425090016, 0.97840193057491], [0.06929068765024071, 0.9307093123497593], [0.034071870160682804, 0.9659281298393172], [0.2989584317885309, 0.7010415682114691], [0.4206156074084808, 0.5793843925915192], [0.920886866126865, 0.07911313387313501], [0.013371624451583686, 0.9866283755484163], [0.9257568819438031, 0.07424311805619692], [0.22812572013006338, 0.7718742798699366], [0.9642699311376998, 0.03573006886230024], [0.5007116580058775, 0.49928834199412253], [0.9648552894688083, 0.03514471053119178], [0.6689454239254622, 0.33105457607453787], [0.6018317238807473, 0.3981682761192527], [0.7190338076382361, 0.28096619236176396], [0.2691247953751653, 0.7308752046248347], [0.7439450359895383, 0.2560549640104616], [0.9459575903098301, 0.05404240969016994], [0.07755497398778344, 0.9224450260122166], [0.29951150207757515, 0.7004884979224248], [0.44290205542282923, 0.5570979445771708], [0.6684358502975994, 0.33156414970240056], [0.11007682671770991, 0.8899231732822901], [0.8890170621387263, 0.11098293786127363], [0.99144050960461, 0.008559490395389998], [0.9759347106538031, 0.024065289346196853], [0.7099572293311384, 0.29004277066886164], [0.018609893399610167, 0.9813901066003898], [0.05032391362941224, 0.9496760863705878], [0.7187727572875586, 0.2812272427124413], [0.6358372682140601, 0.36416273178593994], [0.7317517293784888, 0.2682482706215112], [0.7648145145198875, 0.23518548548011253], [0.45700792576271676, 0.5429920742372832], [0.10532463325218522, 0.8946753667478148], [0.9523802878277623, 0.04761971217223773], [0.9324444107625721, 0.06755558923742792], [0.9120470150241878, 0.0879529849758122], [0.2579097307375895, 0.7420902692624105], [0.018747326944076215, 0.9812526730559238], [0.5697394064369363, 0.4302605935630637], [0.9715043845543775, 0.028495615445622555], [0.9974276541158632, 0.002572345884136848], [0.8809404468735568, 0.11905955312644323], [0.9528029644747309, 0.04719703552526905], [0.05071544153045693, 0.9492845584695431], [0.15778787432818986, 0.8422121256718101], [0.33558230333145167, 0.6644176966685483], [0.8985740155325204, 0.10142598446747964], [0.9387007643499462, 0.06129923565005382], [0.7650160093180054, 0.2349839906819946], [0.9748465972271918, 0.02515340277280816], [0.9049184969501666, 0.09508150304983341], [0.9494371000281875, 0.05056289997181254], [0.6074415468034323, 0.3925584531965677], [0.105634146204865, 0.894365853795135], [0.6725430742703493, 0.3274569257296507], [0.14437666966578178, 0.8556233303342182], [0.012940757353289256, 0.9870592426467107], [0.9719273102151698, 0.02807268978483028], [0.8647686013770706, 0.1352313986229295], [0.15163990748439948, 0.8483600925156005], [0.8286579824877798, 0.17134201751222017], [0.8719822170332783, 0.1280177829667217], [0.7302546569663264, 0.26974534303367365], [0.0934473738740953, 0.9065526261259047], [0.9590196558151213, 0.04098034418487869], [0.8993470819142684, 0.10065291808573164], [0.5307095511448148, 0.4692904488551852], [0.939951869287331, 0.060048130712669], [0.5502824871088032, 0.44971751289119677], [0.5652982720037569, 0.43470172799624307], [0.6798187882273173, 0.32018121177268266], [0.9026356569680946, 0.09736434303190544], [0.0869622157595803, 0.9130377842404197], [0.4571906341746611, 0.5428093658253389], [0.9494052029707427, 0.050594797029257274], [0.8528935503892976, 0.14710644961070246], [0.903405951182964, 0.09659404881703602], [0.8300281350422268, 0.16997186495777317], [0.21276652783121675, 0.7872334721687833], [0.056913146556588856, 0.9430868534434111], [0.7479805423917774, 0.2520194576082226], [0.987766934470466, 0.012233065529533965], [0.015059872565121535, 0.9849401274348785], [0.30148430888777955, 0.6985156911122204], [0.7877916717440627, 0.21220832825593733], [0.39420827920510537, 0.6057917207948946], [0.5224575794887409, 0.47754242051125906], [0.19208988156723195, 0.807910118432768], [0.2481356548655903, 0.7518643451344097], [0.9952919841346815, 