{"test": {"ids": ["392", "40", "69", "90", "549", "258", "67", "220", "434", "130", "659", "515", "280", "652", "191", "311", "285", "27", "348", "87", "445", "486", "429", "295", "372", "117", "582", "59", "237", "658", "503", "70", "202", "682", "430", "556", "201", "575", "527", "98", "687", "602", "138", "179", "662", "565", "222", "517", "265", "275", "188", "159", "389", "638", "270", "344", "140", "147", "533", "617", "238", "19", "705", "345", "499", "164", "534", "393", "124", "373", "318", "342", "377", "84", "20", "548", "52", "612", "604", "326", "685", "615", "650", "287", "302", "555", "151", "6", "653", "229", "446", "16", "627", "304", "362", "482", "53", "273", "47", "516", "502", "592", "536", "165", "695", "186", "133", "404", "313", "593", "143", "329", "558", "451", "317", "162", "576", "570", "384", "341", "388", "467", "99", "364", "589", "607", "480", "132", "357", "692", "121", "597", "160", "569", "218", "34", "684", "10", "44", "11", "145", "107", "33"], "labels": [1, 1, 0, 1, 1, 0, 0, 0, 1, 1, 1, 0, 0, 1, 0, 0, 0, 0, 0, 0, 0, 0, 1, 0, 0, 1, 0, 0, 0, 1, 0, 0, 0, 1, 1, 0, 0, 0, 1, 1, 1, 0, 1, 0, 1, 0, 0, 1, 0, 0, 0, 1, 1, 1, 0, 0, 1, 1, 1, 0, 0, 0, 1, 0, 0, 1, 1, 1, 1, 0, 0, 0, 0, 0, 0, 1, 1, 0, 0, 0, 0, 0, 1, 0, 0, 1, 1, 1, 1, 0, 0, 0, 1, 0, 0, 0, 1, 0, 1, 1, 0, 0, 1, 1, 1, 0, 1, 1, 0, 0, 1, 0, 0, 0, 0, 1, 0, 0, 1, 0, 1, 0, 1, 0, 0, 0, 0, 1, 0, 1, 1, 0, 1, 0, 0, 0, 1, 1, 1, 1, 1, 1, 0], "predicted_labels": [0, 0, 1, 1, 0, 0, 1, 0, 0, 1, 1, 1, 0, 1, 0, 0, 0, 0, 0, 0, 0, 0, 1, 1, 0, 1, 0, 1, 0, 1, 1, 1, 0, 1, 1, 0, 0, 0, 0, 0, 0, 1, 1, 1, 1, 0, 0, 1, 1, 0, 0, 1, 1, 0, 1, 0, 1, 0, 0, 1, 0, 0, 0, 0, 0, 1, 1, 1, 1, 0, 0, 0, 1, 0, 0, 0, 1, 0, 0, 0, 1, 0, 1, 0, 0, 0, 1, 1, 1, 1, 0, 1, 1, 1, 1, 0, 1, 1, 1, 1, 0, 0, 0, 1, 0, 1, 1, 1, 0, 0, 0, 1, 1, 0, 0, 1, 0, 0, 1, 0, 0, 1, 0, 1, 1, 1, 0, 1, 0, 1, 1, 1, 1, 0, 0, 0, 1, 1, 1, 0, 1, 0, 0], "confidence_scores": [[0.5449052292509623, 0.4550947707490377], [0.682418094684367, 0.31758190531563296], [0.3005374920050689, 0.6994625079949311], [0.47613762508982155, 0.5238623749101785], [0.5323803052150584, 0.46761969478494153], [0.6592496495670591, 0.34075035043294083], [0.35965908229066273, 0.6403409177093372], [0.5425375837894028, 0.45746241621059736], [0.6488215935019002, 0.3511784064980999], [0.18022315938465386, 0.819776840615346], [0.46118116068549136, 0.5388188393145087], [0.442730886854233, 0.5572691131457671], [0.7317048938225814, 0.26829510617741853], [0.3538700549264645, 0.6461299450735355], [0.7207191374851268, 0.2792808625148734], [0.6620675965570785, 0.3379324034429214], [0.7760987884806789, 0.22390121151932116], [0.5323078734667195, 0.4676921265332807], [0.7248273870477784, 0.2751726129522214], [0.5507673655483477, 0.4492326344516521], [0.6945539493325158, 0.3054460506674842], [0.6344788282863647, 0.3655211717136354], [0.42448898354843295, 0.575511016451567], [0.4650518869843571, 0.5349481130156428], [0.6996246350335024, 0.30037536496649764], [0.4351867574263251, 0.5648132425736748], [0.5617570125339242, 0.438242987466076], [0.4036844570970686, 0.5963155429029313], [0.7773154106259971, 0.22268458937400284], [0.44940441212741333, 0.5505955878725867], [0.44239872584618056, 0.5576012741538194], [0.44266058026269606, 0.5573394197373039], [0.7837921800103143, 0.21620781998968583], [0.32605410778228106, 0.673945892217719], [0.35748456462896794, 0.6425154353710322], [0.8532338043711163, 0.1467661956288837], [0.620309262312313, 0.3796907376876869], [0.8501675174912823, 0.1498324825087178], [0.5896906352798846, 0.4103093647201155], [0.5845161913223258, 0.41548380867767415], [0.7097081218794323, 0.29029187812056756], [0.4678692819552215, 0.5321307180447786], [0.3488084627799444, 0.6511915372200558], [0.4884898012707543, 0.5115101987292459], [0.47082803863509365, 0.5291719613649063], [0.5514008998826507, 0.4485991001173494], [0.728524340254166, 0.27147565974583404], [0.37354854950902894, 0.6264514504909711], [0.4929159606401546, 0.5070840393598454], [0.6272381443230854, 0.3727618556769146], [0.6939539968508837, 0.30604600314911634], [0.3619437236128237, 0.6380562763871763], [0.48037219187603497, 0.519627808123965], [0.6458907344300613, 0.35410926556993877], [0.49431881865014893, 0.505681181349851], [0.6381960942177287, 0.36180390578227134], [0.5057252312368983, 0.4942747687631018], [0.6068000076133164, 0.39319999238668357], [0.7192272579288931, 0.28077274207110686], [0.5, 0.5], [0.7922727965247421, 0.20772720347525758], [0.6146746142727076, 0.3853253857272924], [0.7095778835059393, 0.2904221164940606], [0.6363054937187365, 0.3636945062812635], [0.624425576883293, 0.3755744231167068], [0.4514518728571207, 0.5485481271428794], [0.4245047580948585, 0.5754952419051415], [0.5, 0.5], [0.31510460622391917, 0.6848953937760809], [0.7362857894214812, 0.2637142105785187], [0.6912515927508527, 0.30874840724914737], [0.810448803601342, 0.1895511963986582], [0.3398990487723725, 0.6601009512276274], [0.5802533660966445, 0.4197466339033554], [0.6543149086389011, 0.3456850913610989], [0.5628660638059115, 0.4371339361940886], [0.40780846022404227, 0.5921915397759577], [0.7152090658412271, 0.2847909341587728], [0.5346597625792451, 0.465340237420755], [0.6632927544917085, 0.33670724550829145], [0.2510016435412096, 0.7489983564587902], [0.7454524285870978, 0.25454757141290224], [0.5182184385084235, 0.4817815614915764], [0.7806054059518007, 0.21939459404819933], [0.5974165399239632, 0.40258346007603696], [0.606480432650836, 0.3935195673491639], [0.2877814949511396, 0.7122185050488604], [0.44636220382330727, 0.5536377961766927], [0.2925064046881033, 0.7074935953118968], [0.4468487157768656, 0.5531512842231343], [0.6623200777458077, 0.33767992225419224], [0.4582752823898936, 0.5417247176101064], [0.46640276861892166, 0.5335972313810784], [0.48667314042424525, 0.5133268595757547], [0.35098284242748956, 0.6490171575725107], [0.5642519773402, 0.4357480226598001], [0.22130694958259917, 0.7786930504174009], [0.35625563420483713, 0.6437443657951629], [0.3360496789761365, 0.6639503210238634], [0.4288055696900445, 0.5711944303099556], [0.5266201329309192, 0.4733798670690806], [0.653535603855297, 0.34646439614470287], [0.6199997019483325, 0.38000029805166746], [0.3903377568329241, 0.609662243167076], [0.6000450020253363, 0.3999549979746638], [0.49344596287209314, 0.5065540371279067], [0.46202481047460325, 0.5379751895253967], [0.367495068360118, 0.6325049316398822], [0.5641505971788162, 0.43584940282118395], [0.5833106352657449, 0.41668936473425505], [0.6851729017919928, 0.3148270982080074], [0.4835847942135039, 0.5164152057864961], [0.3920694071127163, 0.6079305928872837], [0.6456053063452709, 0.35439469365472914], [0.6876351160411478, 0.312364883958852], [0.3867276326774878, 0.6132723673225122], [0.8550275275860784, 0.14497247241392167], [0.6421775791024027, 0.3578224208975973], [0.31940212771025767, 0.6805978722897423], [0.6611815419567241, 0.3388184580432759], [0.5685814740001256, 0.4314185259998742], [0.2889771588410772, 0.7110228411589228], [0.5318146866234345, 0.46818531337656544], [0.5, 0.5], [0.45888111621263683, 0.5411188837873632], [0.33636693158185016, 0.6636330684181497], [0.6168551165185719, 0.383144883481428], [0.465076898562027, 0.5349231014379728], [0.5928008121121598, 0.40719918788784026], [0.3230787232355904, 0.6769212767644095], [0.11663350541881623, 0.8833664945811837], [0.44382747745649315, 0.5561725225435068], [0.39724822852746433, 0.6027517714725358], [0.7221574057127671, 0.2778425942872331], [0.7292269153781558, 0.27077308462184435], [0.5653487020176939, 0.43465129798230595], [0.5143683135024124, 0.4856316864975877], [0.38033940628323565, 0.6196605937167644], [0.1731413961625336, 0.8268586038374665], [0.6542764221136306, 0.34572357788636937], [0.19244173014716143, 0.8075582698528386], [0.6953101803076149, 0.3046898196923851], [0.567871478884002, 0.4321285211159981]]},