{"test": {"ids": ["628", "172", "183", "104", "21", "73", "249", "617", "417", "530", "148", "625", "421", "698", "449", "160", "228", "107", "258", "1", "119", "328", "350", "442", "63", "16", "128", "438", "702", "609", "363", "308", "679", "450", "474", "233", "302", "662", "693", "472", "476", "531", "118", "454", "532", "285", "633", "644", "152", "121", "84", "666", "515", "601", "251", "549", "13", "72", "287", "301", "527", "88", "151", "691", "369", "240", "194", "495", "376", "370", "596", "154", "471", "587", "213", "282", "635", "400", "550", "406", "62", "377", "46", "451", "589", "464", "238", "313", "4", "632", "185", "382", "416", "150", "404", "427", "7", "276", "196", "603", "649", "106", "135", "111", "64", "415", "615", "175", "82", "441", "17", "463", "622", "57", "28", "546", "508", "579", "33", "157", "153", "346", "432", "425", "315", "85", "368", "120", "519", "65", "410", "125", "320", "10", "535", "155", "490", "247", "360", "112", "395", "349", "429"], "labels": [1, 0, 1, 0, 1, 1, 1, 0, 0, 0, 0, 1, 0, 0, 0, 0, 1, 0, 0, 0, 1, 0, 0, 0, 1, 1, 0, 0, 0, 0, 0, 1, 0, 0, 1, 1, 1, 0, 0, 1, 1, 0, 1, 1, 0, 1, 0, 0, 0, 0, 0, 0, 0, 1, 1, 0, 0, 1, 1, 1, 0, 0, 0, 0, 0, 1, 1, 0, 0, 0, 1, 0, 1, 1, 1, 1, 1, 0, 0, 0, 1, 0, 1, 1, 1, 1, 1, 1, 0, 0, 1, 1, 0, 0, 0, 0, 0, 1, 1, 1, 0, 0, 0, 1, 1, 0, 0, 1, 0, 0, 0, 1, 1, 1, 1, 0, 1, 1, 1, 0, 0, 0, 0, 0, 1, 0, 0, 1, 0, 1, 0, 0, 1, 0, 0, 0, 1, 0, 0, 1, 0, 0, 0], "predicted_labels": [1, 1, 0, 0, 0, 0, 0, 1, 0, 0, 0, 1, 0, 0, 0, 0, 1, 1, 1, 0, 1, 0, 0, 0, 1, 0, 0, 0, 1, 1, 0, 0, 1, 1, 1, 1, 1, 0, 1, 0, 0, 1, 1, 1, 0, 1, 1, 0, 0, 0, 0, 0, 0, 0, 0, 0, 0, 1, 1, 0, 0, 0, 1, 1, 0, 1, 1, 0, 1, 1, 1, 1, 1, 0, 1, 1, 0, 1, 0, 1, 1, 0, 0, 1, 0, 1, 1, 1, 1, 1, 1, 0, 0, 1, 1, 0, 0, 0, 0, 1, 0, 0, 0, 0, 1, 0, 1, 1, 0, 1, 1, 1, 0, 1, 1, 0, 1, 1, 1, 0, 1, 1, 1, 0, 1, 0, 0, 1, 0, 0, 0, 0, 0, 0, 1, 0, 1, 0, 0, 0, 0, 0, 0], "confidence_scores": [[0.4668206465681808, 0.5331793534318192], [0.3278771127914779, 0.6721228872085221], [0.7925792020919804, 0.20742079790801954], [0.5828763021379523, 0.4171236978620477], [0.6849087935660243, 0.31509120643397565], [0.5704085238509038, 0.42959147614909626], [0.8510251514945543, 0.14897484850544573], [0.2970714065840211, 0.7029285934159789], [0.8041187702608694, 0.19588122973913055], [0.8907254336409478, 0.1092745663590522], [0.9460462155460687, 0.053953784453931244], [0.4940763392420484, 0.5059236607579516], [0.8095331614695239, 0.19046683853047605], [0.5260680942001333, 0.47393190579986666], [0.5205467697577173, 0.47945323024228276], [0.8482020996918871, 0.15179790030811285], [0.022165794035438835, 0.9778342059645612], [0.39616384529491067, 0.6038361547050893], [0.12313884633002103, 0.876861153669979], [0.6802917530156741, 0.3197082469843259], [0.2825897360762155, 0.7174102639237845], [0.8476316785596869, 0.15236832144031312], [0.6830455988950564, 0.31695440110494355], [0.8136339491011223, 0.1863660508988777], [0.4579661272182526, 0.5420338727817474], [0.7663305907560806, 0.2336694092439194], [0.7091074553224446, 0.2908925446775555], [0.9484273538453409, 0.0515726461546591], [0.3615879246568232, 0.6384120753431768], [0.4368721072648434, 0.5631278927351566], [0.7301357930869854, 0.26986420691301455], [0.6980988066375966, 0.3019011933624034], [0.3466571566575266, 0.6533428433424734], [0.22600652603865867, 0.7739934739613413], [0.2325470461668373, 0.7674529538331627], [0.011891541340064093, 0.9881084586599359], [0.09291558866590699, 0.907084411334093], [0.7815197370183271, 0.21848026298167283], [0.23918961416666884, 0.7608103858333312], [0.7788887486207002, 0.22111125137929974], [0.5617093010123833, 0.4382906989876167], [0.07399785173272222, 0.9260021482672778], [0.319541358967398, 0.680458641032602], [0.07231617543935809, 0.9276838245606419], [0.696842301871587, 0.30315769812841303], [0.3034146540028223, 0.6965853459971777], [0.0902700043340775, 0.9097299956659225], [0.6512460063378503, 0.34875399366214965], [0.9735190297908204, 0.02648097020917963], [0.8219580385746756, 0.17804196142532439], [0.7258817890938949, 0.27411821090610516], [0.5763556773735314, 0.4236443226264685], [0.6684598073820638, 0.33154019261793627], [0.7996787658570096, 0.20032123414299038], [0.6755202231943009, 0.324479776805699], [0.915636736030257, 0.08436326396974306], [0.6361752555197832, 0.36382474448021684], [0.12249039095345304, 0.877509609046547], [0.11483528117561137, 0.8851647188243886], [0.6587870840007795, 0.3412129159992206], [0.7504363598105541, 0.24956364018944585], [0.7166096020763613, 0.2833903979236387], [0.46683063209333064, 0.5331693679066694], [0.4883121647016504, 0.5116878352983496], [0.9008987905123489, 0.09910120948765115], [0.13072883378156974, 0.8692711662184303], [0.030041556216320764, 0.9699584437836792], [0.8749781117201896, 0.12502188827981045], [0.49964006606990385, 0.5003599339300961], [0.2713523907929576, 0.7286476092070424], [0.16659822444201533, 0.8334017755579847], [0.21414798136825997, 0.78585201863174], [0.21136062431409786, 0.7886393756859021], [0.6080936066915239, 0.39190639330847615], [0.2895139452993898, 0.7104860547006102], [0.16093219434769634, 0.8390678056523037], [0.6241526117793443, 0.37584738822065566], [0.41345586858035255, 0.5865441314196475], [0.5212634828479047, 0.4787365171520953], [0.4330944536250848, 0.5669055463749152], [0.39060217569533373, 0.6093978243046663], [0.7288963085250411, 0.27110369147495894], [0.5545613055900369, 0.44543869440996314], [0.28031667282209916, 0.7196833271779008], [0.5660417737821283, 0.4339582262178717], [0.44811715825496545, 0.5518828417450345], [0.089629984939531, 0.910370015060469], [0.1811143668755698, 0.8188856331244302], [0.04281569752417769, 0.9571843024758223], [0.23870276318111294, 0.7612972368188871], [0.25078759613671375, 0.7492124038632862], [0.5289215282884263, 0.47107847171157363], [0.5733973872606271, 0.426602612739373], [0.3369993171795418, 0.6630006828204582], [0.0921601025924973, 0.9078398974075027], [0.7234615895294492, 0.2765384104705508], [0.6670294083731758, 0.33297059162682424], [0.6268740656034517, 0.37312593439654823], [0.7470553032172541, 0.2529446967827459], [0.1346571930309053, 0.8653428069690947], [0.6608908904380764, 0.3391091095619236], [0.6267827158333769, 0.37321728416662314], [0.9701085444435505, 0.029891455556449405], [0.8773273993929956, 0.12267260060700438], [0.29052303834419246, 0.7094769616558075], [0.6741068424209227, 0.3258931575790774], [0.42462005766341215, 0.5753799423365878], [0.0692064892923715, 0.9307935107076285], [0.545105800307057, 0.45489419969294304], [0.28230194661818075, 0.7176980533818192], [0.3726180024181701, 0.6273819975818299], [0.09582973515054427, 0.9041702648494557], [0.8072461222616668, 0.19275387773833322], [0.3176441358853861, 0.6823558641146139], [0.4082594492154096, 0.5917405507845904], [0.9155231819119235, 0.0844768180880765], [0.35943581219094456, 0.6405641878090554], [0.25135370181190986, 0.7486462981880901], [0.09309244724309973, 0.9069075527569003], [0.7840309788805161, 0.21596902111948393], [0.3470270883429025, 0.6529729116570975], [0.33118288986295075, 0.6688171101370493], [0.4449732026757818, 0.5550267973242182], [0.6781733027709429, 0.32182669722905716], [0.022801273924101473, 0.9771987260758985], [0.8192976512124932, 0.18070234878750685], [0.8403536918958139, 0.15964630810418615], [0.38366178370909454, 0.6163382162909055], [0.666151357863003, 0.33384864213699705], [0.5269917223103678, 0.47300827768963216], [0.8307363909870448, 0.16926360901295526], [0.7043123912362477, 0.2956876087637523], [0.7517216355208771, 0.24827836447912288], [0.649769459711333, 0.350230540288667], [0.2971534397750488, 0.7028465602249512], [0.7611706459458968, 0.23882935405410322], [0.3347076694563589, 0.6652923305436411], [0.5932487347397981, 0.4067512652602019], [0.8782204332665995, 0.12177956673340051], [0.5075934289598042, 0.4924065710401958], [0.8463725052079464, 0.1536274947920536], [0.6424235050314885, 0.3575764949685115], [0.7969880679259398, 0.20301193207406015]]},