{"test": {"ids": ["568", "40", "597", "206", "371", "73", "187", "628", "2", "515", "21", "61", "574", "222", "599", "239", "62", "59", "610", "391", "318", "198", "332", "67", "361", "171", "675", "493", "38", "627", "624", "673", "270", "232", "157", "668", "70", "278", "414", "204", "405", "81", "379", "362", "685", "102", "197", "246", "552", "699", "18", "95", "286", "235", "483", "273", "393", "645", "531", "439", "590", "172", "591", "467", "293", "131", "481", "478", "525", "607", "527", "203", "247", "194", "82", "519", "649", "487", "275", "506", "287", "634", "572", "539", "8", "147", "664", "105", "261", "91", "676", "7", "260", "397", "227", "638", "409", "220", "632", "360", "463", "174", "56", "88", "32", "158", "108", "85", "141", "215", "301", "446", "410", "459", "221", "585", "488", "592", "507", "33", "107", "688", "480", "13", "707", "339", "640", "41", "72", "305", "482", "192", "417", "479", "134", "195", "214", "595", "29", "309", "509", "169", "37"], "labels": [0, 0, 0, 0, 1, 1, 0, 1, 0, 0, 0, 1, 0, 0, 0, 0, 1, 1, 0, 1, 0, 0, 1, 1, 1, 1, 0, 1, 0, 1, 1, 0, 0, 0, 1, 0, 1, 0, 1, 0, 1, 1, 1, 1, 0, 0, 0, 1, 0, 1, 0, 0, 0, 0, 0, 0, 1, 0, 1, 1, 0, 1, 0, 0, 0, 1, 0, 0, 1, 0, 1, 0, 1, 0, 1, 1, 0, 0, 0, 0, 0, 0, 0, 1, 0, 1, 0, 0, 1, 0, 0, 0, 1, 1, 0, 0, 1, 0, 0, 1, 0, 0, 0, 1, 0, 1, 0, 1, 1, 0, 0, 0, 1, 0, 0, 0, 0, 0, 0, 0, 1, 0, 0, 0, 1, 1, 0, 0, 1, 0, 0, 0, 1, 0, 1, 0, 0, 0, 0, 0, 0, 1, 0], "predicted_labels": [0, 1, 0, 0, 1, 0, 0, 1, 0, 0, 0, 0, 0, 0, 0, 0, 0, 0, 0, 1, 0, 1, 1, 1, 0, 1, 0, 1, 0, 1, 0, 0, 0, 0, 1, 0, 0, 0, 1, 0, 1, 1, 0, 1, 1, 0, 0, 0, 0, 1, 1, 0, 0, 0, 0, 0, 1, 1, 0, 0, 0, 0, 0, 1, 0, 0, 0, 0, 0, 0, 1, 0, 1, 1, 1, 1, 0, 1, 0, 1, 0, 0, 0, 0, 0, 1, 0, 1, 1, 0, 1, 0, 1, 0, 1, 0, 1, 0, 0, 1, 0, 1, 0, 1, 1, 1, 0, 1, 1, 0, 0, 0, 1, 0, 1, 0, 1, 0, 0, 0, 0, 0, 1, 0, 0, 1, 1, 0, 1, 0, 0, 0, 1, 0, 1, 0, 0, 0, 1, 0, 0, 1, 0], "confidence_scores": [[0.9999490776501248, 5.092234987529252e-05], [0.004836758010650644, 0.9951632419893494], [0.9935087660611619, 0.006491233938838126], [0.9999994643528846, 5.35647115461772e-07], [0.0004182340414399244, 0.9995817659585601], [0.8551216318196844, 0.14487836818031566], [0.9999706938615914, 2.9306138408576e-05], [0.013417228186594632, 0.9865827718134054], [0.9994364141437605, 0.0005635858562394631], [0.9170629160966839, 0.08293708390331615], [0.9747879651716755, 0.025212034828324407], [0.7247552559451689, 0.2752447440548312], [0.9999772788169071, 2.272118309284306e-05], [0.7762240052918574, 0.22377599470814255], [0.9985910093395236, 0.0014089906604764096], [0.9789978478343923, 0.021002152165607725], [0.9895344726489372, 0.010465527351062806], [0.8937945738158941, 0.10620542618410592], [0.9936748701141662, 0.006325129885833805], [0.33895121444390985, 0.6610487855560901], [0.7158906828868795, 0.2841093171131205], [0.02884403028304683, 0.9711559697169532], [0.0014859979787054112, 0.9985140020212946], [0.07176663274995987, 0.9282333672500401], [0.7869642323471462, 0.21303576765285387], [0.014559025729642072, 0.9854409742703579], [0.9993310345669869, 0.0006689654330131214], [0.004200677683949161, 0.9957993223160508], [0.9680971373869521, 0.03190286261304791], [0.00286949263833014, 0.9971305073616699], [0.9997300395850829, 0.0002699604149170978], [0.999905055344269, 9.494465573100977e-05], [0.9767058200018881, 0.02329417999811184], [0.7298870775669914, 0.2701129224330085], [0.0008430348828682988, 0.9991569651171317], [0.987011099232071, 0.012988900767929], [0.989673782652992, 0.010326217347008006], [0.9539198521499229, 0.04608014785007704], [0.0004168059919763545, 0.9995831940080236], [0.9999876932619722, 1.230673802779069e-05], [0.05704155485316331, 0.9429584451468367], [0.31018310988740005, 0.6898168901126], [0.9434785615730236, 0.056521438426976475], [2.1107076108917155e-05, 0.9999788929238911], [0.25611013469025024, 0.7438898653097498], [0.5177346293944289, 0.4822653706055711], [0.9883349318421913, 0.01166506815780869], [0.7385153848446453, 0.2614846151553547], [0.9999537021914632, 4.6297808536859305e-05], [1.8395772699575375e-06, 0.99999816042273], [0.04500031765016543, 0.9549996823498346], [0.9833150962290218, 0.016684903770978185], [0.5607957893786459, 0.43920421062135406], [0.9987040166688397, 0.0012959833311602749], [0.9999943475750676, 5.65242493246686e-06], [0.9999992543238442, 7.456761558269574e-07], [0.009782711211652861, 0.9902172887883471], [0.015881728144857776, 0.9841182718551422], [0.9886420822595777, 0.011357917740422293], [0.9017780432144094, 0.09822195678559066], [0.9937167439401167, 0.006283256059883297], [0.9979569608048502, 0.0020430391951497874], [0.9998941011402427, 0.00010589885975734906], [0.005295444000398608, 0.9947045559996014], [0.9990343727262455, 0.0009656272737545189], [0.7411537596493958, 0.25884624035060416], [0.8382393264113942, 0.16176067358860582], [0.8726666618594519, 0.12733333814054812], [0.9238038603419537, 0.07619613965804627], [0.9869172810358788, 0.0130827189641212], [0.00033215199636693615, 0.9996678480036331], [0.9999550751260275, 4.492487397247372e-05], [0.16639329026709704, 0.833606709732903], [0.00018360633036906826, 0.9998163936696309], [0.000677354193063695, 0.9993226458069363], [0.004167363221859288, 0.9958326367781407], [0.9725675965635311, 0.027432403436468862], [0.013101928844397537, 0.9868980711556025], [0.9999096356249215, 9.036437507846013e-05], [0.04512924513277261, 0.9548707548672274], [0.9999996826362404, 3.173637596157529e-07], [0.9989308208305591, 0.0010691791694408923], [0.9999712368123069, 2.8763187693125455e-05], [0.6191505188722468, 0.38084948112775324], [0.915923731474569, 0.084076268525431], [0.11392580221840332, 0.8860741977815967], [0.9512669126596395, 0.04873308734036051], [0.138234645159383, 0.861765354840617], [0.25880143118256493, 0.7411985688174351], [0.9987473936193865, 0.0012526063806135648], [0.001181618250708727, 0.9988183817492913], [0.658295307782494, 0.34170469221750605], [0.0011244171442938988, 0.9988755828557061], [0.8801192633023726, 0.11988073669762749], [0.0008540598423223411, 0.9991459401576777], [0.9993709661205299, 0.000629033879470143], [0.026574738243854035, 0.973425261756146], [0.9979442500668894, 0.0020557499331105857], [0.8825873159972669, 0.11741268400273308], [2.327957229653066e-06, 0.9999976720427703], [0.9955593973928568, 0.004440602607143166], [0.11497817933141496, 0.885021820668585], [0.9096330417482196, 0.0903669582517804], [0.005009179105258554, 0.9949908208947414], [0.0012846700163329228, 0.9987153299836671], [3.92906772148649e-05, 0.9999607093227851], [0.9882335576946647, 0.011766442305335297], [0.0018704039299972663, 0.9981295960700027], [0.05985110183376463, 0.9401488981662354], [0.9901426850602402, 0.009857314939759875], [0.9986626645249409, 0.0013373354750590507], [0.9499131222247692, 0.05008687777523083], [1.8884617071335263e-05, 0.9999811153829287], [0.999571587037586, 0.0004284129624140005], [0.3470566144629258, 0.6529433855370742], [0.9794849111525447, 0.02051508884745538], [0.0011447067557495139, 0.9988552932442505], [0.9999859454783703, 1.4054521629745794e-05], [0.9979937504930065, 0.002006249506993414], [0.7901407696086927, 0.2098592303913073], [0.999989663194162, 1.0336805837928291e-05], [0.9806123106833202, 0.019387689316679738], [0.027246693163584634, 0.9727533068364154], [0.5619485266286957, 0.4380514733713044], [0.9927883298087423, 0.00721167019125768], [0.2961687373455578, 0.7038312626544422], [0.3742060644641658, 0.6257939355358342], [0.9998249571216237, 0.00017504287837631494], [0.38414606374011606, 0.6158539362598839], [0.9571651330359655, 0.04283486696403445], [0.9898850602379883, 0.010114939762011771], [0.9999181167420618, 8.188325793822812e-05], [0.000693815937987674, 0.9993061840620123], [0.9993598543031367, 0.0006401456968633197], [0.001110724977285149, 0.9988892750227149], [0.9943376181891037, 0.005662381810896241], [0.9999296444347443, 7.035556525566374e-05], [0.9999148684426414, 8.513155735857354e-05], [0.006872469167945039, 0.993127530832055], 