PC,term,estimate,std.error,statistic,p.value,conf.low,conf.high
complexity,(Intercept),-6.081736125725488,1.9066511173599392,-3.1897477573907786,0.002179356343097876,-9.81870364683402,-2.3447686046169562
complexity,time,3.437005320066422e-4,1.0359038377384026e-4,3.317880670825713,0.001478481541219342,1.4066711066523292e-4,5.467339533480515e-4
complexity,ONSET_chatgpt,-1.4054220891053848,0.24290320342794267,-5.7859347644309835,2.16419522803161e-7,-1.8815036195535586,-0.9293405586572111
complexity,POST_chatgpt,-0.0022295944512393242,0.0011125617049939445,-2.0040186905871074,0.04917510586893947,-0.004410175323605931,-4.9013578872717217e-5
